
-- IB_OM_RULE_INFO insert
INSERT INTO   `pub_db`.`IB_OM_RULE_INFO` (`RULE_NO`,`RULE_TYP_CD`,`HOLI_FLG`,`RULE_TRI_POSITION`,`SUIT_CHNL_SCP`,`SUIT_LPR_SCP`,`SUIT_ORG_SCP`,`SUIT_TX_SCP`,`RULE_COMNT`,`EFFT_FLG`,`OPER_TELR_NO`,`OPER_DT`,`OPER_RSN`) VALUES
('005100','AU','N','1','TE','*','*,','09908008','强制收取','1','900001','2020-05-27','批量新增'),
('005101','AU','N','1','TE','*','*,','09908008','联网核查手工通过','1','900001','2020-05-27','批量新增');

-- IB_OM_RULECOND_INFO insert
INSERT INTO   `pub_db`.`IB_OM_RULECOND_INFO` (`OPRTN_COND_NO`,`DICTRY_NM`,`OPER_SYM_1`,`CMPR_VAL`,`OPER_SYM_2`,`VALUE2`,`TRAN_CD`,`COND_DESCR`,`OPER_TELR_NO`,`OPER_DT`,`OPER_RSN`,`CMPR_VAL_DATA_DICTRY_FLG`,`PUB_DICTRY_FLG`,`DICTRY_DESCR`) VALUES
('AU05100','CASH_TRAN_FLG','==','0','','','','现金支付触发授权','','2020-05-27','批量新增','1','0','现金支付'),
('AU05100','TX_AMT','>=','50000','<=','200000','','金额超限触发授权','','2020-05-27','批量新增','1','0','交易金额'),
('AU05100','CUR_CD','==','156','','','','币种授权','','2020-05-27','批量新增','1','0','币种-人民币'),
('AU05100','faceChkRslt','in','2,','','','','现金金额[50000-100000] 人脸识别未通过授权','','2020-05-27','批量新增','1','0','人脸识别'),
('AU05101','CASH_TRAN_FLG','==','0','','','','现金支付触发授权','','2020-05-27','批量新增','1','0','现金支付'),
('AU05101','TX_AMT','>','200000','<=','1000000','','金额超限触发授权','','2020-05-27','批量新增','1','0','交易金额'),
('AU05101','CUR_CD','==','156','','','','币种授权','','2020-05-27','批量新增','1','0','币种-人民币'),
('AU05102','CASH_TRAN_FLG','==','0','','','','现金支付触发授权','','2020-05-27','批量新增','1','0','现金支付'),
('AU05102','TX_AMT','>','1000000','<=','2000000','','金额超限触发授权','','2020-05-27','批量新增','1','0','交易金额'),
('AU05102','CUR_CD','==','156','','','','币种授权','','2020-05-27','批量新增','1','0','币种-人民币'),
('AU05103','CASH_TRAN_FLG','==','0','','','','现金支付触发授权','','2020-05-27','批量新增','1','0','现金支付'),
('AU05103','TX_AMT','>','2000000','<=','20000000','','金额超限触发授权','','2020-05-27','批量新增','1','0','交易金额'),
('AU05103','CUR_CD','==','156','','','','币种授权','','2020-05-27','批量新增','1','0','币种-人民币'),
('AU05104','CASH_TRAN_FLG','==','0','','','','现金支付触发授权','','2020-05-27','批量新增','1','0','现金支付'),
('AU05104','TX_AMT','>','20000000','<=','50000000','','金额超限触发授权','','2020-05-27','批量新增','1','0','交易金额'),
('AU05104','CUR_CD','==','156','','','','币种授权','','2020-05-27','批量新增','1','0','币种-人民币'),
('AU05105','CASH_TRAN_FLG','==','0','','','','现金支付触发授权','','2020-05-27','批量新增','1','0','现金支付'),
('AU05105','TX_AMT','>','50000000','<=','100000000','','金额超限触发授权','','2020-05-27','批量新增','1','0','交易金额'),
('AU05105','CUR_CD','==','156','','','','币种授权','','2020-05-27','批量新增','1','0','币种-人民币'),
('AU05106','CASH_TRAN_FLG','==','0','','','','现金支付触发授权','','2020-05-27','批量新增','1','0','现金支付'),
('AU05106','TX_AMT','>','100000000','<=','200000000','','金额超限触发授权','','2020-05-27','批量新增','1','0','交易金额'),
('AU05106','CUR_CD','==','156','','','','币种授权','','2020-05-27','批量新增','1','0','币种-人民币'),
('AU05107','CASH_TRAN_FLG','==','0','','','','现金支付触发授权','','2020-05-27','批量新增','1','0','现金支付'),
('AU05107','TX_AMT','>','200000000','<=','400000000','','金额超限触发授权','','2020-05-27','批量新增','1','0','交易金额'),
('AU05107','CUR_CD','==','156','','','','币种授权','','2020-05-27','批量新增','1','0','币种-人民币'),
('AU05108','CASH_TRAN_FLG','==','0','','','','现金支付触发授权','','2020-05-27','批量新增','1','0','现金支付'),
('AU05108','TX_AMT','>','400000000','<=','10000000000000000','','金额超限触发授权','','2020-05-27','批量新增','1','0','交易金额'),
('AU05108','CUR_CD','==','156','','','','币种授权','','2020-05-27','批量新增','1','0','币种-人民币'),
('AU05109','CASH_TRAN_FLG','==','1','','','','转账触发授权','','2020-05-27','批量新增','1','0','转账标识'),
('AU05109','TX_AMT','>=','50000','<=','200000','','金额超限触发授权','','2020-05-27','批量新增','1','0','交易金额'),
('AU05109','CUR_CD','==','156','','','','币种授权','','2020-05-27','批量新增','1','0','币种-人民币'),
('AU05109','faceChkRslt','in','2,','','','','转账金额[50000-200000] 人脸识别未通过授权','','2020-05-27','批量新增','1','0','人脸识别'),
('AU05110','CASH_TRAN_FLG','==','1','','','','转账触发授权','','2020-05-27','批量新增','1','0','转账标识'),
('AU05110','TX_AMT','>','200000','<=','1000000','','金额超限触发授权','','2020-05-27','批量新增','1','0','交易金额'),
('AU05110','CUR_CD','==','156','','','','币种授权','','2020-05-27','批量新增','1','0','币种-人民币'),
('AU05111','CASH_TRAN_FLG','==','1','','','','转账触发授权','','2020-05-27','批量新增','1','0','转账标识'),
('AU05111','TX_AMT','>','1000000','<=','2000000','','金额超限触发授权','','2020-05-27','批量新增','1','0','交易金额'),
('AU05111','CUR_CD','==','156','','','','币种授权','','2020-05-27','批量新增','1','0','币种-人民币'),
('AU05112','CASH_TRAN_FLG','==','1','','','','转账触发授权','','2020-05-27','批量新增','1','0','转账标识'),
('AU05112','TX_AMT','>','2000000','<=','4000000','','金额超限触发授权','','2020-05-27','批量新增','1','0','交易金额'),
('AU05112','CUR_CD','==','156','','','','币种授权','','2020-05-27','批量新增','1','0','币种-人民币'),
('AU05113','CASH_TRAN_FLG','==','1','','','','转账触发授权','','2020-05-27','批量新增','1','0','转账标识'),
('AU05113','TX_AMT','>','4000000','<=','40000000','','金额超限触发授权','','2020-05-27','批量新增','1','0','交易金额'),
('AU05113','CUR_CD','==','156','','','','币种授权','','2020-05-27','批量新增','1','0','币种-人民币'),
('AU05114','CASH_TRAN_FLG','==','1','','','','转账触发授权','','2020-05-27','批量新增','1','0','转账标识'),
('AU05114','TX_AMT','>','40000000','<=','100000000','','金额超限触发授权','','2020-05-27','批量新增','1','0','交易金额'),
('AU05114','CUR_CD','==','156','','','','币种授权','','2020-05-27','批量新增','1','0','币种-人民币'),
('AU05115','CASH_TRAN_FLG','==','1','','','','转账触发授权','','2020-05-27','批量新增','1','0','转账标识'),
('AU05115','TX_AMT','>','100000000','<=','200000000','','金额超限触发授权','','2020-05-27','批量新增','1','0','交易金额'),
('AU05115','CUR_CD','==','156','','','','币种授权','','2020-05-27','批量新增','1','0','币种-人民币'),
('AU05116','CASH_TRAN_FLG','==','1','','','','转账触发授权','','2020-05-27','批量新增','1','0','转账标识'),
('AU05116','TX_AMT','>','200000000','<=','400000000','','金额超限触发授权','','2020-05-27','批量新增','1','0','交易金额'),
('AU05116','CUR_CD','==','156','','','','币种授权','','2020-05-27','批量新增','1','0','币种-人民币'),
('AU05117','CASH_TRAN_FLG','==','1','','','','转账触发授权','','2020-05-27','批量新增','1','0','转账标识'),
('AU05117','TX_AMT','>','400000000','<=','800000000','','金额超限触发授权','','2020-05-27','批量新增','1','0','交易金额'),
('AU05117','CUR_CD','==','156','','','','币种授权','','2020-05-27','批量新增','1','0','币种-人民币'),
('AU05118','CASH_TRAN_FLG','==','1','','','','转账触发授权','','2020-05-27','批量新增','1','0','转账标识'),
('AU05118','TX_AMT','>','800000000','<=','10000000000000000','','金额超限触发授权','','2020-05-27','批量新增','1','0','交易金额'),
('AU05118','CUR_CD','==','156','','','','币种授权','','2020-05-27','批量新增','1','0','币种-人民币'),
('AU05119','CASH_TRAN_FLG','==','0','','','','现金支付触发授权','','2020-05-27','批量新增','1','0','现金支付'),
('AU05119','TX_AMT','>=','1000','<=','5000','','金额超限触发授权','','2020-05-27','批量新增','1','0','交易金额'),
('AU05119','CUR_CD','==','840','','','','币种授权','','2020-05-27','批量新增','1','0','币种-美元'),
('AU05120','CASH_TRAN_FLG','==','0','','','','现金支付触发授权','','2020-05-27','批量新增','1','0','现金支付'),
('AU05120','TX_AMT','>','5000','<=','20000','','金额超限触发授权','','2020-05-27','批量新增','1','0','交易金额'),
('AU05120','CUR_CD','==','840','','','','币种授权','','2020-05-27','批量新增','1','0','币种-美元'),
('AU05121','CASH_TRAN_FLG','==','0','','','','现金支付触发授权','','2020-05-27','批量新增','1','0','现金支付'),
('AU05121','TX_AMT','>','20000','<=','200000','','金额超限触发授权','','2020-05-27','批量新增','1','0','交易金额'),
('AU05121','CUR_CD','==','840','','','','币种授权','','2020-05-27','批量新增','1','0','币种-美元'),
('AU05122','CASH_TRAN_FLG','==','0','','','','现金支付触发授权','','2020-05-27','批量新增','1','0','现金支付'),
('AU05122','TX_AMT','>','200000','<=','500000','','金额超限触发授权','','2020-05-27','批量新增','1','0','交易金额'),
('AU05122','CUR_CD','==','840','','','','币种授权','','2020-05-27','批量新增','1','0','币种-美元'),
('AU05123','CASH_TRAN_FLG','==','0','','','','现金支付触发授权','','2020-05-27','批量新增','1','0','现金支付'),
('AU05123','TX_AMT','>','500000','<=','1000000','','金额超限触发授权','','2020-05-27','批量新增','1','0','交易金额'),
('AU05123','CUR_CD','==','840','','','','币种授权','','2020-05-27','批量新增','1','0','币种-美元'),
('AU05124','CASH_TRAN_FLG','==','0','','','','现金支付触发授权','','2020-05-27','批量新增','1','0','现金支付'),
('AU05124','TX_AMT','>','1000000','<=','20000000','','金额超限触发授权','','2020-05-27','批量新增','1','0','交易金额'),
('AU05124','CUR_CD','==','840','','','','币种授权','','2020-05-27','批量新增','1','0','币种-美元'),
('AU05125','CASH_TRAN_FLG','==','0','','','','现金支付触发授权','','2020-05-27','批量新增','1','0','现金支付'),
('AU05125','TX_AMT','>','20000000','<=','40000000','','金额超限触发授权','','2020-05-27','批量新增','1','0','交易金额'),
('AU05125','CUR_CD','==','840','','','','币种授权','','2020-05-27','批量新增','1','0','币种-美元'),
('AU05126','CASH_TRAN_FLG','==','0','','','','现金支付触发授权','','2020-05-27','批量新增','1','0','现金支付'),
('AU05126','TX_AMT','>','400000000','<=','10000000000000000','','金额超限触发授权','','2020-05-27','批量新增','1','0','交易金额'),
('AU05126','CUR_CD','==','840','','','','币种授权','','2020-05-27','批量新增','1','0','币种-美元'),
('AU05127','CASH_TRAN_FLG','==','1','','','','转账触发授权','','2020-05-27','批量新增','1','0','转账标识'),
('AU05127','TX_AMT','>=','5000','<=','10000','','金额超限触发授权','','2020-05-27','批量新增','1','0','交易金额'),
('AU05127','CUR_CD','==','840','','','','币种授权','','2020-05-27','批量新增','1','0','币种-美元'),
('AU05128','CASH_TRAN_FLG','==','1','','','','转账触发授权','','2020-05-27','批量新增','1','0','转账标识'),
('AU05128','TX_AMT','>','10000','<=','40000','','金额超限触发授权','','2020-05-27','批量新增','1','0','交易金额'),
('AU05128','CUR_CD','==','840','','','','币种授权','','2020-05-27','批量新增','1','0','币种-美元'),
('AU05129','CASH_TRAN_FLG','==','1','','','','转账触发授权','','2020-05-27','批量新增','1','0','转账标识'),
('AU05129','TX_AMT','>','40000','<=','400000','','金额超限触发授权','','2020-05-27','批量新增','1','0','交易金额'),
('AU05129','CUR_CD','==','840','','','','币种授权','','2020-05-27','批量新增','1','0','币种-美元'),
('AU05130','CASH_TRAN_FLG','==','1','','','','转账触发授权','','2020-05-27','批量新增','1','0','转账标识'),
('AU05130','TX_AMT','>','400000','<=','1000000','','金额超限触发授权','','2020-05-27','批量新增','1','0','交易金额'),
('AU05130','CUR_CD','==','840','','','','币种授权','','2020-05-27','批量新增','1','0','币种-美元'),
('AU05131','CASH_TRAN_FLG','==','1','','','','转账触发授权','','2020-05-27','批量新增','1','0','转账标识'),
('AU05131','TX_AMT','>','1000000','<=','2000000','','金额超限触发授权','','2020-05-27','批量新增','1','0','交易金额'),
('AU05131','CUR_CD','==','840','','','','币种授权','','2020-05-27','批量新增','1','0','币种-美元'),
('AU05132','CASH_TRAN_FLG','==','1','','','','转账触发授权','','2020-05-27','批量新增','1','0','转账标识'),
('AU05132','TX_AMT','>','2000000','<=','40000000','','金额超限触发授权','','2020-05-27','批量新增','1','0','交易金额'),
('AU05132','CUR_CD','==','840','','','','币种授权','','2020-05-27','批量新增','1','0','币种-美元'),
('AU05133','CASH_TRAN_FLG','==','1','','','','转账触发授权','','2020-05-27','批量新增','1','0','转账标识'),
('AU05133','TX_AMT','>','40000000','<=','80000000','','金额超限触发授权','','2020-05-27','批量新增','1','0','交易金额'),
('AU05133','CUR_CD','==','840','','','','币种授权','','2020-05-27','批量新增','1','0','币种-美元'),
('AU05134','CASH_TRAN_FLG','==','1','','','','转账触发授权','','2020-05-27','批量新增','1','0','转账标识'),
('AU05134','TX_AMT','>','800000000','<=','10000000000000000','','金额超限触发授权','','2020-05-27','批量新增','1','0','交易金额'),
('AU05134','CUR_CD','==','840','','','','币种授权','','2020-05-27','批量新增','1','0','币种-美元'),
('AU05135','CASH_TRAN_FLG','==','0','','','','现金支付触发授权','','2020-05-27','批量新增','1','0','现金支付'),
('AU05135','TX_AMT','>=','100000','<=','500000','','金额超限触发授权','','2020-05-27','批量新增','1','0','交易金额'),
('AU05135','CUR_CD','==','392','','','','币种授权','','2020-05-27','批量新增','1','0','币种-日元'),
('AU05136','CASH_TRAN_FLG','==','0','','','','现金支付触发授权','','2020-05-27','批量新增','1','0','现金支付'),
('AU05136','TX_AMT','>','500000','<=','2000000','','金额超限触发授权','','2020-05-27','批量新增','1','0','交易金额'),
('AU05136','CUR_CD','==','392','','','','币种授权','','2020-05-27','批量新增','1','0','币种-日元'),
('AU05137','CASH_TRAN_FLG','==','0','','','','现金支付触发授权','','2020-05-27','批量新增','1','0','现金支付'),
('AU05137','TX_AMT','>','2000000','<=','20000000','','金额超限触发授权','','2020-05-27','批量新增','1','0','交易金额'),
('AU05137','CUR_CD','==','392','','','','币种授权','','2020-05-27','批量新增','1','0','币种-日元'),
('AU05138','CASH_TRAN_FLG','==','0','','','','现金支付触发授权','','2020-05-27','批量新增','1','0','现金支付'),
('AU05138','TX_AMT','>','20000000','<=','50000000','','金额超限触发授权','','2020-05-27','批量新增','1','0','交易金额'),
('AU05138','CUR_CD','==','392','','','','币种授权','','2020-05-27','批量新增','1','0','币种-日元'),
('AU05139','CASH_TRAN_FLG','==','0','','','','现金支付触发授权','','2020-05-27','批量新增','1','0','现金支付'),
('AU05139','TX_AMT','>','50000000','<=','100000000','','金额超限触发授权','','2020-05-27','批量新增','1','0','交易金额'),
('AU05139','CUR_CD','==','392','','','','币种授权','','2020-05-27','批量新增','1','0','币种-日元'),
('AU05140','CASH_TRAN_FLG','==','0','','','','现金支付触发授权','','2020-05-27','批量新增','1','0','现金支付'),
('AU05140','TX_AMT','>','100000000','<=','2000000000','','金额超限触发授权','','2020-05-27','批量新增','1','0','交易金额'),
('AU05140','CUR_CD','==','392','','','','币种授权','','2020-05-27','批量新增','1','0','币种-日元'),
('AU05141','CASH_TRAN_FLG','==','0','','','','现金支付触发授权','','2020-05-27','批量新增','1','0','现金支付'),
('AU05141','TX_AMT','>','2000000000','<=','4000000000','','金额超限触发授权','','2020-05-27','批量新增','1','0','交易金额'),
('AU05141','CUR_CD','==','392','','','','币种授权','','2020-05-27','批量新增','1','0','币种-日元'),
('AU05142','CASH_TRAN_FLG','==','0','','','','现金支付触发授权','','2020-05-27','批量新增','1','0','现金支付'),
('AU05142','TX_AMT','>','400000000','<=','10000000000000000','','金额超限触发授权','','2020-05-27','批量新增','1','0','交易金额'),
('AU05142','CUR_CD','==','392','','','','币种授权','','2020-05-27','批量新增','1','0','币种-日元'),
('AU05143','CASH_TRAN_FLG','==','1','','','','转账触发授权','','2020-05-27','批量新增','1','0','转账标识'),
('AU05143','TX_AMT','>=','500000','<=','1000000','','金额超限触发授权','','2020-05-27','批量新增','1','0','交易金额'),
('AU05143','CUR_CD','==','392','','','','币种授权','','2020-05-27','批量新增','1','0','币种-日元'),
('AU05144','CASH_TRAN_FLG','==','1','','','','转账触发授权','','2020-05-27','批量新增','1','0','转账标识'),
('AU05144','TX_AMT','>','1000000','<=','4000000','','金额超限触发授权','','2020-05-27','批量新增','1','0','交易金额'),
('AU05144','CUR_CD','==','392','','','','币种授权','','2020-05-27','批量新增','1','0','币种-日元'),
('AU05145','CASH_TRAN_FLG','==','1','','','','转账触发授权','','2020-05-27','批量新增','1','0','转账标识'),
('AU05145','TX_AMT','>','4000000','<=','40000000','','金额超限触发授权','','2020-05-27','批量新增','1','0','交易金额'),
('AU05145','CUR_CD','==','392','','','','币种授权','','2020-05-27','批量新增','1','0','币种-日元'),
('AU05146','CASH_TRAN_FLG','==','1','','','','转账触发授权','','2020-05-27','批量新增','1','0','转账标识'),
('AU05146','TX_AMT','>','40000000','<=','100000000','','金额超限触发授权','','2020-05-27','批量新增','1','0','交易金额'),
('AU05146','CUR_CD','==','392','','','','币种授权','','2020-05-27','批量新增','1','0','币种-日元'),
('AU05147','CASH_TRAN_FLG','==','1','','','','转账触发授权','','2020-05-27','批量新增','1','0','转账标识'),
('AU05147','TX_AMT','>','100000000','<=','200000000','','金额超限触发授权','','2020-05-27','批量新增','1','0','交易金额'),
('AU05147','CUR_CD','==','392','','','','币种授权','','2020-05-27','批量新增','1','0','币种-日元'),
('AU05148','CASH_TRAN_FLG','==','1','','','','转账触发授权','','2020-05-27','批量新增','1','0','转账标识'),
('AU05148','TX_AMT','>','200000000','<=','4000000000','','金额超限触发授权','','2020-05-27','批量新增','1','0','交易金额'),
('AU05148','CUR_CD','==','392','','','','币种授权','','2020-05-27','批量新增','1','0','币种-日元'),
('AU05149','CASH_TRAN_FLG','==','1','','','','转账触发授权','','2020-05-27','批量新增','1','0','转账标识'),
('AU05149','TX_AMT','>','4000000000','<=','8000000000','','金额超限触发授权','','2020-05-27','批量新增','1','0','交易金额'),
('AU05149','CUR_CD','==','392','','','','币种授权','','2020-05-27','批量新增','1','0','币种-日元'),
('AU05150','CASH_TRAN_FLG','==','1','','','','转账触发授权','','2020-05-27','批量新增','1','0','转账标识'),
('AU05150','TX_AMT','>','800000000','<=','10000000000000000','','金额超限触发授权','','2020-05-27','批量新增','1','0','交易金额'),
('AU05150','CUR_CD','==','392','','','','币种授权','','2020-05-27','批量新增','1','0','币种-日元'),
('AU05151','CASH_TRAN_FLG','==','0','','','','现金支付触发授权','','2020-05-27','批量新增','1','0','现金支付'),
('AU05151','TX_AMT','>=','1000','<=','5000','','金额超限触发授权','','2020-05-27','批量新增','1','0','交易金额'),
('AU05151','CUR_CD','==','978','','','','币种授权','','2020-05-27','批量新增','1','0','币种-欧元'),
('AU05152','CASH_TRAN_FLG','==','0','','','','现金支付触发授权','','2020-05-27','批量新增','1','0','现金支付'),
('AU05152','TX_AMT','>','5000','<=','20000','','金额超限触发授权','','2020-05-27','批量新增','1','0','交易金额'),
('AU05152','CUR_CD','==','978','','','','币种授权','','2020-05-27','批量新增','1','0','币种-欧元'),
('AU05153','CASH_TRAN_FLG','==','0','','','','现金支付触发授权','','2020-05-27','批量新增','1','0','现金支付'),
('AU05153','TX_AMT','>','20000','<=','200000','','金额超限触发授权','','2020-05-27','批量新增','1','0','交易金额'),
('AU05153','CUR_CD','==','978','','','','币种授权','','2020-05-27','批量新增','1','0','币种-欧元'),
('AU05154','CASH_TRAN_FLG','==','0','','','','现金支付触发授权','','2020-05-27','批量新增','1','0','现金支付'),
('AU05154','TX_AMT','>','200000','<=','500000','','金额超限触发授权','','2020-05-27','批量新增','1','0','交易金额'),
('AU05154','CUR_CD','==','978','','','','币种授权','','2020-05-27','批量新增','1','0','币种-欧元'),
('AU05155','CASH_TRAN_FLG','==','0','','','','现金支付触发授权','','2020-05-27','批量新增','1','0','现金支付'),
('AU05155','TX_AMT','>','500000','<=','1000000','','金额超限触发授权','','2020-05-27','批量新增','1','0','交易金额'),
('AU05155','CUR_CD','==','978','','','','币种授权','','2020-05-27','批量新增','1','0','币种-欧元'),
('AU05156','CASH_TRAN_FLG','==','0','','','','现金支付触发授权','','2020-05-27','批量新增','1','0','现金支付'),
('AU05156','TX_AMT','>','1000000','<=','20000000','','金额超限触发授权','','2020-05-27','批量新增','1','0','交易金额'),
('AU05156','CUR_CD','==','978','','','','币种授权','','2020-05-27','批量新增','1','0','币种-欧元'),
('AU05157','CASH_TRAN_FLG','==','0','','','','现金支付触发授权','','2020-05-27','批量新增','1','0','现金支付'),
('AU05157','TX_AMT','>','20000000','<=','40000000','','金额超限触发授权','','2020-05-27','批量新增','1','0','交易金额'),
('AU05157','CUR_CD','==','978','','','','币种授权','','2020-05-27','批量新增','1','0','币种-欧元'),
('AU05158','CASH_TRAN_FLG','==','0','','','','现金支付触发授权','','2020-05-27','批量新增','1','0','现金支付'),
('AU05158','TX_AMT','>','400000000','<=','10000000000000000','','金额超限触发授权','','2020-05-27','批量新增','1','0','交易金额'),
('AU05158','CUR_CD','==','978','','','','币种授权','','2020-05-27','批量新增','1','0','币种-欧元'),
('AU05159','CASH_TRAN_FLG','==','1','','','','转账触发授权','','2020-05-27','批量新增','1','0','转账标识'),
('AU05159','TX_AMT','>=','5000','<=','10000','','金额超限触发授权','','2020-05-27','批量新增','1','0','交易金额'),
('AU05159','CUR_CD','==','978','','','','币种授权','','2020-05-27','批量新增','1','0','币种-欧元'),
('AU05160','CASH_TRAN_FLG','==','1','','','','转账触发授权','','2020-05-27','批量新增','1','0','转账标识'),
('AU05160','TX_AMT','>','10000','<=','40000','','金额超限触发授权','','2020-05-27','批量新增','1','0','交易金额'),
('AU05160','CUR_CD','==','978','','','','币种授权','','2020-05-27','批量新增','1','0','币种-欧元'),
('AU05161','CASH_TRAN_FLG','==','1','','','','转账触发授权','','2020-05-27','批量新增','1','0','转账标识'),
('AU05161','TX_AMT','>','40000','<=','400000','','金额超限触发授权','','2020-05-27','批量新增','1','0','交易金额'),
('AU05161','CUR_CD','==','978','','','','币种授权','','2020-05-27','批量新增','1','0','币种-欧元'),
('AU05162','CASH_TRAN_FLG','==','1','','','','转账触发授权','','2020-05-27','批量新增','1','0','转账标识'),
('AU05162','TX_AMT','>','400000','<=','1000000','','金额超限触发授权','','2020-05-27','批量新增','1','0','交易金额'),
('AU05162','CUR_CD','==','978','','','','币种授权','','2020-05-27','批量新增','1','0','币种-欧元'),
('AU05163','CASH_TRAN_FLG','==','1','','','','转账触发授权','','2020-05-27','批量新增','1','0','转账标识'),
('AU05163','TX_AMT','>','1000000','<=','2000000','','金额超限触发授权','','2020-05-27','批量新增','1','0','交易金额'),
('AU05163','CUR_CD','==','978','','','','币种授权','','2020-05-27','批量新增','1','0','币种-欧元'),
('AU05164','CASH_TRAN_FLG','==','1','','','','转账触发授权','','2020-05-27','批量新增','1','0','转账标识'),
('AU05164','TX_AMT','>','2000000','<=','40000000','','金额超限触发授权','','2020-05-27','批量新增','1','0','交易金额'),
('AU05164','CUR_CD','==','978','','','','币种授权','','2020-05-27','批量新增','1','0','币种-欧元'),
('AU05165','CASH_TRAN_FLG','==','1','','','','转账触发授权','','2020-05-27','批量新增','1','0','转账标识'),
('AU05165','TX_AMT','>','40000000','<=','80000000','','金额超限触发授权','','2020-05-27','批量新增','1','0','交易金额'),
('AU05165','CUR_CD','==','978','','','','币种授权','','2020-05-27','批量新增','1','0','币种-欧元'),
('AU05166','CASH_TRAN_FLG','==','1','','','','转账触发授权','','2020-05-27','批量新增','1','0','转账标识'),
('AU05166','TX_AMT','>','800000000','<=','10000000000000000','','金额超限触发授权','','2020-05-27','批量新增','1','0','交易金额'),
('AU05166','CUR_CD','==','978','','','','币种授权','','2020-05-27','批量新增','1','0','币种-欧元'),
('AU05167','CASH_TRAN_FLG','==','0','','','','现金支付触发授权','','2020-05-27','批量新增','1','0','现金支付'),
('AU05167','TX_AMT','>=','1000','<=','5000','','金额超限触发授权','','2020-05-27','批量新增','1','0','交易金额'),
('AU05167','CUR_CD','==','036','','','','币种授权','','2020-05-27','批量新增','1','0','币种-澳大利亚元'),
('AU05168','CASH_TRAN_FLG','==','0','','','','现金支付触发授权','','2020-05-27','批量新增','1','0','现金支付'),
('AU05168','TX_AMT','>','5000','<=','20000','','金额超限触发授权','','2020-05-27','批量新增','1','0','交易金额'),
('AU05168','CUR_CD','==','036','','','','币种授权','','2020-05-27','批量新增','1','0','币种-澳大利亚元'),
('AU05169','CASH_TRAN_FLG','==','0','','','','现金支付触发授权','','2020-05-27','批量新增','1','0','现金支付'),
('AU05169','TX_AMT','>','20000','<=','200000','','金额超限触发授权','','2020-05-27','批量新增','1','0','交易金额'),
('AU05169','CUR_CD','==','036','','','','币种授权','','2020-05-27','批量新增','1','0','币种-澳大利亚元'),
('AU05170','CASH_TRAN_FLG','==','0','','','','现金支付触发授权','','2020-05-27','批量新增','1','0','现金支付'),
('AU05170','TX_AMT','>','200000','<=','500000','','金额超限触发授权','','2020-05-27','批量新增','1','0','交易金额'),
('AU05170','CUR_CD','==','036','','','','币种授权','','2020-05-27','批量新增','1','0','币种-澳大利亚元'),
('AU05171','CASH_TRAN_FLG','==','0','','','','现金支付触发授权','','2020-05-27','批量新增','1','0','现金支付'),
('AU05171','TX_AMT','>','500000','<=','1000000','','金额超限触发授权','','2020-05-27','批量新增','1','0','交易金额'),
('AU05171','CUR_CD','==','036','','','','币种授权','','2020-05-27','批量新增','1','0','币种-澳大利亚元'),
('AU05172','CASH_TRAN_FLG','==','0','','','','现金支付触发授权','','2020-05-27','批量新增','1','0','现金支付'),
('AU05172','TX_AMT','>','1000000','<=','20000000','','金额超限触发授权','','2020-05-27','批量新增','1','0','交易金额'),
('AU05172','CUR_CD','==','036','','','','币种授权','','2020-05-27','批量新增','1','0','币种-澳大利亚元'),
('AU05173','CASH_TRAN_FLG','==','0','','','','现金支付触发授权','','2020-05-27','批量新增','1','0','现金支付'),
('AU05173','TX_AMT','>','20000000','<=','40000000','','金额超限触发授权','','2020-05-27','批量新增','1','0','交易金额'),
('AU05173','CUR_CD','==','036','','','','币种授权','','2020-05-27','批量新增','1','0','币种-澳大利亚元'),
('AU05174','CASH_TRAN_FLG','==','0','','','','现金支付触发授权','','2020-05-27','批量新增','1','0','现金支付'),
('AU05174','TX_AMT','>','400000000','<=','10000000000000000','','金额超限触发授权','','2020-05-27','批量新增','1','0','交易金额'),
('AU05174','CUR_CD','==','036','','','','币种授权','','2020-05-27','批量新增','1','0','币种-澳大利亚元'),
('AU05175','CASH_TRAN_FLG','==','1','','','','转账触发授权','','2020-05-27','批量新增','1','0','转账标识'),
('AU05175','TX_AMT','>=','5000','<=','10000','','金额超限触发授权','','2020-05-27','批量新增','1','0','交易金额'),
('AU05175','CUR_CD','==','036','','','','币种授权','','2020-05-27','批量新增','1','0','币种-澳大利亚元'),
('AU05176','CASH_TRAN_FLG','==','1','','','','转账触发授权','','2020-05-27','批量新增','1','0','转账标识'),
('AU05176','TX_AMT','>','10000','<=','40000','','金额超限触发授权','','2020-05-27','批量新增','1','0','交易金额'),
('AU05176','CUR_CD','==','036','','','','币种授权','','2020-05-27','批量新增','1','0','币种-澳大利亚元'),
('AU05177','CASH_TRAN_FLG','==','1','','','','转账触发授权','','2020-05-27','批量新增','1','0','转账标识'),
('AU05177','TX_AMT','>','40000','<=','400000','','金额超限触发授权','','2020-05-27','批量新增','1','0','交易金额'),
('AU05177','CUR_CD','==','036','','','','币种授权','','2020-05-27','批量新增','1','0','币种-澳大利亚元'),
('AU05178','CASH_TRAN_FLG','==','1','','','','转账触发授权','','2020-05-27','批量新增','1','0','转账标识'),
('AU05178','TX_AMT','>','400000','<=','1000000','','金额超限触发授权','','2020-05-27','批量新增','1','0','交易金额'),
('AU05178','CUR_CD','==','036','','','','币种授权','','2020-05-27','批量新增','1','0','币种-澳大利亚元'),
('AU05179','CASH_TRAN_FLG','==','1','','','','转账触发授权','','2020-05-27','批量新增','1','0','转账标识'),
('AU05179','TX_AMT','>','1000000','<=','2000000','','金额超限触发授权','','2020-05-27','批量新增','1','0','交易金额'),
('AU05179','CUR_CD','==','036','','','','币种授权','','2020-05-27','批量新增','1','0','币种-澳大利亚元'),
('AU05180','CASH_TRAN_FLG','==','1','','','','转账触发授权','','2020-05-27','批量新增','1','0','转账标识'),
('AU05180','TX_AMT','>','2000000','<=','40000000','','金额超限触发授权','','2020-05-27','批量新增','1','0','交易金额'),
('AU05180','CUR_CD','==','036','','','','币种授权','','2020-05-27','批量新增','1','0','币种-澳大利亚元'),
('AU05181','CASH_TRAN_FLG','==','1','','','','转账触发授权','','2020-05-27','批量新增','1','0','转账标识'),
('AU05181','TX_AMT','>','40000000','<=','80000000','','金额超限触发授权','','2020-05-27','批量新增','1','0','交易金额'),
('AU05181','CUR_CD','==','036','','','','币种授权','','2020-05-27','批量新增','1','0','币种-澳大利亚元'),
('AU05182','CASH_TRAN_FLG','==','1','','','','转账触发授权','','2020-05-27','批量新增','1','0','转账标识'),
('AU05182','TX_AMT','>','800000000','<=','10000000000000000','','金额超限触发授权','','2020-05-27','批量新增','1','0','交易金额'),
('AU05182','CUR_CD','==','036','','','','币种授权','','2020-05-27','批量新增','1','0','币种-澳大利亚元'),
('AU05183','CASH_TRAN_FLG','==','0','','','','现金支付触发授权','','2020-05-27','批量新增','1','0','现金支付'),
('AU05183','TX_AMT','>=','1000','<=','5000','','金额超限触发授权','','2020-05-27','批量新增','1','0','交易金额'),
('AU05183','CUR_CD','==','826','','','','币种授权','','2020-05-27','批量新增','1','0','币种-英镑'),
('AU05184','CASH_TRAN_FLG','==','0','','','','现金支付触发授权','','2020-05-27','批量新增','1','0','现金支付'),
('AU05184','TX_AMT','>','5000','<=','20000','','金额超限触发授权','','2020-05-27','批量新增','1','0','交易金额'),
('AU05184','CUR_CD','==','826','','','','币种授权','','2020-05-27','批量新增','1','0','币种-英镑'),
('AU05185','CASH_TRAN_FLG','==','0','','','','现金支付触发授权','','2020-05-27','批量新增','1','0','现金支付'),
('AU05185','TX_AMT','>','20000','<=','200000','','金额超限触发授权','','2020-05-27','批量新增','1','0','交易金额'),
('AU05185','CUR_CD','==','826','','','','币种授权','','2020-05-27','批量新增','1','0','币种-英镑'),
('AU05186','CASH_TRAN_FLG','==','0','','','','现金支付触发授权','','2020-05-27','批量新增','1','0','现金支付'),
('AU05186','TX_AMT','>','200000','<=','500000','','金额超限触发授权','','2020-05-27','批量新增','1','0','交易金额'),
('AU05186','CUR_CD','==','826','','','','币种授权','','2020-05-27','批量新增','1','0','币种-英镑'),
('AU05187','CASH_TRAN_FLG','==','0','','','','现金支付触发授权','','2020-05-27','批量新增','1','0','现金支付'),
('AU05187','TX_AMT','>','500000','<=','1000000','','金额超限触发授权','','2020-05-27','批量新增','1','0','交易金额'),
('AU05187','CUR_CD','==','826','','','','币种授权','','2020-05-27','批量新增','1','0','币种-英镑'),
('AU05188','CASH_TRAN_FLG','==','0','','','','现金支付触发授权','','2020-05-27','批量新增','1','0','现金支付'),
('AU05188','TX_AMT','>','1000000','<=','20000000','','金额超限触发授权','','2020-05-27','批量新增','1','0','交易金额'),
('AU05188','CUR_CD','==','826','','','','币种授权','','2020-05-27','批量新增','1','0','币种-英镑'),
('AU05189','CASH_TRAN_FLG','==','0','','','','现金支付触发授权','','2020-05-27','批量新增','1','0','现金支付'),
('AU05189','TX_AMT','>','20000000','<=','40000000','','金额超限触发授权','','2020-05-27','批量新增','1','0','交易金额'),
('AU05189','CUR_CD','==','826','','','','币种授权','','2020-05-27','批量新增','1','0','币种-英镑'),
('AU05190','CASH_TRAN_FLG','==','0','','','','现金支付触发授权','','2020-05-27','批量新增','1','0','现金支付'),
('AU05190','TX_AMT','>','400000000','<=','10000000000000000','','金额超限触发授权','','2020-05-27','批量新增','1','0','交易金额'),
('AU05190','CUR_CD','==','826','','','','币种授权','','2020-05-27','批量新增','1','0','币种-英镑'),
('AU05191','CASH_TRAN_FLG','==','1','','','','转账触发授权','','2020-05-27','批量新增','1','0','转账标识'),
('AU05191','TX_AMT','>=','5000','<=','10000','','金额超限触发授权','','2020-05-27','批量新增','1','0','交易金额'),
('AU05191','CUR_CD','==','826','','','','币种授权','','2020-05-27','批量新增','1','0','币种-英镑'),
('AU05192','CASH_TRAN_FLG','==','1','','','','转账触发授权','','2020-05-27','批量新增','1','0','转账标识'),
('AU05192','TX_AMT','>','10000','<=','40000','','金额超限触发授权','','2020-05-27','批量新增','1','0','交易金额'),
('AU05192','CUR_CD','==','826','','','','币种授权','','2020-05-27','批量新增','1','0','币种-英镑'),
('AU05193','CASH_TRAN_FLG','==','1','','','','转账触发授权','','2020-05-27','批量新增','1','0','转账标识'),
('AU05193','TX_AMT','>','40000','<=','400000','','金额超限触发授权','','2020-05-27','批量新增','1','0','交易金额'),
('AU05193','CUR_CD','==','826','','','','币种授权','','2020-05-27','批量新增','1','0','币种-英镑'),
('AU05194','CASH_TRAN_FLG','==','1','','','','转账触发授权','','2020-05-27','批量新增','1','0','转账标识'),
('AU05194','TX_AMT','>','400000','<=','1000000','','金额超限触发授权','','2020-05-27','批量新增','1','0','交易金额'),
('AU05194','CUR_CD','==','826','','','','币种授权','','2020-05-27','批量新增','1','0','币种-英镑'),
('AU05195','CASH_TRAN_FLG','==','1','','','','转账触发授权','','2020-05-27','批量新增','1','0','转账标识'),
('AU05195','TX_AMT','>','1000000','<=','2000000','','金额超限触发授权','','2020-05-27','批量新增','1','0','交易金额'),
('AU05195','CUR_CD','==','826','','','','币种授权','','2020-05-27','批量新增','1','0','币种-英镑'),
('AU05196','CASH_TRAN_FLG','==','1','','','','转账触发授权','','2020-05-27','批量新增','1','0','转账标识'),
('AU05196','TX_AMT','>','2000000','<=','40000000','','金额超限触发授权','','2020-05-27','批量新增','1','0','交易金额'),
('AU05196','CUR_CD','==','826','','','','币种授权','','2020-05-27','批量新增','1','0','币种-英镑'),
('AU05197','CASH_TRAN_FLG','==','1','','','','转账触发授权','','2020-05-27','批量新增','1','0','转账标识'),
('AU05197','TX_AMT','>','40000000','<=','80000000','','金额超限触发授权','','2020-05-27','批量新增','1','0','交易金额'),
('AU05197','CUR_CD','==','826','','','','币种授权','','2020-05-27','批量新增','1','0','币种-英镑'),
('AU05198','CASH_TRAN_FLG','==','1','','','','转账触发授权','','2020-05-27','批量新增','1','0','转账标识'),
('AU05198','TX_AMT','>','800000000','<=','10000000000000000','','金额超限触发授权','','2020-05-27','批量新增','1','0','交易金额'),
('AU05198','CUR_CD','==','826','','','','币种授权','','2020-05-27','批量新增','1','0','币种-英镑'),
('AU05199','CASH_TRAN_FLG','==','0','','','','现金支付触发授权','','2020-05-27','批量新增','1','0','现金支付'),
('AU05199','TX_AMT','>=','10000','<=','50000','','金额超限触发授权','','2020-05-27','批量新增','1','0','交易金额'),
('AU05199','CUR_CD','==','344','','','','币种授权','','2020-05-27','批量新增','1','0','币种-香港元'),
('AU05200','CASH_TRAN_FLG','==','0','','','','现金支付触发授权','','2020-05-27','批量新增','1','0','现金支付'),
('AU05200','TX_AMT','>','50000','<=','200000','','金额超限触发授权','','2020-05-27','批量新增','1','0','交易金额'),
('AU05200','CUR_CD','==','344','','','','币种授权','','2020-05-27','批量新增','1','0','币种-香港元'),
('AU05201','CASH_TRAN_FLG','==','0','','','','现金支付触发授权','','2020-05-27','批量新增','1','0','现金支付'),
('AU05201','TX_AMT','>','200000','<=','2000000','','金额超限触发授权','','2020-05-27','批量新增','1','0','交易金额'),
('AU05201','CUR_CD','==','344','','','','币种授权','','2020-05-27','批量新增','1','0','币种-香港元'),
('AU05202','CASH_TRAN_FLG','==','0','','','','现金支付触发授权','','2020-05-27','批量新增','1','0','现金支付'),
('AU05202','TX_AMT','>','2000000','<=','5000000','','金额超限触发授权','','2020-05-27','批量新增','1','0','交易金额'),
('AU05202','CUR_CD','==','344','','','','币种授权','','2020-05-27','批量新增','1','0','币种-香港元'),
('AU05203','CASH_TRAN_FLG','==','0','','','','现金支付触发授权','','2020-05-27','批量新增','1','0','现金支付'),
('AU05203','TX_AMT','>','5000000','<=','10000000','','金额超限触发授权','','2020-05-27','批量新增','1','0','交易金额'),
('AU05203','CUR_CD','==','344','','','','币种授权','','2020-05-27','批量新增','1','0','币种-香港元'),
('AU05204','CASH_TRAN_FLG','==','0','','','','现金支付触发授权','','2020-05-27','批量新增','1','0','现金支付'),
('AU05204','TX_AMT','>','10000000','<=','200000000','','金额超限触发授权','','2020-05-27','批量新增','1','0','交易金额'),
('AU05204','CUR_CD','==','344','','','','币种授权','','2020-05-27','批量新增','1','0','币种-香港元'),
('AU05205','CASH_TRAN_FLG','==','0','','','','现金支付触发授权','','2020-05-27','批量新增','1','0','现金支付'),
('AU05205','TX_AMT','>','200000000','<=','400000000','','金额超限触发授权','','2020-05-27','批量新增','1','0','交易金额'),
('AU05205','CUR_CD','==','344','','','','币种授权','','2020-05-27','批量新增','1','0','币种-香港元'),
('AU05206','CASH_TRAN_FLG','==','0','','','','现金支付触发授权','','2020-05-27','批量新增','1','0','现金支付'),
('AU05206','TX_AMT','>','400000000','<=','10000000000000000','','金额超限触发授权','','2020-05-27','批量新增','1','0','交易金额'),
('AU05206','CUR_CD','==','344','','','','币种授权','','2020-05-27','批量新增','1','0','币种-香港元'),
('AU05207','CASH_TRAN_FLG','==','1','','','','转账触发授权','','2020-05-27','批量新增','1','0','转账标识'),
('AU05207','TX_AMT','>=','50000','<=','100000','','金额超限触发授权','','2020-05-27','批量新增','1','0','交易金额'),
('AU05207','CUR_CD','==','344','','','','币种授权','','2020-05-27','批量新增','1','0','币种-香港元'),
('AU05208','CASH_TRAN_FLG','==','1','','','','转账触发授权','','2020-05-27','批量新增','1','0','转账标识'),
('AU05208','TX_AMT','>','100000','<=','400000','','金额超限触发授权','','2020-05-27','批量新增','1','0','交易金额'),
('AU05208','CUR_CD','==','344','','','','币种授权','','2020-05-27','批量新增','1','0','币种-香港元'),
('AU05209','CASH_TRAN_FLG','==','1','','','','转账触发授权','','2020-05-27','批量新增','1','0','转账标识'),
('AU05209','TX_AMT','>','400000','<=','4000000','','金额超限触发授权','','2020-05-27','批量新增','1','0','交易金额'),
('AU05209','CUR_CD','==','344','','','','币种授权','','2020-05-27','批量新增','1','0','币种-香港元'),
('AU05210','CASH_TRAN_FLG','==','1','','','','转账触发授权','','2020-05-27','批量新增','1','0','转账标识'),
('AU05210','TX_AMT','>','4000000','<=','10000000','','金额超限触发授权','','2020-05-27','批量新增','1','0','交易金额'),
('AU05210','CUR_CD','==','344','','','','币种授权','','2020-05-27','批量新增','1','0','币种-香港元'),
('AU05211','CASH_TRAN_FLG','==','1','','','','转账触发授权','','2020-05-27','批量新增','1','0','转账标识'),
('AU05211','TX_AMT','>','10000000','<=','20000000','','金额超限触发授权','','2020-05-27','批量新增','1','0','交易金额'),
('AU05211','CUR_CD','==','344','','','','币种授权','','2020-05-27','批量新增','1','0','币种-香港元'),
('AU05212','CASH_TRAN_FLG','==','1','','','','转账触发授权','','2020-05-27','批量新增','1','0','转账标识'),
('AU05212','TX_AMT','>','20000000','<=','400000000','','金额超限触发授权','','2020-05-27','批量新增','1','0','交易金额'),
('AU05212','CUR_CD','==','344','','','','币种授权','','2020-05-27','批量新增','1','0','币种-香港元'),
('AU05213','CASH_TRAN_FLG','==','1','','','','转账触发授权','','2020-05-27','批量新增','1','0','转账标识'),
('AU05213','TX_AMT','>','400000000','<=','800000000','','金额超限触发授权','','2020-05-27','批量新增','1','0','交易金额'),
('AU05213','CUR_CD','==','344','','','','币种授权','','2020-05-27','批量新增','1','0','币种-香港元'),
('AU05214','CASH_TRAN_FLG','==','1','','','','转账触发授权','','2020-05-27','批量新增','1','0','转账标识'),
('AU05214','TX_AMT','>','800000000','<=','10000000000000000','','金额超限触发授权','','2020-05-27','批量新增','1','0','交易金额'),
('AU05214','CUR_CD','==','344','','','','币种授权','','2020-05-27','批量新增','1','0','币种-香港元'),
('AU05215','CASH_TRAN_FLG','==','0','','','','现金支付触发授权','','2020-05-27','批量新增','1','0','现金支付'),
('AU05215','TX_AMT','>=','1000','<=','5000','','金额超限触发授权','','2020-05-27','批量新增','1','0','交易金额'),
('AU05215','CUR_CD','==','702','','','','币种授权','','2020-05-27','批量新增','1','0','币种-新加坡元'),
('AU05216','CASH_TRAN_FLG','==','0','','','','现金支付触发授权','','2020-05-27','批量新增','1','0','现金支付'),
('AU05216','TX_AMT','>','5000','<=','20000','','金额超限触发授权','','2020-05-27','批量新增','1','0','交易金额'),
('AU05216','CUR_CD','==','702','','','','币种授权','','2020-05-27','批量新增','1','0','币种-新加坡元'),
('AU05217','CASH_TRAN_FLG','==','0','','','','现金支付触发授权','','2020-05-27','批量新增','1','0','现金支付'),
('AU05217','TX_AMT','>','20000','<=','200000','','金额超限触发授权','','2020-05-27','批量新增','1','0','交易金额'),
('AU05217','CUR_CD','==','702','','','','币种授权','','2020-05-27','批量新增','1','0','币种-新加坡元'),
('AU05218','CASH_TRAN_FLG','==','0','','','','现金支付触发授权','','2020-05-27','批量新增','1','0','现金支付'),
('AU05218','TX_AMT','>','200000','<=','500000','','金额超限触发授权','','2020-05-27','批量新增','1','0','交易金额'),
('AU05218','CUR_CD','==','702','','','','币种授权','','2020-05-27','批量新增','1','0','币种-新加坡元'),
('AU05219','CASH_TRAN_FLG','==','0','','','','现金支付触发授权','','2020-05-27','批量新增','1','0','现金支付'),
('AU05219','TX_AMT','>','500000','<=','1000000','','金额超限触发授权','','2020-05-27','批量新增','1','0','交易金额'),
('AU05219','CUR_CD','==','702','','','','币种授权','','2020-05-27','批量新增','1','0','币种-新加坡元'),
('AU05220','CASH_TRAN_FLG','==','0','','','','现金支付触发授权','','2020-05-27','批量新增','1','0','现金支付'),
('AU05220','TX_AMT','>','1000000','<=','20000000','','金额超限触发授权','','2020-05-27','批量新增','1','0','交易金额'),
('AU05220','CUR_CD','==','702','','','','币种授权','','2020-05-27','批量新增','1','0','币种-新加坡元'),
('AU05221','CASH_TRAN_FLG','==','0','','','','现金支付触发授权','','2020-05-27','批量新增','1','0','现金支付'),
('AU05221','TX_AMT','>','20000000','<=','40000000','','金额超限触发授权','','2020-05-27','批量新增','1','0','交易金额'),
('AU05221','CUR_CD','==','702','','','','币种授权','','2020-05-27','批量新增','1','0','币种-新加坡元'),
('AU05222','CASH_TRAN_FLG','==','0','','','','现金支付触发授权','','2020-05-27','批量新增','1','0','现金支付'),
('AU05222','TX_AMT','>','400000000','<=','10000000000000000','','金额超限触发授权','','2020-05-27','批量新增','1','0','交易金额'),
('AU05222','CUR_CD','==','702','','','','币种授权','','2020-05-27','批量新增','1','0','币种-新加坡元'),
('AU05223','CASH_TRAN_FLG','==','1','','','','转账触发授权','','2020-05-27','批量新增','1','0','转账标识'),
('AU05223','TX_AMT','>=','5000','<=','10000','','金额超限触发授权','','2020-05-27','批量新增','1','0','交易金额'),
('AU05223','CUR_CD','==','702','','','','币种授权','','2020-05-27','批量新增','1','0','币种-新加坡元'),
('AU05224','CASH_TRAN_FLG','==','1','','','','转账触发授权','','2020-05-27','批量新增','1','0','转账标识'),
('AU05224','TX_AMT','>','10000','<=','40000','','金额超限触发授权','','2020-05-27','批量新增','1','0','交易金额'),
('AU05224','CUR_CD','==','702','','','','币种授权','','2020-05-27','批量新增','1','0','币种-新加坡元'),
('AU05225','CASH_TRAN_FLG','==','1','','','','转账触发授权','','2020-05-27','批量新增','1','0','转账标识'),
('AU05225','TX_AMT','>','40000','<=','400000','','金额超限触发授权','','2020-05-27','批量新增','1','0','交易金额'),
('AU05225','CUR_CD','==','702','','','','币种授权','','2020-05-27','批量新增','1','0','币种-新加坡元'),
('AU05226','CASH_TRAN_FLG','==','1','','','','转账触发授权','','2020-05-27','批量新增','1','0','转账标识'),
('AU05226','TX_AMT','>','400000','<=','1000000','','金额超限触发授权','','2020-05-27','批量新增','1','0','交易金额'),
('AU05226','CUR_CD','==','702','','','','币种授权','','2020-05-27','批量新增','1','0','币种-新加坡元'),
('AU05227','CASH_TRAN_FLG','==','1','','','','转账触发授权','','2020-05-27','批量新增','1','0','转账标识'),
('AU05227','TX_AMT','>','1000000','<=','2000000','','金额超限触发授权','','2020-05-27','批量新增','1','0','交易金额'),
('AU05227','CUR_CD','==','702','','','','币种授权','','2020-05-27','批量新增','1','0','币种-新加坡元'),
('AU05228','CASH_TRAN_FLG','==','1','','','','转账触发授权','','2020-05-27','批量新增','1','0','转账标识'),
('AU05228','TX_AMT','>','2000000','<=','40000000','','金额超限触发授权','','2020-05-27','批量新增','1','0','交易金额'),
('AU05228','CUR_CD','==','702','','','','币种授权','','2020-05-27','批量新增','1','0','币种-新加坡元'),
('AU05229','CASH_TRAN_FLG','==','1','','','','转账触发授权','','2020-05-27','批量新增','1','0','转账标识'),
('AU05229','TX_AMT','>','40000000','<=','80000000','','金额超限触发授权','','2020-05-27','批量新增','1','0','交易金额'),
('AU05229','CUR_CD','==','702','','','','币种授权','','2020-05-27','批量新增','1','0','币种-新加坡元'),
('AU05230','CASH_TRAN_FLG','==','1','','','','转账触发授权','','2020-05-27','批量新增','1','0','转账标识'),
('AU05230','TX_AMT','>','800000000','<=','10000000000000000','','金额超限触发授权','','2020-05-27','批量新增','1','0','交易金额'),
('AU05230','CUR_CD','==','702','','','','币种授权','','2020-05-27','批量新增','1','0','币种-新加坡元'),
('AU05231','CASH_TRAN_FLG','==','0','','','','现金支付触发授权','','2020-05-27','批量新增','1','0','现金支付'),
('AU05231','TX_AMT','>=','1000','<=','5000','','金额超限触发授权','','2020-05-27','批量新增','1','0','交易金额'),
('AU05231','CUR_CD','==','124','','','','币种授权','','2020-05-27','批量新增','1','0','币种-加元'),
('AU05232','CASH_TRAN_FLG','==','0','','','','现金支付触发授权','','2020-05-27','批量新增','1','0','现金支付'),
('AU05232','TX_AMT','>','5000','<=','20000','','金额超限触发授权','','2020-05-27','批量新增','1','0','交易金额'),
('AU05232','CUR_CD','==','124','','','','币种授权','','2020-05-27','批量新增','1','0','币种-加元'),
('AU05233','CASH_TRAN_FLG','==','0','','','','现金支付触发授权','','2020-05-27','批量新增','1','0','现金支付'),
('AU05233','TX_AMT','>','20000','<=','200000','','金额超限触发授权','','2020-05-27','批量新增','1','0','交易金额'),
('AU05233','CUR_CD','==','124','','','','币种授权','','2020-05-27','批量新增','1','0','币种-加元'),
('AU05234','CASH_TRAN_FLG','==','0','','','','现金支付触发授权','','2020-05-27','批量新增','1','0','现金支付'),
('AU05234','TX_AMT','>','200000','<=','500000','','金额超限触发授权','','2020-05-27','批量新增','1','0','交易金额'),
('AU05234','CUR_CD','==','124','','','','币种授权','','2020-05-27','批量新增','1','0','币种-加元'),
('AU05235','CASH_TRAN_FLG','==','0','','','','现金支付触发授权','','2020-05-27','批量新增','1','0','现金支付'),
('AU05235','TX_AMT','>','500000','<=','1000000','','金额超限触发授权','','2020-05-27','批量新增','1','0','交易金额'),
('AU05235','CUR_CD','==','124','','','','币种授权','','2020-05-27','批量新增','1','0','币种-加元'),
('AU05236','CASH_TRAN_FLG','==','0','','','','现金支付触发授权','','2020-05-27','批量新增','1','0','现金支付'),
('AU05236','TX_AMT','>','1000000','<=','20000000','','金额超限触发授权','','2020-05-27','批量新增','1','0','交易金额'),
('AU05236','CUR_CD','==','124','','','','币种授权','','2020-05-27','批量新增','1','0','币种-加元'),
('AU05237','CASH_TRAN_FLG','==','0','','','','现金支付触发授权','','2020-05-27','批量新增','1','0','现金支付'),
('AU05237','TX_AMT','>','20000000','<=','40000000','','金额超限触发授权','','2020-05-27','批量新增','1','0','交易金额'),
('AU05237','CUR_CD','==','124','','','','币种授权','','2020-05-27','批量新增','1','0','币种-加元'),
('AU05238','CASH_TRAN_FLG','==','0','','','','现金支付触发授权','','2020-05-27','批量新增','1','0','现金支付'),
('AU05238','TX_AMT','>','400000000','<=','10000000000000000','','金额超限触发授权','','2020-05-27','批量新增','1','0','交易金额'),
('AU05238','CUR_CD','==','124','','','','币种授权','','2020-05-27','批量新增','1','0','币种-加元'),
('AU05239','CASH_TRAN_FLG','==','1','','','','转账触发授权','','2020-05-27','批量新增','1','0','转账标识'),
('AU05239','TX_AMT','>=','5000','<=','10000','','金额超限触发授权','','2020-05-27','批量新增','1','0','交易金额'),
('AU05239','CUR_CD','==','124','','','','币种授权','','2020-05-27','批量新增','1','0','币种-加元'),
('AU05240','CASH_TRAN_FLG','==','1','','','','转账触发授权','','2020-05-27','批量新增','1','0','转账标识'),
('AU05240','TX_AMT','>','10000','<=','40000','','金额超限触发授权','','2020-05-27','批量新增','1','0','交易金额'),
('AU05240','CUR_CD','==','124','','','','币种授权','','2020-05-27','批量新增','1','0','币种-加元'),
('AU05241','CASH_TRAN_FLG','==','1','','','','转账触发授权','','2020-05-27','批量新增','1','0','转账标识'),
('AU05241','TX_AMT','>','40000','<=','400000','','金额超限触发授权','','2020-05-27','批量新增','1','0','交易金额'),
('AU05241','CUR_CD','==','124','','','','币种授权','','2020-05-27','批量新增','1','0','币种-加元'),
('AU05242','CASH_TRAN_FLG','==','1','','','','转账触发授权','','2020-05-27','批量新增','1','0','转账标识'),
('AU05242','TX_AMT','>','400000','<=','1000000','','金额超限触发授权','','2020-05-27','批量新增','1','0','交易金额'),
('AU05242','CUR_CD','==','124','','','','币种授权','','2020-05-27','批量新增','1','0','币种-加元'),
('AU05243','CASH_TRAN_FLG','==','1','','','','转账触发授权','','2020-05-27','批量新增','1','0','转账标识'),
('AU05243','TX_AMT','>','1000000','<=','2000000','','金额超限触发授权','','2020-05-27','批量新增','1','0','交易金额'),
('AU05243','CUR_CD','==','124','','','','币种授权','','2020-05-27','批量新增','1','0','币种-加元'),
('AU05244','CASH_TRAN_FLG','==','1','','','','转账触发授权','','2020-05-27','批量新增','1','0','转账标识'),
('AU05244','TX_AMT','>','2000000','<=','40000000','','金额超限触发授权','','2020-05-27','批量新增','1','0','交易金额'),
('AU05244','CUR_CD','==','124','','','','币种授权','','2020-05-27','批量新增','1','0','币种-加元'),
('AU05245','CASH_TRAN_FLG','==','1','','','','转账触发授权','','2020-05-27','批量新增','1','0','转账标识'),
('AU05245','TX_AMT','>','40000000','<=','80000000','','金额超限触发授权','','2020-05-27','批量新增','1','0','交易金额'),
('AU05245','CUR_CD','==','124','','','','币种授权','','2020-05-27','批量新增','1','0','币种-加元'),
('AU05246','CASH_TRAN_FLG','==','1','','','','转账触发授权','','2020-05-27','批量新增','1','0','转账标识'),
('AU05246','TX_AMT','>','800000000','<=','10000000000000000','','金额超限触发授权','','2020-05-27','批量新增','1','0','交易金额'),
('AU05246','CUR_CD','==','124','','','','币种授权','','2020-05-27','批量新增','1','0','币种-加元'),
('AU05248','chkRslt','==','2','','','09908008','联网核查手工通过','900001','2020-05-27','批量新增','1','0','联网核查手工通过');

-- IB_OM_AUTHMODE_INFO insert
INSERT INTO   `pub_db`.`IB_OM_AUTHMODE_INFO` (`MODE_NO`,`AUTH_TYP_CD`,`AUTH_LVL_CD`,`REMOTE_AUTH_LVL_CD`,`AUTH_ORG_TYP_CD`,`AUTH_ORG_NO`,`AUTH_PSTN_NO`,`UGNT_FLG`,`AUTH_DESCR`,`HOST_AUTH_FLG`,`HOST_AUTH_TYP_CD`,`CNTRTN_AUTH_CENT_NM`,`CNTRTN_AUTH_LVL_CD`,`REMRK_1`,`APP_NO`) VALUES
('AU05100','1','2','','','','*','','币种-人民币,现金,金额在范围[50000-200000]内，触发授权','','','','','现金金额超限模式',''),
('AU05101','1','3','','','','*','','币种-人民币,现金,金额在范围(200000-1000000]内，触发授权','','','','','现金金额超限模式',''),
('AU05102','3','4','','','','*','','币种-人民币,现金,金额在范围(1000000-2000000]内，触发授权','','','','','现金金额超限模式',''),
('AU05103','3','5','','','','*','','币种-人民币,现金,金额在范围(2000000-20000000]内，触发授权','','','','','现金金额超限模式',''),
('AU05104','3','6','','','','*','','币种-人民币,现金,金额在范围(20000000-50000000]内，触发授权','','','','','现金金额超限模式',''),
('AU05105','3','7','','','','*','','币种-人民币,现金,金额在范围(50000000-100000000]内，触发授权','','','','','现金金额超限模式',''),
('AU05106','3','8','','','','*','','币种-人民币,现金,金额在范围(100000000-200000000]内，触发授权','','','','','现金金额超限模式',''),
('AU05107','3','9','','','','*','','币种-人民币,现金,金额在范围(200000000-400000000]内，触发授权','','','','','现金金额超限模式',''),
('AU05108','3','9','','','','*','','币种-人民币,现金,金额在范围(400000000-10000000000000000]内，触发授权','','','','','现金金额超限模式',''),
('AU05109','1','2','','','','*','','币种-人民币,转账,金额在范围[50000-200000]内，触发授权','','','','','转账金额超限模式',''),
('AU05110','1','3','','','','*','','币种-人民币,转账,金额在范围(200000-1000000]内，触发授权','','','','','转账金额超限模式',''),
('AU05111','1','4','','','','*','','币种-人民币,转账,金额在范围(1000000-2000000]内，触发授权','','','','','转账金额超限模式',''),
('AU05112','3','4','','','','*','','币种-人民币,转账,金额在范围(2000000-4000000]内，触发授权','','','','','转账金额超限模式',''),
('AU05113','3','5','','','','*','','币种-人民币,转账,金额在范围(4000000-40000000]内，触发授权','','','','','转账金额超限模式',''),
('AU05114','3','6','','','','*','','币种-人民币,转账,金额在范围(40000000-100000000]内，触发授权','','','','','转账金额超限模式',''),
('AU05115','3','7','','','','*','','币种-人民币,转账,金额在范围(100000000-200000000]内，触发授权','','','','','转账金额超限模式',''),
('AU05116','3','8','','','','*','','币种-人民币,转账,金额在范围(200000000-400000000]内，触发授权','','','','','转账金额超限模式',''),
('AU05117','3','9','','','','*','','币种-人民币,转账,金额在范围(400000000-800000000]内，触发授权','','','','','转账金额超限模式',''),
('AU05118','3','9','','','','*','','币种-人民币,转账,金额在范围(800000000-10000000000000000]内，触发授权','','','','','转账金额超限模式',''),
('AU05119','1','3','','','','*','','币种-美元,现金,金额在范围[1000-5000]内，触发授权','','','','','现金金额超限模式',''),
('AU05120','1','4','','','','*','','币种-美元,现金,金额在范围(5000-20000]内，触发授权','','','','','现金金额超限模式',''),
('AU05121','1','5','','','','*','','币种-美元,现金,金额在范围(20000-200000]内，触发授权','','','','','现金金额超限模式',''),
('AU05122','1','6','','','','*','','币种-美元,现金,金额在范围(200000-500000]内，触发授权','','','','','现金金额超限模式',''),
('AU05123','1','7','','','','*','','币种-美元,现金,金额在范围(500000-1000000]内，触发授权','','','','','现金金额超限模式',''),
('AU05124','1','8','','','','*','','币种-美元,现金,金额在范围(1000000-20000000]内，触发授权','','','','','现金金额超限模式',''),
('AU05125','1','9','','','','*','','币种-美元,现金,金额在范围(20000000-40000000]内，触发授权','','','','','现金金额超限模式',''),
('AU05126','1','9','','','','*','','币种-美元,现金,金额在范围(400000000-10000000000000000]内，触发授权','','','','','现金金额超限模式',''),
('AU05127','1','3','','','','*','','币种-美元,转账,金额在范围[5000-10000]内，触发授权','','','','','转账金额超限模式',''),
('AU05128','1','4','','','','*','','币种-美元,转账,金额在范围(10000-40000]内，触发授权','','','','','转账金额超限模式',''),
('AU05129','1','5','','','','*','','币种-美元,转账,金额在范围(40000-400000]内，触发授权','','','','','转账金额超限模式',''),
('AU05130','1','6','','','','*','','币种-美元,转账,金额在范围(400000-1000000]内，触发授权','','','','','转账金额超限模式',''),
('AU05131','1','7','','','','*','','币种-美元,转账,金额在范围(1000000-2000000]内，触发授权','','','','','转账金额超限模式',''),
('AU05132','1','8','','','','*','','币种-美元,转账,金额在范围(2000000-40000000]内，触发授权','','','','','转账金额超限模式',''),
('AU05133','1','9','','','','*','','币种-美元,转账,金额在范围(40000000-80000000]内，触发授权','','','','','转账金额超限模式',''),
('AU05134','1','9','','','','*','','币种-美元,转账,金额在范围(800000000-10000000000000000]内，触发授权','','','','','转账金额超限模式',''),
('AU05135','1','3','','','','*','','币种-日元,现金,金额在范围[100000-500000]内，触发授权','','','','','现金金额超限模式',''),
('AU05136','1','4','','','','*','','币种-日元,现金,金额在范围(500000-2000000]内，触发授权','','','','','现金金额超限模式',''),
('AU05137','1','5','','','','*','','币种-日元,现金,金额在范围(2000000-20000000]内，触发授权','','','','','现金金额超限模式',''),
('AU05138','1','6','','','','*','','币种-日元,现金,金额在范围(20000000-50000000]内，触发授权','','','','','现金金额超限模式',''),
('AU05139','1','7','','','','*','','币种-日元,现金,金额在范围(50000000-100000000]内，触发授权','','','','','现金金额超限模式',''),
('AU05140','1','8','','','','*','','币种-日元,现金,金额在范围(100000000-2000000000]内，触发授权','','','','','现金金额超限模式',''),
('AU05141','1','9','','','','*','','币种-日元,现金,金额在范围(2000000000-4000000000]内，触发授权','','','','','现金金额超限模式',''),
('AU05142','1','9','','','','*','','币种-日元,现金,金额在范围(400000000-10000000000000000]内，触发授权','','','','','现金金额超限模式',''),
('AU05143','1','3','','','','*','','币种-日元,转账,金额在范围[500000-1000000]内，触发授权','','','','','转账金额超限模式',''),
('AU05144','1','4','','','','*','','币种-日元,转账,金额在范围(1000000-4000000]内，触发授权','','','','','转账金额超限模式',''),
('AU05145','1','5','','','','*','','币种-日元,转账,金额在范围(4000000-40000000]内，触发授权','','','','','转账金额超限模式',''),
('AU05146','1','6','','','','*','','币种-日元,转账,金额在范围(40000000-100000000]内，触发授权','','','','','转账金额超限模式',''),
('AU05147','1','7','','','','*','','币种-日元,转账,金额在范围(100000000-200000000]内，触发授权','','','','','转账金额超限模式',''),
('AU05148','1','8','','','','*','','币种-日元,转账,金额在范围(200000000-4000000000]内，触发授权','','','','','转账金额超限模式',''),
('AU05149','1','9','','','','*','','币种-日元,转账,金额在范围(4000000000-8000000000]内，触发授权','','','','','转账金额超限模式',''),
('AU05150','1','9','','','','*','','币种-日元,转账,金额在范围(800000000-10000000000000000]内，触发授权','','','','','转账金额超限模式',''),
('AU05151','1','3','','','','*','','币种-欧元,现金,金额在范围[1000-5000]内，触发授权','','','','','现金金额超限模式',''),
('AU05152','1','4','','','','*','','币种-欧元,现金,金额在范围(5000-20000]内，触发授权','','','','','现金金额超限模式',''),
('AU05153','1','5','','','','*','','币种-欧元,现金,金额在范围(20000-200000]内，触发授权','','','','','现金金额超限模式',''),
('AU05154','1','6','','','','*','','币种-欧元,现金,金额在范围(200000-500000]内，触发授权','','','','','现金金额超限模式',''),
('AU05155','1','7','','','','*','','币种-欧元,现金,金额在范围(500000-1000000]内，触发授权','','','','','现金金额超限模式',''),
('AU05156','1','8','','','','*','','币种-欧元,现金,金额在范围(1000000-20000000]内，触发授权','','','','','现金金额超限模式',''),
('AU05157','1','9','','','','*','','币种-欧元,现金,金额在范围(20000000-40000000]内，触发授权','','','','','现金金额超限模式',''),
('AU05158','1','9','','','','*','','币种-欧元,现金,金额在范围(400000000-10000000000000000]内，触发授权','','','','','现金金额超限模式',''),
('AU05159','1','3','','','','*','','币种-欧元,转账,金额在范围[5000-10000]内，触发授权','','','','','转账金额超限模式',''),
('AU05160','1','4','','','','*','','币种-欧元,转账,金额在范围(10000-40000]内，触发授权','','','','','转账金额超限模式',''),
('AU05161','1','5','','','','*','','币种-欧元,转账,金额在范围(40000-400000]内，触发授权','','','','','转账金额超限模式',''),
('AU05162','1','6','','','','*','','币种-欧元,转账,金额在范围(400000-1000000]内，触发授权','','','','','转账金额超限模式',''),
('AU05163','1','7','','','','*','','币种-欧元,转账,金额在范围(1000000-2000000]内，触发授权','','','','','转账金额超限模式',''),
('AU05164','1','8','','','','*','','币种-欧元,转账,金额在范围(2000000-40000000]内，触发授权','','','','','转账金额超限模式',''),
('AU05165','1','9','','','','*','','币种-欧元,转账,金额在范围(40000000-80000000]内，触发授权','','','','','转账金额超限模式',''),
('AU05166','1','9','','','','*','','币种-欧元,转账,金额在范围(800000000-10000000000000000]内，触发授权','','','','','转账金额超限模式',''),
('AU05167','1','3','','','','*','','币种-澳大利亚元,现金,金额在范围[1000-5000]内，触发授权','','','','','现金金额超限模式',''),
('AU05168','1','4','','','','*','','币种-澳大利亚元,现金,金额在范围(5000-20000]内，触发授权','','','','','现金金额超限模式',''),
('AU05169','1','5','','','','*','','币种-澳大利亚元,现金,金额在范围(20000-200000]内，触发授权','','','','','现金金额超限模式',''),
('AU05170','1','6','','','','*','','币种-澳大利亚元,现金,金额在范围(200000-500000]内，触发授权','','','','','现金金额超限模式',''),
('AU05171','1','7','','','','*','','币种-澳大利亚元,现金,金额在范围(500000-1000000]内，触发授权','','','','','现金金额超限模式',''),
('AU05172','1','8','','','','*','','币种-澳大利亚元,现金,金额在范围(1000000-20000000]内，触发授权','','','','','现金金额超限模式',''),
('AU05173','1','9','','','','*','','币种-澳大利亚元,现金,金额在范围(20000000-40000000]内，触发授权','','','','','现金金额超限模式',''),
('AU05174','1','9','','','','*','','币种-澳大利亚元,现金,金额在范围(400000000-10000000000000000]内，触发授权','','','','','现金金额超限模式',''),
('AU05175','1','3','','','','*','','币种-澳大利亚元,转账,金额在范围[5000-10000]内，触发授权','','','','','转账金额超限模式',''),
('AU05176','1','4','','','','*','','币种-澳大利亚元,转账,金额在范围(10000-40000]内，触发授权','','','','','转账金额超限模式',''),
('AU05177','1','5','','','','*','','币种-澳大利亚元,转账,金额在范围(40000-400000]内，触发授权','','','','','转账金额超限模式',''),
('AU05178','1','6','','','','*','','币种-澳大利亚元,转账,金额在范围(400000-1000000]内，触发授权','','','','','转账金额超限模式',''),
('AU05179','1','7','','','','*','','币种-澳大利亚元,转账,金额在范围(1000000-2000000]内，触发授权','','','','','转账金额超限模式',''),
('AU05180','1','8','','','','*','','币种-澳大利亚元,转账,金额在范围(2000000-40000000]内，触发授权','','','','','转账金额超限模式',''),
('AU05181','1','9','','','','*','','币种-澳大利亚元,转账,金额在范围(40000000-80000000]内，触发授权','','','','','转账金额超限模式',''),
('AU05182','1','9','','','','*','','币种-澳大利亚元,转账,金额在范围(800000000-10000000000000000]内，触发授权','','','','','转账金额超限模式',''),
('AU05183','1','3','','','','*','','币种-英镑,现金,金额在范围[1000-5000]内，触发授权','','','','','现金金额超限模式',''),
('AU05184','1','4','','','','*','','币种-英镑,现金,金额在范围(5000-20000]内，触发授权','','','','','现金金额超限模式',''),
('AU05185','1','5','','','','*','','币种-英镑,现金,金额在范围(20000-200000]内，触发授权','','','','','现金金额超限模式',''),
('AU05186','1','6','','','','*','','币种-英镑,现金,金额在范围(200000-500000]内，触发授权','','','','','现金金额超限模式',''),
('AU05187','1','7','','','','*','','币种-英镑,现金,金额在范围(500000-1000000]内，触发授权','','','','','现金金额超限模式',''),
('AU05188','1','8','','','','*','','币种-英镑,现金,金额在范围(1000000-20000000]内，触发授权','','','','','现金金额超限模式',''),
('AU05189','1','9','','','','*','','币种-英镑,现金,金额在范围(20000000-40000000]内，触发授权','','','','','现金金额超限模式',''),
('AU05190','1','9','','','','*','','币种-英镑,现金,金额在范围(400000000-10000000000000000]内，触发授权','','','','','现金金额超限模式',''),
('AU05191','1','3','','','','*','','币种-英镑,转账,金额在范围[5000-10000]内，触发授权','','','','','转账金额超限模式',''),
('AU05192','1','4','','','','*','','币种-英镑,转账,金额在范围(10000-40000]内，触发授权','','','','','转账金额超限模式',''),
('AU05193','1','5','','','','*','','币种-英镑,转账,金额在范围(40000-400000]内，触发授权','','','','','转账金额超限模式',''),
('AU05194','1','6','','','','*','','币种-英镑,转账,金额在范围(400000-1000000]内，触发授权','','','','','转账金额超限模式',''),
('AU05195','1','7','','','','*','','币种-英镑,转账,金额在范围(1000000-2000000]内，触发授权','','','','','转账金额超限模式',''),
('AU05196','1','8','','','','*','','币种-英镑,转账,金额在范围(2000000-40000000]内，触发授权','','','','','转账金额超限模式',''),
('AU05197','1','9','','','','*','','币种-英镑,转账,金额在范围(40000000-80000000]内，触发授权','','','','','转账金额超限模式',''),
('AU05198','1','9','','','','*','','币种-英镑,转账,金额在范围(800000000-10000000000000000]内，触发授权','','','','','转账金额超限模式',''),
('AU05199','1','3','','','','*','','币种-香港元,现金,金额在范围[10000-50000]内，触发授权','','','','','现金金额超限模式',''),
('AU05200','1','4','','','','*','','币种-香港元,现金,金额在范围(50000-200000]内，触发授权','','','','','现金金额超限模式',''),
('AU05201','1','5','','','','*','','币种-香港元,现金,金额在范围(200000-2000000]内，触发授权','','','','','现金金额超限模式',''),
('AU05202','1','6','','','','*','','币种-香港元,现金,金额在范围(2000000-5000000]内，触发授权','','','','','现金金额超限模式',''),
('AU05203','1','7','','','','*','','币种-香港元,现金,金额在范围(5000000-10000000]内，触发授权','','','','','现金金额超限模式',''),
('AU05204','1','8','','','','*','','币种-香港元,现金,金额在范围(10000000-200000000]内，触发授权','','','','','现金金额超限模式',''),
('AU05205','1','9','','','','*','','币种-香港元,现金,金额在范围(200000000-400000000]内，触发授权','','','','','现金金额超限模式',''),
('AU05206','1','9','','','','*','','币种-香港元,现金,金额在范围(400000000-10000000000000000]内，触发授权','','','','','现金金额超限模式',''),
('AU05207','1','3','','','','*','','币种-香港元,转账,金额在范围[50000-100000]内，触发授权','','','','','转账金额超限模式',''),
('AU05208','1','4','','','','*','','币种-香港元,转账,金额在范围(100000-400000]内，触发授权','','','','','转账金额超限模式',''),
('AU05209','1','5','','','','*','','币种-香港元,转账,金额在范围(400000-4000000]内，触发授权','','','','','转账金额超限模式',''),
('AU05210','1','6','','','','*','','币种-香港元,转账,金额在范围(4000000-10000000]内，触发授权','','','','','转账金额超限模式',''),
('AU05211','1','7','','','','*','','币种-香港元,转账,金额在范围(10000000-20000000]内，触发授权','','','','','转账金额超限模式',''),
('AU05212','1','8','','','','*','','币种-香港元,转账,金额在范围(20000000-400000000]内，触发授权','','','','','转账金额超限模式',''),
('AU05213','1','9','','','','*','','币种-香港元,转账,金额在范围(400000000-800000000]内，触发授权','','','','','转账金额超限模式',''),
('AU05214','1','9','','','','*','','币种-香港元,转账,金额在范围(800000000-10000000000000000]内，触发授权','','','','','转账金额超限模式',''),
('AU05215','1','3','','','','*','','币种-新加坡元,现金,金额在范围[1000-5000]内，触发授权','','','','','现金金额超限模式',''),
('AU05216','1','4','','','','*','','币种-新加坡元,现金,金额在范围(5000-20000]内，触发授权','','','','','现金金额超限模式',''),
('AU05217','1','5','','','','*','','币种-新加坡元,现金,金额在范围(20000-200000]内，触发授权','','','','','现金金额超限模式',''),
('AU05218','1','6','','','','*','','币种-新加坡元,现金,金额在范围(200000-500000]内，触发授权','','','','','现金金额超限模式',''),
('AU05219','1','7','','','','*','','币种-新加坡元,现金,金额在范围(500000-1000000]内，触发授权','','','','','现金金额超限模式',''),
('AU05220','1','8','','','','*','','币种-新加坡元,现金,金额在范围(1000000-20000000]内，触发授权','','','','','现金金额超限模式',''),
('AU05221','1','9','','','','*','','币种-新加坡元,现金,金额在范围(20000000-40000000]内，触发授权','','','','','现金金额超限模式',''),
('AU05222','1','9','','','','*','','币种-新加坡元,现金,金额在范围(400000000-10000000000000000]内，触发授权','','','','','现金金额超限模式',''),
('AU05223','1','3','','','','*','','币种-新加坡元,转账,金额在范围[5000-10000]内，触发授权','','','','','转账金额超限模式',''),
('AU05224','1','4','','','','*','','币种-新加坡元,转账,金额在范围(10000-40000]内，触发授权','','','','','转账金额超限模式',''),
('AU05225','1','5','','','','*','','币种-新加坡元,转账,金额在范围(40000-400000]内，触发授权','','','','','转账金额超限模式',''),
('AU05226','1','6','','','','*','','币种-新加坡元,转账,金额在范围(400000-1000000]内，触发授权','','','','','转账金额超限模式',''),
('AU05227','1','7','','','','*','','币种-新加坡元,转账,金额在范围(1000000-2000000]内，触发授权','','','','','转账金额超限模式',''),
('AU05228','1','8','','','','*','','币种-新加坡元,转账,金额在范围(2000000-40000000]内，触发授权','','','','','转账金额超限模式',''),
('AU05229','1','9','','','','*','','币种-新加坡元,转账,金额在范围(40000000-80000000]内，触发授权','','','','','转账金额超限模式',''),
('AU05230','1','9','','','','*','','币种-新加坡元,转账,金额在范围(800000000-10000000000000000]内，触发授权','','','','','转账金额超限模式',''),
('AU05231','1','3','','','','*','','币种-加元,现金,金额在范围[1000-5000]内，触发授权','','','','','现金金额超限模式',''),
('AU05232','1','4','','','','*','','币种-加元,现金,金额在范围(5000-20000]内，触发授权','','','','','现金金额超限模式',''),
('AU05233','1','5','','','','*','','币种-加元,现金,金额在范围(20000-200000]内，触发授权','','','','','现金金额超限模式',''),
('AU05234','1','6','','','','*','','币种-加元,现金,金额在范围(200000-500000]内，触发授权','','','','','现金金额超限模式',''),
('AU05235','1','7','','','','*','','币种-加元,现金,金额在范围(500000-1000000]内，触发授权','','','','','现金金额超限模式',''),
('AU05236','1','8','','','','*','','币种-加元,现金,金额在范围(1000000-20000000]内，触发授权','','','','','现金金额超限模式',''),
('AU05237','1','9','','','','*','','币种-加元,现金,金额在范围(20000000-40000000]内，触发授权','','','','','现金金额超限模式',''),
('AU05238','1','9','','','','*','','币种-加元,现金,金额在范围(400000000-10000000000000000]内，触发授权','','','','','现金金额超限模式',''),
('AU05239','1','3','','','','*','','币种-加元,转账,金额在范围[5000-10000]内，触发授权','','','','','转账金额超限模式',''),
('AU05240','1','4','','','','*','','币种-加元,转账,金额在范围(10000-40000]内，触发授权','','','','','转账金额超限模式',''),
('AU05241','1','5','','','','*','','币种-加元,转账,金额在范围(40000-400000]内，触发授权','','','','','转账金额超限模式',''),
('AU05242','1','6','','','','*','','币种-加元,转账,金额在范围(400000-1000000]内，触发授权','','','','','转账金额超限模式',''),
('AU05243','1','7','','','','*','','币种-加元,转账,金额在范围(1000000-2000000]内，触发授权','','','','','转账金额超限模式',''),
('AU05244','1','8','','','','*','','币种-加元,转账,金额在范围(2000000-40000000]内，触发授权','','','','','转账金额超限模式',''),
('AU05245','1','9','','','','*','','币种-加元,转账,金额在范围(40000000-80000000]内，触发授权','','','','','转账金额超限模式',''),
('AU05246','1','9','','','','*','','币种-加元,转账,金额在范围(800000000-10000000000000000]内，触发授权','','','','','转账金额超限模式',''),
('AU05247','2','4','','','','*','','强制收取','','','','','何传佳统计',''),
('AU05248','1','1','','','','*','','联网核查手工通过','','','','','何传佳统计','');

-- IB_OM_RULECOND_RLT insert
INSERT INTO   `pub_db`.`IB_OM_RULECOND_RLT` (`RULE_COND_NO`,`CMPL_MODE_FLG`,`OPRTN_RULE_NO`) VALUES
('AU05100','1','005000'),
('AU05101','1','005000'),
('AU05102','1','005000'),
('AU05103','1','005000'),
('AU05104','1','005000'),
('AU05105','1','005000'),
('AU05106','1','005000'),
('AU05107','1','005000'),
('AU05108','1','005000'),
('AU05109','1','005000'),
('AU05110','1','005000'),
('AU05111','1','005000'),
('AU05112','1','005000'),
('AU05113','1','005000'),
('AU05114','1','005000'),
('AU05115','1','005000'),
('AU05116','1','005000'),
('AU05117','1','005000'),
('AU05118','1','005000'),
('AU05119','1','005000'),
('AU05120','1','005000'),
('AU05121','1','005000'),
('AU05122','1','005000'),
('AU05123','1','005000'),
('AU05124','1','005000'),
('AU05125','1','005000'),
('AU05126','1','005000'),
('AU05127','1','005000'),
('AU05128','1','005000'),
('AU05129','1','005000'),
('AU05130','1','005000'),
('AU05131','1','005000'),
('AU05132','1','005000'),
('AU05133','1','005000'),
('AU05134','1','005000'),
('AU05135','1','005000'),
('AU05136','1','005000'),
('AU05137','1','005000'),
('AU05138','1','005000'),
('AU05139','1','005000'),
('AU05140','1','005000'),
('AU05141','1','005000'),
('AU05142','1','005000'),
('AU05143','1','005000'),
('AU05144','1','005000'),
('AU05145','1','005000'),
('AU05146','1','005000'),
('AU05147','1','005000'),
('AU05148','1','005000'),
('AU05149','1','005000'),
('AU05150','1','005000'),
('AU05151','1','005000'),
('AU05152','1','005000'),
('AU05153','1','005000'),
('AU05154','1','005000'),
('AU05155','1','005000'),
('AU05156','1','005000'),
('AU05157','1','005000'),
('AU05158','1','005000'),
('AU05159','1','005000'),
('AU05160','1','005000'),
('AU05161','1','005000'),
('AU05162','1','005000'),
('AU05163','1','005000'),
('AU05164','1','005000'),
('AU05165','1','005000'),
('AU05166','1','005000'),
('AU05167','1','005000'),
('AU05168','1','005000'),
('AU05169','1','005000'),
('AU05170','1','005000'),
('AU05171','1','005000'),
('AU05172','1','005000'),
('AU05173','1','005000'),
('AU05174','1','005000'),
('AU05175','1','005000'),
('AU05176','1','005000'),
('AU05177','1','005000'),
('AU05178','1','005000'),
('AU05179','1','005000'),
('AU05180','1','005000'),
('AU05181','1','005000'),
('AU05182','1','005000'),
('AU05183','1','005000'),
('AU05184','1','005000'),
('AU05185','1','005000'),
('AU05186','1','005000'),
('AU05187','1','005000'),
('AU05188','1','005000'),
('AU05189','1','005000'),
('AU05190','1','005000'),
('AU05191','1','005000'),
('AU05192','1','005000'),
('AU05193','1','005000'),
('AU05194','1','005000'),
('AU05195','1','005000'),
('AU05196','1','005000'),
('AU05197','1','005000'),
('AU05198','1','005000'),
('AU05199','1','005000'),
('AU05200','1','005000'),
('AU05201','1','005000'),
('AU05202','1','005000'),
('AU05203','1','005000'),
('AU05204','1','005000'),
('AU05205','1','005000'),
('AU05206','1','005000'),
('AU05207','1','005000'),
('AU05208','1','005000'),
('AU05209','1','005000'),
('AU05210','1','005000'),
('AU05211','1','005000'),
('AU05212','1','005000'),
('AU05213','1','005000'),
('AU05214','1','005000'),
('AU05215','1','005000'),
('AU05216','1','005000'),
('AU05217','1','005000'),
('AU05218','1','005000'),
('AU05219','1','005000'),
('AU05220','1','005000'),
('AU05221','1','005000'),
('AU05222','1','005000'),
('AU05223','1','005000'),
('AU05224','1','005000'),
('AU05225','1','005000'),
('AU05226','1','005000'),
('AU05227','1','005000'),
('AU05228','1','005000'),
('AU05229','1','005000'),
('AU05230','1','005000'),
('AU05231','1','005000'),
('AU05232','1','005000'),
('AU05233','1','005000'),
('AU05234','1','005000'),
('AU05235','1','005000'),
('AU05236','1','005000'),
('AU05237','1','005000'),
('AU05238','1','005000'),
('AU05239','1','005000'),
('AU05240','1','005000'),
('AU05241','1','005000'),
('AU05242','1','005000'),
('AU05243','1','005000'),
('AU05244','1','005000'),
('AU05245','1','005000'),
('AU05246','1','005000'),
('AU05247','0','005100'),
('AU05248','1','005101');

