
SET AUTOCOMMIT=0;
BEGIN;

  
-- IB_OM_RULE_INFO insert
INSERT INTO IB_OM_RULE_INFO (RULE_NO,RULE_TYP_CD,HOLI_FLG,RULE_TRI_POSITION,SUIT_CHNL_SCP,SUIT_LPR_SCP,SUIT_ORG_SCP,SUIT_TX_SCP,RULE_COMNT,EFFT_FLG,OPER_TELR_NO,OPER_DT,OPER_RSN) VALUES

("060000","BN","N","1","TE","001","*,","00301009","强制黑名单校验","1","900001","2019-06-13","批量新增"),
("060001","BN","N","1","TE","001","*,","00301010","强制黑名单校验","1","900001","2019-06-13","批量新增"),
("060002","BN","N","1","TE","001","*,","00201001","强制黑名单校验","1","900001","2019-06-13","批量新增"),
("060003","BN","N","1","TE","001","*,","00201005","强制黑名单校验","1","900001","2019-06-13","批量新增"),
("060004","BN","N","1","TE","001","*,","00201008","强制黑名单校验","1","900001","2019-06-13","批量新增"),
("060005","BN","N","1","TE","001","*,","00201007","强制黑名单校验","1","900001","2019-06-13","批量新增"),
("060006","BN","N","1","TE","001","*,","00201002","强制黑名单校验","1","900001","2019-06-13","批量新增"),
("060007","BN","N","1","TE","001","*,","00302011","强制黑名单校验","1","900001","2019-06-13","批量新增"),
("060008","BN","N","1","TE","001","*,","00301011","强制黑名单校验","1","900001","2019-06-13","批量新增"),
("060009","BN","N","1","TE","001","*,","00302010","强制黑名单校验","1","900001","2019-06-13","批量新增"),
("060010","BN","N","1","TE","001","*,","00302008","强制黑名单校验","1","900001","2019-06-13","批量新增"),
("060011","BN","N","1","TE","001","*,","00302009","强制黑名单校验","1","900001","2019-06-13","批量新增");
-- IB_OM_RULECOND_RLT insert
INSERT INTO IB_OM_RULECOND_RLT (RULE_COND_NO,CMPL_MODE_FLG,OPRTN_RULE_NO) VALUES

("BN60000","0","060000"),
("BN60001","0","060001"),
("BN60002","0","060002"),
("BN60003","0","060003"),
("BN60004","0","060004"),
("BN60005","0","060005"),
("BN60006","0","060006"),
("BN60007","0","060007"),
("BN60008","0","060008"),
("BN60009","0","060009"),
("BN60010","0","060010"),
("BN60011","0","060011");
-- IB_OM_MODE_INFO insert
INSERT INTO IB_OM_MODE_INFO (RULE_MODE_NO,FIELD_SEQ_NO,FIELD_NM,FIELD_DICTRY_NM,RULE_MODE_TYP_CD) VALUES

("BN60000","1","BN_FIELD-黑名单","FIELD_DICTRY_NM-黑名单","BN"),
("BN60001","2","BN_FIELD-黑名单","FIELD_DICTRY_NM-黑名单","BN"),
("BN60002","3","BN_FIELD-黑名单","FIELD_DICTRY_NM-黑名单","BN"),
("BN60003","4","BN_FIELD-黑名单","FIELD_DICTRY_NM-黑名单","BN"),
("BN60004","5","BN_FIELD-黑名单","FIELD_DICTRY_NM-黑名单","BN"),
("BN60005","6","BN_FIELD-黑名单","FIELD_DICTRY_NM-黑名单","BN"),
("BN60006","7","BN_FIELD-黑名单","FIELD_DICTRY_NM-黑名单","BN"),
("BN60007","8","BN_FIELD-黑名单","FIELD_DICTRY_NM-黑名单","BN"),
("BN60008","9","BN_FIELD-黑名单","FIELD_DICTRY_NM-黑名单","BN"),
("BN60009","10","BN_FIELD-黑名单","FIELD_DICTRY_NM-黑名单","BN"),
("BN60010","11","BN_FIELD-黑名单","FIELD_DICTRY_NM-黑名单","BN"),
("BN60011","12","BN_FIELD-黑名单","FIELD_DICTRY_NM-黑名单","BN");
  
COMMIT;