
-- IB_OM_RULE_INFO insert
INSERT INTO IB_OM_RULE_INFO (RULE_NO,RULE_TYP_CD,HOLI_FLG,RULE_TRI_POSITION,SUIT_CHNL_SCP,SUIT_LPR_SCP,SUIT_ORG_SCP,SUIT_TX_SCP,RULE_COMNT,EFFT_FLG,OPER_TELR_NO,OPER_DT,OPER_RSN) VALUES

('035000','DS','N','1','TE','0000','*,','00302011','强制双屏确认','1','','2020-05-14','批量新增'),
('035001','DS','N','1','TE','0000','*,','00302010','强制双屏确认','1','','2020-05-14','批量新增'),
('035002','DS','N','1','TE','0000','*,','00302008','强制双屏确认','1','','2020-05-14','批量新增'),
('035003','DS','N','1','TE','0000','*,','00302009','强制双屏确认','1','','2020-05-14','批量新增'),
('035004','DS','N','1','TE','0000','*,','00201005','操作标志为挂失','1','','2020-05-14','批量新增'),
('035005','DS','N','1','TE','0000','*,','00301010','强制双屏确认','1','','2020-05-14','批量新增'),
('035006','DS','N','1','TE','0000','*,','00301009','强制双屏确认','1','','2020-05-14','批量新增'),
('035007','DS','N','1','TE','0000','*,','00301017','强制双屏确认','1','','2020-05-14','批量新增'),
('035008','DS','N','1','TE','0000','*,','00301015','强制双屏确认','1','','2020-05-14','批量新增'),
('035009','DS','N','1','TE','0000','*,','00302018','强制双屏确认','1','','2020-05-14','批量新增'),
('035010','DS','N','1','TE','0000','*,','00302007','强制双屏确认','1','','2020-05-14','批量新增'),
('035011','DS','N','1','TE','0000','*,','00302013','强制双屏确认','1','','2020-05-14','批量新增'),
('035012','DS','N','1','TE','0000','*,','00302014','现金取款','1','','2020-05-14','批量新增'),
('035013','DS','N','1','TE','0000','*,','00302014','转账取款','1','','2020-05-14','批量新增'),
('035014','DS','N','1','TE','0000','*,','00302016','对私客户且线上填单','1','','2020-05-14','批量新增'),
('035015','DS','N','1','TE','0000','*,','00301007','强制双屏确认','1','','2020-05-14','批量新增'),
('035016','DS','N','1','TE','0000','*,','00101076','强制双屏确认','1','','2020-05-14','批量新增'),
('035017','DS','N','1','TE','0000','*,','00508010','强制双屏确认','1','','2020-05-14','批量新增'),
('035018','DS','N','1','TE','0000','*,','09908008','复核修改确认','1','','2020-05-14','批量新增'),
('035019','DS','N','1','TE','0000','*,','09908009','复核修改确认','1','','2020-05-14','批量新增'),
('035020','DS','N','1','TE','0000','*,','00508005','强制双屏确认','1','','2020-05-14','批量新增'),
('035021','DS','N','1','TE','0000','*,','00508004','强制双屏确认','1','','2020-05-14','批量新增'),
('035022','DS','N','1','TE','0000','*,','00301045_1','对私客户','1','','2020-05-14','批量新增'),
('035023','DS','N','1','TE','0000','*,','00301041','强制双屏确认','1','','2020-05-14','批量新增'),
('035024','DS','N','1','TE','0000','*,','00301040','强制双屏确认','1','','2020-05-14','批量新增'),
('035025','DS','N','1','TE','0000','*,','00301043','强制双屏确认','1','','2020-05-14','批量新增'),
('035026','DS','N','1','TE','0000','*,','00301044','强制双屏确认','1','','2020-05-14','批量新增'),
('035027','DS','N','1','TE','0000','*,','00301042','强制双屏确认','1','','2020-05-14','批量新增'),
('035028','DS','N','1','TE','0000','*,','00301066','强制双屏确认','1','','2020-05-14','批量新增'),
('035029','DS','N','1','TE','0000','*,','00301065','强制双屏确认','1','','2020-05-14','批量新增'),
('035030','DS','N','1','TE','0000','*,','00301023','强制双屏确认','1','','2020-05-14','批量新增'),
('035031','DS','N','1','TE','0000','*,','00301030','强制双屏确认','1','','2020-05-14','批量新增'),
('035032','DS','N','1','TE','0000','*,','00301024','强制双屏确认','1','','2020-05-14','批量新增'),
('035033','DS','N','1','TE','0000','*,','00301028','强制双屏确认','1','','2020-05-14','批量新增'),
('035034','DS','N','1','TE','0000','*,','00301029','强制双屏确认','1','','2020-05-14','批量新增'),
('035035','DS','N','1','TE','0000','*,','00506002_1','强制双屏确认','1','','2020-05-14','批量新增'),
('035036','DS','N','1','TE','0000','*,','00506005_1','强制双屏确认','1','','2020-05-14','批量新增'),
('035037','DS','N','1','TE','0000','*,','00516001','强制双屏确认','1','','2020-05-14','批量新增'),
('035038','DS','N','1','TE','0000','*,','00516002','强制双屏确认','1','','2020-05-14','批量新增');
-- IB_OM_RULECOND_INFO insert
INSERT INTO IB_OM_RULECOND_INFO (OPRTN_COND_NO,DICTRY_NM,OPER_SYM_1,CMPR_VAL,OPER_SYM_2,VALUE2,TRAN_CD,COND_DESCR,OPER_TELR_NO,OPER_DT,OPER_RSN,CMPR_VAL_DATA_DICTRY_FLG,PUB_DICTRY_FLG,DICTRY_DESCR) VALUES

('DS35004','OPER_FLG_CD','==','1','','','00201005','操作标志为挂失','','2020-05-14','批量新增','1','0',''),
('DS35012','Cash_Tran_Ind','==','0','','','00302014','现金取款','','2020-05-14','批量新增','1','0',''),
('DS35013','Cash_Tran_Ind','==','1','','','00302014','转账取款','','2020-05-14','批量新增','1','0',''),
('DS35014','custtypcd','==','0','','','00302016','对私客户且线上填单','','2020-05-14','批量新增','1','0',''),
('DS35014','inputType','==','1','','','00302016','对私客户且线上填单','','2020-05-14','批量新增','1','0',''),
('DS35018','isFlag','==','1','','','09908008','金额变更时确认','','2020-05-14','批量新增','1','0',''),
('DS35019','isFlag','==','1','','','09908009','金额变更时确认','','2020-05-14','批量新增','1','0',''),
('DS35022','RECVR_ACCT_TYP','==','0','','','00301045_1','对私客户','','2020-05-14','批量新增','1','0','');
-- IB_OM_MODE_INFO insert
INSERT INTO IB_OM_MODE_INFO (RULE_MODE_NO,FIELD_SEQ_NO,FIELD_NM,FIELD_DICTRY_NM,RULE_MODE_TYP_CD) VALUES

('DS35000','1','screenSeqNo','001','DS'),
('DS35001','2','screenSeqNo','001','DS'),
('DS35002','3','screenSeqNo','001','DS'),
('DS35003','4','screenSeqNo','001','DS'),
('DS35004','5','screenSeqNo','001','DS'),
('DS35005','6','screenSeqNo','001','DS'),
('DS35006','7','screenSeqNo','001','DS'),
('DS35007','8','screenSeqNo','001','DS'),
('DS35008','9','screenSeqNo','001','DS'),
('DS35009','10','screenSeqNo','001','DS'),
('DS35010','11','screenSeqNo','001','DS'),
('DS35011','12','screenSeqNo','001','DS'),
('DS35012','13','screenSeqNo','001','DS'),
('DS35013','14','screenSeqNo','002','DS'),
('DS35014','15','screenSeqNo','001','DS'),
('DS35015','16','screenSeqNo','001','DS'),
('DS35016','17','screenSeqNo','001','DS'),
('DS35017','18','screenSeqNo','001','DS'),
('DS35018','19','screenSeqNo','001','DS'),
('DS35019','20','screenSeqNo','001','DS'),
('DS35020','21','screenSeqNo','001','DS'),
('DS35021','22','screenSeqNo','001','DS'),
('DS35022','23','screenSeqNo','001','DS'),
('DS35023','24','screenSeqNo','001','DS'),
('DS35024','25','screenSeqNo','001','DS'),
('DS35025','26','screenSeqNo','001','DS'),
('DS35026','27','screenSeqNo','001','DS'),
('DS35027','28','screenSeqNo','001','DS'),
('DS35028','29','screenSeqNo','001','DS'),
('DS35029','30','screenSeqNo','001','DS'),
('DS35030','31','screenSeqNo','001','DS'),
('DS35031','32','screenSeqNo','001','DS'),
('DS35032','33','screenSeqNo','001','DS'),
('DS35033','34','screenSeqNo','001','DS'),
('DS35034','35','screenSeqNo','001','DS'),
('DS35035','36','screenSeqNo','001','DS'),
('DS35036','37','screenSeqNo','001','DS'),
('DS35037','38','screenSeqNo','001','DS'),
('DS35038','39','screenSeqNo','001','DS');
-- IB_OM_RULECOND_RLT insert
INSERT INTO IB_OM_RULECOND_RLT (RULE_COND_NO,CMPL_MODE_FLG,OPRTN_RULE_NO) VALUES

('DS35000','0','035000'),
('DS35001','0','035001'),
('DS35002','0','035002'),
('DS35003','0','035003'),
('DS35004','1','035004'),
('DS35005','0','035005'),
('DS35006','0','035006'),
('DS35007','0','035007'),
('DS35008','0','035008'),
('DS35009','0','035009'),
('DS35010','0','035010'),
('DS35011','0','035011'),
('DS35012','1','035012'),
('DS35013','1','035013'),
('DS35014','1','035014'),
('DS35015','0','035015'),
('DS35016','0','035016'),
('DS35017','0','035017'),
('DS35018','1','035018'),
('DS35019','1','035019'),
('DS35020','0','035020'),
('DS35021','0','035021'),
('DS35022','1','035022'),
('DS35023','0','035023'),
('DS35024','0','035024'),
('DS35025','0','035025'),
('DS35026','0','035026'),
('DS35027','0','035027'),
('DS35028','0','035028'),
('DS35029','0','035029'),
('DS35030','0','035030'),
('DS35031','0','035031'),
('DS35032','0','035032'),
('DS35033','0','035033'),
('DS35034','0','035034'),
('DS35035','0','035035'),
('DS35036','0','035036'),
('DS35037','0','035037'),
('DS35038','0','035038');
-- TE_PARA_OUTCABINETCFG_INFO insert
INSERT INTO TE_PARA_OUTCABINETCFG_INFO (TRAN_CD,BUNDRY_INDCT_HEDLN_NM,SCRN_NO,SCRN_SORT_SEQ_NO,BUNDRY_INDCT_NM,GT_VAL_SCP_CD,KEY_VAL,ENTR_NM,STUS_CD,REMRK_1) VALUES

('00301009','母子账户活期子账户现金存款','001','1','交易名','0','','tranName','1',''),
('00301009','母子账户活期子账户现金存款','001','2','账号','0','','accnum','1',''),
('00301009','母子账户活期子账户现金存款','001','3','账户名称','0','','subNm','1',''),
('00301009','母子账户活期子账户现金存款','001','4','币种','0','','currencyC','1',''),
('00301009','母子账户活期子账户现金存款','001','5','交易金额','0','','txAmt','1',''),
('00301010','借记卡零整子账户现金续存','001','1','交易名','0','','tranName','1',''),
('00301010','借记卡零整子账户现金续存','001','2','账号','0','','custAcctNo','1',''),
('00301010','借记卡零整子账户现金续存','001','3','账户名称','0','','acctnm','1',''),
('00301010','借记卡零整子账户现金续存','001','4','交易金额','0','','txAmt','1',''),
('00201005','挂失解挂','001','7','产品','0','','PROD_NO','1',''),
('00201005','挂失解挂','001','6','凭证种类','0','','vouchTypCdPrint','1',''),
('00201005','挂失解挂','001','5','证件号码','0','','crtfNbr','1',''),
('00201005','挂失解挂','001','4','证件类型','0','','crtfTypCd','1',''),
('00201005','挂失解挂','001','3','户名','0','','custNm','1',''),
('00201005','挂失解挂','001','1','交易名','0','','transName','1',''),
('00201005','挂失解挂','001','2','账号','0','','CARD_NO_OR_ACCT_NO','1',''),
('00301011','结算卡现金存款','001','1','交易名','0','','tranName','1',''),
('00301011','结算卡现金存款','001','2','账号','0','','accNo','1',''),
('00301011','结算卡现金存款','001','3','账户名称','0','','acctnm','1',''),
('00301011','结算卡现金存款','001','4','交易金额','0','','txAmt','1',''),
('00302008','存折活期转账取款','001','1','交易名','0','','tranName','1',''),
('00302008','存折活期转账取款','001','2','付款人账号','0','','accnum','1',''),
('00302008','存折活期转账取款','001','3','付款人户名','0','','acctnm','1',''),
('00302008','存折活期转账取款','001','4','交易金额','0','','txAmt','1',''),
('00302008','存折活期转账取款','001','5','收款人账号','0','','recvrAcctNo','1',''),
('00302008','存折活期转账取款','001','6','收款人户名','0','','recvrAcctnm','1',''),
('00302009','母子账户活期子账户转账取款','001','1','交易名','0','','tranName','1',''),
('00302009','母子账户活期子账户转账取款','001','2','付款人账号','0','','accNum','1',''),
('00302009','母子账户活期子账户转账取款','001','3','付款人户名','0','','acctNm','1',''),
('00302009','母子账户活期子账户转账取款','001','4','币种','0','','currencyC','1',''),
('00302009','母子账户活期子账户转账取款','001','5','钞汇标志','0','','monRemFlagC','1',''),
('00302009','母子账户活期子账户转账取款','001','6','交易金额','0','','txAmt','1',''),
('00302009','母子账户活期子账户转账取款','001','7','收款人账号','0','','recvrAcctNo','1',''),
('00302009','母子账户活期子账户转账取款','001','8','收款人户名','0','','recvrAcctNm','1',''),
('00302010','借记卡转账取款','001','1','交易名','0','','tranName','1',''),
('00302010','借记卡转账取款','001','2','付款人账号','0','','accNum','1',''),
('00302010','借记卡转账取款','001','3','付款人户名','0','','acctNm','1',''),
('00302010','借记卡转账取款','001','4','币种','0','','currencyC','1',''),
('00302010','借记卡转账取款','001','5','钞汇标志','0','','monRemFlagC','1',''),
('00302010','借记卡转账取款','001','6','交易金额','0','','txAmt','1',''),
('00302010','借记卡转账取款','001','7','收款人账号','0','','recvrAcctNo','1',''),
('00302010','借记卡转账取款','001','8','收款人户名','0','','recvrAcctNm','1',''),
('00302011','支票活期转账取款','001','1','交易名','0','','tranName','1',''),
('00302011','支票活期转账取款','001','2','付款人账号','0','','accNo','1',''),
('00302011','支票活期转账取款','001','3','付款人户名','0','','acctnm','1',''),
('00302011','支票活期转账取款','001','4','币种','0','','currencyC','1',''),
('00302011','支票活期转账取款','001','5','钞汇标志','0','','monRemFlagC','1',''),
('00302011','支票活期转账取款','001','6','交易金额','0','','txAmt','1',''),
('00302011','支票活期转账取款','001','7','收款人账号','0','','recvrAcctNo','1',''),
('00302011','支票活期转账取款','001','8','收款人户名','0','','recvrAcctnm','1',''),
('00301017','借记卡存本零取子账户现金取款','001','1','交易名','0','','tranName','1',''),
('00301017','借记卡存本零取子账户现金取款','001','2','账号','0','','custAcctNo','1',''),
('00301017','借记卡存本零取子账户现金取款','001','3','户名','0','','acctnm','1',''),
('00301017','借记卡存本零取子账户现金取款','001','4','交易金额','0','','txAmt','1',''),
('00301015','支票活期现金取款','001','1','交易名','0','','tranName','1',''),
('00301015','支票活期现金取款','001','2','账号','0','','custAcctNo','1',''),
('00301015','支票活期现金取款','001','3','户名','0','','acctnm','1',''),
('00301015','支票活期现金取款','001','4','币种','0','','currencyC','1',''),
('00301015','支票活期现金取款','001','5','交易金额','0','','txAmt','1',''),
('00302018','通知存款转账部支','001','1','交易名','0','','tranName','1',''),
('00302018','通知存款转账部支','001','2','付款人账号','0','','custAcctNo','1',''),
('00302018','通知存款转账部支','001','3','付款人户名','0','','acctnm','1',''),
('00302018','通知存款转账部支','001','4','币种','0','','currencyC','1',''),
('00302018','通知存款转账部支','001','5','钞汇标志','0','','monRemFlagC','1',''),
('00302018','通知存款转账部支','001','6','部支金额','0','','txAmt','1',''),
('00302018','通知存款转账部支','001','7','利息','0','','intrest','1',''),
('00302018','通知存款转账部支','001','8','收款人账号','0','','recvrAcctNo','1',''),
('00302018','通知存款转账部支','001','9','收款人户名','0','','recvrAcctNm','1',''),
('00302007','借记卡存本零取子账户转账取款','001','1','交易名称','0','','tranName','1',''),
('00302007','借记卡存本零取子账户转账取款','001','2','付款人账号','0','','custAcctNo','1',''),
('00302007','借记卡存本零取子账户转账取款','001','3','付款人户名','0','','acctnm','1',''),
('00302007','借记卡存本零取子账户转账取款','001','4','交易金额','0','','txAmt','1',''),
('00302007','借记卡存本零取子账户转账取款','001','5','收款人账号','0','','recvrAcctNo','1',''),
('00302007','借记卡存本零取子账户转账取款','001','6','收款人户名','0','','recvrAcctNm','1',''),
('00302013','定期一本通现金部支','001','1','交易名','0','','tranName','1',''),
('00302013','定期一本通现金部支','001','2','账号','0','','custAcctNo','1',''),
('00302013','定期一本通现金部支','001','3','户名','0','','acctnm','1',''),
('00302013','定期一本通现金部支','001','4','部支金额','0','','partyAmt','1',''),
('00302013','定期一本通现金部支','001','5','利息','0','','intAmt','1',''),
('00302014','跨行现金取款','001','1','交易名','0','','tranName','1',''),
('00302014','跨行现金取款','001','2','账号','0','','Acct_Num','1',''),
('00302014','跨行现金取款','001','3','户名','0','','ACCTNM','1',''),
('00302014','跨行现金取款','001','4','交易金额','0','','TX_Amt','1',''),
('00302014','跨行现金取款','001','5','付款行行名','0','','Payr_Bank_Num_Nm','1',''),
('00302014','跨行现金取款','002','1','交易名','0','','tranName','1',''),
('00302014','跨行现金取款','002','2','付款人账号','0','','Acct_Num','1',''),
('00302014','跨行现金取款','002','3','付款人户名','0','','ACCTNM','1',''),
('00302014','跨行现金取款','002','4','交易金额','0','','TX_Amt','1',''),
('00302014','跨行现金取款','002','5','收款人账号','0','','sAcct_Num','1',''),
('00302014','跨行现金取款','002','6','收款人户名','0','','sACCTNM','1',''),
('00302014','跨行现金取款','002','7','收款行行号','0','','Payr_Bank_Num_Nm','1',''),
('00302016','网内汇兑','001','1','交易名','0','','tranName','1',''),
('00302016','网内汇兑','001','2','付款人账号','0','','Payr_Acct_Num','1',''),
('00302016','网内汇兑','001','3','付款人户名','0','','Payr_Nm','1',''),
('00302016','网内汇兑','001','4','汇款金额','0','','TX_Amt','1',''),
('00302016','网内汇兑','001','5','收款人账号','0','','Recvr_Acct_Num','1',''),
('00302016','网内汇兑','001','6','收款人户名','0','','Recvr_Nm','1',''),
('00301007','存折活期现金取款','001','1','交易名','0','','tranName','1',''),
('00301007','存折活期现金取款','001','2','账号','0','','bankAcctNo','1',''),
('00301007','存折活期现金取款','001','3','户名','0','','acctnm','1',''),
('00301007','存折活期现金取款','001','4','币种','0','','currencyC','1',''),
('00301007','存折活期现金取款','001','5','交易金额','0','','txAmt','1',''),
('00301002','母子账户活期子账户现金取款','001','1','交易名','0','','tranName','1',''),
('00301002','母子账户活期子账户现金取款','001','2','账号','0','','custAcctNo','1',''),
('00301002','母子账户活期子账户现金取款','001','3','户名','0','','acctnm','1',''),
('00301002','母子账户活期子账户现金取款','001','4','币种','0','','currencyC','1',''),
('00301002','母子账户活期子账户现金取款','001','5','交易金额','0','','txAmt','1',''),
('00301005','结算卡转账取款','001','1','交易名','0','','tranName','1',''),
('00301005','结算卡转账取款','001','2','结算卡卡号','0','','custAcctNo','1',''),
('00301005','结算卡转账取款','001','3','持卡人','0','','crdhldNm','1',''),
('00301005','结算卡转账取款','001','4','主账户账号','0','','mainAcctAcctNo','1',''),
('00301005','结算卡转账取款','001','5','主账户户名','0','','acctnm','1',''),
('00301005','结算卡转账取款','001','6','交易金额','0','','txAmt','1',''),
('00301005','结算卡转账取款','001','7','收款人账号','0','','recvrAcctNo','1',''),
('00301005','结算卡转账取款','001','8','收款人户名','0','','recvrAcctNm','1',''),
('00301016','借记卡现金取款','001','1','交易名','0','','tranName','1',''),
('00301016','借记卡现金取款','001','2','账号','0','','custAcctNo','1',''),
('00301016','借记卡现金取款','001','3','户名','0','','acctnm','1',''),
('00301016','借记卡现金取款','001','4','币种','0','','curCdC','1',''),
('00301016','借记卡现金取款','001','5','交易金额','0','','txAmt','1',''),
('00301018','结算卡现金取款','001','1','交易名','0','','tranName','1',''),
('00301018','结算卡现金取款','001','2','结算卡卡号','0','','custAcctNo','1',''),
('00301018','结算卡现金取款','001','3','持卡人','0','','crdhldNm','1',''),
('00301018','结算卡现金取款','001','4','主账户账号','0','','mainAcctAcctNo','1',''),
('00301018','结算卡现金取款','001','5','主账户户名','0','','acctnm','1',''),
('00301018','结算卡现金取款','001','6','交易金额','0','','txAmt','1',''),
('00302004','母子账户活期子账户互转','001','1','交易名','0','','tranName','1',''),
('00302004','母子账户活期子账户互转','001','2','付款人账号','0','','custAcctNo','1',''),
('00302004','母子账户活期子账户互转','001','3','付款人户名','0','','acctnm','1',''),
('00302004','母子账户活期子账户互转','001','4','交易金额','0','','txAmt','1',''),
('00302004','母子账户活期子账户互转','001','5','收款人账号','0','','recvrAcctNo','1',''),
('00302004','母子账户活期子账户互转','001','6','收款人户名','0','','recvrAcctNm','1',''),
('00301003','借记卡现金存款','001','1','交易名','0','','tranName','1',''),
('00301003','借记卡现金存款','001','2','账号','0','','custAcctNo','1',''),
('00301003','借记卡现金存款','001','3','户名','0','','acctnm','1',''),
('00301003','借记卡现金存款','001','4','币种','0','','curCdC','1',''),
('00301003','借记卡现金存款','001','5','交易金额','0','','txAmt','1',''),
('00301003','借记卡现金存款','002','1','交易名','0','','tranName','1',''),
('00301003','借记卡现金存款','002','2','账号','0','','custAcctNo','1',''),
('00301003','借记卡现金存款','002','3','户名','0','','acctnm','1',''),
('00301003','借记卡现金存款','002','4','币种','0','','curCdC','1',''),
('00301003','借记卡现金存款','002','5','交易金额','0','','txAmt','1',''),
('00301003','借记卡现金存款','002','6','账户性质','0','','ACCT_ACCT_CHARC_CD_M','1',''),
('00301004','存折零整现金续存','001','1','交易名','0','','tranName','1',''),
('00301004','存折零整现金续存','001','2','账号','0','','accnum','1',''),
('00301004','存折零整现金续存','001','3','户名','0','','acctnm','1',''),
('00301004','存折零整现金续存','001','4','交易金额','0','','txAmt','1',''),
('00302002','结算卡卡内账户转账','001','1','交易名','0','','tranName','1',''),
('00302002','结算卡卡内账户转账','001','2','结算卡卡号','0','','custAcctNo','1',''),
('00302002','结算卡卡内账户转账','001','3','持卡人','0','','crdhldNm','1',''),
('00302002','结算卡卡内账户转账','001','4','付款人账号','0','','payAcctNo','1',''),
('00302002','结算卡卡内账户转账','001','5','付款人户名','0','','payAcctNm','1',''),
('00302002','结算卡卡内账户转账','001','6','交易金额','0','','txAmt','1',''),
('00302002','结算卡卡内账户转账','001','7','收款人账号','0','','recvrAcctNo','1',''),
('00302002','结算卡卡内账户转账','001','8','收款人户名','0','','recvrAcctNm','1',''),
('00302003','借记卡子账户现金部支','001','1','交易名','0','','tranName','1',''),
('00302003','借记卡子账户现金部支','001','2','账号','0','','accNum','1',''),
('00302003','借记卡子账户现金部支','001','3','户名','0','','acctNm','1',''),
('00302003','借记卡子账户现金部支','001','4','部支金额','0','','partAmt','1',''),
('00302003','借记卡子账户现金部支','001','5','利息','0','','repayInt','1',''),
('00302006','存折存本零取转账取款','001','1','交易名','0','','tranName','1',''),
('00302006','存折存本零取转账取款','001','2','付款人账号','0','','accnum','1',''),
('00302006','存折存本零取转账取款','001','3','付款人户名','0','','acctnm','1',''),
('00302006','存折存本零取转账取款','001','4','交易金额','0','','txAmt','1',''),
('00302006','存折存本零取转账取款','001','5','收款人账号','0','','recvrAcctNo','1',''),
('00302006','存折存本零取转账取款','001','6','收款人户名','0','','recvrAcctnm','1',''),
('00301006','存折存本零取现金取款','001','1','交易名','0','','tranName','1',''),
('00301006','存折存本零取现金取款','001','2','账号','0','','accnum','1',''),
('00301006','存折存本零取现金取款','001','3','户名','0','','acctnm','1',''),
('00301006','存折存本零取现金取款','001','4','交易金额','0','','txAmt','1',''),
('00201024','强制扣划','001','1','交易名','0','','tranName','1',''),
('00201024','强制扣划','001','2','账/卡号','0','','accNum','1',''),
('00201024','强制扣划','001','3','户名','0','','acctnm','1',''),
('00201024','强制扣划','001','4','扣划金额','0','','dctAmt','1',''),
('00201024','强制扣划','001','5','收款人账号','0','','recvrAcctNo','1',''),
('00201024','强制扣划','001','6','收款人户名','0','','recvrAcctNm','1',''),
('00302021','行内转账（同业存放部分提前支取）','001','1','交易名','0','','tranName','1',''),
('00302021','行内转账（同业存放部分提前支取）','001','2','付款人账号','0','','accNum','1',''),
('00302021','行内转账（同业存放部分提前支取）','001','3','付款人户名','0','','acctNm','1',''),
('00302021','行内转账（同业存放部分提前支取）','001','4','部支金额','0','','partAmt','1',''),
('00302021','行内转账（同业存放部分提前支取）','001','5','利息','0','','repayInt','1',''),
('00302021','行内转账（同业存放部分提前支取）','001','6','关联方账号','0','','RELA_PTY_ACCT_NO','1',''),
('00302021','行内转账（同业存放部分提前支取）','001','7','关联方账号户名','0','','RELA_PTY_ACCT_NM','1',''),
('00302021','行内转账（同业存放部分提前支取）','001','8','收款人账号','0','','recvrAcctNo','1',''),
('00302021','行内转账（同业存放部分提前支取）','001','9','收款人户名','0','','recvrAcctnm','1',''),
('00302022','行内转账（借记卡子账户转账部支）','001','1','交易名','0','','tranName','1',''),
('00302022','行内转账（借记卡子账户转账部支）','001','2','付款人账号','0','','accNum','1',''),
('00302022','行内转账（借记卡子账户转账部支）','001','3','付款人户名','0','','acctNm','1',''),
('00302022','行内转账（借记卡子账户转账部支）','001','4','币种','0','','currencyC','1',''),
('00302022','行内转账（借记卡子账户转账部支）','001','5','钞汇标志','0','','monRemFlagC','1',''),
('00302022','行内转账（借记卡子账户转账部支）','001','6','部支金额','0','','partAmt','1',''),
('00302022','行内转账（借记卡子账户转账部支）','001','7','利息','0','','repayInt','1',''),
('00302022','行内转账（借记卡子账户转账部支）','001','8','收款人账号','0','','recvrAcctNo','1',''),
('00302022','行内转账（借记卡子账户转账部支）','001','9','收款人户名','0','','recvrAcctnm','1',''),
('00303005','农信银存款','001','1','交易名','0','','tranName','1',''),
('00303005','农信银存款','001','2','账号','0','','CUST_ACCT_NO','1',''),
('00303005','农信银存款','001','3','户名','0','','ACCTNM','1',''),
('00303005','农信银存款','001','4','交易金额','0','','tran_amt','1',''),
('00303005','农信银存款','001','5','收款行行号（行号+行名）','0','','sendBankno_nm','1',''),
('00303005','农信银存款','002','1','交易名','0','','tranName','1',''),
('00303005','农信银存款','002','2','付款人账号','0','','Payr_Acct_Num','1',''),
('00303005','农信银存款','002','3','付款人户名','0','','Payr_Nm','1',''),
('00303005','农信银存款','002','4','交易金额','0','','tran_amt','1',''),
('00303005','农信银存款','002','5','收款人账号','0','','Recvr_Acct_Num','1',''),
('00303005','农信银存款','002','6','收款人户名','0','','Recvr_Nm','1',''),
('00303005','农信银存款','002','7','收款行行号（行号+行名）','0','','sendBankno_nm','1',''),
('00302017','跨行汇兑','001','1','交易名','0','','tranName','1',''),
('00302017','跨行汇兑','001','2','付款人账号','0','','draweeAccNo','1',''),
('00302017','跨行汇兑','001','3','付款人户名','0','','draweeName','1',''),
('00302017','跨行汇兑','001','4','汇款金额','0','','remitAmount','1',''),
('00302017','跨行汇兑','001','5','收款人账号','0','','recriverNum','1',''),
('00302017','跨行汇兑','001','6','收款人户名','0','','recriverName','1',''),
('00302017','跨行汇兑','001','7','收款行行号','0','','beneficiaryNumber1','1',''),
('00302017','跨行汇兑','002','1','交易名','0','','tranName','1',''),
('00302017','跨行汇兑','002','2','付款人账号','0','','draweeAccNo','1',''),
('00302017','跨行汇兑','002','3','付款人户名','0','','draweeName','1',''),
('00302017','跨行汇兑','002','4','汇款金额','0','','remitAmount','1',''),
('00101076','信用卡挂失','001','1','交易名称','0','','tranName','1',''),
('00101076','信用卡挂失','001','2','卡号','0','','TradeData.CARD_NO','1',''),
('00101076','信用卡挂失','001','3','客户姓名','0','','TradeData.CUST_NAME','1',''),
('00101076','信用卡挂失','001','4','挂失原因','0','','TradeData.RPTLOSS_RSN','1',''),
('00101076','信用卡挂失','001','5','遗失日期','0','','TradeData.LOST_DT','1',''),
('00101076','信用卡挂失','001','6','遗失时间','0','','TradeData.LOST_TM','1',''),
('09908008','渠道协同-存单转存','001','1','户名','0','','TradeData.ACCTNM','1',''),
('09908008','渠道协同-存单转存','001','2','币种','0','','currType','1',''),
('09908008','渠道协同-存单转存','001','3','开户金额','0','','TradeData.OPEN_ACCT_AMT','1',''),
('09908008','渠道协同-存单转存','001','4','存款期限','0','','TradeData.DEPTRM','1',''),
('09908009','渠道协同-定期一本通转存','001','1','账户','0','','TradeData.ACCT_NO','1',''),
('09908009','渠道协同-定期一本通转存','001','2','户名','0','','TradeData.ACCTNM','1',''),
('09908009','渠道协同-定期一本通转存','001','3','开户金额','0','','TradeData.AMT','1',''),
('09908009','渠道协同-定期一本通转存','001','4','存款期限','0','','TradeData.DEPTRM','1',''),
('00508010','ETC记账卡二次发行','001','1','交易名','0','','trade_Info.tranName','1',''),
('00508010','ETC记账卡二次发行','001','2','用户名称','0','','TradeData.USER_NM','1',''),
('00508010','ETC记账卡二次发行','001','3','车牌号','0','','TradeData.LICPLT_NO','1',''),
('00508010','ETC记账卡二次发行','001','4','车牌颜色','0','','TradeData.LICPLT_COLR','1',''),
('00508004','ETC记账卡欠费查询及处理','001','1','交易名称','0','','trade_Info.tranName','1',''),
('00508004','ETC记账卡欠费查询及处理','001','2','ETC用户名称','0','','TradeData.ETC_USER_NM','1',''),
('00508004','ETC记账卡欠费查询及处理','001','3','ETC卡号','0','','TradeData.ETC_CARD_NO','1',''),
('00508004','ETC记账卡欠费查询及处理','001','4','欠费金额','0','','TradeData.OWE_FE_AMT','1',''),
('00508004','ETC记账卡欠费查询及处理','001','5','扣费方式','0','','TradeData.DSTRN_FE_MANR','1',''),
('00508004','ETC记账卡欠费查询及处理','001','6','绑定账号','0','','TradeData.BIND_ACCT','1',''),
('00508005','ETC记账卡保证金补交','001','1','交易名称','0','','trade_Info.tranName','1',''),
('00508005','ETC记账卡保证金补交','001','2','ETC用户名称','0','','TradeData.ETC_USER_NM','1',''),
('00508005','ETC记账卡保证金补交','001','3','ETC卡号','0','','TradeData.ETC_CARD_NO','1',''),
('00508005','ETC记账卡保证金补交','001','4','绑定借记账户','0','','TradeData.BIND_DEBT_ACCT','1',''),
('00508005','ETC记账卡保证金补交','001','5','保证金金额','0','','TradeData.MARGN_AMT','1',''),
('00508005','ETC记账卡保证金补交','001','6','需补交金额','0','','TradeData.NEED_MND_AMT','1',''),
('00511004','校园脱机缴费','001','1','缴费编号','0','','TradeData.PAY_FEE_NO','1',''),
('00511004','校园脱机缴费','001','2','姓名','0','','TradeData.NAME','1',''),
('00511004','校园脱机缴费','001','3','缴费金额','0','','TradeData.PAY_FEE_AMT','1',''),
('00511004','校园脱机缴费','001','4','现转标志','0','','TradeData.CASH_TRAN_FLG','1',''),
('00511004','校园脱机缴费','001','5','转出户名','0','','TradeData.ACCTNM','1',''),
('00511004','校园脱机缴费','001','6','转出账号','0','','TradeData.ACCT_NO','1',''),
('00509012','绵阳存量房管资金入账','001','1','付款人账号','0','','TradeData.ACCT_NO','1',''),
('00509012','绵阳存量房管资金入账','001','2','付款人户名','0','','TradeData.ACCTNM','1',''),
('00509012','绵阳存量房管资金入账','001','3','缴费金额','0','','TradeData.PAY_FEE_AMT','1',''),
('00509012','绵阳存量房管资金入账','001','4','网签合同备案号','0','','TradeData.NETSIGN_CTRT_TOFILE_NO','1',''),
('00509012','绵阳存量房管资金入账','001','5','监管户名','0','','TradeData.REGULTRY_ACCTNM','1',''),
('00520005','建设网投标客户信息维护','001','1','基本账户账号','0','','TradeData.BASIC_ACCT_ACCT_NO','1',''),
('00520005','建设网投标客户信息维护','001','2','基本账户名称','0','','TradeData.BASIC_ACCT_ACCTNM','1',''),
('00520005','建设网投标客户信息维护','001','3','结算账户账号','0','','TradeData.STL_ACCT_ACCT_NO','1',''),
('00520005','建设网投标客户信息维护','001','4','结算账户名称','0','','TradeData.STL_ACCT_ACCTNM','1',''),
('00516002','电信查询缴费','001','1','电话号码','0','','TradeData.TEL','1',''),
('00516002','电信查询缴费','001','2','户名','0','','TradeData.CUST_NAME','1',''),
('00516002','电信查询缴费','001','3','缴费金额','0','','TradeData.PAY_FEE_AMT','1',''),
('00516002','电信查询缴费','001','4','现转标志','0','','TradeData.PAY_FEE_MANR','1',''),
('00516002','电信查询缴费','001','5','转出户名','0','','TradeData.PAY_ACCT_NM','1',''),
('00516002','电信查询缴费','001','6','转出账号','0','','TradeData.ACCT_NO','1',''),
('00522001','电力资金归集','001','1','收费员','0','','TradeData.COLTFE_MEM','1',''),
('00522001','电力资金归集','001','2','代收金额','0','','TradeData.INWD_COLL_AMT','1',''),
('00522001','电力资金归集','001','3','代收笔数','0','','TradeData.INWD_COLL_STKCNT','1',''),
('00522001','电力资金归集','001','4','现转标志','0','','TradeData.PAY_FEE_MANR','1',''),
('00522001','电力资金归集','001','5','转出户名','0','','TradeData.PAY_ACCT_NM','1',''),
('00522001','电力资金归集','001','6','转出账号','0','','TradeData.ACCT_NO','1',''),
('00301045_1','小额普通借记回执处理详细页面','001','1','交易名称','0','','tranName','1',''),
('00301045_1','小额普通借记回执处理详细页面','001','2','付款人账号','0','','TradeData.DRWE_ACCT_NO','1',''),
('00301045_1','小额普通借记回执处理详细页面','001','3','付款人户名','0','','TradeData.DRWE_ACCTNM','1',''),
('00301045_1','小额普通借记回执处理详细页面','001','4','收款人账号','0','','TradeData.RECVR_ACCT_NO','1',''),
('00301045_1','小额普通借记回执处理详细页面','001','5','收款人户名','0','','TradeData.RECVR_ACCTNM','1',''),
('00301045_1','小额普通借记回执处理详细页面','001','6','回执信息','0','','TradeData.DLWTH_MANR','1',''),
('00301045_1','小额普通借记回执处理详细页面','001','7','交易金额','0','','TradeData.AMT_LOWER','1',''),
('00301041','IC卡预圈存','001','1','交易名称','0','','tranName','1',''),
('00301041','IC卡预圈存','001','2','转出卡号','0','','TradeData.TSFOUT_CARD_NO','1',''),
('00301041','IC卡预圈存','001','3','转出户名','0','','TradeData.TSFOUT_CARD_ACCTNM','1',''),
('00301041','IC卡预圈存','001','4','预圈存卡号','0','','TradeData.PRE_CRLOAD_CARD_CARD_NO','1',''),
('00301041','IC卡预圈存','001','5','预圈存金额','0','','TradeData.PRE_CRLOAD_AMT','1',''),
('00301040','指定账户圈存','001','1','交易名称','0','','tranName','1',''),
('00301040','指定账户圈存','001','2','卡号','0','','TradeData.CARD_NO','1',''),
('00301040','指定账户圈存','001','3','户名','0','','TradeData.ACCTNM','1',''),
('00301040','指定账户圈存','001','4','圈存金额','0','','TradeData.ORG_NO','1',''),
('00301040','指定账户圈存','001','5','余额','0','','TradeData.BAL','1',''),
('00301043','电子现金卡片销户提取','001','1','交易名称','0','','tranName','1',''),
('00301043','电子现金卡片销户提取','001','2','卡号','0','','TradeData.CARD_NO','1',''),
('00301043','电子现金卡片销户提取','001','3','户名','0','','TradeData.ACCTNM','1',''),
('00301043','电子现金卡片销户提取','001','4','电子现金余额','0','','TradeData.ELEC_CASH_BAL','1',''),
('00301044','电子现金圈提','001','1','交易名称','0','','tranName','1',''),
('00301044','电子现金圈提','001','2','卡号','0','','TradeData.CARD_NO','1',''),
('00301044','电子现金圈提','001','3','户名','0','','TradeData.ACCTNM','1',''),
('00301044','电子现金圈提','001','4','圈提金额','0','','TradeData.UNLD_AMT','1',''),
('00301042','非指定账户圈存','001','1','交易名称','0','','tranName','1',''),
('00301042','非指定账户圈存','001','2','转出卡号','0','','TradeData.TSFOUT_CARD_NO','1',''),
('00301042','非指定账户圈存','001','3','转出户名','0','','TradeData.TSFOUT_CARD_ACCTNM','1',''),
('00301042','非指定账户圈存','001','4','圈存卡号','0','','TradeData.CRLOAD_CARD_CARD_NO','1',''),
('00301042','非指定账户圈存','001','5','圈存户名','0','','TradeData.CRLOAD_CARD_ACCTNM','1',''),
('00301042','非指定账户圈存','001','6','圈存金额','0','','TradeData.CRLOAD_AMT','1',''),
('00301042','非指定账户圈存','001','7','电子现金余额','0','','TradeData.ELEC_CASH_BAL','1',''),
('00301066','交行卡现金取款','001','1','交易名称','0','','tranName','1',''),
('00301066','交行卡现金取款','001','2','账号','0','','TradeData.MAGN_STRP_FLG','1',''),
('00301066','交行卡现金取款','001','3','交易金额','0','','TradeData.TX_AMT','1',''),
('00301065','交行卡现金存款','001','1','交易名称','0','','tranName','1',''),
('00301065','交行卡现金存款','001','2','账号','0','','TradeData.MAGN_STRP_FLG','1',''),
('00301065','交行卡现金存款','001','3','户名','0','','TradeData.ACCTNM','1',''),
('00301065','交行卡现金存款','001','4','交易金额','0','','TradeData.TX_AMT','1',''),
('00301023','民工汇取款','001','1','交易名称','0','','trade_Info.tranName','1',''),
('00301023','民工汇取款','001','2','账号','0','','TradeData.ACCT_NO','1',''),
('00301023','民工汇取款','001','3','交易金额','0','','TradeData.TX_AMT','1',''),
('00301030','行内实时转账（活期一本通转账取款）','001','1','交易名称','0','','trade_Info.tranName','1',''),
('00301030','行内实时转账（活期一本通转账取款）','001','2','付款人账号','0','','TradeData.ACCT_NO','1',''),
('00301030','行内实时转账（活期一本通转账取款）','001','3','付款人户名','0','','TradeData.ACCTNM','1',''),
('00301030','行内实时转账（活期一本通转账取款）','001','4','币种','0','','TradeData.CUR','1',''),
('00301030','行内实时转账（活期一本通转账取款）','001','5','收款人账号','0','','TradeData.RECVR_ACCT_NO','1',''),
('00301030','行内实时转账（活期一本通转账取款）','001','6','收款人户名','0','','TradeData.RECVR_ACCTNM','1',''),
('00301030','行内实时转账（活期一本通转账取款）','001','7','交易金额','0','','TradeData.TX_AMT','1',''),
('00301024','IC卡电子现金账户现金充值','001','1','交易名称','0','','trade_Info.tranName','1',''),
('00301024','IC卡电子现金账户现金充值','001','2','卡号','0','','TradeData.CARD_NO','1',''),
('00301024','IC卡电子现金账户现金充值','001','3','户名','0','','TradeData.ACCTNM','1',''),
('00301024','IC卡电子现金账户现金充值','001','4','充值金额','0','','TradeData.RCHG_AMT','1',''),
('00301028','活期一本通现金存款','001','1','交易名称','0','','trade_Info.tranName','1',''),
('00301028','活期一本通现金存款','001','2','账号','0','','TradeData.ACCT_NO','1',''),
('00301028','活期一本通现金存款','001','3','户名','0','','TradeData.ACCTNM','1',''),
('00301028','活期一本通现金存款','001','4','币种','0','','TradeData.CUR','1',''),
('00301028','活期一本通现金存款','001','5','交易金额','0','','TradeData.TX_AMT','1',''),
('00301029','活期一本通现金取款','001','1','交易名称','0','','trade_Info.tranName','1',''),
('00301029','活期一本通现金取款','001','2','账号','0','','TradeData.ACCT_NO','1',''),
('00301029','活期一本通现金取款','001','3','户名','0','','TradeData.ACCTNM','1',''),
('00301029','活期一本通现金取款','001','4','币种','0','','TradeData.CUR','1',''),
('00301029','活期一本通现金取款','001','5','交易金额','0','','TradeData.TX_AMT','1',''),
('00506002_1','税银社保代收参保查询及缴费','001','1','交易名称','0','','tranName','1',''),
('00506002_1','税银社保代收参保查询及缴费','001','2','参保人姓名','0','','TradeData.NAME','1',''),
('00506002_1','税银社保代收参保查询及缴费','001','3','参保人证件类型','0','','TradeData.CRTF_TYP','1',''),
('00506002_1','税银社保代收参保查询及缴费','001','4','参保人证件号码','0','','TradeData.CRTF_NBR','1',''),
('00506002_1','税银社保代收参保查询及缴费','001','5','缴费险种','0','','TradeData.INSURANCE_TYPE','1',''),
('00506002_1','税银社保代收参保查询及缴费','001','6','缴费金额','0','','TradeData.PAY_FEE_AMT','1',''),
('00506002_1','税银社保代收参保查询及缴费','001','7','缴费方式','0','','TradeData.DRAW_MANR','1',''),
('00506002_1','税银社保代收参保查询及缴费','001','8','转出户名','0','','TradeData.ACCTNM','1',''),
('00506002_1','税银社保代收参保查询及缴费','001','9','转出账号','0','','TradeData.ACCT_NO','1',''),
('00506005_1','税银社保代收个人委托扣款管理','001','1','交易名称','0','','tranName','1',''),
('00506005_1','税银社保代收个人委托扣款管理','001','2','操作类型','0','','TradeData.OPER_TY','1',''),
('00506005_1','税银社保代收个人委托扣款管理','001','3','参保人姓名','0','','TradeData.NAME','1',''),
('00506005_1','税银社保代收个人委托扣款管理','001','4','参保人证件类型','0','','TradeData.CERT_TYPE','1',''),
('00506005_1','税银社保代收个人委托扣款管理','001','5','参保人证件号码','0','','TradeData.CERT_NUM','1',''),
('00506005_1','税银社保代收个人委托扣款管理','001','6','缴费档次','0','','TradeData.PYBL_FE_FRHD_GRDE','1',''),
('00506005_1','税银社保代收个人委托扣款管理','001','7','签约账号','0','','TradeData.SIGN_ACCT_NO','1',''),
('00506005_1','税银社保代收个人委托扣款管理','001','8','户名','0','','TradeData.ACCTNM','1',''),
('00516001','移动代收查询缴费','001','1','交易名称','0','','tranName','1',''),
('00516001','移动代收查询缴费','001','2','电话号码','0','','TradeData.MOBILE_NBR','1',''),
('00516001','移动代收查询缴费','001','3','户名','0','','TradeData.INDV_NM','1',''),
('00516001','移动代收查询缴费','001','4','缴费金额','0','','TradeData.PAY_FEE_AMT','1',''),
('00516001','移动代收查询缴费','001','5','现转标志','0','','TradeData.MAGN_STRP_FLG','1',''),
('00516001','移动代收查询缴费','001','6','转出户名','0','','TradeData.PAY_ACCT_NO_NM','1',''),
('00516001','移动代收查询缴费','001','7','转出账号','0','','TradeData.ACCT_CARD_NO','1','');