
SET AUTOCOMMIT=0;
BEGIN;

  
-- IB_OM_RULE_INFO insert
INSERT INTO IB_OM_RULE_INFO (RULE_NO,RULE_TYP_CD,HOLI_FLG,RULE_TRI_POSITION,SUIT_CHNL_SCP,SUIT_LPR_SCP,SUIT_ORG_SCP,SUIT_TX_SCP,RULE_COMNT,EFFT_FLG,OPER_TELR_NO,OPER_DT,OPER_RSN) VALUES

("090000","CI","N","1","TE","9999","*,","999999","无规则说明","1","900001","2019-08-13","批量新增"),
("090001","CI","N","1","TE","9999","*,","00101002","无规则说明","1","900001","2019-08-13","批量新增"),
("090002","CI","N","1","TE","9999","*,","00103001","无规则说明","1","900001","2019-08-13","批量新增"),
("090003","CI","N","1","TE","9999","*,","00103003","无规则说明","1","900001","2019-08-13","批量新增"),
("090004","CI","N","1","TE","9999","*,","00103004","无规则说明","1","900001","2019-08-13","批量新增"),
("090005","CI","N","1","TE","9999","*,","00103002","无规则说明","1","900001","2019-08-13","批量新增"),
("090006","CI","N","1","TE","9999","*,","00103005","无规则说明","1","900001","2019-08-13","批量新增"),
("090007","CI","N","1","TE","9999","*,","00201014","客户信息","1","900001","2019-08-13","批量新增"),
("090008","CI","N","1","TE","9999","*,","00201014","经办人信息","1","900001","2019-08-13","批量新增"),
("090009","CI","N","1","TE","9999","*,","00201011","无规则说明","1","900001","2019-08-13","批量新增"),
("090010","CI","N","1","TE","9999","*,","00201011","无规则说明","1","900001","2019-08-13","批量新增"),
("090011","CI","N","1","TE","9999","*,","00201011","无规则说明","1","900001","2019-08-13","批量新增"),
("090012","CI","N","1","TE","9999","*,","00201012","无规则说明","1","900001","2019-08-13","批量新增"),
("090013","CI","N","1","TE","9999","*,","00201018","无规则说明","1","900001","2019-08-13","批量新增"),
("090014","CI","N","1","TE","9999","*,","00201014","无规则说明","1","900001","2019-08-13","批量新增"),
("090015","CI","N","1","TE","9999","*,","00201014","无规则说明","1","900001","2019-08-13","批量新增"),
("090016","CI","N","1","TE","9999","*,","00201022","无规则说明","1","900001","2019-08-13","批量新增"),
("090017","CI","N","1","TE","9999","*,","00201022","无规则说明","1","900001","2019-08-13","批量新增"),
("090018","CI","N","1","TE","9999","*,","00201009","无规则说明","1","900001","2019-08-13","批量新增"),
("090019","CI","N","1","TE","9999","*,","00201009","无规则说明","1","900001","2019-08-13","批量新增"),
("090020","CI","N","1","TE","9999","*,","00201009","无规则说明","1","900001","2019-08-13","批量新增"),
("090021","CI","N","1","TE","9999","*,","00504003","无规则说明","1","900001","2019-08-13","批量新增"),
("090022","CI","N","1","TE","9999","*,","00504009","无规则说明","1","900001","2019-08-13","批量新增"),
("090023","CI","N","1","TE","9999","*,","00502306","无规则说明","1","900001","2019-08-13","批量新增"),
("090024","CI","N","1","TE","9999","*,","00502008","无规则说明","1","900001","2019-08-13","批量新增"),
("090025","CI","N","1","TE","9999","*,","00701001","无规则说明","1","900001","2019-08-13","批量新增"),
("090026","CI","N","1","TE","9999","*,","00701002","无规则说明","1","900001","2019-08-13","批量新增"),
("090027","CI","N","1","TE","9999","*,","00701003","无规则说明","1","900001","2019-08-13","批量新增"),
("090028","CI","N","1","TE","9999","*,","00701004","无规则说明","1","900001","2019-08-13","批量新增"),
("090029","CI","N","1","TE","9999","*,","00701005","无规则说明","1","900001","2019-08-13","批量新增"),
("090030","CI","N","1","TE","9999","*,","00701007","无规则说明","1","900001","2019-08-13","批量新增"),
("090031","CI","N","1","TE","9999","*,","00701008","无规则说明","1","900001","2019-08-13","批量新增"),
("090032","CI","N","1","TE","9999","*,","00701009","无规则说明","1","900001","2019-08-13","批量新增"),
("090033","CI","N","1","TE","9999","*,","00702003","无规则说明","1","900001","2019-08-13","批量新增"),
("090034","CI","N","1","TE","9999","*,","00702004","无规则说明","1","900001","2019-08-13","批量新增"),
("090035","CI","N","1","TE","9999","*,","00704001","无规则说明","1","900001","2019-08-13","批量新增"),
("090036","CI","N","1","TE","9999","*,","00704002","无规则说明","1","900001","2019-08-13","批量新增"),
("090037","CI","N","1","TE","9999","*,","00704003","无规则说明","1","900001","2019-08-13","批量新增"),
("090038","CI","N","1","TE","9999","*,","00704004","无规则说明","1","900001","2019-08-13","批量新增"),
("090039","CI","N","1","TE","9999","*,","00704005","无规则说明","1","900001","2019-08-13","批量新增"),
("090040","CI","N","1","TE","9999","*,","00704013","无规则说明","1","900001","2019-08-13","批量新增"),
("090041","CI","N","1","TE","9999","*,","00704009","无规则说明","1","900001","2019-08-13","批量新增"),
("090042","CI","N","1","TE","9999","*,","00704010","无规则说明","1","900001","2019-08-13","批量新增"),
("090043","CI","N","1","TE","9999","*,","00704011","无规则说明","1","900001","2019-08-13","批量新增"),
("090044","CI","N","1","TE","9999","*,","00704012","无规则说明","1","900001","2019-08-13","批量新增"),
("090045","CI","N","1","TE","9999","*,","00704007","无规则说明","1","900001","2019-08-13","批量新增"),
("090046","CI","N","1","TE","9999","*,","00704008","无规则说明","1","900001","2019-08-13","批量新增"),
("090047","CI","N","1","TE","9999","*,","00703001","无规则说明","1","900001","2019-08-13","批量新增"),
("090048","CI","N","1","TE","9999","*,","00602003","无规则说明","1","900001","2019-08-13","批量新增"),
("090049","CI","N","1","TE","9999","*,","00503002","NC0003","1","900001","2019-08-13","批量新增"),
("090050","CI","N","1","TE","9999","*,","00503012_1","NC0002","1","900001","2019-08-13","批量新增"),
("090051","CI","N","1","TE","9999","*,","00401020","无规则说明","1","900001","2019-08-13","批量新增"),
("090052","CI","N","1","TE","9999","*,","00502202","NC0001","1","900001","2019-08-13","批量新增"),
("090053","CI","N","1","TE","9999","*,","00502202","无规则说明","1","900001","2019-08-13","批量新增"),
("090054","CI","N","1","TE","9999","*,","00502203","NC0001","1","900001","2019-08-13","批量新增"),
("090055","CI","N","1","TE","9999","*,","00502204","NC0001","1","900001","2019-08-13","批量新增"),
("090056","CI","N","1","TE","9999","*,","00502205","NC0001","1","900001","2019-08-13","批量新增"),
("090057","CI","N","1","TE","9999","*,","00502102","NC0001","1","900001","2019-08-13","批量新增"),
("090058","CI","N","1","TE","9999","*,","00502102","无规则说明","1","900001","2019-08-13","批量新增"),
("090059","CI","N","1","TE","9999","*,","00502104","NC0001","1","900001","2019-08-13","批量新增"),
("090060","CI","N","1","TE","9999","*,","00502104","无规则说明","1","900001","2019-08-13","批量新增"),
("090061","CI","N","1","TE","9999","*,","00501001","无规则说明","1","900001","2019-08-13","批量新增"),
("090062","CI","N","1","TE","9999","*,","00501002","无规则说明","1","900001","2019-08-13","批量新增"),
("090063","CI","N","1","TE","9999","*,","00501002","无规则说明","1","900001","2019-08-13","批量新增"),
("090064","CI","N","1","TE","9999","*,","00501002","无规则说明","1","900001","2019-08-13","批量新增"),
("090065","CI","N","1","TE","9999","*,","00502002","无规则说明","1","900001","2019-08-13","批量新增"),
("090066","CI","N","1","TE","9999","*,","00502004","无规则说明","1","900001","2019-08-13","批量新增"),
("090067","CI","N","1","TE","9999","*,","00502006","无规则说明","1","900001","2019-08-13","批量新增"),
("090068","CI","N","1","TE","9999","*,","00502010","无规则说明","1","900001","2019-08-13","批量新增"),
("090069","CI","N","1","TE","9999","*,","00502012","无规则说明","1","900001","2019-08-13","批量新增"),
("090070","CI","N","1","TE","9999","*,","00302017","IN0014","1","900001","2019-08-13","批量新增"),
("090071","CI","N","1","TE","9999","*,","00302017","IN0017","1","900001","2019-08-13","批量新增"),
("090072","CI","N","1","TE","9999","*,","00302017","IN0018","1","900001","2019-08-13","批量新增"),
("090073","CI","N","1","TE","9999","*,","00306003","IN0007","1","900001","2019-08-13","批量新增"),
("090074","CI","N","1","TE","9999","*,","00201013","IN0007","1","900001","2019-08-13","批量新增"),
("090075","CI","N","1","TE","9999","*,","00201021","IN0011","1","900001","2019-08-13","批量新增"),
("090076","CI","N","1","TE","9999","*,","00201021","IN0005","1","900001","2019-08-13","批量新增"),
("090077","CI","N","1","TE","9999","*,","00201021","IN0020","1","900001","2019-08-13","批量新增"),
("090078","CI","N","1","TE","9999","*,","00201021","IN0012","1","900001","2019-08-13","批量新增"),
("090079","CI","N","1","TE","9999","*,","00201021","IN0013","1","900001","2019-08-13","批量新增"),
("090080","CI","N","1","TE","9999","*,","00302022","IN0002","1","900001","2019-08-13","批量新增"),
("090081","CI","N","1","TE","9999","*,","00302022","IN0003","1","900001","2019-08-13","批量新增"),
("090082","CI","N","1","TE","9999","*,","00302002","IN0004","1","900001","2019-08-13","批量新增"),
("090083","CI","N","1","TE","9999","*,","00302004","IN0004","1","900001","2019-08-13","批量新增"),
("090084","CI","N","1","TE","9999","*,","00301005","IN0004","1","900001","2019-08-13","批量新增"),
("090085","CI","N","1","TE","9999","*,","00305006","IN0002","1","900001","2019-08-13","批量新增"),
("090086","CI","N","1","TE","9999","*,","00305006","IN0003","1","900001","2019-08-13","批量新增"),
("090087","CI","N","1","TE","9999","*,","00305006","IN0010","1","900001","2019-08-13","批量新增"),
("090088","CI","N","1","TE","9999","*,","00303006","IN0008","1","900001","2019-08-13","批量新增"),
("090089","CI","N","1","TE","9999","*,","00303007","IN0002","1","900001","2019-08-13","批量新增"),
("090090","CI","N","1","TE","9999","*,","00303007","IN0003","1","900001","2019-08-13","批量新增"),
("090091","CI","N","1","TE","9999","*,","00303007","IN0010","1","900001","2019-08-13","批量新增"),
("090092","CI","N","1","TE","9999","*,","00302008","IN0002","1","900001","2019-08-13","批量新增"),
("090093","CI","N","1","TE","9999","*,","00302008","IN0003","1","900001","2019-08-13","批量新增"),
("090094","CI","N","1","TE","9999","*,","00302008","IN0004","1","900001","2019-08-13","批量新增"),
("090095","CI","N","1","TE","9999","*,","00302008","IN0010","1","900001","2019-08-13","批量新增"),
("090096","CI","N","1","TE","9999","*,","00302009","IN0004","1","900001","2019-08-13","批量新增"),
("090097","CI","N","1","TE","9999","*,","00302010","IN0002","1","900001","2019-08-13","批量新增"),
("090098","CI","N","1","TE","9999","*,","00302010","IN0003","1","900001","2019-08-13","批量新增"),
("090099","CI","N","1","TE","9999","*,","00302010","IN0004","1","900001","2019-08-13","批量新增"),
("090100","CI","N","1","TE","9999","*,","00303005","IN0002","1","900001","2019-08-13","批量新增"),
("090101","CI","N","1","TE","9999","*,","00303005","IN0003","1","900001","2019-08-13","批量新增"),
("090102","CI","N","1","TE","9999","*,","00303005","IN0010","1","900001","2019-08-13","批量新增"),
("090103","CI","N","1","TE","9999","*,","00303005","IN0017","1","900001","2019-08-13","批量新增"),
("090104","CI","N","1","TE","9999","*,","00305013","IN0019","1","900001","2019-08-13","批量新增"),
("090105","CI","N","1","TE","9999","*,","00306004","IN0005","1","900001","2019-08-13","批量新增"),
("090106","CI","N","1","TE","9999","*,","00306004","IN0002","1","900001","2019-08-13","批量新增"),
("090107","CI","N","1","TE","9999","*,","00306004","IN0010","1","900001","2019-08-13","批量新增"),
("090108","CI","N","1","TE","9999","*,","00306005","IN0005","1","900001","2019-08-13","批量新增"),
("090109","CI","N","1","TE","9999","*,","00306005","IN0020","1","900001","2019-08-13","批量新增"),
("090110","CI","N","1","TE","9999","*,","00306006","IN0005","1","900001","2019-08-13","批量新增"),
("090111","CI","N","1","TE","9999","*,","00306006","IN0020","1","900001","2019-08-13","批量新增"),
("090112","CI","N","1","TE","9999","*,","00303004_1","IN0027","1","900001","2019-08-13","批量新增"),
("090113","CI","N","1","TE","9999","*,","00303004_2","IN0027","1","900001","2019-08-13","批量新增"),
("090114","CI","N","1","TE","9999","*,","00303004_1","IN0028","1","900001","2019-08-13","批量新增"),
("090115","CI","N","1","TE","9999","*,","00303004_2","IN0028","1","900001","2019-08-13","批量新增"),
("090116","CI","N","1","TE","9999","*,","00303002","IN0027","1","900001","2019-08-13","批量新增"),
("090117","CI","N","1","TE","9999","*,","00302014","IN0002","1","900001","2019-08-13","批量新增"),
("090118","CI","N","1","TE","9999","*,","00302014","IN0003","1","900001","2019-08-13","批量新增"),
("090119","CI","N","1","TE","9999","*,","00302014","IN0035","1","900001","2019-08-13","批量新增"),
("090120","CI","N","1","TE","9999","*,","00302016","IN0017","1","900001","2019-08-13","批量新增"),
("090121","CI","N","1","TE","9999","*,","00302016","IN0018","1","900001","2019-08-13","批量新增"),
("090122","CI","N","1","TE","9999","*,","00303003_2","IN0027","1","900001","2019-08-13","批量新增"),
("090123","CI","N","1","TE","9999","*,","00302006","IN0002","1","900001","2019-08-13","批量新增"),
("090124","CI","N","1","TE","9999","*,","00302006","IN0003","1","900001","2019-08-13","批量新增"),
("090125","CI","N","1","TE","9999","*,","00302006","IN0010","1","900001","2019-08-13","批量新增"),
("090126","CI","N","1","TE","9999","*,","00302019","IN0002","1","900001","2019-08-13","批量新增"),
("090127","CI","N","1","TE","9999","*,","00302019","IN0003","1","900001","2019-08-13","批量新增"),
("090128","CI","N","1","TE","9999","*,","00302019","IN0004","1","900001","2019-08-13","批量新增"),
("090129","CI","N","1","TE","9999","*,","00302019","IN0010","1","900001","2019-08-13","批量新增"),
("090130","CI","N","1","TE","9999","*,","00302019","IN0020","1","900001","2019-08-13","批量新增"),
("090131","CI","N","1","TE","9999","*,","00302007","IN0002","1","900001","2019-08-13","批量新增"),
("090132","CI","N","1","TE","9999","*,","00302007","IN0003","1","900001","2019-08-13","批量新增"),
("090133","CI","N","1","TE","9999","*,","00302021","IN0004","1","900001","2019-08-13","批量新增"),
("090134","CI","N","1","TE","9999","*,","00302011","IN0002","1","900001","2019-08-13","批量新增"),
("090135","CI","N","1","TE","9999","*,","00302011","IN0003","1","900001","2019-08-13","批量新增"),
("090136","CI","N","1","TE","9999","*,","00302011","IN0004","1","900001","2019-08-13","批量新增"),
("090137","CI","N","1","TE","9999","*,","00302011","IN0010","1","900001","2019-08-13","批量新增"),
("090138","CI","N","1","TE","9999","*,","00302018","IN0002","1","900001","2019-08-13","批量新增"),
("090139","CI","N","1","TE","9999","*,","00302018","IN0003","1","900001","2019-08-13","批量新增"),
("090140","CI","N","1","TE","9999","*,","00302018","IN0004","1","900001","2019-08-13","批量新增"),
("090141","CI","N","1","TE","9999","*,","00302018","IN0010","1","900001","2019-08-13","批量新增"),
("090142","CI","N","1","TE","9999","*,","00302018","IN0020","1","900001","2019-08-13","批量新增"),
("090143","CI","N","1","TE","9999","*,","00302005","IN0002","1","900001","2019-08-13","批量新增"),
("090144","CI","N","1","TE","9999","*,","00302005","IN0003","1","900001","2019-08-13","批量新增"),
("090145","CI","N","1","TE","9999","*,","00302005","IN0010","1","900001","2019-08-13","批量新增"),
("090146","CI","N","1","TE","9999","*,","00302005","IN0020","1","900001","2019-08-13","批量新增"),
("090147","CI","N","1","TE","9999","*,","00201015","无规则说明","1","900001","2019-08-13","批量新增"),
("090148","CI","N","1","TE","9999","*,","00201015","无规则说明","1","900001","2019-08-13","批量新增"),
("090149","CI","N","1","TE","9999","*,","00201015","无规则说明","1","900001","2019-08-13","批量新增"),
("090150","CI","N","1","TE","9999","*,","00201015","无规则说明","1","900001","2019-08-13","批量新增"),
("090151","CI","N","1","TE","9999","*,","00201015","无规则说明","1","900001","2019-08-13","批量新增"),
("090152","CI","N","1","TE","9999","*,","00201016","无规则说明","1","900001","2019-08-13","批量新增"),
("090153","CI","N","1","TE","9999","*,","00201016","无规则说明","1","900001","2019-08-13","批量新增"),
("090154","CI","N","1","TE","9999","*,","00201016","无规则说明","1","900001","2019-08-13","批量新增"),
("090155","CI","N","1","TE","9999","*,","00201016","无规则说明","1","900001","2019-08-13","批量新增"),
("090156","CI","N","1","TE","9999","*,","00201016","无规则说明","1","900001","2019-08-13","批量新增"),
("090157","CI","N","1","TE","9999","*,","00201016","无规则说明","1","900001","2019-08-13","批量新增"),
("090158","CI","N","1","TE","9999","*,","00101007","无规则说明","1","900001","2019-08-13","批量新增"),
("090159","CI","N","1","TE","9999","*,","00101007","无规则说明","1","900001","2019-08-13","批量新增"),
("090160","CI","N","1","TE","9999","*,","00101007","无规则说明","1","900001","2019-08-13","批量新增"),
("090161","CI","N","1","TE","9999","*,","00101007","无规则说明","1","900001","2019-08-13","批量新增"),
("090162","CI","N","1","TE","9999","*,","00201005","无规则说明","1","900001","2019-08-13","批量新增"),
("090163","CI","N","1","TE","9999","*,","00201005","无规则说明","1","900001","2019-08-13","批量新增"),
("090164","CI","N","1","TE","9999","*,","00201005","无规则说明","1","900001","2019-08-13","批量新增"),
("090165","CI","N","1","TE","9999","*,","00201005","无规则说明","1","900001","2019-08-13","批量新增"),
("090166","CI","N","1","TE","9999","*,","00201005","无规则说明","1","900001","2019-08-13","批量新增"),
("090167","CI","N","1","TE","9999","*,","00201002","IN0020","1","900001","2019-08-13","批量新增"),
("090168","CI","N","1","TE","9999","*,","00201002","IN0005","1","900001","2019-08-13","批量新增"),
("090169","CI","N","1","TE","9999","*,","00301012","IN0001","1","900001","2019-08-13","批量新增"),
("090170","CI","N","1","TE","9999","*,","00301012","IN0004","1","900001","2019-08-13","批量新增"),
("090171","CI","N","1","TE","9999","*,","00301012","IN0008","1","900001","2019-08-13","批量新增"),
("090172","CI","N","1","TE","9999","*,","00301004","IN0001","1","900001","2019-08-13","批量新增"),
("090173","CI","N","1","TE","9999","*,","00301004","IN0008","1","900001","2019-08-13","批量新增"),
("090174","CI","N","1","TE","9999","*,","00301011","IN0001","1","900001","2019-08-13","批量新增"),
("090175","CI","N","1","TE","9999","*,","00301011","IN0004","1","900001","2019-08-13","批量新增"),
("090176","CI","N","1","TE","9999","*,","00301010","IN0001","1","900001","2019-08-13","批量新增"),
("090177","CI","N","1","TE","9999","*,","00301010","IN0008","1","900001","2019-08-13","批量新增"),
("090178","CI","N","1","TE","9999","*,","00301003","IN0001","1","900001","2019-08-13","批量新增"),
("090179","CI","N","1","TE","9999","*,","00301003","IN0008","1","900001","2019-08-13","批量新增"),
("090180","CI","N","1","TE","9999","*,","00301009","IN0004","1","900001","2019-08-13","批量新增"),
("090181","CI","N","1","TE","9999","*,","00301013","IN0001","1","900001","2019-08-13","批量新增"),
("090182","CI","N","1","TE","9999","*,","00301013","IN0004","1","900001","2019-08-13","批量新增"),
("090183","CI","N","1","TE","9999","*,","00301013","IN0008","1","900001","2019-08-13","批量新增"),
("090184","CI","N","1","TE","9999","*,","00301006","IN0002","1","900001","2019-08-13","批量新增"),
("090185","CI","N","1","TE","9999","*,","00301006","IN0003","1","900001","2019-08-13","批量新增"),
("090186","CI","N","1","TE","9999","*,","00301007","IN0002","1","900001","2019-08-13","批量新增"),
("090187","CI","N","1","TE","9999","*,","00301007","IN0004","1","900001","2019-08-13","批量新增"),
("090188","CI","N","1","TE","9999","*,","00301007","IN0010","1","900001","2019-08-13","批量新增"),
("090189","CI","N","1","TE","9999","*,","00301014","IN0002","1","900001","2019-08-13","批量新增"),
("090190","CI","N","1","TE","9999","*,","00301014","IN0003","1","900001","2019-08-13","批量新增"),
("090191","CI","N","1","TE","9999","*,","00301014","IN0010","1","900001","2019-08-13","批量新增"),
("090192","CI","N","1","TE","9999","*,","00301014","IN0020","1","900001","2019-08-13","批量新增"),
("090193","CI","N","1","TE","9999","*,","00302013","IN0002","1","900001","2019-08-13","批量新增"),
("090194","CI","N","1","TE","9999","*,","00302013","IN0003","1","900001","2019-08-13","批量新增"),
("090195","CI","N","1","TE","9999","*,","00302013","IN0010","1","900001","2019-08-13","批量新增"),
("090196","CI","N","1","TE","9999","*,","00302013","IN0020","1","900001","2019-08-13","批量新增"),
("090197","CI","N","1","TE","9999","*,","00301018","IN0004","1","900001","2019-08-13","批量新增"),
("090198","CI","N","1","TE","9999","*,","00301017","IN0002","1","900001","2019-08-13","批量新增"),
("090199","CI","N","1","TE","9999","*,","00301017","IN0003","1","900001","2019-08-13","批量新增"),
("090200","CI","N","1","TE","9999","*,","00301016","IN0002","1","900001","2019-08-13","批量新增"),
("090201","CI","N","1","TE","9999","*,","00301016","IN0003","1","900001","2019-08-13","批量新增"),
("090202","CI","N","1","TE","9999","*,","00302003","IN0002","1","900001","2019-08-13","批量新增"),
("090203","CI","N","1","TE","9999","*,","00302003","IN0003","1","900001","2019-08-13","批量新增"),
("090204","CI","N","1","TE","9999","*,","00301002","IN0004","1","900001","2019-08-13","批量新增"),
("090205","CI","N","1","TE","9999","*,","00302020","IN0002","1","900001","2019-08-13","批量新增"),
("090206","CI","N","1","TE","9999","*,","00302020","IN0003","1","900001","2019-08-13","批量新增"),
("090207","CI","N","1","TE","9999","*,","00302020","IN0010","1","900001","2019-08-13","批量新增"),
("090208","CI","N","1","TE","9999","*,","00302020","IN0020","1","900001","2019-08-13","批量新增"),
("090209","CI","N","1","TE","9999","*,","00301015","IN0002","1","900001","2019-08-13","批量新增"),
("090210","CI","N","1","TE","9999","*,","00301015","IN0003","1","900001","2019-08-13","批量新增"),
("090211","CI","N","1","TE","9999","*,","00301015","IN0004","1","900001","2019-08-13","批量新增"),
("090212","CI","N","1","TE","9999","*,","00502301","IN0004","1","900001","2019-08-13","批量新增"),
("090213","CI","N","1","TE","9999","*,","00502302","无规则说明","1","900001","2019-08-13","批量新增"),
("090214","CI","N","1","TE","9999","*,","00502303","无规则说明","1","900001","2019-08-13","批量新增"),
("090215","CI","N","1","TE","9999","*,","00502304","无规则说明","1","900001","2019-08-13","批量新增"),
("090216","CI","N","1","TE","9999","*,","00502305","无规则说明","1","900001","2019-08-13","批量新增"),
("090217","CI","N","1","TE","9999","*,","00502307","NC0002","1","900001","2019-08-13","批量新增"),
("090218","CI","N","1","TE","9999","*,","00502308","无规则说明","1","900001","2019-08-13","批量新增"),
("090219","CI","N","1","TE","9999","*,","00502314_2","NC0001","1","900001","2019-08-13","批量新增"),
("090220","CI","N","1","TE","9999","*,","00502314_3","NC0002","1","900001","2019-08-13","批量新增");
-- IB_OM_RULECOND_INFO insert
INSERT INTO IB_OM_RULECOND_INFO (OPRTN_COND_NO,DICTRY_NM,OPER_SYM_1,CMPR_VAL,OPER_SYM_2,VALUE2,TRAN_CD,COND_DESCR,OPER_TELR_NO,OPER_DT,OPER_RSN,CMPR_VAL_DATA_DICTRY_FLG,PUB_DICTRY_FLG,DICTRY_DESCR) VALUES

("CI90008","pubPrivFlgCd","==","1","","","00201014","公私标志","900001","2019-08-13","批量新增","1","0","公私标志"),
("CI90009","operaFlg","==","1","","","00201011","操作标志","900001","2019-08-13","批量新增","1","0","操作标志"),
("CI90010","operaFlg","==","2","","","00201011","操作标志","900001","2019-08-13","批量新增","1","0","操作标志"),
("CI90011","operaFlg","==","3","","","00201011","操作标志","900001","2019-08-13","批量新增","1","0","操作标志"),
("CI90014","pubPrivFlgCd","==","1","","","00201014","公私标志","900001","2019-08-13","批量新增","1","0","公私标志"),
("CI90016","CUST_TYP","==","1","","","00201022","客户类型","900001","2019-08-13","批量新增","1","0","客户类型"),
("CI90017","CUST_TYP","==","0","","","00201022","客户类型","900001","2019-08-13","批量新增","1","0","客户类型"),
("CI90018","pageOperFlgCd","==","1","","","00201009","操作标志","900001","2019-08-13","批量新增","1","0","操作标志"),
("CI90019","pageOperFlgCd","==","2","","","00201009","操作标志","900001","2019-08-13","批量新增","1","0","操作标志"),
("CI90020","pageOperFlgCd","==","3","","","00201009","操作标志","900001","2019-08-13","批量新增","1","0","操作标志"),
("CI90023","totlAmt",">=","50000","","","00502306","交易金额","900001","2019-08-13","批量新增","1","0","交易金额"),
("CI90023","custType","==","0","","","00502306","客户类型","900001","2019-08-13","批量新增","1","0","客户类型"),
("CI90023","acctDrawManrCd","in","00100000,01100000,10100000,11100000","","","00502306","支取方式","900001","2019-08-13","批量新增","1","0","支取方式"),
("CI90024","custType","==","0","","","00502008","客户类型","900001","2019-08-13","批量新增","1","0","客户类型"),
("CI90049","custType","==","0","","","00503002","客户类型","900001","2019-08-13","批量新增","1","0","客户类型"),
("CI90050","custType","==","0","","","00503012_1","客户类型","900001","2019-08-13","批量新增","1","0","客户类型"),
("CI90051","CRTF_TYP_CD","==","0","","","00401020","经办人证件类型","900001","2019-08-13","批量新增","1","0","经办人证件类型"),
("CI90052","totlAmt",">=","50000","","","00502202","交易金额","900001","2019-08-13","批量新增","1","0","交易金额"),
("CI90053","CUST_TYP_CD","==","0","","","00502202","客户类型","900001","2019-08-13","批量新增","1","0","客户类型"),
("CI90054","aprptAmt",">=","50000","","","00502203","交易金额","900001","2019-08-13","批量新增","1","0","交易金额"),
("CI90055","openAcctAmt",">=","50000","","","00502204","交易金额","900001","2019-08-13","批量新增","1","0","交易金额"),
("CI90056","bal",">=","50000","","","00502205","交易金额","900001","2019-08-13","批量新增","1","0","交易金额"),
("CI90057","totlAmt",">=","50000","","","00502102","交易金额","900001","2019-08-13","批量新增","1","0","交易金额"),
("CI90058","CUST_TYP_CD","==","0","","","00502102","客户类型","900001","2019-08-13","批量新增","1","0","客户类型"),
("CI90059","wthmnyTotlAmt",">=","50000","","","00502104","交易金额","900001","2019-08-13","批量新增","1","0","交易金额"),
("CI90060","CUST_TYP_CD","==","0","","","00502104","客户类型","900001","2019-08-13","批量新增","1","0","客户类型"),
("CI90061","custType","==","0","","","00501001","客户类型","900001","2019-08-13","批量新增","1","0","客户类型"),
("CI90062","custType","==","0","","","00501002","客户类型","900001","2019-08-13","批量新增","1","0","客户类型"),
("CI90063","custType","==","0","","","00501002","客户类型","900001","2019-08-13","批量新增","1","0","客户类型"),
("CI90064","custType","==","0","","","00501002","客户类型","900001","2019-08-13","批量新增","1","0","客户类型"),
("CI90065","custType","==","0","","","00502002","客户类型","900001","2019-08-13","批量新增","1","0","客户类型"),
("CI90066","custType","==","0","","","00502004","客户类型","900001","2019-08-13","批量新增","1","0","客户类型"),
("CI90067","custType","==","0","","","00502006","客户类型","900001","2019-08-13","批量新增","1","0","客户类型"),
("CI90068","custType","==","0","","","00502010","客户类型","900001","2019-08-13","批量新增","1","0","客户类型"),
("CI90069","custType","==","0","","","00502012","客户类型","900001","2019-08-13","批量新增","1","0","客户类型"),
("CI90070","amtSource","==","5","","","00302017","资金来源","900001","2019-08-13","批量新增","1","0","资金来源"),
("CI90071","Payr_Acct_Typ","!=","0","","","00302017","客户类型","900001","2019-08-13","批量新增","1","0","客户类型"),
("CI90071","amtSource","==","1","","","00302017","资金来源","900001","2019-08-13","批量新增","1","0","资金来源"),
("CI90071","remitAmount",">=","50000","","","00302017","交易金额","900001","2019-08-13","批量新增","1","0","交易金额"),
("CI90071","isAgency","==","0","","","00302017","是否代理","900001","2019-08-13","批量新增","1","0","是否代理"),
("CI90072","Payr_Acct_Typ","!=","0","","","00302017","客户类型","900001","2019-08-13","批量新增","1","0","客户类型"),
("CI90072","amtSource","!=","1","","","00302017","资金来源","900001","2019-08-13","批量新增","1","0","资金来源"),
("CI90072","remitAmount",">=","50000","","","00302017","资金来源","900001","2019-08-13","批量新增","1","0","资金来源"),
("CI90075","JOINT_MGMT_ACCT_FLG","==","1","","","00201021","共管账户标志","900001","2019-08-13","批量新增","1","0","共管账户标志"),
("CI90075","sameName","==","1","","","00201021","联名人等于户名","900001","2019-08-13","批量新增","1","0","联名人等于户名"),
("CI90076","CUST_TYP","!=","0","","","00201021","客户类型","900001","2019-08-13","批量新增","1","0","客户类型"),
("CI90077","CUST_TYP","==","0","","","00201021","客户类型","900001","2019-08-13","批量新增","1","0","客户类型"),
("CI90078","JOINT_MGMT_ACCT_FLG","==","1","","","00201021","共管账户标志","900001","2019-08-13","批量新增","1","0","共管账户标志"),
("CI90078","sameName","!=","1","","","00201021","联名人等于户名","900001","2019-08-13","批量新增","1","0","联名人等于户名"),
("CI90079","JOINT_MGMT_ACCT_FLG","==","0","","","00201021","共管账户标志","900001","2019-08-13","批量新增","1","0","共管账户标志"),
("CI90080","agencyFlag","==","1","","","00302022","是否代理","900001","2019-08-13","批量新增","1","0","是否代理"),
("CI90081","agencyFlag","==","0","","","00302022","是否代理","900001","2019-08-13","批量新增","1","0","是否代理"),
("CI90081","partAmt",">=","50000","","","00302022","交易金额","900001","2019-08-13","批量新增","1","0","交易金额"),
("CI90081","csttype","==","0","","","00302022","客户类型","900001","2019-08-13","批量新增","1","0","客户类型"),
("CI90082","csttype","in","1,2","","","00302002","客户类型","900001","2019-08-13","批量新增","1","0","客户类型"),
("CI90082","txAmt",">=","50000","","","00302002","交易金额","900001","2019-08-13","批量新增","1","0","交易金额"),
("CI90083","custType","in","1,2","","","00302004","客户类型","900001","2019-08-13","批量新增","1","0","客户类型"),
("CI90083","txAmt",">=","50000","","","00302004","交易金额","900001","2019-08-13","批量新增","1","0","交易金额"),
("CI90084","custType","in","1,2","","","00301005","客户类型","900001","2019-08-13","批量新增","1","0","客户类型"),
("CI90084","txAmt",">=","50000","","","00301005","交易金额","900001","2019-08-13","批量新增","1","0","交易金额"),
("CI90085","isAgency","==","1","","","00305006","是否代理","900001","2019-08-13","批量新增","1","0","是否代理"),
("CI90086","isAgency","==","0","","","00305006","是否代理","900001","2019-08-13","批量新增","1","0","是否代理"),
("CI90086","transAm",">=","50000","","","00305006","交易金额","900001","2019-08-13","批量新增","1","0","交易金额"),
("CI90086","custType","==","0","","","00305006","客户类型","900001","2019-08-13","批量新增","1","0","客户类型"),
("CI90087","paymentMth","in","00100000,01100000,10100000,11100000","","","00305006","支取方式","900001","2019-08-13","批量新增","1","0","支取方式"),
("CI90087","custType","==","0","","","00305006","客户类型","900001","2019-08-13","批量新增","1","0","客户类型"),
("CI90088","custType","==","0","","","00303006","客户类型","900001","2019-08-13","批量新增","1","0","客户类型"),
("CI90088","transAm",">=","50000","","","00303006","交易金额","900001","2019-08-13","批量新增","1","0","交易金额"),
("CI90089","isAgency","==","1","","","00303007","是否代理","900001","2019-08-13","批量新增","1","0","是否代理"),
("CI90090","isAgency","==","0","","","00303007","是否代理","900001","2019-08-13","批量新增","1","0","是否代理"),
("CI90090","allAmt",">=","50000","","","00303007","交易总金额","900001","2019-08-13","批量新增","1","0","交易总金额"),
("CI90090","custType","==","0","","","00303007","客户类型","900001","2019-08-13","批量新增","1","0","客户类型"),
("CI90091","paymentMth","in","00100000,01100000,10100000,11100000","","","00303007","支取方式","900001","2019-08-13","批量新增","1","0","支取方式"),
("CI90091","custType","==","0","","","00303007","客户类型","900001","2019-08-13","批量新增","1","0","客户类型"),
("CI90092","where","==","1","","","00302008","是否代理","900001","2019-08-13","批量新增","1","0","是否代理"),
("CI90093","where","==","0","","","00302008","是否代理","900001","2019-08-13","批量新增","1","0","是否代理"),
("CI90093","txAmt",">=","50000","","","00302008","交易金额","900001","2019-08-13","批量新增","1","0","交易金额"),
("CI90093","csttype","==","","","","00302008","客户类型","900001","2019-08-13","批量新增","1","0","客户类型"),
("CI90094","csttype","in","1,2","","","00302008","客户类型","900001","2019-08-13","批量新增","1","0","客户类型"),
("CI90094","txAmt",">=","50000","","","00302008","交易金额","900001","2019-08-13","批量新增","1","0","交易金额"),
("CI90095","mode","in","00100000,01100000,10100000,11100000","","","00302008","支取方式","900001","2019-08-13","批量新增","1","0","支取方式"),
("CI90095","csttype","==","","","","00302008","客户类型","900001","2019-08-13","批量新增","1","0","客户类型"),
("CI90096","csttype","in","1,2","","","00302009","客户类型","900001","2019-08-13","批量新增","1","0","客户类型"),
("CI90096","txAmt",">=","50000","","","00302009","交易金额","900001","2019-08-13","批量新增","1","0","交易金额"),
("CI90097","where1","==","1","","","00302010","是否代理","900001","2019-08-13","批量新增","1","0","是否代理"),
("CI90098","where1","==","0","","","00302010","是否代理","900001","2019-08-13","批量新增","1","0","是否代理"),
("CI90098","txAmt",">=","50000","","","00302010","交易金额","900001","2019-08-13","批量新增","1","0","交易金额"),
("CI90098","csttype","==","","","","00302010","客户类型","900001","2019-08-13","批量新增","1","0","客户类型"),
("CI90099","csttype","in","1,2","","","00302010","客户类型","900001","2019-08-13","批量新增","1","0","客户类型"),
("CI90099","txAmt",">=","50000","","","00302010","交易金额","900001","2019-08-13","批量新增","1","0","交易金额"),
("CI90100","AGEN_FLG","==","1","","","00303005","是否代理","900001","2019-08-13","批量新增","1","0","是否代理"),
("CI90101","AGEN_FLG","==","0","","","00303005","是否代理","900001","2019-08-13","批量新增","1","0","是否代理"),
("CI90101","tran_amt",">=","50000","","","00303005","交易金额","900001","2019-08-13","批量新增","1","0","交易金额"),
("CI90101","custTypCd","==","0","","","00303005","客户类型","900001","2019-08-13","批量新增","1","0","客户类型"),
("CI90102","paymentMth","in","00100000,01100000,10100000,11100000","","","00303005","支取方式","900001","2019-08-13","批量新增","1","0","支取方式"),
("CI90103","custTypCd","==","1","","","00303005","客户类型","900001","2019-08-13","批量新增","1","0","客户类型"),
("CI90103","Cap_Src","==","1","","","00303005","资金来源","900001","2019-08-13","批量新增","1","0","资金来源"),
("CI90103","tran_amt",">=","50000","","","00303005","交易金额","900001","2019-08-13","批量新增","1","0","交易金额"),
("CI90103","AGEN_FLG","==","0","","","00303005","是否代理","900001","2019-08-13","批量新增","1","0","是否代理"),
("CI90104","dtlSumAmt",">=","50000","","","00305013","交易金额","900001","2019-08-13","批量新增","1","0","交易金额"),
("CI90104","fundSourceCd","in","2,3","","","00305013","内部账","900001","2019-08-13","批量新增","1","0","内部账"),
("CI90105","cstmType","in","1,2","","","00306004","客户类型","900001","2019-08-13","批量新增","1","0","客户类型"),
("CI90106","isAgency","==","1","","","00306004","是否代理","900001","2019-08-13","批量新增","1","0","是否代理"),
("CI90107","paymentMth","in","00100000,01100000,10100000,11100000","","","00306004","支取方式","900001","2019-08-13","批量新增","1","0","支取方式"),
("CI90107","cstmType","==","0","","","00306004","客户类型","900001","2019-08-13","批量新增","1","0","客户类型"),
("CI90108","CUST_TYP","==","1","","","00306005","客户类型","900001","2019-08-13","批量新增","1","0","客户类型"),
("CI90109","CUST_TYP","==","0","","","00306005","客户类型","900001","2019-08-13","批量新增","1","0","客户类型"),
("CI90110","custTypCdOut","in","1,2","","","00306006","客户类型","900001","2019-08-13","批量新增","1","0","客户类型"),
("CI90111","custTypCdOut","==","0","","","00306006","客户类型","900001","2019-08-13","批量新增","1","0","客户类型"),
("CI90112","paymtDlwthManrCd","==","4","","","00303004_1","处理方式","900001","2019-08-13","批量新增","1","0","处理方式"),
("CI90113","paymtDlwthManrCd","==","4","","","00303004_2","处理方式","900001","2019-08-13","批量新增","1","0","处理方式"),
("CI90114","paymtDlwthManrCd","==","4","","","00303004_1","处理方式","900001","2019-08-13","批量新增","1","0","处理方式"),
("CI90114","amount",">=","50000","","","00303004_1","交易金额","900001","2019-08-13","批量新增","1","0","交易金额"),
("CI90115","paymtDlwthManrCd","==","4","","","00303004_2","处理方式","900001","2019-08-13","批量新增","1","0","处理方式"),
("CI90115","amount",">=","50000","","","00303004_2","交易金额","900001","2019-08-13","批量新增","1","0","交易金额"),
("CI90116","x_DE_WA","==","4","","","00303002","处理方式","900001","2019-08-13","批量新增","1","0","处理方式"),
("CI90117","proxy","==","1","","","00302014","是否代理","900001","2019-08-13","批量新增","1","0","是否代理"),
("CI90118","proxy","==","0","","","00302014","是否代理","900001","2019-08-13","批量新增","1","0","是否代理"),
("CI90118","TX_Amt",">=","50000","","","00302014","交易金额","900001","2019-08-13","批量新增","1","0","交易金额"),
("CI90118","custType","==","0","","","00302014","客户类型","900001","2019-08-13","批量新增","1","0","客户类型"),
("CI90119","Cash_Tran_Ind","==","0","","","00302014","现转标志","900001","2019-08-13","批量新增","1","0","现转标志"),
("CI90119","TX_Amt",">=","10000","","","00302014","交易金额","900001","2019-08-13","批量新增","1","0","交易金额"),
("CI90120","Cap_Src","==","1","","","00302016","资金来源","900001","2019-08-13","批量新增","1","0","资金来源"),
("CI90120","isAgency","==","0","","","00302016","是否代理","900001","2019-08-13","批量新增","1","0","是否代理"),
("CI90120","TX_Amt",">=","50000","","","00302016","交易金额","900001","2019-08-13","批量新增","1","0","交易金额"),
("CI90120","custtypcd","!=","0","","","00302016","客户类型","900001","2019-08-13","批量新增","1","0","客户类型"),
("CI90121","custtypcd","!=","0","","","00302016","客户类型","900001","2019-08-13","批量新增","1","0","客户类型"),
("CI90121","Cap_Src","!=","1","","","00302016","资金来源","900001","2019-08-13","批量新增","1","0","资金来源"),
("CI90121","TX_Amt",">=","50000","","","00302016","交易金额","900001","2019-08-13","批量新增","1","0","交易金额"),
("CI90122","handType","==","04","","","00303003_2","处理方式","900001","2019-08-13","批量新增","1","0","处理方式"),
("CI90123","where","==","1","","","00302006","是否代理","900001","2019-08-13","批量新增","1","0","是否代理"),
("CI90124","where","==","0","","","00302006","是否代理","900001","2019-08-13","批量新增","1","0","是否代理"),
("CI90124","txAmt",">=","50000","","","00302006","交易金额","900001","2019-08-13","批量新增","1","0","交易金额"),
("CI90124","csttype","==","0","","","00302006","客户类型","900001","2019-08-13","批量新增","1","0","客户类型"),
("CI90125","mode","in","00100000,01100000,10100000,11100000","","","00302006","支取方式","900001","2019-08-13","批量新增","1","0","支取方式"),
("CI90125","csttype","==","0","","","00302006","客户类型","900001","2019-08-13","批量新增","1","0","客户类型"),
("CI90126","proxy","==","1","","","00302019","是否代理","900001","2019-08-13","批量新增","1","0","是否代理"),
("CI90127","proxy","==","0","","","00302019","是否代理","900001","2019-08-13","批量新增","1","0","是否代理"),
("CI90127","txAmt",">=","50000","","","00302019","交易金额","900001","2019-08-13","批量新增","1","0","交易金额"),
("CI90127","cust_type","==","0","","","00302019","客户类型","900001","2019-08-13","批量新增","1","0","客户类型"),
("CI90128","cust_type","in","1,2","","","00302019","客户类型","900001","2019-08-13","批量新增","1","0","客户类型"),
("CI90128","txAmt",">=","50000","","","00302019","交易金额","900001","2019-08-13","批量新增","1","0","交易金额"),
("CI90129","mode","in","00100000,01100000,10100000,11100000","","","00302019","支取方式","900001","2019-08-13","批量新增","1","0","支取方式"),
("CI90129","cust_type","==","0","","","00302019","客户类型","900001","2019-08-13","批量新增","1","0","客户类型"),
("CI90130","cust_type","==","0","","","00302019","客户类型","900001","2019-08-13","批量新增","1","0","客户类型"),
("CI90131","proxy","==","1","","","00302007","是否代理","900001","2019-08-13","批量新增","1","0","是否代理"),
("CI90132","proxy","==","0","","","00302007","是否代理","900001","2019-08-13","批量新增","1","0","是否代理"),
("CI90132","txAmt",">=","50000","","","00302007","交易金额","900001","2019-08-13","批量新增","1","0","交易金额"),
("CI90132","cust_type","==","0","","","00302007","客户类型","900001","2019-08-13","批量新增","1","0","客户类型"),
("CI90133","csttype","in","1,2","","","00302021","客户类型","900001","2019-08-13","批量新增","1","0","客户类型"),
("CI90133","partAmt",">=","50000","","","00302021","交易金额","900001","2019-08-13","批量新增","1","0","交易金额"),
("CI90134","proxy","==","1","","","00302011","是否代理","900001","2019-08-13","批量新增","1","0","是否代理"),
("CI90135","proxy","==","0","","","00302011","是否代理","900001","2019-08-13","批量新增","1","0","是否代理"),
("CI90135","txAmt",">=","50000","","","00302011","交易金额","900001","2019-08-13","批量新增","1","0","交易金额"),
("CI90135","custTypeCd","==","0","","","00302011","客户类型","900001","2019-08-13","批量新增","1","0","客户类型"),
("CI90136","custTypeCd","in","1,2","","","00302011","客户类型","900001","2019-08-13","批量新增","1","0","客户类型"),
("CI90136","txAmt",">=","50000","","","00302011","交易金额","900001","2019-08-13","批量新增","1","0","交易金额"),
("CI90137","drawType","in","00100000,01100000,10100000,11100000","","","00302011","支取方式","900001","2019-08-13","批量新增","1","0","支取方式"),
("CI90137","custTypeCd","==","0","","","00302011","客户类型","900001","2019-08-13","批量新增","1","0","客户类型"),
("CI90138","proxy","==","1","","","00302018","是否代理","900001","2019-08-13","批量新增","1","0","是否代理"),
("CI90139","proxy","==","0","","","00302018","是否代理","900001","2019-08-13","批量新增","1","0","是否代理"),
("CI90139","txAmt",">=","50000","","","00302018","交易金额","900001","2019-08-13","批量新增","1","0","交易金额"),
("CI90139","cust_type","==","0","","","00302018","客户类型","900001","2019-08-13","批量新增","1","0","客户类型"),
("CI90140","cust_type","in","1,2","","","00302018","客户类型","900001","2019-08-13","批量新增","1","0","客户类型"),
("CI90140","txAmt",">=","50000","","","00302018","交易金额","900001","2019-08-13","批量新增","1","0","交易金额"),
("CI90141","mode","in","00100000,01100000,10100000,11100000","","","00302018","支取方式","900001","2019-08-13","批量新增","1","0","支取方式"),
("CI90141","cust_type","==","0","","","00302018","客户类型","900001","2019-08-13","批量新增","1","0","客户类型"),
("CI90142","cust_type","==","0","","","00302018","客户类型","900001","2019-08-13","批量新增","1","0","客户类型"),
("CI90143","proxy","==","1","","","00302005","是否代理","900001","2019-08-13","批量新增","1","0","是否代理"),
("CI90144","proxy","==","0","","","00302005","是否代理","900001","2019-08-13","批量新增","1","0","是否代理"),
("CI90144","txAmt",">=","50000","","","00302005","交易金额","900001","2019-08-13","批量新增","1","0","交易金额"),
("CI90144","cust_type","==","0","","","00302005","客户类型","900001","2019-08-13","批量新增","1","0","客户类型"),
("CI90145","mode","in","00100000,01100000,10100000,11100000","","","00302005","支取方式","900001","2019-08-13","批量新增","1","0","支取方式"),
("CI90145","cust_type","==","0","","","00302005","客户类型","900001","2019-08-13","批量新增","1","0","客户类型"),
("CI90146","cust_type","==","0","","","00302005","客户类型","900001","2019-08-13","批量新增","1","0","客户类型"),
("CI90147","customerType","==","1","","","00201015","客户类型","900001","2019-08-13","批量新增","1","0","客户类型"),
("CI90148","chkStat","==","1","","","00201015","共管账户标志","900001","2019-08-13","批量新增","1","0","共管账户标志"),
("CI90148","jointName","==","custNm","","","00201015","联名人姓名","900001","2019-08-13","批量新增","1","0","联名人姓名"),
("CI90149","chkStat","==","1","","","00201015","共管账户标志","900001","2019-08-13","批量新增","1","0","共管账户标志"),
("CI90149","jointName","!=","custNm","","","00201015","联名人姓名","900001","2019-08-13","批量新增","1","0","联名人姓名"),
("CI90150","chkStat","==","0","","","00201015","共管账户标志","900001","2019-08-13","批量新增","1","0","共管账户标志"),
("CI90151","customerType","==","0","","","00201015","客户类型","900001","2019-08-13","批量新增","1","0","客户类型"),
("CI90152","pageFileOperTypCd","!=","0","","","00201016","操作类型","900001","2019-08-13","批量新增","1","0","操作类型"),
("CI90152","custTypeCd1","==","0","","","00201016","客户类型","900001","2019-08-13","批量新增","1","0","客户类型"),
("CI90153","pageFileOperTypCd","!=","0","","","00201016","操作类型","900001","2019-08-13","批量新增","1","0","操作类型"),
("CI90153","custTypeCd1","==","1","","","00201016","客户类型","900001","2019-08-13","批量新增","1","0","客户类型"),
("CI90154","pageFileOperTypCd","==","2","","","00201016","操作类型","900001","2019-08-13","批量新增","1","0","操作类型"),
("CI90155","agenFlg","==","1","","","00201016","是否代理","900001","2019-08-13","批量新增","1","0","是否代理"),
("CI90156","custTypeCdBankBook","!=","0","","","00201016","客户类型","900001","2019-08-13","批量新增","1","0","客户类型"),
("CI90157","acctDrawManrCd3","in","00100000,01100000,10100000,11100000","","","00201016","支取方式","900001","2019-08-13","批量新增","1","0","支取方式"),
("CI90157","custTypeCdBankBook","==","0","","","00201016","客户类型","900001","2019-08-13","批量新增","1","0","客户类型"),
("CI90158","agenFlg","==","1","","","00101007","是否代理","900001","2019-08-13","批量新增","1","0","是否代理"),
("CI90159","agenFlg","==","0","","","00101007","是否代理","900001","2019-08-13","批量新增","1","0","是否代理"),
("CI90159","pyblPrncpintTotAmt",">=","50000","","","00101007","本息合计","900001","2019-08-13","批量新增","1","0","本息合计"),
("CI90160","agenFlg","==","0","","","00101007","是否代理","900001","2019-08-13","批量新增","1","0","是否代理"),
("CI90160","acctDrawManrCd","in","00100000,01100000,10100000,11100000","","","00101007","支取方式","900001","2019-08-13","批量新增","1","0","支取方式"),
("CI90161","agenFlg","==","0","","","00101007","是否代理","900001","2019-08-13","批量新增","1","0","是否代理"),
("CI90161","pageRdcrdOperFlgCd1","==","0","","","00101007","磁条标志","900001","2019-08-13","批量新增","1","0","磁条标志"),
("CI90161","pyblPrncpintTotAmt",">=","10000","","","00101007","本息合计","900001","2019-08-13","批量新增","1","0","本息合计"),
("CI90162","AGEN_FLG","==","1","","","00201005","是否代理","900001","2019-08-13","批量新增","1","0","是否代理"),
("CI90163","PUB_PRIV_FLG_CD","==","1","","","00201005","公私标志","900001","2019-08-13","批量新增","1","0","公私标志"),
("CI90164","AGEN_FLG","==","0","","","00201005","是否代理","900001","2019-08-13","批量新增","1","0","是否代理"),
("CI90165","CUST_TYP_CD","==","0","","","00201005","客户类型","900001","2019-08-13","批量新增","1","0","客户类型"),
("CI90166","CUST_TYP_CD","!=","0","","","00201005","客户类型","900001","2019-08-13","批量新增","1","0","客户类型"),
("CI90167","custType","==","0","","","00201002","客户类型","900001","2019-08-13","批量新增","1","0","客户类型"),
("CI90168","custType","!=","0","","","00201002","客户类型","900001","2019-08-13","批量新增","1","0","客户类型"),
("CI90169","txAmt",">","0","","","00301012","交易金额","900001","2019-08-13","批量新增","1","0","交易金额"),
("CI90169","pageRdcrdOperFlgCd","==","0","","","00301012","磁条标志","900001","2019-08-13","批量新增","1","0","磁条标志"),
("CI90169","pasbNum","empty","NULL","","","00301012","存折号码","900001","2019-08-13","批量新增","1","0","存折号码"),
("CI90170","custtyp","!=","0","","","00301012","客户类型","900001","2019-08-13","批量新增","1","0","客户类型"),
("CI90170","txAmt",">=","50000","","","00301012","交易金额","900001","2019-08-13","批量新增","1","0","交易金额"),
("CI90171","custtyp","==","0","","","00301012","客户类型","900001","2019-08-13","批量新增","1","0","客户类型"),
("CI90171","txAmt",">=","50000","","","00301012","交易金额","900001","2019-08-13","批量新增","1","0","交易金额"),
("CI90172","txAmt",">","0","","","00301004","交易金额","900001","2019-08-13","批量新增","1","0","交易金额"),
("CI90172","flag","==","0","","","00301004","磁条标志","900001","2019-08-13","批量新增","1","0","磁条标志"),
("CI90172","strDepbokNo","empty","NULL","","","00301004","存折号码","900001","2019-08-13","批量新增","1","0","存折号码"),
("CI90173","csttype","==","0","","","00301004","客户类型","900001","2019-08-13","批量新增","1","0","客户类型"),
("CI90173","txAmt",">=","50000","","","00301004","交易金额","900001","2019-08-13","批量新增","1","0","交易金额"),
("CI90174","txAmt",">","0","","","00301011","交易金额","900001","2019-08-13","批量新增","1","0","交易金额"),
("CI90174","pageRdcrdOperFlgCd","==","0","","","00301011","磁条标志","900001","2019-08-13","批量新增","1","0","磁条标志"),
("CI90174","strDepbokNo","empty","NULL","","","00301011","存折号码","900001","2019-08-13","批量新增","1","0","存折号码"),
("CI90175","cust_type","!=","0","","","00301011","客户类型","900001","2019-08-13","批量新增","1","0","客户类型"),
("CI90175","txAmt",">=","50000","","","00301011","交易金额","900001","2019-08-13","批量新增","1","0","交易金额"),
("CI90176","txAmt",">","0","","","00301010","交易金额","900001","2019-08-13","批量新增","1","0","交易金额"),
("CI90176","pageRdcrdOperFlgCd","==","0","","","00301010","磁条标志","900001","2019-08-13","批量新增","1","0","磁条标志"),
("CI90176","strDepbokNo","empty","NULL","","","00301010","存折号码","900001","2019-08-13","批量新增","1","0","存折号码"),
("CI90177","cust_type","==","0","","","00301010","客户类型","900001","2019-08-13","批量新增","1","0","客户类型"),
("CI90177","txAmt",">=","50000","","","00301010","交易金额","900001","2019-08-13","批量新增","1","0","交易金额"),
("CI90178","txAmt",">","0","","","00301003","交易金额","900001","2019-08-13","批量新增","1","0","交易金额"),
("CI90178","pageRdcrdOperFlgCd","==","0","","","00301003","磁条标志","900001","2019-08-13","批量新增","1","0","磁条标志"),
("CI90178","strDepbokNo","empty","NULL","","","00301003","存折号码","900001","2019-08-13","批量新增","1","0","存折号码"),
("CI90179","CUST_TYP_CD","==","0","","","00301003","客户类型","900001","2019-08-13","批量新增","1","0","客户类型"),
("CI90179","txAmt",">=","50000","","","00301003","交易金额","900001","2019-08-13","批量新增","1","0","交易金额"),
("CI90180","CUST_TYP_CD","!=","0","","","00301009","客户类型","900001","2019-08-13","批量新增","1","0","客户类型"),
("CI90180","txAmt",">=","50000","","","00301009","交易金额","900001","2019-08-13","批量新增","1","0","交易金额"),
("CI90181","totalTxAmt1",">","0","","","00301013","交易金额","900001","2019-08-13","批量新增","1","0","交易金额"),
("CI90181","pageRdcrdOperFlgCd","==","0","","","00301013","磁条标志","900001","2019-08-13","批量新增","1","0","磁条标志"),
("CI90181","strDepbokNo","empty","NULL","","","00301013","存折号码","900001","2019-08-13","批量新增","1","0","存折号码"),
("CI90182","csttype","!=","0","","","00301013","客户类型","900001","2019-08-13","批量新增","1","0","客户类型"),
("CI90182","totalTxAmt1",">=","50000","","","00301013","交易金额","900001","2019-08-13","批量新增","1","0","交易金额"),
("CI90183","csttype","==","0","","","00301013","客户类型","900001","2019-08-13","批量新增","1","0","客户类型"),
("CI90183","totalTxAmt1",">=","50000","","","00301013","交易金额","900001","2019-08-13","批量新增","1","0","交易金额"),
("CI90184","where","==","1","","","00301006","是否代理","900001","2019-08-13","批量新增","1","0","是否代理"),
("CI90185","where","==","0","","","00301006","是否代理","900001","2019-08-13","批量新增","1","0","是否代理"),
("CI90185","txAmt",">=","50000","","","00301006","交易金额","900001","2019-08-13","批量新增","1","0","交易金额"),
("CI90185","csttype","==","","","","00301006","客户类型","900001","2019-08-13","批量新增","1","0","客户类型"),
("CI90186","proxy","==","1","","","00301007","是否代理","900001","2019-08-13","批量新增","1","0","是否代理"),
("CI90187","custtyp","!=","0","","","00301007","客户类型","900001","2019-08-13","批量新增","1","0","客户类型"),
("CI90187","txAmt",">=","50000","","","00301007","交易金额","900001","2019-08-13","批量新增","1","0","交易金额"),
("CI90188","drawType","in","00100000,01100000,10100000,11100000","","","00301007","支取方式","900001","2019-08-13","批量新增","1","0","支取方式"),
("CI90188","custtyp","==","0","","","00301007","客户类型","900001","2019-08-13","批量新增","1","0","客户类型"),
("CI90189","proxy","==","1","","","00301014","是否代理","900001","2019-08-13","批量新增","1","0","是否代理"),
("CI90190","proxy","==","0","","","00301014","是否代理","900001","2019-08-13","批量新增","1","0","是否代理"),
("CI90190","txAmt",">=","50000","","","00301014","交易金额","900001","2019-08-13","批量新增","1","0","交易金额"),
("CI90190","cust_type","==","","","","00301014","客户类型","900001","2019-08-13","批量新增","1","0","客户类型"),
("CI90191","mode","in","00100000,01100000,10100000,11100000","","","00301014","支取方式","900001","2019-08-13","批量新增","1","0","支取方式"),
("CI90191","cust_type","==","0","","","00301014","客户类型","900001","2019-08-13","批量新增","1","0","客户类型"),
("CI90192","cust_type","==","0","","","00301014","客户类型","900001","2019-08-13","批量新增","1","0","客户类型"),
("CI90193","proxy","==","1","","","00302013","是否代理","900001","2019-08-13","批量新增","1","0","是否代理"),
("CI90194","proxy","==","0","","","00302013","是否代理","900001","2019-08-13","批量新增","1","0","是否代理"),
("CI90194","partyAmt",">=","50000","","","00302013","交易金额","900001","2019-08-13","批量新增","1","0","交易金额"),
("CI90194","cust_type","==","","","","00302013","客户类型","900001","2019-08-13","批量新增","1","0","客户类型"),
("CI90195","mode","in","00100000,01100000,10100000,11100000","","","00302013","支取方式","900001","2019-08-13","批量新增","1","0","支取方式"),
("CI90195","cust_type","==","0","","","00302013","客户类型","900001","2019-08-13","批量新增","1","0","客户类型"),
("CI90196","cust_type","==","0","","","00302013","客户类型","900001","2019-08-13","批量新增","1","0","客户类型"),
("CI90197","custType","!=","0","","","00301018","客户类型","900001","2019-08-13","批量新增","1","0","客户类型"),
("CI90197","txAmt",">=","50000","","","00301018","交易金额","900001","2019-08-13","批量新增","1","0","交易金额"),
("CI90198","proxy","==","1","","","00301017","是否代理","900001","2019-08-13","批量新增","1","0","是否代理"),
("CI90199","proxy","==","0","","","00301017","是否代理","900001","2019-08-13","批量新增","1","0","是否代理"),
("CI90199","txAmt",">=","50000","","","00301017","交易金额","900001","2019-08-13","批量新增","1","0","交易金额"),
("CI90199","cust_type","==","","","","00301017","客户类型","900001","2019-08-13","批量新增","1","0","客户类型"),
("CI90200","agenFlg","==","1","","","00301016","是否代理","900001","2019-08-13","批量新增","1","0","是否代理"),
("CI90201","agenFlg","==","0","","","00301016","是否代理","900001","2019-08-13","批量新增","1","0","是否代理"),
("CI90201","txAmt",">=","50000","","","00301016","交易金额","900001","2019-08-13","批量新增","1","0","交易金额"),
("CI90201","custType","==","","","","00301016","客户类型","900001","2019-08-13","批量新增","1","0","客户类型"),
("CI90202","agencyFlag","==","1","","","00302003","是否代理","900001","2019-08-13","批量新增","1","0","是否代理"),
("CI90203","agencyFlag","==","0","","","00302003","是否代理","900001","2019-08-13","批量新增","1","0","是否代理"),
("CI90203","partAmt",">=","50000","","","00302003","交易金额","900001","2019-08-13","批量新增","1","0","交易金额"),
("CI90203","csttype","==","","","","00302003","客户类型","900001","2019-08-13","批量新增","1","0","客户类型"),
("CI90204","custType","!=","0","","","00301002","客户类型","900001","2019-08-13","批量新增","1","0","客户类型"),
("CI90204","txAmt",">=","50000","","","00301002","交易金额","900001","2019-08-13","批量新增","1","0","交易金额"),
("CI90205","proxy","==","1","","","00302020","是否代理","900001","2019-08-13","批量新增","1","0","是否代理"),
("CI90206","proxy","==","0","","","00302020","是否代理","900001","2019-08-13","批量新增","1","0","是否代理"),
("CI90206","txAmt",">=","50000","","","00302020","交易金额","900001","2019-08-13","批量新增","1","0","交易金额"),
("CI90206","cust_type","==","","","","00302020","客户类型","900001","2019-08-13","批量新增","1","0","客户类型"),
("CI90207","mode","in","00100000,01100000,10100000,11100000","","","00302020","支取方式","900001","2019-08-13","批量新增","1","0","支取方式"),
("CI90207","cust_type","==","0","","","00302020","客户类型","900001","2019-08-13","批量新增","1","0","客户类型"),
("CI90208","cust_type","==","0","","","00302020","客户类型","900001","2019-08-13","批量新增","1","0","客户类型"),
("CI90209","proxy","==","1","","","00301015","是否代理","900001","2019-08-13","批量新增","1","0","是否代理"),
("CI90210","proxy","==","0","","","00301015","是否代理","900001","2019-08-13","批量新增","1","0","是否代理"),
("CI90210","txAmt",">=","50000","","","00301015","交易金额","900001","2019-08-13","批量新增","1","0","交易金额"),
("CI90210","cust_type","==","","","","00301015","客户类型","900001","2019-08-13","批量新增","1","0","客户类型"),
("CI90211","cust_type","!=","0","","","00301015","客户类型","900001","2019-08-13","批量新增","1","0","客户类型"),
("CI90211","txAmt",">=","50000","","","00301015","交易金额","900001","2019-08-13","批量新增","1","0","交易金额"),
("CI90212","custType","==","0","","","00502301","客户类型","900001","2019-08-13","批量新增","1","0","客户类型"),
("CI90217","totlAmt",">=","50000","","","00502307","交易金额","900001","2019-08-13","批量新增","1","0","交易金额"),
("CI90217","custType","==","0","","","00502307","客户类型","900001","2019-08-13","批量新增","1","0","客户类型"),
("CI90219","totlAmt",">=","50000","","","00502314_2","交易金额","900001","2019-08-13","批量新增","1","0","交易金额"),
("CI90219","custType","==","0","","","00502314_2","客户类型","900001","2019-08-13","批量新增","1","0","客户类型"),
("CI90219","acctDrawManrCd","in","00100000,01100000,10100000,11100000","","","00502314_2","支取方式","900001","2019-08-13","批量新增","1","0","支取方式"),
("CI90220","totlAmt",">=","50000","","","00502314_3","交易金额","900001","2019-08-13","批量新增","1","0","交易金额"),
("CI90220","custType","==","0","","","00502314_3","客户类型","900001","2019-08-13","批量新增","1","0","客户类型");
-- IB_OM_RULECOND_RLT insert
INSERT INTO IB_OM_RULECOND_RLT (RULE_COND_NO,CMPL_MODE_FLG,OPRTN_RULE_NO) VALUES

("CI90000","0","090000"),
("CI90001","0","090001"),
("CI90002","0","090002"),
("CI90003","0","090003"),
("CI90004","0","090004"),
("CI90005","0","090005"),
("CI90006","0","090006"),
("CI90007","0","090007"),
("CI90008","1","090008"),
("CI90009","1","090009"),
("CI90010","1","090010"),
("CI90011","1","090011"),
("CI90012","0","090012"),
("CI90013","0","090013"),
("CI90014","1","090014"),
("CI90015","0","090015"),
("CI90016","1","090016"),
("CI90017","1","090017"),
("CI90018","1","090018"),
("CI90019","1","090019"),
("CI90020","1","090020"),
("CI90021","0","090021"),
("CI90022","0","090022"),
("CI90023","0","090023"),
("CI90023","1","090023"),
("CI90024","0","090024"),
("CI90024","1","090024"),
("CI90025","0","090025"),
("CI90026","0","090026"),
("CI90027","0","090027"),
("CI90028","0","090028"),
("CI90029","0","090029"),
("CI90030","0","090030"),
("CI90031","0","090031"),
("CI90032","0","090032"),
("CI90033","0","090033"),
("CI90034","0","090034"),
("CI90035","0","090035"),
("CI90036","0","090036"),
("CI90037","0","090037"),
("CI90038","0","090038"),
("CI90039","0","090039"),
("CI90040","0","090040"),
("CI90041","0","090041"),
("CI90042","0","090042"),
("CI90043","0","090043"),
("CI90044","0","090044"),
("CI90045","0","090045"),
("CI90046","0","090046"),
("CI90047","0","090047"),
("CI90048","0","090048"),
("CI90049","1","090049"),
("CI90050","1","090050"),
("CI90051","1","090051"),
("CI90052","1","090052"),
("CI90053","1","090053"),
("CI90054","1","090054"),
("CI90055","1","090055"),
("CI90056","1","090056"),
("CI90057","1","090057"),
("CI90058","1","090058"),
("CI90059","1","090059"),
("CI90060","1","090060"),
("CI90061","1","090061"),
("CI90062","1","090062"),
("CI90063","1","090063"),
("CI90064","1","090064"),
("CI90065","1","090065"),
("CI90066","1","090066"),
("CI90067","1","090067"),
("CI90068","1","090068"),
("CI90069","1","090069"),
("CI90070","1","090070"),
("CI90071","1","090071"),
("CI90072","1","090072"),
("CI90073","0","090073"),
("CI90074","0","090074"),
("CI90075","1","090075"),
("CI90076","1","090076"),
("CI90077","1","090077"),
("CI90078","1","090078"),
("CI90079","1","090079"),
("CI90080","1","090080"),
("CI90081","1","090081"),
("CI90082","1","090082"),
("CI90083","1","090083"),
("CI90084","1","090084"),
("CI90085","1","090085"),
("CI90086","1","090086"),
("CI90087","1","090087"),
("CI90088","1","090088"),
("CI90089","1","090089"),
("CI90090","1","090090"),
("CI90091","1","090091"),
("CI90092","1","090092"),
("CI90093","1","090093"),
("CI90094","1","090094"),
("CI90095","1","090095"),
("CI90096","1","090096"),
("CI90097","1","090097"),
("CI90098","1","090098"),
("CI90099","1","090099"),
("CI90100","1","090100"),
("CI90101","1","090101"),
("CI90102","1","090102"),
("CI90103","1","090103"),
("CI90104","1","090104"),
("CI90105","1","090105"),
("CI90106","1","090106"),
("CI90107","1","090107"),
("CI90108","1","090108"),
("CI90109","1","090109"),
("CI90110","1","090110"),
("CI90111","1","090111"),
("CI90112","1","090112"),
("CI90113","1","090113"),
("CI90114","1","090114"),
("CI90115","1","090115"),
("CI90116","1","090116"),
("CI90117","1","090117"),
("CI90118","1","090118"),
("CI90119","1","090119"),
("CI90120","1","090120"),
("CI90121","1","090121"),
("CI90122","1","090122"),
("CI90123","1","090123"),
("CI90124","1","090124"),
("CI90125","1","090125"),
("CI90126","1","090126"),
("CI90127","1","090127"),
("CI90128","1","090128"),
("CI90129","1","090129"),
("CI90130","1","090130"),
("CI90131","1","090131"),
("CI90132","1","090132"),
("CI90133","1","090133"),
("CI90134","1","090134"),
("CI90135","1","090135"),
("CI90136","1","090136"),
("CI90137","1","090137"),
("CI90138","1","090138"),
("CI90139","1","090139"),
("CI90140","1","090140"),
("CI90141","1","090141"),
("CI90142","1","090142"),
("CI90143","1","090143"),
("CI90144","1","090144"),
("CI90145","1","090145"),
("CI90146","1","090146"),
("CI90147","1","090147"),
("CI90148","1","090148"),
("CI90149","1","090149"),
("CI90150","1","090150"),
("CI90151","1","090151"),
("CI90152","1","090152"),
("CI90153","1","090153"),
("CI90154","1","090154"),
("CI90155","1","090155"),
("CI90156","1","090156"),
("CI90157","1","090157"),
("CI90158","1","090158"),
("CI90159","1","090159"),
("CI90160","1","090160"),
("CI90161","1","090161"),
("CI90162","1","090162"),
("CI90163","1","090163"),
("CI90164","1","090164"),
("CI90165","1","090165"),
("CI90166","1","090166"),
("CI90167","1","090167"),
("CI90168","1","090168"),
("CI90169","1","090169"),
("CI90170","1","090170"),
("CI90171","1","090171"),
("CI90172","1","090172"),
("CI90173","1","090173"),
("CI90174","1","090174"),
("CI90175","1","090175"),
("CI90176","1","090176"),
("CI90177","1","090177"),
("CI90178","1","090178"),
("CI90179","1","090179"),
("CI90180","1","090180"),
("CI90181","1","090181"),
("CI90182","1","090182"),
("CI90183","1","090183"),
("CI90184","1","090184"),
("CI90185","1","090185"),
("CI90186","1","090186"),
("CI90187","1","090187"),
("CI90188","1","090188"),
("CI90189","1","090189"),
("CI90190","1","090190"),
("CI90191","1","090191"),
("CI90192","1","090192"),
("CI90193","1","090193"),
("CI90194","1","090194"),
("CI90195","1","090195"),
("CI90196","1","090196"),
("CI90197","1","090197"),
("CI90198","1","090198"),
("CI90199","1","090199"),
("CI90200","1","090200"),
("CI90201","1","090201"),
("CI90202","1","090202"),
("CI90203","1","090203"),
("CI90204","1","090204"),
("CI90205","1","090205"),
("CI90206","1","090206"),
("CI90207","1","090207"),
("CI90208","1","090208"),
("CI90209","1","090209"),
("CI90210","1","090210"),
("CI90211","1","090211"),
("CI90212","1","090212"),
("CI90213","0","090213"),
("CI90214","0","090214"),
("CI90215","0","090215"),
("CI90216","0","090216"),
("CI90217","1","090217"),
("CI90218","0","090218"),
("CI90219","1","090219"),
("CI90220","1","090220");
-- IB_OM_MODE_INFO insert
INSERT INTO IB_OM_MODE_INFO (RULE_MODE_NO,FIELD_SEQ_NO,FIELD_NM,FIELD_DICTRY_NM,RULE_MODE_TYP_CD) VALUES

("CI90000","1","ref","aui-row_1","CI"),
("CI90000","2","NI","1","CI"),
("CI90000","3","FR","1","CI"),
("CI90001","4","ref","input-cstnm","CI"),
("CI90001","5","NI","1","CI"),
("CI90001","6","FR","1","CI"),
("CI90002","7","ref","custom-input_2","CI"),
("CI90002","8","NI","1","CI"),
("CI90002","9","FR","1","CI"),
("CI90003","10","ref","custom-input-crtfNbr","CI"),
("CI90003","11","NI","1","CI"),
("CI90003","12","FR","1","CI"),
("CI90004","13","ref","custom-input-crtfNbr","CI"),
("CI90004","14","NI","1","CI"),
("CI90004","15","FR","1","CI"),
("CI90005","16","ref","custom-input-custNm","CI"),
("CI90005","17","NI","1","CI"),
("CI90005","18","FR","1","CI"),
("CI90006","19","ref","input-cstnm","CI"),
("CI90006","20","NI","1","CI"),
("CI90006","21","FR","1","CI"),
("CI90007","22","ref","custom-selector-crtfTypCd","CI"),
("CI90007","23","NI","1","CI"),
("CI90007","24","FR","0","CI"),
("CI90008","25","ref","custom-selector-crtfTypCd","CI"),
("CI90008","26","NI","1","CI"),
("CI90008","27","FR","0","CI"),
("CI90009","28","ref","custom-input-acctnm1","CI"),
("CI90009","29","NI","1","CI"),
("CI90009","30","FR","0","CI"),
("CI90010","31","ref","custom-input-acctnm2","CI"),
("CI90010","32","NI","1","CI"),
("CI90010","33","FR","0","CI"),
("CI90011","34","ref","custom-input-targetAcctnm","CI"),
("CI90011","35","NI","1","CI"),
("CI90011","36","FR","0","CI"),
("CI90012","37","ref","custom-input-acctnm1","CI"),
("CI90012","38","NI","1","CI"),
("CI90012","39","FR","0","CI"),
("CI90013","40","ref","custom-input_3","CI"),
("CI90013","41","NI","1","CI"),
("CI90013","42","FR","0","CI"),
("CI90014","43","ref","custom-selector-crtfTypCd","CI"),
("CI90014","44","NI","1","CI"),
("CI90014","45","FR","0","CI"),
("CI90015","46","ref","custom-selector-crtfTypCd","CI"),
("CI90015","47","NI","1","CI"),
("CI90015","48","FR","0","CI"),
("CI90016","49","ref","custom-input_2","CI"),
("CI90016","50","NI","1","CI"),
("CI90016","51","FR","0","CI"),
("CI90017","52","ref","custom-input_2","CI"),
("CI90017","53","NI","1","CI"),
("CI90017","54","FR","0","CI"),
("CI90018","55","ref","custom-input-acctnm","CI"),
("CI90018","56","NI","1","CI"),
("CI90018","57","FR","0","CI"),
("CI90019","58","ref","custom-input-acctnm","CI"),
("CI90019","59","NI","1","CI"),
("CI90019","60","FR","0","CI"),
("CI90020","61","ref","custom-input-acctnm","CI"),
("CI90020","62","NI","1","CI"),
("CI90020","63","FR","0","CI"),
("CI90021","64","ref","customer","CI"),
("CI90021","65","NI","0","CI"),
("CI90021","66","FR","0","CI"),
("CI90022","67","ref","customer","CI"),
("CI90022","68","NI","1","CI"),
("CI90022","69","FR","1","CI"),
("CI90023","70","ref","custom-input-accOther","CI"),
("CI90023","71","NI","0","CI"),
("CI90023","72","FR","0","CI"),
("CI90024","82","ref","customer","CI"),
("CI90024","83","NI","0","CI"),
("CI90024","84","FR","0","CI"),
("CI90025","88","ref","aui-button_query","CI"),
("CI90025","89","NI","1","CI"),
("CI90025","90","FR","0","CI"),
("CI90026","91","ref","aui-button_query","CI"),
("CI90026","92","NI","1","CI"),
("CI90026","93","FR","0","CI"),
("CI90027","94","ref","aui-button_query","CI"),
("CI90027","95","NI","1","CI"),
("CI90027","96","FR","0","CI"),
("CI90028","97","ref","aui-button_query","CI"),
("CI90028","98","NI","1","CI"),
("CI90028","99","FR","0","CI"),
("CI90029","100","ref","aui-button_query","CI"),
("CI90029","101","NI","1","CI"),
("CI90029","102","FR","0","CI"),
("CI90030","103","ref","aui-button_query","CI"),
("CI90030","104","NI","1","CI"),
("CI90030","105","FR","0","CI"),
("CI90031","106","ref","aui-button_check","CI"),
("CI90031","107","NI","1","CI"),
("CI90031","108","FR","0","CI"),
("CI90032","109","ref","aui-button-check","CI"),
("CI90032","110","NI","1","CI"),
("CI90032","111","FR","0","CI"),
("CI90033","112","ref","custom-input-userName","CI"),
("CI90033","113","NI","1","CI"),
("CI90033","114","FR","0","CI"),
("CI90034","115","ref","custom-input-pwd","CI"),
("CI90034","116","NI","1","CI"),
("CI90034","117","FR","0","CI"),
("CI90035","118","ref","aui-queryInfo","CI"),
("CI90035","119","NI","1","CI"),
("CI90035","120","FR","0","CI"),
("CI90036","121","ref","aui-queryInfo","CI"),
("CI90036","122","NI","1","CI"),
("CI90036","123","FR","0","CI"),
("CI90037","124","ref","aui-queryInfo","CI"),
("CI90037","125","NI","1","CI"),
("CI90037","126","FR","0","CI"),
("CI90038","127","ref","aui-button_query","CI"),
("CI90038","128","NI","1","CI"),
("CI90038","129","FR","0","CI"),
("CI90039","130","ref","aui-button_query","CI"),
("CI90039","131","NI","1","CI"),
("CI90039","132","FR","0","CI"),
("CI90040","133","ref","custom-input-name","CI"),
("CI90040","134","NI","1","CI"),
("CI90040","135","FR","0","CI"),
("CI90041","136","ref","custom-input-name","CI"),
("CI90041","137","NI","1","CI"),
("CI90041","138","FR","0","CI"),
("CI90042","139","ref","custom-input-name","CI"),
("CI90042","140","NI","1","CI"),
("CI90042","141","FR","0","CI"),
("CI90043","142","ref","custom-input-name","CI"),
("CI90043","143","NI","1","CI"),
("CI90043","144","FR","0","CI"),
("CI90044","145","ref","custom-input-name","CI"),
("CI90044","146","NI","1","CI"),
("CI90044","147","FR","0","CI"),
("CI90045","148","ref","custom-input-name","CI"),
("CI90045","149","NI","1","CI"),
("CI90045","150","FR","0","CI"),
("CI90046","151","ref","custom-input-name","CI"),
("CI90046","152","NI","1","CI"),
("CI90046","153","FR","0","CI"),
("CI90047","154","ref","custom-table_1","CI"),
("CI90047","155","NI","1","CI"),
("CI90047","156","FR","0","CI"),
("CI90048","157","ref","aui-button_query","CI"),
("CI90048","158","NI","1","CI"),
("CI90048","159","FR","0","CI"),
("CI90049","160","ref","custom-input_4","CI"),
("CI90049","161","NI","1","CI"),
("CI90049","162","FR","0","CI"),
("CI90050","163","ref","custom-input_19","CI"),
("CI90050","164","NI","1","CI"),
("CI90050","165","FR","0","CI"),
("CI90051","166","ref","custom-selector-01","CI"),
("CI90051","167","NI","1","CI"),
("CI90051","168","FR","0","CI"),
("CI90052","169","ref","custom-input_4","CI"),
("CI90052","170","NI","1","CI"),
("CI90052","171","FR","0","CI"),
("CI90053","172","ref","custom-input_4","CI"),
("CI90053","173","NI","0","CI"),
("CI90053","174","FR","0","CI"),
("CI90054","175","ref","custom-input_9","CI"),
("CI90054","176","NI","1","CI"),
("CI90054","177","FR","0","CI"),
("CI90055","178","ref","custom-input_7","CI"),
("CI90055","179","NI","1","CI"),
("CI90055","180","FR","0","CI"),
("CI90056","181","ref","custom-input_9","CI"),
("CI90056","182","NI","1","CI"),
("CI90056","183","FR","0","CI"),
("CI90057","184","ref","custom-input_4","CI"),
("CI90057","185","NI","1","CI"),
("CI90057","186","FR","0","CI"),
("CI90058","187","ref","custom-input_4","CI"),
("CI90058","188","NI","0","CI"),
("CI90058","189","FR","0","CI"),
("CI90059","190","ref","custom-selector_3","CI"),
("CI90059","191","NI","1","CI"),
("CI90059","192","FR","0","CI"),
("CI90060","193","ref","custom-selector_3","CI"),
("CI90060","194","NI","0","CI"),
("CI90060","195","FR","0","CI"),
("CI90061","196","ref","custom-input_6","CI"),
("CI90061","197","NI","1","CI"),
("CI90061","198","FR","0","CI"),
("CI90062","199","ref","custom-input_1","CI"),
("CI90062","200","NI","1","CI"),
("CI90062","201","FR","0","CI"),
("CI90063","202","ref","custom-input_9","CI"),
("CI90063","203","NI","1","CI"),
("CI90063","204","FR","0","CI"),
("CI90064","205","ref","custom-input_6","CI"),
("CI90064","206","NI","1","CI"),
("CI90064","207","FR","0","CI"),
("CI90065","208","ref","custom-input_4","CI"),
("CI90065","209","NI","1","CI"),
("CI90065","210","FR","0","CI"),
("CI90066","211","ref","custom-input_4","CI"),
("CI90066","212","NI","1","CI"),
("CI90066","213","FR","0","CI"),
("CI90067","214","ref","custom-selector_2","CI"),
("CI90067","215","NI","1","CI"),
("CI90067","216","FR","0","CI"),
("CI90068","217","ref","custom-input_7","CI"),
("CI90068","218","NI","1","CI"),
("CI90068","219","FR","0","CI"),
("CI90069","220","ref","custom-selector_2","CI"),
("CI90069","221","NI","1","CI"),
("CI90069","222","FR","0","CI"),
("CI90070","223","ref","custom-input_remitAmount","CI"),
("CI90070","224","NI","1","CI"),
("CI90070","225","FR","0","CI"),
("CI90071","226","ref","custom-input_remitAmount","CI"),
("CI90071","227","NI","0","CI"),
("CI90071","228","FR","0","CI"),
("CI90072","238","ref","custom-input_remitAmount","CI"),
("CI90072","239","NI","0","CI"),
("CI90072","240","FR","0","CI"),
("CI90073","247","ref","custom-selector-bilhldrCrtfTypCd","CI"),
("CI90073","248","NI","0","CI"),
("CI90073","249","FR","0","CI"),
("CI90074","250","ref","custom-input_4","CI"),
("CI90074","251","NI","0","CI"),
("CI90074","252","FR","0","CI"),
("CI90075","253","ref","custom-selector_4","CI"),
("CI90075","254","NI","0","CI"),
("CI90075","255","FR","0","CI"),
("CI90076","259","ref","custom-selector_4","CI"),
("CI90076","260","NI","0","CI"),
("CI90076","261","FR","0","CI"),
("CI90077","262","ref","custom-selector_4","CI"),
("CI90077","263","NI","0","CI"),
("CI90077","264","FR","0","CI"),
("CI90078","265","ref","custom-selector_4","CI"),
("CI90078","266","NI","0","CI"),
("CI90078","267","FR","0","CI"),
("CI90079","271","ref","custom-selector_4","CI"),
("CI90079","272","NI","0","CI"),
("CI90079","273","FR","0","CI"),
("CI90080","274","ref","custom-selector_5","CI"),
("CI90080","275","NI","0","CI"),
("CI90080","276","FR","0","CI"),
("CI90081","277","ref","custom-selector_5","CI"),
("CI90081","278","NI","1","CI"),
("CI90081","279","FR","1","CI"),
("CI90082","286","ref","custom-input-txAmt","CI"),
("CI90082","287","NI","1","CI"),
("CI90082","288","FR","0","CI"),
("CI90083","292","ref","custom-input-txAmt","CI"),
("CI90083","293","NI","1","CI"),
("CI90083","294","FR","0","CI"),
("CI90084","298","ref","custom-input-txAmt","CI"),
("CI90084","299","NI","1","CI"),
("CI90084","300","FR","0","CI"),
("CI90085","304","ref","custom-selector_4","CI"),
("CI90085","305","NI","0","CI"),
("CI90085","306","FR","0","CI"),
("CI90086","307","ref","custom-selector_4","CI"),
("CI90086","308","NI","1","CI"),
("CI90086","309","FR","1","CI"),
("CI90087","316","ref","custom-selector_4","CI"),
("CI90087","317","NI","0","CI"),
("CI90087","318","FR","0","CI"),
("CI90088","322","ref","custom-input_3","CI"),
("CI90088","323","NI","1","CI"),
("CI90088","324","FR","0","CI"),
("CI90089","328","ref","custom-selector_6","CI"),
("CI90089","329","NI","0","CI"),
("CI90089","330","FR","0","CI"),
("CI90090","331","ref","custom-selector_6","CI"),
("CI90090","332","NI","1","CI"),
("CI90090","333","FR","0","CI"),
("CI90091","340","ref","custom-selector_6","CI"),
("CI90091","341","NI","0","CI"),
("CI90091","342","FR","0","CI"),
("CI90092","346","ref","custom-selector_5","CI"),
("CI90092","347","NI","0","CI"),
("CI90092","348","FR","0","CI"),
("CI90093","349","ref","custom-selector_5","CI"),
("CI90093","350","NI","1","CI"),
("CI90093","351","FR","1","CI"),
("CI90094","358","ref","custom-selector_5","CI"),
("CI90094","359","NI","1","CI"),
("CI90094","360","FR","0","CI"),
("CI90095","364","ref","custom-selector_5","CI"),
("CI90095","365","NI","0","CI"),
("CI90095","366","FR","0","CI"),
("CI90096","370","ref","custom-input_6","CI"),
("CI90096","371","NI","1","CI"),
("CI90096","372","FR","0","CI"),
("CI90097","376","ref","custom-selector_6","CI"),
("CI90097","377","NI","0","CI"),
("CI90097","378","FR","0","CI"),
("CI90098","379","ref","custom-selector_6","CI"),
("CI90098","380","NI","1","CI"),
("CI90098","381","FR","1","CI"),
("CI90099","388","ref","custom-selector_6","CI"),
("CI90099","389","NI","1","CI"),
("CI90099","390","FR","0","CI"),
("CI90100","394","ref","custom-selector_agen","CI"),
("CI90100","395","NI","0","CI"),
("CI90100","396","FR","0","CI"),
("CI90101","397","ref","custom-selector_agen","CI"),
("CI90101","398","NI","0","CI"),
("CI90101","399","FR","0","CI"),
("CI90102","406","ref","custom-selector_agen","CI"),
("CI90102","407","NI","0","CI"),
("CI90102","408","FR","0","CI"),
("CI90103","409","ref","custom-selector_agen","CI"),
("CI90103","410","NI","1","CI"),
("CI90103","411","FR","0","CI"),
("CI90104","421","ref","aui-button_submit","CI"),
("CI90104","422","NI","0","CI"),
("CI90104","423","FR","0","CI"),
("CI90105","427","ref","aui-button_submit","CI"),
("CI90105","428","NI","1","CI"),
("CI90105","429","FR","0","CI"),
("CI90106","430","ref","aui-button_submit","CI"),
("CI90106","431","NI","1","CI"),
("CI90106","432","FR","0","CI"),
("CI90107","433","ref","aui-button_submit","CI"),
("CI90107","434","NI","1","CI"),
("CI90107","435","FR","0","CI"),
("CI90108","439","ref","aui-button_submit","CI"),
("CI90108","440","NI","1","CI"),
("CI90108","441","FR","0","CI"),
("CI90109","442","ref","aui-button_submit","CI"),
("CI90109","443","NI","1","CI"),
("CI90109","444","FR","0","CI"),
("CI90110","445","ref","aui-button_submit","CI"),
("CI90110","446","NI","1","CI"),
("CI90110","447","FR","0","CI"),
("CI90111","448","ref","aui-button_submit","CI"),
("CI90111","449","NI","1","CI"),
("CI90111","450","FR","0","CI"),
("CI90112","451","ref","aui-button_submit","CI"),
("CI90112","452","NI","1","CI"),
("CI90112","453","FR","0","CI"),
("CI90113","454","ref","aui-button_submit","CI"),
("CI90113","455","NI","1","CI"),
("CI90113","456","FR","0","CI"),
("CI90114","457","ref","aui-button_submit","CI"),
("CI90114","458","NI","0","CI"),
("CI90114","459","FR","0","CI"),
("CI90115","463","ref","aui-button_submit","CI"),
("CI90115","464","NI","0","CI"),
("CI90115","465","FR","0","CI"),
("CI90116","469","ref","custom-selector_x_DE_WA","CI"),
("CI90116","470","NI","1","CI"),
("CI90116","471","FR","0","CI"),
("CI90117","472","ref","custom-sel_yesORno","CI"),
("CI90117","473","NI","1","CI"),
("CI90117","474","FR","0","CI"),
("CI90118","475","ref","custom-sel_yesORno","CI"),
("CI90118","476","NI","1","CI"),
("CI90118","477","FR","0","CI"),
("CI90119","484","ref","custom-sel_yesORno","CI"),
("CI90119","485","NI","1","CI"),
("CI90119","486","FR","0","CI"),
("CI90120","490","ref","custom-input_txAm","CI"),
("CI90120","491","NI","1","CI"),
("CI90120","492","FR","0","CI"),
("CI90121","502","ref","custom-input_txAm","CI"),
("CI90121","503","NI","1","CI"),
("CI90121","504","FR","0","CI"),
("CI90122","511","ref","custom-sel_handType","CI"),
("CI90122","512","NI","1","CI"),
("CI90122","513","FR","0","CI"),
("CI90123","514","ref","custom-selector_5","CI"),
("CI90123","515","NI","1","CI"),
("CI90123","516","FR","1","CI"),
("CI90124","517","ref","custom-selector_5","CI"),
("CI90124","518","NI","1","CI"),
("CI90124","519","FR","1","CI"),
("CI90125","526","ref","custom-selector_5","CI"),
("CI90125","527","NI","0","CI"),
("CI90125","528","FR","0","CI"),
("CI90126","532","ref","custom-selector-proxy","CI"),
("CI90126","533","NI","1","CI"),
("CI90126","534","FR","1","CI"),
("CI90127","535","ref","custom-selector-proxy","CI"),
("CI90127","536","NI","1","CI"),
("CI90127","537","FR","1","CI"),
("CI90128","544","ref","input-txAmt","CI"),
("CI90128","545","NI","0","CI"),
("CI90128","546","FR","0","CI"),
("CI90129","550","ref","custom-selector-proxy","CI"),
("CI90129","551","NI","1","CI"),
("CI90129","552","FR","1","CI"),
("CI90130","556","ref","custom-selector-proxy","CI"),
("CI90130","557","NI","1","CI"),
("CI90130","558","FR","1","CI"),
("CI90131","559","ref","custom-selector-proxy","CI"),
("CI90131","560","NI","1","CI"),
("CI90131","561","FR","1","CI"),
("CI90132","562","ref","custom-selector-proxy","CI"),
("CI90132","563","NI","1","CI"),
("CI90132","564","FR","1","CI"),
("CI90133","571","ref","custom-input_6","CI"),
("CI90133","572","NI","0","CI"),
("CI90133","573","FR","0","CI"),
("CI90134","577","ref","custom-selector_8","CI"),
("CI90134","578","NI","1","CI"),
("CI90134","579","FR","1","CI"),
("CI90135","580","ref","custom-selector_8","CI"),
("CI90135","581","NI","1","CI"),
("CI90135","582","FR","1","CI"),
("CI90136","589","ref","custom-input_6","CI"),
("CI90136","590","NI","0","CI"),
("CI90136","591","FR","0","CI"),
("CI90137","595","ref","custom-selector_8","CI"),
("CI90137","596","NI","1","CI"),
("CI90137","597","FR","1","CI"),
("CI90138","601","ref","custom-selector-proxy","CI"),
("CI90138","602","NI","1","CI"),
("CI90138","603","FR","1","CI"),
("CI90139","604","ref","custom-selector-proxy","CI"),
("CI90139","605","NI","1","CI"),
("CI90139","606","FR","1","CI"),
("CI90140","613","ref","custom-input-txAmt","CI"),
("CI90140","614","NI","0","CI"),
("CI90140","615","FR","0","CI"),
("CI90141","619","ref","custom-selector-proxy","CI"),
("CI90141","620","NI","1","CI"),
("CI90141","621","FR","1","CI"),
("CI90142","625","ref","custom-selector-proxy","CI"),
("CI90142","626","NI","1","CI"),
("CI90142","627","FR","1","CI"),
("CI90143","628","ref","custom-selector-proxy","CI"),
("CI90143","629","NI","1","CI"),
("CI90143","630","FR","1","CI"),
("CI90144","631","ref","custom-selector-proxy","CI"),
("CI90144","632","NI","1","CI"),
("CI90144","633","FR","1","CI"),
("CI90145","640","ref","custom-selector-proxy","CI"),
("CI90145","641","NI","1","CI"),
("CI90145","642","FR","1","CI"),
("CI90146","646","ref","custom-selector-proxy","CI"),
("CI90146","647","NI","1","CI"),
("CI90146","648","FR","1","CI"),
("CI90147","649","ref","custom-selector_5","CI"),
("CI90147","650","NI","1","CI"),
("CI90147","651","FR","0","CI"),
("CI90148","652","ref","custom-selector_5","CI"),
("CI90148","653","NI","1","CI"),
("CI90148","654","FR","0","CI"),
("CI90149","658","ref","custom-selector_5","CI"),
("CI90149","659","NI","1","CI"),
("CI90149","660","FR","0","CI"),
("CI90150","664","ref","custom-selector_5","CI"),
("CI90150","665","NI","1","CI"),
("CI90150","666","FR","0","CI"),
("CI90151","667","ref","custom-selector_5","CI"),
("CI90151","668","NI","1","CI"),
("CI90151","669","FR","0","CI"),
("CI90152","670","ref","custom-selector-crtfTypCd1","CI"),
("CI90152","671","NI","1","CI"),
("CI90152","672","FR","0","CI"),
("CI90153","676","ref","custom-selector-crtfTypCd1","CI"),
("CI90153","677","NI","1","CI"),
("CI90153","678","FR","0","CI"),
("CI90154","682","ref","custom-input-cardNo","CI"),
("CI90154","683","NI","1","CI"),
("CI90154","684","FR","0","CI"),
("CI90155","685","ref","custom-selector-agenFlg","CI"),
("CI90155","686","NI","1","CI"),
("CI90155","687","FR","0","CI"),
("CI90156","688","ref","custom-input-accNo2","CI"),
("CI90156","689","NI","1","CI"),
("CI90156","690","FR","0","CI"),
("CI90157","691","ref","custom-selector-acctDrawManrCd3","CI"),
("CI90157","692","NI","1","CI"),
("CI90157","693","FR","0","CI"),
("CI90158","697","ref","custom-selector-agenFlg","CI"),
("CI90158","698","NI","1","CI"),
("CI90158","699","FR","0","CI"),
("CI90159","700","ref","custom-selector-agenFlg","CI"),
("CI90159","701","NI","1","CI"),
("CI90159","702","FR","0","CI"),
("CI90160","706","ref","custom-selector-agenFlg","CI"),
("CI90160","707","NI","1","CI"),
("CI90160","708","FR","0","CI"),
("CI90161","712","ref","custom-input-inAcctNum","CI"),
("CI90161","713","NI","1","CI"),
("CI90161","714","FR","0","CI"),
("CI90162","721","ref","custom_selector_4","CI"),
("CI90162","722","NI","1","CI"),
("CI90162","723","FR","0","CI"),
("CI90163","724","ref","custom_selector_4","CI"),
("CI90163","725","NI","1","CI"),
("CI90163","726","FR","0","CI"),
("CI90164","727","ref","custom_selector_4","CI"),
("CI90164","728","NI","1","CI"),
("CI90164","729","FR","0","CI"),
("CI90165","730","ref","custom-selector_13","CI"),
("CI90165","731","NI","1","CI"),
("CI90165","732","FR","0","CI"),
("CI90166","733","ref","custom-selector_13","CI"),
("CI90166","734","NI","1","CI"),
("CI90166","735","FR","0","CI"),
("CI90167","736","ref","custom-input_1","CI"),
("CI90167","737","NI","1","CI"),
("CI90167","738","FR","1","CI"),
("CI90168","739","ref","custom-input_3","CI"),
("CI90168","740","NI","1","CI"),
("CI90168","741","FR","0","CI"),
("CI90169","742","ref","custom-input_pasbNum","CI"),
("CI90169","743","NI","1","CI"),
("CI90169","744","FR","0","CI"),
("CI90170","751","ref","custom-input_txAm","CI"),
("CI90170","752","NI","1","CI"),
("CI90170","753","FR","0","CI"),
("CI90171","757","ref","custom-input_txAm","CI"),
("CI90171","758","NI","1","CI"),
("CI90171","759","FR","0","CI"),
("CI90172","763","ref","custom-input_6","CI"),
("CI90172","764","NI","1","CI"),
("CI90172","765","FR","0","CI"),
("CI90173","772","ref","custom-input_6","CI"),
("CI90173","773","NI","1","CI"),
("CI90173","774","FR","0","CI"),
("CI90174","778","ref","custom-input_7","CI"),
("CI90174","779","NI","1","CI"),
("CI90174","780","FR","0","CI"),
("CI90175","787","ref","custom-input_7","CI"),
("CI90175","788","NI","1","CI"),
("CI90175","789","FR","0","CI"),
("CI90176","793","ref","custom-input_5","CI"),
("CI90176","794","NI","1","CI"),
("CI90176","795","FR","0","CI"),
("CI90177","802","ref","custom-input_5","CI"),
("CI90177","803","NI","1","CI"),
("CI90177","804","FR","0","CI"),
("CI90178","808","ref","custom-input_5","CI"),
("CI90178","809","NI","1","CI"),
("CI90178","810","FR","0","CI"),
("CI90179","817","ref","custom-input_5","CI"),
("CI90179","818","NI","1","CI"),
("CI90179","819","FR","0","CI"),
("CI90180","823","ref","custom-input_txAmt","CI"),
("CI90180","824","NI","1","CI"),
("CI90180","825","FR","0","CI"),
("CI90181","829","ref","custom-input_5","CI"),
("CI90181","830","NI","1","CI"),
("CI90181","831","FR","0","CI"),
("CI90182","838","ref","custom-input_5","CI"),
("CI90182","839","NI","1","CI"),
("CI90182","840","FR","0","CI"),
("CI90183","844","ref","custom-input_5","CI"),
("CI90183","845","NI","1","CI"),
("CI90183","846","FR","0","CI"),
("CI90184","850","ref","custom-selector_5","CI"),
("CI90184","851","NI","1","CI"),
("CI90184","852","FR","0","CI"),
("CI90185","853","ref","custom-selector_5","CI"),
("CI90185","854","NI","1","CI"),
("CI90185","855","FR","0","CI"),
("CI90186","862","ref","custom-sel_yesORno","CI"),
("CI90186","863","NI","1","CI"),
("CI90186","864","FR","0","CI"),
("CI90187","865","ref","custom-input_txAm","CI"),
("CI90187","866","NI","1","CI"),
("CI90187","867","FR","0","CI"),
("CI90188","871","ref","custom-sel_yesORno","CI"),
("CI90188","872","NI","1","CI"),
("CI90188","873","FR","0","CI"),
("CI90189","877","ref","custom-selector-proxy","CI"),
("CI90189","878","NI","1","CI"),
("CI90189","879","FR","0","CI"),
("CI90190","880","ref","custom-selector-proxy","CI"),
("CI90190","881","NI","1","CI"),
("CI90190","882","FR","0","CI"),
("CI90191","889","ref","custom-selector-proxy","CI"),
("CI90191","890","NI","1","CI"),
("CI90191","891","FR","0","CI"),
("CI90192","895","ref","custom-selector-proxy","CI"),
("CI90192","896","NI","1","CI"),
("CI90192","897","FR","0","CI"),
("CI90193","898","ref","custom-selector-proxy","CI"),
("CI90193","899","NI","1","CI"),
("CI90193","900","FR","0","CI"),
("CI90194","901","ref","custom-selector-proxy","CI"),
("CI90194","902","NI","1","CI"),
("CI90194","903","FR","0","CI"),
("CI90195","910","ref","custom-selector-proxy","CI"),
("CI90195","911","NI","1","CI"),
("CI90195","912","FR","0","CI"),
("CI90196","916","ref","custom-selector-proxy","CI"),
("CI90196","917","NI","1","CI"),
("CI90196","918","FR","0","CI"),
("CI90197","919","ref","custom-input-txAmt","CI"),
("CI90197","920","NI","1","CI"),
("CI90197","921","FR","0","CI"),
("CI90198","925","ref","custom-selector-proxy","CI"),
("CI90198","926","NI","1","CI"),
("CI90198","927","FR","0","CI"),
("CI90199","928","ref","custom-selector-proxy","CI"),
("CI90199","929","NI","1","CI"),
("CI90199","930","FR","0","CI"),
("CI90200","937","ref","custom-selector-agenFlg","CI"),
("CI90200","938","NI","1","CI"),
("CI90200","939","FR","0","CI"),
("CI90201","940","ref","custom-selector-agenFlg","CI"),
("CI90201","941","NI","1","CI"),
("CI90201","942","FR","0","CI"),
("CI90202","949","ref","custom-selector_5","CI"),
("CI90202","950","NI","1","CI"),
("CI90202","951","FR","0","CI"),
("CI90203","952","ref","custom-selector_5","CI"),
("CI90203","953","NI","1","CI"),
("CI90203","954","FR","0","CI"),
("CI90204","961","ref","custom-input-txAmt","CI"),
("CI90204","962","NI","1","CI"),
("CI90204","963","FR","0","CI"),
("CI90205","967","ref","custom-selector-proxy","CI"),
("CI90205","968","NI","1","CI"),
("CI90205","969","FR","0","CI"),
("CI90206","970","ref","custom-selector-proxy","CI"),
("CI90206","971","NI","1","CI"),
("CI90206","972","FR","0","CI"),
("CI90207","979","ref","custom-selector-proxy","CI"),
("CI90207","980","NI","1","CI"),
("CI90207","981","FR","0","CI"),
("CI90208","985","ref","custom-selector-proxy","CI"),
("CI90208","986","NI","1","CI"),
("CI90208","987","FR","0","CI"),
("CI90209","988","ref","custom-selector-proxy","CI"),
("CI90209","989","NI","1","CI"),
("CI90209","990","FR","0","CI"),
("CI90210","991","ref","custom-selector-proxy","CI"),
("CI90210","992","NI","1","CI"),
("CI90210","993","FR","0","CI"),
("CI90211","1000","ref","custom-input-txAmt","CI"),
("CI90211","1001","NI","1","CI"),
("CI90211","1002","FR","0","CI"),
("CI90212","1006","ref","custom-input-colltnAcctNo","CI"),
("CI90212","1007","NI","1","CI"),
("CI90212","1008","FR","0","CI"),
("CI90213","1009","ref","aui-button_submit","CI"),
("CI90213","1010","NI","1","CI"),
("CI90213","1011","FR","0","CI"),
("CI90214","1012","ref","aui-button_submit","CI"),
("CI90214","1013","NI","1","CI"),
("CI90214","1014","FR","0","CI"),
("CI90215","1015","ref","aui-button_submit","CI"),
("CI90215","1016","NI","1","CI"),
("CI90215","1017","FR","0","CI"),
("CI90216","1018","ref","aui-button_submit","CI"),
("CI90216","1019","NI","1","CI"),
("CI90216","1020","FR","0","CI"),
("CI90217","1021","ref","custom-input-accOther","CI"),
("CI90217","1022","NI","1","CI"),
("CI90217","1023","FR","0","CI"),
("CI90218","1027","ref","aui-button_submit","CI"),
("CI90218","1028","NI","1","CI"),
("CI90218","1029","FR","0","CI"),
("CI90219","1030","ref","custom-input-payFeeCardNoOrAcctNo","CI"),
("CI90219","1031","NI","1","CI"),
("CI90219","1032","FR","0","CI"),
("CI90220","1039","ref","custom-input-recvrAcctNo","CI"),
("CI90220","1040","NI","1","CI"),
("CI90220","1041","FR","0","CI");
  
COMMIT;