
SET AUTOCOMMIT=0;
BEGIN;

  
-- IB_OM_RULE_INFO insert
INSERT INTO IB_OM_RULE_INFO (RULE_NO,RULE_TYP_CD,HOLI_FLG,RULE_TRI_POSITION,SUIT_CHNL_SCP,SUIT_LPR_SCP,SUIT_ORG_SCP,SUIT_TX_SCP,RULE_COMNT,EFFT_FLG,OPER_TELR_NO,OPER_DT,OPER_RSN) VALUES

("060000","BN","N","1","TE","9999","*,","00303006","强制黑名单校验","1","900001","2019-07-25","批量新增"),
("060001","BN","N","1","TE","9999","*,","00303006","强制黑名单校验","1","900001","2019-07-25","批量新增"),
("060002","BN","N","1","TE","9999","*,","00303007","强制黑名单校验","1","900001","2019-07-25","批量新增"),
("060003","BN","N","1","TE","9999","*,","00303007","强制黑名单校验","1","900001","2019-07-25","批量新增"),
("060004","BN","N","1","TE","9999","*,","00303007","强制黑名单校验","1","900001","2019-07-25","批量新增"),
("060005","BN","N","1","TE","9999","*,","00102002_1","强制黑名单校验","1","900001","2019-07-25","批量新增"),
("060006","BN","N","1","TE","9999","*,","00201018","强制黑名单校验","1","900001","2019-07-25","批量新增"),
("060007","BN","N","1","TE","9999","*,","00201016","强制黑名单校验","1","900001","2019-07-25","批量新增"),
("060008","BN","N","1","TE","9999","*,","00201016","强制黑名单校验","1","900001","2019-07-25","批量新增"),
("060009","BN","N","1","TE","9999","*,","00201007","强制黑名单校验","1","900001","2019-07-25","批量新增"),
("060010","BN","N","1","TE","9999","*,","00201009","强制黑名单校验","1","900001","2019-07-25","批量新增"),
("060011","BN","N","1","TE","9999","*,","00201011","强制黑名单校验","1","900001","2019-07-25","批量新增"),
("060012","BN","N","1","TE","9999","*,","00201012","强制黑名单校验","1","900001","2019-07-25","批量新增"),
("060013","BN","N","1","TE","9999","*,","00201012","强制黑名单校验","1","900001","2019-07-25","批量新增"),
("060014","BN","N","1","TE","9999","*,","00201013","强制黑名单校验","1","900001","2019-07-25","批量新增"),
("060015","BN","N","1","TE","9999","*,","00201013","强制黑名单校验","1","900001","2019-07-25","批量新增"),
("060016","BN","N","1","TE","9999","*,","00201002","强制黑名单校验","1","900001","2019-07-25","批量新增"),
("060017","BN","N","1","TE","9999","*,","00201002","强制黑名单校验","1","900001","2019-07-25","批量新增"),
("060018","BN","N","1","TE","9999","*,","00201017","强制黑名单校验","1","900001","2019-07-25","批量新增"),
("060019","BN","N","1","TE","9999","*,","00201017","强制黑名单校验","1","900001","2019-07-25","批量新增"),
("060020","BN","N","1","TE","9999","*,","00201005","强制黑名单校验","1","900001","2019-07-25","批量新增"),
("060021","BN","N","1","TE","9999","*,","00201005","强制黑名单校验","1","900001","2019-07-25","批量新增"),
("060022","BN","N","1","TE","9999","*,","00201014","强制黑名单校验","1","900001","2019-07-25","批量新增"),
("060023","BN","N","1","TE","9999","*,","00201014","强制黑名单校验","1","900001","2019-07-25","批量新增"),
("060024","BN","N","1","TE","9999","*,","00201015","强制黑名单校验","1","900001","2019-07-25","批量新增"),
("060025","BN","N","1","TE","9999","*,","00201015","强制黑名单校验","1","900001","2019-07-25","批量新增"),
("060026","BN","N","1","TE","9999","*,","00201021","强制黑名单校验","1","900001","2019-07-25","批量新增"),
("060027","BN","N","1","TE","9999","*,","00201021","强制黑名单校验","1","900001","2019-07-25","批量新增"),
("060028","BN","N","1","TE","9999","*,","00302016","强制黑名单校验","1","900001","2019-07-25","批量新增"),
("060029","BN","N","1","TE","9999","*,","00302016","强制黑名单校验","1","900001","2019-07-25","批量新增"),
("060030","BN","N","1","TE","9999","*,","00302016","强制黑名单校验","1","900001","2019-07-25","批量新增"),
("060031","BN","N","1","TE","9999","*,","00303005","强制黑名单校验","1","900001","2019-07-25","批量新增"),
("060032","BN","N","1","TE","9999","*,","00303005","强制黑名单校验","1","900001","2019-07-25","批量新增"),
("060033","BN","N","1","TE","9999","*,","00303005","强制黑名单校验","1","900001","2019-07-25","批量新增"),
("060034","BN","N","1","TE","9999","*,","00302014","强制黑名单校验","1","900001","2019-07-25","批量新增"),
("060035","BN","N","1","TE","9999","*,","00302014","强制黑名单校验","1","900001","2019-07-25","批量新增"),
("060036","BN","N","1","TE","9999","*,","00302017","强制黑名单校验","1","900001","2019-07-25","批量新增"),
("060037","BN","N","1","TE","9999","*,","00302017","强制黑名单校验","1","900001","2019-07-25","批量新增"),
("060038","BN","N","1","TE","9999","*,","00305013","强制黑名单校验","1","900001","2019-07-25","批量新增"),
("060039","BN","N","1","TE","9999","*,","00305013","强制黑名单校验","1","900001","2019-07-25","批量新增"),
("060040","BN","N","1","TE","9999","*,","00305014","强制黑名单校验","1","900001","2019-07-25","批量新增"),
("060041","BN","N","1","TE","9999","*,","00305014","强制黑名单校验","1","900001","2019-07-25","批量新增"),
("060042","BN","N","1","TE","9999","*,","00303002","强制黑名单校验","1","900001","2019-07-25","批量新增"),
("060043","BN","N","1","TE","9999","*,","00303003","强制黑名单校验","1","900001","2019-07-25","批量新增"),
("060044","BN","N","1","TE","9999","*,","00303003","强制黑名单校验","1","900001","2019-07-25","批量新增"),
("060045","BN","N","1","TE","9999","*,","00303004","强制黑名单校验","1","900001","2019-07-25","批量新增"),
("060046","BN","N","1","TE","9999","*,","00303004","强制黑名单校验","1","900001","2019-07-25","批量新增"),
("060047","BN","N","1","TE","9999","*,","00303004","强制黑名单校验","1","900001","2019-07-25","批量新增"),
("060048","BN","N","1","TE","9999","*,","00305012","强制黑名单校验","1","900001","2019-07-25","批量新增"),
("060049","BN","N","1","TE","9999","*,","00303010","强制黑名单校验","1","900001","2019-07-25","批量新增"),
("060050","BN","N","1","TE","9999","*,","00303011","强制黑名单校验","1","900001","2019-07-25","批量新增"),
("060051","BN","N","1","TE","9999","*,","00306004","强制黑名单校验","1","900001","2019-07-25","批量新增"),
("060052","BN","N","1","TE","9999","*,","00306004","强制黑名单校验","1","900001","2019-07-25","批量新增"),
("060053","BN","N","1","TE","9999","*,","00306004","强制黑名单校验","1","900001","2019-07-25","批量新增"),
("060054","BN","N","1","TE","9999","*,","00306005","强制黑名单校验","1","900001","2019-07-25","批量新增"),
("060055","BN","N","1","TE","9999","*,","00306005","强制黑名单校验","1","900001","2019-07-25","批量新增"),
("060056","BN","N","1","TE","9999","*,","00306005","强制黑名单校验","1","900001","2019-07-25","批量新增"),
("060057","BN","N","1","TE","9999","*,","00306005","强制黑名单校验","1","900001","2019-07-25","批量新增"),
("060058","BN","N","1","TE","9999","*,","00306006","强制黑名单校验","1","900001","2019-07-25","批量新增"),
("060059","BN","N","1","TE","9999","*,","00306006","强制黑名单校验","1","900001","2019-07-25","批量新增"),
("060060","BN","N","1","TE","9999","*,","00306006","强制黑名单校验","1","900001","2019-07-25","批量新增"),
("060061","BN","N","1","TE","9999","*,","00306006","强制黑名单校验","1","900001","2019-07-25","批量新增"),
("060062","BN","N","1","TE","9999","*,","00306001","强制黑名单校验","1","900001","2019-07-25","批量新增"),
("060063","BN","N","1","TE","9999","*,","00306003","强制黑名单校验","1","900001","2019-07-25","批量新增"),
("060064","BN","N","1","TE","9999","*,","00306003","强制黑名单校验","1","900001","2019-07-25","批量新增"),
("060065","BN","N","1","TE","9999","*,","00306003","强制黑名单校验","1","900001","2019-07-25","批量新增"),
("060066","BN","N","1","TE","9999","*,","00201001","强制黑名单校验","1","900001","2019-07-25","批量新增"),
("060067","BN","N","1","TE","9999","*,","00201010","强制黑名单校验","1","900001","2019-07-25","批量新增"),
("060068","BN","N","1","TE","9999","*,","00201008","强制黑名单校验","1","900001","2019-07-25","批量新增"),
("060069","BN","N","1","TE","9999","*,","00305011","强制黑名单校验","1","900001","2019-07-25","批量新增"),
("060070","BN","N","1","TE","9999","*,","00305009","强制黑名单校验","1","900001","2019-07-25","批量新增"),
("060071","BN","N","1","TE","9999","*,","00301012","强制黑名单校验","1","900001","2019-07-25","批量新增"),
("060072","BN","N","1","TE","9999","*,","00301012","强制黑名单校验","1","900001","2019-07-25","批量新增"),
("060073","BN","N","1","TE","9999","*,","00301004","强制黑名单校验","1","900001","2019-07-25","批量新增"),
("060074","BN","N","1","TE","9999","*,","00301004","强制黑名单校验","1","900001","2019-07-25","批量新增"),
("060075","BN","N","1","TE","9999","*,","00301011","强制黑名单校验","1","900001","2019-07-25","批量新增"),
("060076","BN","N","1","TE","9999","*,","00301011","强制黑名单校验","1","900001","2019-07-25","批量新增"),
("060077","BN","N","1","TE","9999","*,","00301010","强制黑名单校验","1","900001","2019-07-25","批量新增"),
("060078","BN","N","1","TE","9999","*,","00301010","强制黑名单校验","1","900001","2019-07-25","批量新增"),
("060079","BN","N","1","TE","9999","*,","00301003","强制黑名单校验","1","900001","2019-07-25","批量新增"),
("060080","BN","N","1","TE","9999","*,","00301003","强制黑名单校验","1","900001","2019-07-25","批量新增"),
("060081","BN","N","1","TE","9999","*,","00301009","强制黑名单校验","1","900001","2019-07-25","批量新增"),
("060082","BN","N","1","TE","9999","*,","00301009","强制黑名单校验","1","900001","2019-07-25","批量新增"),
("060083","BN","N","1","TE","9999","*,","00301013","强制黑名单校验","1","900001","2019-07-25","批量新增"),
("060084","BN","N","1","TE","9999","*,","00301013","强制黑名单校验","1","900001","2019-07-25","批量新增"),
("060085","BN","N","1","TE","9999","*,","00301006","强制黑名单校验","1","900001","2019-07-25","批量新增"),
("060086","BN","N","1","TE","9999","*,","00301006","强制黑名单校验","1","900001","2019-07-25","批量新增"),
("060087","BN","N","1","TE","9999","*,","00301007","强制黑名单校验","1","900001","2019-07-25","批量新增"),
("060088","BN","N","1","TE","9999","*,","00301007","强制黑名单校验","1","900001","2019-07-25","批量新增"),
("060089","BN","N","1","TE","9999","*,","00301014","强制黑名单校验","1","900001","2019-07-25","批量新增"),
("060090","BN","N","1","TE","9999","*,","00301014","强制黑名单校验","1","900001","2019-07-25","批量新增"),
("060091","BN","N","1","TE","9999","*,","00302013","强制黑名单校验","1","900001","2019-07-25","批量新增"),
("060092","BN","N","1","TE","9999","*,","00302013","强制黑名单校验","1","900001","2019-07-25","批量新增"),
("060093","BN","N","1","TE","9999","*,","00301018","强制黑名单校验","1","900001","2019-07-25","批量新增"),
("060094","BN","N","1","TE","9999","*,","00301018","强制黑名单校验","1","900001","2019-07-25","批量新增"),
("060095","BN","N","1","TE","9999","*,","00301017","强制黑名单校验","1","900001","2019-07-25","批量新增"),
("060096","BN","N","1","TE","9999","*,","00301017","强制黑名单校验","1","900001","2019-07-25","批量新增"),
("060097","BN","N","1","TE","9999","*,","00301016","强制黑名单校验","1","900001","2019-07-25","批量新增"),
("060098","BN","N","1","TE","9999","*,","00301016","强制黑名单校验","1","900001","2019-07-25","批量新增"),
("060099","BN","N","1","TE","9999","*,","00302003","强制黑名单校验","1","900001","2019-07-25","批量新增"),
("060100","BN","N","1","TE","9999","*,","00302003","强制黑名单校验","1","900001","2019-07-25","批量新增"),
("060101","BN","N","1","TE","9999","*,","00301002","强制黑名单校验","1","900001","2019-07-25","批量新增"),
("060102","BN","N","1","TE","9999","*,","00301002","强制黑名单校验","1","900001","2019-07-25","批量新增"),
("060103","BN","N","1","TE","9999","*,","00302020","强制黑名单校验","1","900001","2019-07-25","批量新增"),
("060104","BN","N","1","TE","9999","*,","00302020","强制黑名单校验","1","900001","2019-07-25","批量新增"),
("060105","BN","N","1","TE","9999","*,","00301015","强制黑名单校验","1","900001","2019-07-25","批量新增"),
("060106","BN","N","1","TE","9999","*,","00301015","强制黑名单校验","1","900001","2019-07-25","批量新增"),
("060107","BN","N","1","TE","9999","*,","00302006","强制黑名单校验","1","900001","2019-07-25","批量新增"),
("060108","BN","N","1","TE","9999","*,","00302006","强制黑名单校验","1","900001","2019-07-25","批量新增"),
("060109","BN","N","1","TE","9999","*,","00302019","强制黑名单校验","1","900001","2019-07-25","批量新增"),
("060110","BN","N","1","TE","9999","*,","00302019","强制黑名单校验","1","900001","2019-07-25","批量新增"),
("060111","BN","N","1","TE","9999","*,","00302019","强制黑名单校验","1","900001","2019-07-25","批量新增"),
("060112","BN","N","1","TE","9999","*,","00301005","强制黑名单校验","1","900001","2019-07-25","批量新增"),
("060113","BN","N","1","TE","9999","*,","00301005","强制黑名单校验","1","900001","2019-07-25","批量新增"),
("060114","BN","N","1","TE","9999","*,","00301005","强制黑名单校验","1","900001","2019-07-25","批量新增"),
("060115","BN","N","1","TE","9999","*,","00302007","强制黑名单校验","1","900001","2019-07-25","批量新增"),
("060116","BN","N","1","TE","9999","*,","00302007","强制黑名单校验","1","900001","2019-07-25","批量新增"),
("060117","BN","N","1","TE","9999","*,","00302007","强制黑名单校验","1","900001","2019-07-25","批量新增"),
("060118","BN","N","1","TE","9999","*,","00302010","强制黑名单校验","1","900001","2019-07-25","批量新增"),
("060119","BN","N","1","TE","9999","*,","00302010","强制黑名单校验","1","900001","2019-07-25","批量新增"),
("060120","BN","N","1","TE","9999","*,","00302010","强制黑名单校验","1","900001","2019-07-25","批量新增"),
("060121","BN","N","1","TE","9999","*,","00302022","强制黑名单校验","1","900001","2019-07-25","批量新增"),
("060122","BN","N","1","TE","9999","*,","00302022","强制黑名单校验","1","900001","2019-07-25","批量新增"),
("060123","BN","N","1","TE","9999","*,","00302022","强制黑名单校验","1","900001","2019-07-25","批量新增"),
("060124","BN","N","1","TE","9999","*,","00302004","强制黑名单校验","1","900001","2019-07-25","批量新增"),
("060125","BN","N","1","TE","9999","*,","00302004","强制黑名单校验","1","900001","2019-07-25","批量新增"),
("060126","BN","N","1","TE","9999","*,","00302004","强制黑名单校验","1","900001","2019-07-25","批量新增"),
("060127","BN","N","1","TE","9999","*,","00302009","强制黑名单校验","1","900001","2019-07-25","批量新增"),
("060128","BN","N","1","TE","9999","*,","00302009","强制黑名单校验","1","900001","2019-07-25","批量新增"),
("060129","BN","N","1","TE","9999","*,","00302009","强制黑名单校验","1","900001","2019-07-25","批量新增"),
("060130","BN","N","1","TE","9999","*,","00302021","强制黑名单校验","1","900001","2019-07-25","批量新增"),
("060131","BN","N","1","TE","9999","*,","00302021","强制黑名单校验","1","900001","2019-07-25","批量新增"),
("060132","BN","N","1","TE","9999","*,","00302021","强制黑名单校验","1","900001","2019-07-25","批量新增"),
("060133","BN","N","1","TE","9999","*,","00302011","强制黑名单校验","1","900001","2019-07-25","批量新增"),
("060134","BN","N","1","TE","9999","*,","00302011","强制黑名单校验","1","900001","2019-07-25","批量新增"),
("060135","BN","N","1","TE","9999","*,","00302011","强制黑名单校验","1","900001","2019-07-25","批量新增"),
("060136","BN","N","1","TE","9999","*,","00302008","强制黑名单校验","1","900001","2019-07-25","批量新增"),
("060137","BN","N","1","TE","9999","*,","00302008","强制黑名单校验","1","900001","2019-07-25","批量新增"),
("060138","BN","N","1","TE","9999","*,","00302008","强制黑名单校验","1","900001","2019-07-25","批量新增"),
("060139","BN","N","1","TE","9999","*,","00302018","强制黑名单校验","1","900001","2019-07-25","批量新增"),
("060140","BN","N","1","TE","9999","*,","00302018","强制黑名单校验","1","900001","2019-07-25","批量新增"),
("060141","BN","N","1","TE","9999","*,","00302018","强制黑名单校验","1","900001","2019-07-25","批量新增"),
("060142","BN","N","1","TE","9999","*,","00302005","强制黑名单校验","1","900001","2019-07-25","批量新增"),
("060143","BN","N","1","TE","9999","*,","00302005","强制黑名单校验","1","900001","2019-07-25","批量新增"),
("060144","BN","N","1","TE","9999","*,","00302005","强制黑名单校验","1","900001","2019-07-25","批量新增"),
("060145","BN","N","1","TE","9999","*,","00302002","强制黑名单校验","1","900001","2019-07-25","批量新增"),
("060146","BN","N","1","TE","9999","*,","00302002","强制黑名单校验","1","900001","2019-07-25","批量新增"),
("060147","BN","N","1","TE","9999","*,","00302002","强制黑名单校验","1","900001","2019-07-25","批量新增"),
("060148","BN","N","1","TE","9999","*,","00302002","强制黑名单校验","1","900001","2019-07-25","批量新增"),
("060149","BN","N","1","TE","9999","*,","00201004","强制黑名单校验","1","900001","2019-07-25","批量新增"),
("060150","BN","N","1","TE","9999","*,","00303001","强制黑名单校验","1","900001","2019-07-25","批量新增"),
("060151","BN","N","1","TE","9999","*,","00303001","强制黑名单校验","1","900001","2019-07-25","批量新增");
-- IB_OM_RULECOND_RLT insert
INSERT INTO IB_OM_RULECOND_RLT (RULE_COND_NO,CMPL_MODE_FLG,OPRTN_RULE_NO) VALUES

("BN60000","0","060000"),
("BN60001","0","060001"),
("BN60002","0","060002"),
("BN60003","0","060003"),
("BN60004","0","060004"),
("BN60005","0","060005"),
("BN60006","0","060006"),
("BN60007","0","060007"),
("BN60008","0","060008"),
("BN60009","0","060009"),
("BN60010","0","060010"),
("BN60011","0","060011"),
("BN60012","0","060012"),
("BN60013","0","060013"),
("BN60014","0","060014"),
("BN60015","0","060015"),
("BN60016","0","060016"),
("BN60017","0","060017"),
("BN60018","0","060018"),
("BN60019","0","060019"),
("BN60020","0","060020"),
("BN60021","0","060021"),
("BN60022","0","060022"),
("BN60023","0","060023"),
("BN60024","0","060024"),
("BN60025","0","060025"),
("BN60026","0","060026"),
("BN60027","0","060027"),
("BN60028","0","060028"),
("BN60029","0","060029"),
("BN60030","0","060030"),
("BN60031","0","060031"),
("BN60032","0","060032"),
("BN60033","0","060033"),
("BN60034","0","060034"),
("BN60035","0","060035"),
("BN60036","0","060036"),
("BN60037","0","060037"),
("BN60038","0","060038"),
("BN60039","0","060039"),
("BN60040","0","060040"),
("BN60041","0","060041"),
("BN60042","0","060042"),
("BN60043","0","060043"),
("BN60044","0","060044"),
("BN60045","0","060045"),
("BN60046","0","060046"),
("BN60047","0","060047"),
("BN60048","0","060048"),
("BN60049","0","060049"),
("BN60050","0","060050"),
("BN60051","0","060051"),
("BN60052","0","060052"),
("BN60053","0","060053"),
("BN60054","0","060054"),
("BN60055","0","060055"),
("BN60056","0","060056"),
("BN60057","0","060057"),
("BN60058","0","060058"),
("BN60059","0","060059"),
("BN60060","0","060060"),
("BN60061","0","060061"),
("BN60062","0","060062"),
("BN60063","0","060063"),
("BN60064","0","060064"),
("BN60065","0","060065"),
("BN60066","0","060066"),
("BN60067","0","060067"),
("BN60068","0","060068"),
("BN60069","0","060069"),
("BN60070","0","060070"),
("BN60071","0","060071"),
("BN60072","0","060072"),
("BN60073","0","060073"),
("BN60074","0","060074"),
("BN60075","0","060075"),
("BN60076","0","060076"),
("BN60077","0","060077"),
("BN60078","0","060078"),
("BN60079","0","060079"),
("BN60080","0","060080"),
("BN60081","0","060081"),
("BN60082","0","060082"),
("BN60083","0","060083"),
("BN60084","0","060084"),
("BN60085","0","060085"),
("BN60086","0","060086"),
("BN60087","0","060087"),
("BN60088","0","060088"),
("BN60089","0","060089"),
("BN60090","0","060090"),
("BN60091","0","060091"),
("BN60092","0","060092"),
("BN60093","0","060093"),
("BN60094","0","060094"),
("BN60095","0","060095"),
("BN60096","0","060096"),
("BN60097","0","060097"),
("BN60098","0","060098"),
("BN60099","0","060099"),
("BN60100","0","060100"),
("BN60101","0","060101"),
("BN60102","0","060102"),
("BN60103","0","060103"),
("BN60104","0","060104"),
("BN60105","0","060105"),
("BN60106","0","060106"),
("BN60107","0","060107"),
("BN60108","0","060108"),
("BN60109","0","060109"),
("BN60110","0","060110"),
("BN60111","0","060111"),
("BN60112","0","060112"),
("BN60113","0","060113"),
("BN60114","0","060114"),
("BN60115","0","060115"),
("BN60116","0","060116"),
("BN60117","0","060117"),
("BN60118","0","060118"),
("BN60119","0","060119"),
("BN60120","0","060120"),
("BN60121","0","060121"),
("BN60122","0","060122"),
("BN60123","0","060123"),
("BN60124","0","060124"),
("BN60125","0","060125"),
("BN60126","0","060126"),
("BN60127","0","060127"),
("BN60128","0","060128"),
("BN60129","0","060129"),
("BN60130","0","060130"),
("BN60131","0","060131"),
("BN60132","0","060132"),
("BN60133","0","060133"),
("BN60134","0","060134"),
("BN60135","0","060135"),
("BN60136","0","060136"),
("BN60137","0","060137"),
("BN60138","0","060138"),
("BN60139","0","060139"),
("BN60140","0","060140"),
("BN60141","0","060141"),
("BN60142","0","060142"),
("BN60143","0","060143"),
("BN60144","0","060144"),
("BN60145","0","060145"),
("BN60146","0","060146"),
("BN60147","0","060147"),
("BN60148","0","060148"),
("BN60149","0","060149"),
("BN60150","0","060150"),
("BN60151","0","060151");
-- IB_OM_MODE_INFO insert
INSERT INTO IB_OM_MODE_INFO (RULE_MODE_NO,FIELD_SEQ_NO,FIELD_NM,FIELD_DICTRY_NM,RULE_MODE_TYP_CD) VALUES

("BN60000","1","blockCodeStr","1042000027,1042000028,1042000032,1042000033,1042000034,1042000040,1042000041","BN"),
("BN60001","2","blockCodeStr","1042000027,1042000028,1042000032,1042000033,1042000034,1042000040,1042000041","BN"),
("BN60002","3","blockCodeStr","1042000027,1042000028,1042000032,1042000033,1042000034,1042000040,1042000041","BN"),
("BN60003","4","blockCodeStr","1042000027,1042000028,1042000032,1042000033,1042000034,1042000040,1042000041","BN"),
("BN60004","5","blockCodeStr","1042000027,1042000028,1042000032,1042000033,1042000034,1042000040,1042000041","BN"),
("BN60005","6","blockCodeStr","","BN"),
("BN60006","7","blockCodeStr","1042000027,1042000028,1042000032,1042000033,1042000034,1042000040,1042000041","BN"),
("BN60007","9","blockCodeStr","1042000027,1042000028,1042000032,1042000033,1042000034,1042000040,1042000041","BN"),
("BN60008","10","blockCodeStr","1042000027,1042000028,1042000032,1042000033,1042000034,1042000040,1042000041","BN"),
("BN60009","11","blockCodeStr","1042000027,1042000028,1042000032,1042000033,1042000034,1042000040,1042000041","BN"),
("BN60010","12","blockCodeStr","1042000027,1042000028,1042000032,1042000033,1042000034,1042000040,1042000041","BN"),
("BN60011","13","blockCodeStr","1042000027,1042000028,1042000032,1042000033,1042000034,1042000040,1042000041","BN"),
("BN60012","14","blockCodeStr","1042000027,1042000028,1042000032,1042000033,1042000034,1042000040,1042000041","BN"),
("BN60013","15","blockCodeStr","1042000027,1042000028,1042000032,1042000033,1042000034,1042000040,1042000041","BN"),
("BN60014","16","blockCodeStr","1042000027,1042000028,1042000032,1042000033,1042000034,1042000040,1042000041","BN"),
("BN60015","17","blockCodeStr","1042000027,1042000028,1042000032,1042000033,1042000034,1042000040,1042000041","BN"),
("BN60016","18","blockCodeStr","1042000027,1042000028,1042000032,1042000033,1042000034,1042000040,1042000041","BN"),
("BN60017","19","blockCodeStr","1042000027,1042000028,1042000032,1042000033,1042000034,1042000040,1042000041","BN"),
("BN60018","20","blockCodeStr","1042000027,1042000028,1042000032,1042000033,1042000034,1042000040,1042000041","BN"),
("BN60019","21","blockCodeStr","1042000027,1042000028,1042000032,1042000033,1042000034,1042000040,1042000041","BN"),
("BN60020","22","blockCodeStr","1042000027,1042000028,1042000032,1042000033,1042000034,1042000040,1042000041","BN"),
("BN60021","23","blockCodeStr","1042000027,1042000028,1042000032,1042000033,1042000034,1042000040,1042000041","BN"),
("BN60022","24","blockCodeStr","1042000027,1042000028,1042000032,1042000033,1042000034,1042000040,1042000041","BN"),
("BN60023","25","blockCodeStr","1042000027,1042000028,1042000032,1042000033,1042000034,1042000040,1042000041","BN"),
("BN60024","26","blockCodeStr","1042000027,1042000028,1042000032,1042000033,1042000034,1042000040,1042000041","BN"),
("BN60025","27","blockCodeStr","1042000027,1042000028,1042000032,1042000033,1042000034,1042000040,1042000041","BN"),
("BN60026","28","blockCodeStr","1042000027,1042000028,1042000032,1042000033,1042000034,1042000040,1042000041","BN"),
("BN60027","29","blockCodeStr","1042000027,1042000028,1042000032,1042000033,1042000034,1042000040,1042000041","BN"),
("BN60028","30","blockCodeStr","1042000027,1042000028,1042000032,1042000033,1042000034,1042000040,1042000041","BN"),
("BN60029","31","blockCodeStr","1042000027,1042000028,1042000032,1042000033,1042000034,1042000040,1042000041","BN"),
("BN60030","32","blockCodeStr","1042000027,1042000028,1042000032,1042000033,1042000034,1042000040,1042000041","BN"),
("BN60031","33","blockCodeStr","1042000027,1042000028,1042000032,1042000033,1042000034,1042000040,1042000041","BN"),
("BN60032","34","blockCodeStr","1042000027,1042000028,1042000032,1042000033,1042000034,1042000040,1042000041","BN"),
("BN60033","35","blockCodeStr","1042000027,1042000028,1042000032,1042000033,1042000034,1042000040,1042000041","BN"),
("BN60034","36","blockCodeStr","1042000027,1042000028,1042000032,1042000033,1042000034,1042000040,1042000041","BN"),
("BN60035","37","blockCodeStr","1042000027,1042000028,1042000032,1042000033,1042000034,1042000040,1042000041","BN"),
("BN60036","38","blockCodeStr","1042000027,1042000028,1042000032,1042000033,1042000034,1042000040,1042000041","BN"),
("BN60037","39","blockCodeStr","1042000027,1042000028,1042000032,1042000033,1042000034,1042000040,1042000041","BN"),
("BN60038","40","blockCodeStr","1042000027,1042000028,1042000032,1042000033,1042000034,1042000040,1042000041","BN"),
("BN60039","41","blockCodeStr","1042000027,1042000028,1042000032,1042000033,1042000034,1042000040,1042000041","BN"),
("BN60040","42","blockCodeStr","1042000027,1042000028,1042000032,1042000033,1042000034,1042000040,1042000041","BN"),
("BN60041","43","blockCodeStr","1042000027,1042000028,1042000032,1042000033,1042000034,1042000040,1042000041","BN"),
("BN60042","44","blockCodeStr","1042000027,1042000028,1042000032,1042000033,1042000034,1042000040,1042000041","BN"),
("BN60043","45","blockCodeStr","1042000027,1042000028,1042000032,1042000033,1042000034,1042000040,1042000041","BN"),
("BN60044","46","blockCodeStr","1042000027,1042000028,1042000032,1042000033,1042000034,1042000040,1042000041","BN"),
("BN60045","47","blockCodeStr","1042000027,1042000028,1042000032,1042000033,1042000034,1042000040,1042000041","BN"),
("BN60046","48","blockCodeStr","1042000027,1042000028,1042000032,1042000033,1042000034,1042000040,1042000041","BN"),
("BN60047","49","blockCodeStr","1042000027,1042000028,1042000032,1042000033,1042000034,1042000040,1042000041","BN"),
("BN60048","50","blockCodeStr","1042000027,1042000028,1042000032,1042000033,1042000034,1042000040,1042000041","BN"),
("BN60049","51","blockCodeStr","1042000027,1042000028,1042000032,1042000033,1042000034,1042000040,1042000041","BN"),
("BN60050","52","blockCodeStr","1042000027,1042000028,1042000032,1042000033,1042000034,1042000040,1042000041","BN"),
("BN60051","53","blockCodeStr","1042000027,1042000028,1042000032,1042000033,1042000034,1042000040,1042000041","BN"),
("BN60052","54","blockCodeStr","1042000027,1042000028,1042000032,1042000033,1042000034,1042000040,1042000041","BN"),
("BN60053","55","blockCodeStr","1042000027,1042000028,1042000032,1042000033,1042000034,1042000040,1042000041","BN"),
("BN60054","56","blockCodeStr","1042000027,1042000028,1042000032,1042000033,1042000034,1042000040,1042000041","BN"),
("BN60055","57","blockCodeStr","1042000027,1042000028,1042000032,1042000033,1042000034,1042000040,1042000041","BN"),
("BN60056","58","blockCodeStr","1042000027,1042000028,1042000032,1042000033,1042000034,1042000040,1042000041","BN"),
("BN60057","59","blockCodeStr","1042000027,1042000028,1042000032,1042000033,1042000034,1042000040,1042000041","BN"),
("BN60058","60","blockCodeStr","1042000027,1042000028,1042000032,1042000033,1042000034,1042000040,1042000041","BN"),
("BN60059","61","blockCodeStr","1042000027,1042000028,1042000032,1042000033,1042000034,1042000040,1042000041","BN"),
("BN60060","62","blockCodeStr","1042000027,1042000028,1042000032,1042000033,1042000034,1042000040,1042000041","BN"),
("BN60061","63","blockCodeStr","1042000027,1042000028,1042000032,1042000033,1042000034,1042000040,1042000041","BN"),
("BN60062","64","blockCodeStr","1042000027,1042000028,1042000032,1042000033,1042000034,1042000040,1042000041","BN"),
("BN60063","65","blockCodeStr","1042000027,1042000028,1042000032,1042000033,1042000034,1042000040,1042000041","BN"),
("BN60064","66","blockCodeStr","1042000027,1042000028,1042000032,1042000033,1042000034,1042000040,1042000041","BN"),
("BN60065","67","blockCodeStr","1042000027,1042000028,1042000032,1042000033,1042000034,1042000040,1042000041","BN"),
("BN60066","68","blockCodeStr","1042000027,1042000028,1042000032,1042000033,1042000034,1042000040,1042000041","BN"),
("BN60067","69","blockCodeStr","1042000027,1042000028,1042000032,1042000033,1042000034,1042000040,1042000041","BN"),
("BN60068","70","blockCodeStr","1042000027,1042000028,1042000032,1042000033,1042000034,1042000040,1042000041","BN"),
("BN60069","71","blockCodeStr","1042000027,1042000028,1042000032,1042000033,1042000034,1042000040,1042000041","BN"),
("BN60070","72","blockCodeStr","1042000027,1042000028,1042000032,1042000033,1042000034,1042000040,1042000041","BN"),
("BN60071","73","blockCodeStr","1042000027,1042000028,1042000032,1042000033,1042000034,1042000040,1042000041","BN"),
("BN60072","74","blockCodeStr","1042000027,1042000028,1042000032,1042000033,1042000034,1042000040,1042000041","BN"),
("BN60073","75","blockCodeStr","1042000027,1042000028,1042000032,1042000033,1042000034,1042000040,1042000041","BN"),
("BN60074","76","blockCodeStr","1042000027,1042000028,1042000032,1042000033,1042000034,1042000040,1042000041","BN"),
("BN60075","77","blockCodeStr","1042000027,1042000028,1042000032,1042000033,1042000034,1042000040,1042000041","BN"),
("BN60076","78","blockCodeStr","1042000027,1042000028,1042000032,1042000033,1042000034,1042000040,1042000041","BN"),
("BN60077","79","blockCodeStr","1042000027,1042000028,1042000032,1042000033,1042000034,1042000040,1042000041","BN"),
("BN60078","80","blockCodeStr","1042000027,1042000028,1042000032,1042000033,1042000034,1042000040,1042000041","BN"),
("BN60079","81","blockCodeStr","1042000027,1042000028,1042000032,1042000033,1042000034,1042000040,1042000041","BN"),
("BN60080","82","blockCodeStr","1042000027,1042000028,1042000032,1042000033,1042000034,1042000040,1042000041","BN"),
("BN60081","83","blockCodeStr","1042000027,1042000028,1042000032,1042000033,1042000034,1042000040,1042000041","BN"),
("BN60082","84","blockCodeStr","1042000027,1042000028,1042000032,1042000033,1042000034,1042000040,1042000041","BN"),
("BN60083","85","blockCodeStr","1042000027,1042000028,1042000032,1042000033,1042000034,1042000040,1042000041","BN"),
("BN60084","86","blockCodeStr","1042000027,1042000028,1042000032,1042000033,1042000034,1042000040,1042000041","BN"),
("BN60085","87","blockCodeStr","1042000027,1042000028,1042000032,1042000033,1042000034,1042000040,1042000041","BN"),
("BN60086","88","blockCodeStr","1042000027,1042000028,1042000032,1042000033,1042000034,1042000040,1042000041","BN"),
("BN60087","89","blockCodeStr","1042000027,1042000028,1042000032,1042000033,1042000034,1042000040,1042000041","BN"),
("BN60088","90","blockCodeStr","1042000027,1042000028,1042000032,1042000033,1042000034,1042000040,1042000041","BN"),
("BN60089","91","blockCodeStr","1042000027,1042000028,1042000032,1042000033,1042000034,1042000040,1042000041","BN"),
("BN60090","92","blockCodeStr","1042000027,1042000028,1042000032,1042000033,1042000034,1042000040,1042000041","BN"),
("BN60091","93","blockCodeStr","1042000027,1042000028,1042000032,1042000033,1042000034,1042000040,1042000041","BN"),
("BN60092","94","blockCodeStr","1042000027,1042000028,1042000032,1042000033,1042000034,1042000040,1042000041","BN"),
("BN60093","95","blockCodeStr","1042000027,1042000028,1042000032,1042000033,1042000034,1042000040,1042000041","BN"),
("BN60094","96","blockCodeStr","1042000027,1042000028,1042000032,1042000033,1042000034,1042000040,1042000041","BN"),
("BN60095","97","blockCodeStr","1042000027,1042000028,1042000032,1042000033,1042000034,1042000040,1042000041","BN"),
("BN60096","98","blockCodeStr","1042000027,1042000028,1042000032,1042000033,1042000034,1042000040,1042000041","BN"),
("BN60097","99","blockCodeStr","1042000027,1042000028,1042000032,1042000033,1042000034,1042000040,1042000041","BN"),
("BN60098","100","blockCodeStr","1042000027,1042000028,1042000032,1042000033,1042000034,1042000040,1042000041","BN"),
("BN60099","101","blockCodeStr","1042000027,1042000028,1042000032,1042000033,1042000034,1042000040,1042000041","BN"),
("BN60100","102","blockCodeStr","1042000027,1042000028,1042000032,1042000033,1042000034,1042000040,1042000041","BN"),
("BN60101","103","blockCodeStr","1042000027,1042000028,1042000032,1042000033,1042000034,1042000040,1042000041","BN"),
("BN60102","104","blockCodeStr","1042000027,1042000028,1042000032,1042000033,1042000034,1042000040,1042000041","BN"),
("BN60103","105","blockCodeStr","1042000027,1042000028,1042000032,1042000033,1042000034,1042000040,1042000041","BN"),
("BN60104","106","blockCodeStr","1042000027,1042000028,1042000032,1042000033,1042000034,1042000040,1042000041","BN"),
("BN60105","107","blockCodeStr","1042000027,1042000028,1042000032,1042000033,1042000034,1042000040,1042000041","BN"),
("BN60106","108","blockCodeStr","1042000027,1042000028,1042000032,1042000033,1042000034,1042000040,1042000041","BN"),
("BN60107","109","blockCodeStr","1042000027,1042000028,1042000032,1042000033,1042000034,1042000040,1042000041","BN"),
("BN60108","111","blockCodeStr","1042000027,1042000028,1042000032,1042000033,1042000034,1042000040,1042000041","BN"),
("BN60109","112","blockCodeStr","1042000027,1042000028,1042000032,1042000033,1042000034,1042000040,1042000041","BN"),
("BN60110","113","blockCodeStr","1042000027,1042000028,1042000032,1042000033,1042000034,1042000040,1042000041","BN"),
("BN60111","114","blockCodeStr","1042000027,1042000028,1042000032,1042000033,1042000034,1042000040,1042000041","BN"),
("BN60112","115","blockCodeStr","1042000027,1042000028,1042000032,1042000033,1042000034,1042000040,1042000041","BN"),
("BN60113","116","blockCodeStr","1042000027,1042000028,1042000032,1042000033,1042000034,1042000040,1042000041","BN"),
("BN60114","117","blockCodeStr","1042000027,1042000028,1042000032,1042000033,1042000034,1042000040,1042000041","BN"),
("BN60115","118","blockCodeStr","1042000027,1042000028,1042000032,1042000033,1042000034,1042000040,1042000041","BN"),
("BN60116","119","blockCodeStr","1042000027,1042000028,1042000032,1042000033,1042000034,1042000040,1042000041","BN"),
("BN60117","120","blockCodeStr","1042000027,1042000028,1042000032,1042000033,1042000034,1042000040,1042000041","BN"),
("BN60118","121","blockCodeStr","1042000027,1042000028,1042000032,1042000033,1042000034,1042000040,1042000041","BN"),
("BN60119","122","blockCodeStr","1042000027,1042000028,1042000032,1042000033,1042000034,1042000040,1042000041","BN"),
("BN60120","123","blockCodeStr","1042000027,1042000028,1042000032,1042000033,1042000034,1042000040,1042000041","BN"),
("BN60121","124","blockCodeStr","1042000027,1042000028,1042000032,1042000033,1042000034,1042000040,1042000041","BN"),
("BN60122","125","blockCodeStr","1042000027,1042000028,1042000032,1042000033,1042000034,1042000040,1042000041","BN"),
("BN60123","126","blockCodeStr","1042000027,1042000028,1042000032,1042000033,1042000034,1042000040,1042000041","BN"),
("BN60124","127","blockCodeStr","1042000027,1042000028,1042000032,1042000033,1042000034,1042000040,1042000041","BN"),
("BN60125","128","blockCodeStr","1042000027,1042000028,1042000032,1042000033,1042000034,1042000040,1042000041","BN"),
("BN60126","129","blockCodeStr","1042000027,1042000028,1042000032,1042000033,1042000034,1042000040,1042000041","BN"),
("BN60127","130","blockCodeStr","1042000027,1042000028,1042000032,1042000033,1042000034,1042000040,1042000041","BN"),
("BN60128","131","blockCodeStr","1042000027,1042000028,1042000032,1042000033,1042000034,1042000040,1042000041","BN"),
("BN60129","132","blockCodeStr","1042000027,1042000028,1042000032,1042000033,1042000034,1042000040,1042000041","BN"),
("BN60130","133","blockCodeStr","1042000027,1042000028,1042000032,1042000033,1042000034,1042000040,1042000041","BN"),
("BN60131","135","blockCodeStr","1042000027,1042000028,1042000032,1042000033,1042000034,1042000040,1042000041","BN"),
("BN60132","136","blockCodeStr","1042000027,1042000028,1042000032,1042000033,1042000034,1042000040,1042000041","BN"),
("BN60133","137","blockCodeStr","1042000027,1042000028,1042000032,1042000033,1042000034,1042000040,1042000041","BN"),
("BN60134","138","blockCodeStr","1042000027,1042000028,1042000032,1042000033,1042000034,1042000040,1042000041","BN"),
("BN60135","139","blockCodeStr","1042000027,1042000028,1042000032,1042000033,1042000034,1042000040,1042000041","BN"),
("BN60136","140","blockCodeStr","1042000027,1042000028,1042000032,1042000033,1042000034,1042000040,1042000041","BN"),
("BN60137","141","blockCodeStr","1042000027,1042000028,1042000032,1042000033,1042000034,1042000040,1042000041","BN"),
("BN60138","142","blockCodeStr","1042000027,1042000028,1042000032,1042000033,1042000034,1042000040,1042000041","BN"),
("BN60139","143","blockCodeStr","1042000027,1042000028,1042000032,1042000033,1042000034,1042000040,1042000041","BN"),
("BN60140","144","blockCodeStr","1042000027,1042000028,1042000032,1042000033,1042000034,1042000040,1042000041","BN"),
("BN60141","145","blockCodeStr","1042000027,1042000028,1042000032,1042000033,1042000034,1042000040,1042000041","BN"),
("BN60142","146","blockCodeStr","1042000027,1042000028,1042000032,1042000033,1042000034,1042000040,1042000041","BN"),
("BN60143","147","blockCodeStr","1042000027,1042000028,1042000032,1042000033,1042000034,1042000040,1042000041","BN"),
("BN60144","148","blockCodeStr","1042000027,1042000028,1042000032,1042000033,1042000034,1042000040,1042000041","BN"),
("BN60145","149","blockCodeStr","1042000027,1042000028,1042000032,1042000033,1042000034,1042000040,1042000041","BN"),
("BN60146","150","blockCodeStr","1042000027,1042000028,1042000032,1042000033,1042000034,1042000040,1042000041","BN"),
("BN60147","151","blockCodeStr","1042000027,1042000028,1042000032,1042000033,1042000034,1042000040,1042000041","BN"),
("BN60148","152","blockCodeStr","1042000027,1042000028,1042000032,1042000033,1042000034,1042000040,1042000041","BN"),
("BN60149","153","blockCodeStr","1042000027,1042000028,1042000032,1042000033,1042000034,1042000040,1042000041","BN"),
("BN60150","154","blockCodeStr","1042000027,1042000028,1042000032,1042000033,1042000034,1042000040,1042000041","BN"),
("BN60151","155","blockCodeStr","1042000027,1042000028,1042000032,1042000033,1042000034,1042000040,1042000041","BN");
  
COMMIT;