

DELETE FROM IB_OM_RULE_INFO WHERE RULE_NO IN ( '095000','095001','095002','095003','095004','095005','095006','095007','095008','095009','095010','095011','095012','095013','095014','095015','095016','095017','095018','095019','095020','095021','095022','095023','095024','095025','095026','095027','095028','095029','095030','095031','095032','095033','095034','095035','095036','095037','095038','095039','095040','095041','095042','095043','095044','095045','095046' );
DELETE FROM IB_OM_RULECOND_INFO WHERE OPRTN_COND_NO IN ( 'CI95000','CI95001','CI95003','CI95004','CI95013','CI95016','CI95020','CI95021','CI95024','CI95025','CI95025','CI95026','CI95027','CI95028','CI95029','CI95030','CI95031','CI95031','CI95032','CI95032','CI95033','CI95034','CI95036','CI95036','CI95037','CI95037','CI95038','CI95039','CI95039','CI95040','CI95040','CI95041','CI95042','CI95043','CI95044','CI95045' );
DELETE FROM IB_OM_RULECOND_RLT WHERE RULE_COND_NO='CI95000' AND CMPL_MODE_FLG='1' AND OPRTN_RULE_NO='095000';
DELETE FROM IB_OM_RULECOND_RLT WHERE RULE_COND_NO='CI95000' AND CMPL_MODE_FLG='0' AND OPRTN_RULE_NO='095000';
DELETE FROM IB_OM_RULECOND_RLT WHERE RULE_COND_NO='CI95001' AND CMPL_MODE_FLG='1' AND OPRTN_RULE_NO='095001';
DELETE FROM IB_OM_RULECOND_RLT WHERE RULE_COND_NO='CI95002' AND CMPL_MODE_FLG='0' AND OPRTN_RULE_NO='095002';
DELETE FROM IB_OM_RULECOND_RLT WHERE RULE_COND_NO='CI95003' AND CMPL_MODE_FLG='1' AND OPRTN_RULE_NO='095003';
DELETE FROM IB_OM_RULECOND_RLT WHERE RULE_COND_NO='CI95004' AND CMPL_MODE_FLG='1' AND OPRTN_RULE_NO='095004';
DELETE FROM IB_OM_RULECOND_RLT WHERE RULE_COND_NO='CI95005' AND CMPL_MODE_FLG='0' AND OPRTN_RULE_NO='095005';
DELETE FROM IB_OM_RULECOND_RLT WHERE RULE_COND_NO='CI95006' AND CMPL_MODE_FLG='0' AND OPRTN_RULE_NO='095006';
DELETE FROM IB_OM_RULECOND_RLT WHERE RULE_COND_NO='CI95007' AND CMPL_MODE_FLG='0' AND OPRTN_RULE_NO='095007';
DELETE FROM IB_OM_RULECOND_RLT WHERE RULE_COND_NO='CI95008' AND CMPL_MODE_FLG='0' AND OPRTN_RULE_NO='095008';
DELETE FROM IB_OM_RULECOND_RLT WHERE RULE_COND_NO='CI95009' AND CMPL_MODE_FLG='0' AND OPRTN_RULE_NO='095009';
DELETE FROM IB_OM_RULECOND_RLT WHERE RULE_COND_NO='CI95010' AND CMPL_MODE_FLG='0' AND OPRTN_RULE_NO='095010';
DELETE FROM IB_OM_RULECOND_RLT WHERE RULE_COND_NO='CI95011' AND CMPL_MODE_FLG='0' AND OPRTN_RULE_NO='095011';
DELETE FROM IB_OM_RULECOND_RLT WHERE RULE_COND_NO='CI95012' AND CMPL_MODE_FLG='0' AND OPRTN_RULE_NO='095012';
DELETE FROM IB_OM_RULECOND_RLT WHERE RULE_COND_NO='CI95013' AND CMPL_MODE_FLG='1' AND OPRTN_RULE_NO='095013';
DELETE FROM IB_OM_RULECOND_RLT WHERE RULE_COND_NO='CI95014' AND CMPL_MODE_FLG='0' AND OPRTN_RULE_NO='095014';
DELETE FROM IB_OM_RULECOND_RLT WHERE RULE_COND_NO='CI95015' AND CMPL_MODE_FLG='0' AND OPRTN_RULE_NO='095015';
DELETE FROM IB_OM_RULECOND_RLT WHERE RULE_COND_NO='CI95016' AND CMPL_MODE_FLG='1' AND OPRTN_RULE_NO='095016';
DELETE FROM IB_OM_RULECOND_RLT WHERE RULE_COND_NO='CI95017' AND CMPL_MODE_FLG='0' AND OPRTN_RULE_NO='095017';
DELETE FROM IB_OM_RULECOND_RLT WHERE RULE_COND_NO='CI95018' AND CMPL_MODE_FLG='0' AND OPRTN_RULE_NO='095018';
DELETE FROM IB_OM_RULECOND_RLT WHERE RULE_COND_NO='CI95019' AND CMPL_MODE_FLG='0' AND OPRTN_RULE_NO='095019';
DELETE FROM IB_OM_RULECOND_RLT WHERE RULE_COND_NO='CI95020' AND CMPL_MODE_FLG='1' AND OPRTN_RULE_NO='095020';
DELETE FROM IB_OM_RULECOND_RLT WHERE RULE_COND_NO='CI95021' AND CMPL_MODE_FLG='1' AND OPRTN_RULE_NO='095021';
DELETE FROM IB_OM_RULECOND_RLT WHERE RULE_COND_NO='CI95022' AND CMPL_MODE_FLG='0' AND OPRTN_RULE_NO='095022';
DELETE FROM IB_OM_RULECOND_RLT WHERE RULE_COND_NO='CI95023' AND CMPL_MODE_FLG='0' AND OPRTN_RULE_NO='095023';
DELETE FROM IB_OM_RULECOND_RLT WHERE RULE_COND_NO='CI95024' AND CMPL_MODE_FLG='1' AND OPRTN_RULE_NO='095024';
DELETE FROM IB_OM_RULECOND_RLT WHERE RULE_COND_NO='CI95025' AND CMPL_MODE_FLG='1' AND OPRTN_RULE_NO='095025';
DELETE FROM IB_OM_RULECOND_RLT WHERE RULE_COND_NO='CI95026' AND CMPL_MODE_FLG='1' AND OPRTN_RULE_NO='095026';
DELETE FROM IB_OM_RULECOND_RLT WHERE RULE_COND_NO='CI95027' AND CMPL_MODE_FLG='1' AND OPRTN_RULE_NO='095027';
DELETE FROM IB_OM_RULECOND_RLT WHERE RULE_COND_NO='CI95028' AND CMPL_MODE_FLG='1' AND OPRTN_RULE_NO='095028';
DELETE FROM IB_OM_RULECOND_RLT WHERE RULE_COND_NO='CI95029' AND CMPL_MODE_FLG='1' AND OPRTN_RULE_NO='095029';
DELETE FROM IB_OM_RULECOND_RLT WHERE RULE_COND_NO='CI95030' AND CMPL_MODE_FLG='1' AND OPRTN_RULE_NO='095030';
DELETE FROM IB_OM_RULECOND_RLT WHERE RULE_COND_NO='CI95031' AND CMPL_MODE_FLG='1' AND OPRTN_RULE_NO='095031';
DELETE FROM IB_OM_RULECOND_RLT WHERE RULE_COND_NO='CI95032' AND CMPL_MODE_FLG='1' AND OPRTN_RULE_NO='095032';
DELETE FROM IB_OM_RULECOND_RLT WHERE RULE_COND_NO='CI95033' AND CMPL_MODE_FLG='1' AND OPRTN_RULE_NO='095033';
DELETE FROM IB_OM_RULECOND_RLT WHERE RULE_COND_NO='CI95034' AND CMPL_MODE_FLG='1' AND OPRTN_RULE_NO='095034';
DELETE FROM IB_OM_RULECOND_RLT WHERE RULE_COND_NO='CI95035' AND CMPL_MODE_FLG='0' AND OPRTN_RULE_NO='095035';
DELETE FROM IB_OM_RULECOND_RLT WHERE RULE_COND_NO='CI95036' AND CMPL_MODE_FLG='1' AND OPRTN_RULE_NO='095036';
DELETE FROM IB_OM_RULECOND_RLT WHERE RULE_COND_NO='CI95037' AND CMPL_MODE_FLG='1' AND OPRTN_RULE_NO='095037';
DELETE FROM IB_OM_RULECOND_RLT WHERE RULE_COND_NO='CI95038' AND CMPL_MODE_FLG='1' AND OPRTN_RULE_NO='095038';
DELETE FROM IB_OM_RULECOND_RLT WHERE RULE_COND_NO='CI95039' AND CMPL_MODE_FLG='1' AND OPRTN_RULE_NO='095039';
DELETE FROM IB_OM_RULECOND_RLT WHERE RULE_COND_NO='CI95040' AND CMPL_MODE_FLG='1' AND OPRTN_RULE_NO='095040';
DELETE FROM IB_OM_RULECOND_RLT WHERE RULE_COND_NO='CI95041' AND CMPL_MODE_FLG='1' AND OPRTN_RULE_NO='095041';
DELETE FROM IB_OM_RULECOND_RLT WHERE RULE_COND_NO='CI95042' AND CMPL_MODE_FLG='1' AND OPRTN_RULE_NO='095042';
DELETE FROM IB_OM_RULECOND_RLT WHERE RULE_COND_NO='CI95043' AND CMPL_MODE_FLG='1' AND OPRTN_RULE_NO='095043';
DELETE FROM IB_OM_RULECOND_RLT WHERE RULE_COND_NO='CI95044' AND CMPL_MODE_FLG='1' AND OPRTN_RULE_NO='095044';
DELETE FROM IB_OM_RULECOND_RLT WHERE RULE_COND_NO='CI95045' AND CMPL_MODE_FLG='1' AND OPRTN_RULE_NO='095045';
DELETE FROM IB_OM_RULECOND_RLT WHERE RULE_COND_NO='CI95046' AND CMPL_MODE_FLG='1' AND OPRTN_RULE_NO='095046';
DELETE FROM IB_OM_MODE_INFO WHERE RULE_MODE_NO IN ( 'CI95000','CI95000','CI95000','CI95001','CI95001','CI95001','CI95002','CI95002','CI95002','CI95003','CI95003','CI95003','CI95004','CI95004','CI95004','CI95005','CI95005','CI95005','CI95006','CI95006','CI95006','CI95007','CI95007','CI95007','CI95008','CI95008','CI95008','CI95009','CI95009','CI95009','CI95010','CI95010','CI95010','CI95011','CI95011','CI95011','CI95012','CI95012','CI95012','CI95013','CI95013','CI95013','CI95014','CI95014','CI95014','CI95015','CI95015','CI95015','CI95016','CI95016','CI95016','CI95017','CI95017','CI95017','CI95018','CI95018','CI95018','CI95019','CI95019','CI95019','CI95020','CI95020','CI95020','CI95021','CI95021','CI95021','CI95022','CI95022','CI95022','CI95023','CI95023','CI95023','CI95024','CI95024','CI95024','CI95025','CI95025','CI95025','CI95026','CI95026','CI95026','CI95027','CI95027','CI95027','CI95028','CI95028','CI95028','CI95029','CI95029','CI95029','CI95030','CI95030','CI95030','CI95031','CI95031','CI95031','CI95032','CI95032','CI95032','CI95033','CI95033','CI95033','CI95034','CI95034','CI95034','CI95035','CI95035','CI95035','CI95036','CI95036','CI95036','CI95037','CI95037','CI95037','CI95038','CI95038','CI95038','CI95039','CI95039','CI95039','CI95040','CI95040','CI95040','CI95041','CI95041','CI95041','CI95042','CI95042','CI95042','CI95043','CI95043','CI95043','CI95044','CI95044','CI95044','CI95044','CI95044','CI95044','CI95044','CI95044','CI95044','CI95045','CI95045','CI95045','CI95046','CI95046','CI95046' );


-- IB_OM_RULE_INFO insert
INSERT INTO IB_OM_RULE_INFO (RULE_NO,RULE_TYP_CD,HOLI_FLG,RULE_TRI_POSITION,SUIT_CHNL_SCP,SUIT_LPR_SCP,SUIT_ORG_SCP,SUIT_TX_SCP,RULE_COMNT,EFFT_FLG,OPER_TELR_NO,OPER_DT,OPER_RSN) VALUES

('095000','CI','N','1','TE','0000','*,','00508012','批量导入','1','900001','2020-05-14','批量新增'),
('095001','CI','N','1','TE','0000','*,','00508012','批量导入','1','900001','2020-05-14','批量新增'),
('095002','CI','N','1','TE','0000','*,','00101013','批量导入','1','900001','2020-05-14','批量新增'),
('095003','CI','N','1','TE','0000','*,','00201091','批量导入','1','900001','2020-05-14','批量新增'),
('095004','CI','N','1','TE','0000','*,','00201091','批量导入','1','900001','2020-05-14','批量新增'),
('095005','CI','N','1','TE','0000','*,','00604001','批量导入','1','900001','2020-05-14','批量新增'),
('095006','CI','N','1','TE','0000','*,','00604002','批量导入','1','900001','2020-05-14','批量新增'),
('095007','CI','N','1','TE','0000','*,','00604004','批量导入','1','900001','2020-05-14','批量新增'),
('095008','CI','N','1','TE','0000','*,','00604005','批量导入','1','900001','2020-05-14','批量新增'),
('095009','CI','N','1','TE','0000','*,','00604006','批量导入','1','900001','2020-05-14','批量新增'),
('095010','CI','N','1','TE','0000','*,','00604007','批量导入','1','900001','2020-05-14','批量新增'),
('095011','CI','N','1','TE','0000','*,','00604015','批量导入','1','900001','2020-05-14','批量新增'),
('095012','CI','N','1','TE','0000','*,','00604016','批量导入','1','900001','2020-05-14','批量新增'),
('095013','CI','N','1','TE','0000','*,','00201062','批量导入','1','900001','2020-05-14','批量新增'),
('095014','CI','N','1','TE','0000','*,','00201096','批量导入','1','900001','2020-05-14','批量新增'),
('095015','CI','N','1','TE','0000','*,','00201098','批量导入','1','900001','2020-05-14','批量新增'),
('095016','CI','N','1','TE','0000','*,','00101012','批量导入','1','900001','2020-05-14','批量新增'),
('095017','CI','N','1','TE','0000','*,','00101076','批量导入','1','900001','2020-05-14','批量新增'),
('095018','CI','N','1','TE','0000','*,','00101011','批量导入','1','900001','2020-05-14','批量新增'),
('095019','CI','N','1','TE','0000','*,','00201027','批量导入','1','900001','2020-05-14','批量新增'),
('095020','CI','N','1','TE','0000','*,','00508010','批量导入','1','900001','2020-05-14','批量新增'),
('095021','CI','N','1','TE','0000','*,','00508006','批量导入','1','900001','2020-05-14','批量新增'),
('095022','CI','N','1','TE','0000','*,','00508007','批量导入','1','900001','2020-05-14','批量新增'),
('095023','CI','N','1','TE','0000','*,','00508007','批量导入','1','900001','2020-05-14','批量新增'),
('095024','CI','N','1','TE','0000','*,','00301055','批量导入','1','900001','2020-05-14','批量新增'),
('095025','CI','N','1','TE','0000','*,','00301055','批量导入','1','900001','2020-05-14','批量新增'),
('095026','CI','N','1','TE','0000','*,','00301039_01','批量导入','1','900001','2020-05-14','批量新增'),
('095027','CI','N','1','TE','0000','*,','00301039_01','批量导入','1','900001','2020-05-14','批量新增'),
('095028','CI','N','1','TE','0000','*,','00301039_02','批量导入','1','900001','2020-05-14','批量新增'),
('095029','CI','N','1','TE','0000','*,','00301039_02','批量导入','1','900001','2020-05-14','批量新增'),
('095030','CI','N','1','TE','0000','*,','00301030','批量导入','1','900001','2020-05-14','批量新增'),
('095031','CI','N','1','TE','0000','*,','00301030','批量导入','1','900001','2020-05-14','批量新增'),
('095032','CI','N','1','TE','0000','*,','00301030','批量导入','1','900001','2020-05-14','批量新增'),
('095033','CI','N','1','TE','0000','*,','00301041','批量导入','1','900001','2020-05-14','批量新增'),
('095034','CI','N','1','TE','0000','*,','00301041','批量导入','1','900001','2020-05-14','批量新增'),
('095035','CI','N','1','TE','0000','*,','00301043','批量导入','1','900001','2020-05-14','批量新增'),
('095036','CI','N','1','TE','0000','*,','00301028','批量导入','1','900001','2020-05-14','批量新增'),
('095037','CI','N','1','TE','0000','*,','00301028','批量导入','1','900001','2020-05-14','批量新增'),
('095038','CI','N','1','TE','0000','*,','00301029','批量导入','1','900001','2020-05-14','批量新增'),
('095039','CI','N','1','TE','0000','*,','00301029','批量导入','1','900001','2020-05-14','批量新增'),
('095040','CI','N','1','TE','0000','*,','00301029','批量导入','1','900001','2020-05-14','批量新增'),
('095041','CI','N','1','TE','0000','*,','00301066','批量导入','1','900001','2020-05-14','批量新增'),
('095042','CI','N','1','TE','0000','*,','00301066','批量导入','1','900001','2020-05-14','批量新增'),
('095043','CI','N','1','TE','0000','*,','00301065','批量导入','1','900001','2020-05-14','批量新增'),
('095044','CI','N','1','TE','0000','*,','00401071','批量导入','1','900001','2020-05-14','批量新增'),
('095045','CI','N','1','TE','0000','*,','00508004','批量导入','1','900001','2020-05-14','批量新增'),
('095046','CI','N','1','TE','0000','*,','00508005','批量导入','1','900001','2020-05-14','批量新增');
-- IB_OM_RULECOND_INFO insert
INSERT INTO IB_OM_RULECOND_INFO (OPRTN_COND_NO,DICTRY_NM,OPER_SYM_1,CMPR_VAL,OPER_SYM_2,VALUE2,TRAN_CD,COND_DESCR,OPER_TELR_NO,OPER_DT,OPER_RSN,CMPR_VAL_DATA_DICTRY_FLG,PUB_DICTRY_FLG,DICTRY_DESCR) VALUES

('CI95000','DRAW_MANR','==','1','','','00508012','支取方式','900001','2020-05-14','批量新增','1','0','支取方式'),
('CI95001','MARGN','>=','50000','','','00508012','保证金','900001','2020-05-14','批量新增','1','0','保证金'),
('CI95003','CUST_TYP_CD','!=','0','','','00201091','客户类型','900001','2020-05-14','批量新增','1','0','客户类型'),
('CI95004','CUST_TYP_CD','==','0','','','00201091','客户类型','900001','2020-05-14','批量新增','1','0','客户类型'),
('CI95013','TradeData.CRTF_TYP','==','0','','','00201062','证件类型','900001','2020-05-14','批量新增','1','0','证件类型'),
('CI95016','TradeData3.WHETHER_AGEN','==','1','','','00101012','是否代理','900001','2020-05-14','批量新增','1','0','是否代理'),
('CI95020','tradeCustomInput','==','1','','','00508010','交易提交','900001','2020-05-14','批量新增','1','0','交易提交'),
('CI95021','tradeCustomInput','==','1','','','00508006','交易提交','900001','2020-05-14','批量新增','1','0','交易提交'),
('CI95024','TradeData.Payr_Acct_Typ','!=','0','','','00301055','客户类型','900001','2020-05-14','批量新增','1','0','客户类型'),
('CI95025','TradeData.Payr_Acct_Typ','==','0','','','00301055','客户类型','900001','2020-05-14','批量新增','1','0','客户类型'),
('CI95025','TradeData.isAgency','==','0','','','00301055','是否代理','900001','2020-05-14','批量新增','1','0','是否代理'),
('CI95026','Payr_Acct_Typ','!=','0','','','00301039_01','客户类型','900001','2020-05-14','批量新增','1','0','客户类型'),
('CI95027','Payr_Acct_Typ','==','0','','','00301039_01','客户类型','900001','2020-05-14','批量新增','1','0','客户类型'),
('CI95028','Payr_Acct_Typ','!=','0','','','00301039_02','客户类型','900001','2020-05-14','批量新增','1','0','客户类型'),
('CI95029','Payr_Acct_Typ','==','0','','','00301039_02','客户类型','900001','2020-05-14','批量新增','1','0','客户类型'),
('CI95030','TradeData.WHETHER_AGEN','==','1','','','00301030','是否代理','900001','2020-05-14','批量新增','1','0','是否代理'),
('CI95031','TradeData.CUR','==','156','','','00301030','币种','900001','2020-05-14','批量新增','1','0','币种'),
('CI95031','TradeData.TX_AMT','>','50000','','','00301030','金额','900001','2020-05-14','批量新增','1','0','金额'),
('CI95032','TradeData.CUR','!=','156','','','00301030','币种','900001','2020-05-14','批量新增','1','0','币种'),
('CI95032','TradeData.TX_AMT','>','50000','','','00301030','金额','900001','2020-05-14','批量新增','1','0','金额'),
('CI95033','TradeData.WHETHER_AGEN','==','1','','','00301041','是否代理','900001','2020-05-14','批量新增','1','0','是否代理'),
('CI95034','TradeData.PRE_CRLOAD_AMT','>=','50000','','','00301041','预圈存金额','900001','2020-05-14','批量新增','1','0','预圈存金额'),
('CI95036','TradeData.MAGN_STRP_FLG','==','0','','','00301028','磁条标志','900001','2020-05-14','批量新增','1','0','磁条标志'),
('CI95036','TradeData.TX_AMT','>=','10000','','','00301028','交易金额','900001','2020-05-14','批量新增','1','0','交易金额'),
('CI95037','TradeData.MAGN_STRP_FLG','==','1','','','00301028','磁条标志','900001','2020-05-14','批量新增','1','0','磁条标志'),
('CI95037','TradeData.TX_AMT','>=','50000','','','00301028','交易金额','900001','2020-05-14','批量新增','1','0','交易金额'),
('CI95038','TradeData.WHETHER_AGEN','==','1','','','00301029','是否代理','900001','2020-05-14','批量新增','1','0','是否代理'),
('CI95039','TradeData.CUR','==','156','','','00301029','币种','900001','2020-05-14','批量新增','1','0','币种'),
('CI95039','TradeData.TX_AMT','>','50000','','','00301029','交易金额','900001','2020-05-14','批量新增','1','0','交易金额'),
('CI95040','TradeData.CUR','!=','156','','','00301029','币种','900001','2020-05-14','批量新增','1','0','币种'),
('CI95040','TradeData.TX_AMT','>','50000','','','00301029','金额','900001','2020-05-14','批量新增','1','0','金额'),
('CI95041','TradeData.WHETHER_AGEN','==','1','','','00301066','是否代理','900001','2020-05-14','批量新增','1','0','是否代理'),
('CI95042','TradeData.TX_AMT','>=','50000','','','00301066','交易金额','900001','2020-05-14','批量新增','1','0','交易金额'),
('CI95043','TradeData.AMT','>=','10000','','','00301065','交易金额','900001','2020-05-14','批量新增','1','0','交易金额'),
('CI95044','AGENT_CRTF_NBR','==','1','','','00401071','是否代理','900001','2020-05-14','批量新增','1','0','是否代理'),
('CI95045','TradeData.OWE_FE_AMT','>','50000','','','00508004','欠费金额','900001','2020-05-14','批量新增','1','0','欠费金额');
-- IB_OM_RULECOND_RLT insert
INSERT INTO IB_OM_RULECOND_RLT (RULE_COND_NO,CMPL_MODE_FLG,OPRTN_RULE_NO) VALUES

('CI95000','1','095000'),
('CI95000','0','095000'),
('CI95001','1','095001'),
('CI95002','0','095002'),
('CI95003','1','095003'),
('CI95004','1','095004'),
('CI95005','0','095005'),
('CI95006','0','095006'),
('CI95007','0','095007'),
('CI95008','0','095008'),
('CI95009','0','095009'),
('CI95010','0','095010'),
('CI95011','0','095011'),
('CI95012','0','095012'),
('CI95013','1','095013'),
('CI95014','0','095014'),
('CI95015','0','095015'),
('CI95016','1','095016'),
('CI95017','0','095017'),
('CI95018','0','095018'),
('CI95019','0','095019'),
('CI95020','1','095020'),
('CI95021','1','095021'),
('CI95022','0','095022'),
('CI95023','0','095023'),
('CI95024','1','095024'),
('CI95025','1','095025'),
('CI95026','1','095026'),
('CI95027','1','095027'),
('CI95028','1','095028'),
('CI95029','1','095029'),
('CI95030','1','095030'),
('CI95031','1','095031'),
('CI95032','1','095032'),
('CI95033','1','095033'),
('CI95034','1','095034'),
('CI95035','0','095035'),
('CI95036','1','095036'),
('CI95037','1','095037'),
('CI95038','1','095038'),
('CI95039','1','095039'),
('CI95040','1','095040'),
('CI95041','1','095041'),
('CI95042','1','095042'),
('CI95043','1','095043'),
('CI95044','1','095044'),
('CI95045','1','095045'),
('CI95046','1','095046');
-- IB_OM_MODE_INFO insert
INSERT INTO IB_OM_MODE_INFO (RULE_MODE_NO,FIELD_SEQ_NO,FIELD_NM,FIELD_DICTRY_NM,RULE_MODE_TYP_CD) VALUES

('CI95000','1','ref','ACCT_NO','CI'),
('CI95000','2','NI','1','CI'),
('CI95000','3','FR','0','CI'),
('CI95001','7','ref','ACCT_NO','CI'),
('CI95001','8','NI','1','CI'),
('CI95001','9','FR','0','CI'),
('CI95002','10','ref','WHETHER_AGEN','CI'),
('CI95002','11','NI','1','CI'),
('CI95002','12','FR','0','CI'),
('CI95003','13','ref','ACCT_NO','CI'),
('CI95003','14','NI','1','CI'),
('CI95003','15','FR','0','CI'),
('CI95004','16','ref','ACCT_NO','CI'),
('CI95004','17','NI','1','CI'),
('CI95004','18','FR','1','CI'),
('CI95005','19','ref','WHETHER_AGEN','CI'),
('CI95005','20','NI','1','CI'),
('CI95005','21','FR','0','CI'),
('CI95006','22','ref','WHETHER_AGEN','CI'),
('CI95006','23','NI','1','CI'),
('CI95006','24','FR','0','CI'),
('CI95007','25','ref','WHETHER_AGEN','CI'),
('CI95007','26','NI','1','CI'),
('CI95007','27','FR','0','CI'),
('CI95008','28','ref','WHETHER_AGEN','CI'),
('CI95008','29','NI','1','CI'),
('CI95008','30','FR','0','CI'),
('CI95009','31','ref','WHETHER_AGEN','CI'),
('CI95009','32','NI','1','CI'),
('CI95009','33','FR','0','CI'),
('CI95010','34','ref','WHETHER_AGEN','CI'),
('CI95010','35','NI','1','CI'),
('CI95010','36','FR','0','CI'),
('CI95011','37','ref','WHETHER_AGEN','CI'),
('CI95011','38','NI','1','CI'),
('CI95011','39','FR','0','CI'),
('CI95012','40','ref','WHETHER_AGEN','CI'),
('CI95012','41','NI','1','CI'),
('CI95012','42','FR','0','CI'),
('CI95013','43','ref','CRTF_TYP','CI'),
('CI95013','44','NI','1','CI'),
('CI95013','45','FR','0','CI'),
('CI95014','46','ref','CRTF_TYP','CI'),
('CI95014','47','NI','1','CI'),
('CI95014','48','FR','0','CI'),
('CI95015','49','ref','CRTF_TYP','CI'),
('CI95015','50','NI','1','CI'),
('CI95015','51','FR','0','CI'),
('CI95016','52','ref','WHETHER_AGEN','CI'),
('CI95016','53','NI','1','CI'),
('CI95016','54','FR','0','CI'),
('CI95017','55','ref','CARD_NO','CI'),
('CI95017','56','NI','1','CI'),
('CI95017','57','FR','1','CI'),
('CI95018','58','ref','WHETHER_AGEN','CI'),
('CI95018','59','NI','1','CI'),
('CI95018','60','FR','0','CI'),
('CI95019','61','ref','CARD_NO','CI'),
('CI95019','62','NI','1','CI'),
('CI95019','63','FR','0','CI'),
('CI95020','64','ref','aui-button-submit','CI'),
('CI95020','65','NI','1','CI'),
('CI95020','66','FR','1','CI'),
('CI95021','67','ref','aui-button-submit','CI'),
('CI95021','68','NI','1','CI'),
('CI95021','69','FR','1','CI'),
('CI95022','70','ref','ADD_ETC_OPEN_ACCT_PERSON_CRTF_TYP','CI'),
('CI95022','71','NI','1','CI'),
('CI95022','72','FR','0','CI'),
('CI95023','73','ref','ADD_UNIT_SPCY_OPRR_CRTF_TYP','CI'),
('CI95023','74','NI','1','CI'),
('CI95023','75','FR','0','CI'),
('CI95024','76','ref','aui_button_submit','CI'),
('CI95024','77','NI','1','CI'),
('CI95024','78','FR','0','CI'),
('CI95025','79','ref','aui_button_submit','CI'),
('CI95025','80','NI','1','CI'),
('CI95025','81','FR','0','CI'),
('CI95026','85','ref','aui-button_7','CI'),
('CI95026','86','NI','1','CI'),
('CI95026','87','FR','0','CI'),
('CI95027','88','ref','aui-button_7','CI'),
('CI95027','89','NI','1','CI'),
('CI95027','90','FR','0','CI'),
('CI95028','91','ref','aui-button_7','CI'),
('CI95028','92','NI','1','CI'),
('CI95028','93','FR','0','CI'),
('CI95029','94','ref','aui-button_7','CI'),
('CI95029','95','NI','1','CI'),
('CI95029','96','FR','0','CI'),
('CI95030','97','ref','WHETHER_AGEN','CI'),
('CI95030','98','NI','1','CI'),
('CI95030','99','FR','1','CI'),
('CI95031','100','ref','WHETHER_AGEN','CI'),
('CI95031','101','NI','1','CI'),
('CI95031','102','FR','1','CI'),
('CI95032','106','ref','WHETHER_AGEN','CI'),
('CI95032','107','NI','1','CI'),
('CI95032','108','FR','1','CI'),
('CI95033','112','ref','PRE_CRLOAD_AMT','CI'),
('CI95033','113','NI','1','CI'),
('CI95033','114','FR','1','CI'),
('CI95034','115','ref','PRE_CRLOAD_AMT','CI'),
('CI95034','116','NI','1','CI'),
('CI95034','117','FR','1','CI'),
('CI95035','118','ref','PRE_CRLOAD_AMT','CI'),
('CI95035','119','NI','1','CI'),
('CI95035','120','FR','1','CI'),
('CI95036','121','ref','TX_AMT','CI'),
('CI95036','122','NI','1','CI'),
('CI95036','123','FR','1','CI'),
('CI95037','127','ref','TX_AMT','CI'),
('CI95037','128','NI','1','CI'),
('CI95037','129','FR','1','CI'),
('CI95038','133','ref','WHETHER_AGEN','CI'),
('CI95038','134','NI','1','CI'),
('CI95038','135','FR','1','CI'),
('CI95039','136','ref','WHETHER_AGEN','CI'),
('CI95039','137','NI','1','CI'),
('CI95039','138','FR','1','CI'),
('CI95040','142','ref','WHETHER_AGEN','CI'),
('CI95040','143','NI','1','CI'),
('CI95040','144','FR','1','CI'),
('CI95041','148','ref','WHETHER_AGEN','CI'),
('CI95041','149','NI','1','CI'),
('CI95041','150','FR','0','CI'),
('CI95042','151','ref','WHETHER_AGEN','CI'),
('CI95042','152','NI','1','CI'),
('CI95042','153','FR','0','CI'),
('CI95043','154','ref','AMT','CI'),
('CI95043','155','NI','1','CI'),
('CI95043','156','FR','0','CI'),
('CI95044','157','ref','CRTF_NBR','CI'),
('CI95044','158','NI','1','CI'),
('CI95044','159','FR','0','CI'),
('CI95044','160','ref','OPRR_CRTF_NBR','CI'),
('CI95044','161','NI','1','CI'),
('CI95044','162','FR','0','CI'),
('CI95044','163','ref','AGENT_CRTF_NBR','CI'),
('CI95044','164','NI','1','CI'),
('CI95044','165','FR','0','CI'),
('CI95045','166','ref','BIND_ACCT','CI'),
('CI95045','167','NI','1','CI'),
('CI95045','168','FR','1','CI'),
('CI95046','172','ref','BIND_DEBT_ACCT','CI'),
('CI95046','173','NI','1','CI'),
('CI95046','174','FR','1','CI');