
-- IB_OM_RULE_INFO insert
INSERT INTO IB_OM_RULE_INFO (RULE_NO,RULE_TYP_CD,HOLI_FLG,RULE_TRI_POSITION,SUIT_CHNL_SCP,SUIT_LPR_SCP,SUIT_ORG_SCP,SUIT_TX_SCP,RULE_COMNT,EFFT_FLG,OPER_TELR_NO,OPER_DT,OPER_RSN) VALUES

('090000','CI','N','1','TE','0000','*,','09999999','批量导入','1','900001','2019-11-05','批量新增'),
('090001','CI','N','1','TE','0000','*,','00101002','批量导入','1','900001','2019-11-05','批量新增'),
('090002','CI','N','1','TE','0000','*,','00101002','批量导入','1','900001','2019-11-05','批量新增'),
('090003','CI','N','1','TE','0000','*,','00101002','批量导入','1','900001','2019-11-05','批量新增'),
('090004','CI','N','1','TE','0000','*,','00101002','批量导入','1','900001','2019-11-05','批量新增'),
('090005','CI','N','1','TE','0000','*,','00101002','批量导入','1','900001','2019-11-05','批量新增'),
('090006','CI','N','1','TE','0000','*,','00101002','批量导入','1','900001','2019-11-05','批量新增'),
('090007','CI','N','1','TE','0000','*,','00101002','批量导入','1','900001','2019-11-05','批量新增'),
('090008','CI','N','1','TE','0000','*,','00101002','批量导入','1','900001','2019-11-05','批量新增'),
('090009','CI','N','1','TE','0000','*,','00103001','批量导入','1','900001','2019-11-05','批量新增'),
('090010','CI','N','1','TE','0000','*,','00103003','批量导入','1','900001','2019-11-05','批量新增'),
('090011','CI','N','1','TE','0000','*,','00103003','批量导入','1','900001','2019-11-05','批量新增'),
('090012','CI','N','1','TE','0000','*,','00103004','批量导入','1','900001','2019-11-05','批量新增'),
('090013','CI','N','1','TE','0000','*,','00103004','批量导入','1','900001','2019-11-05','批量新增'),
('090014','CI','N','1','TE','0000','*,','00103002','批量导入','1','900001','2019-11-05','批量新增'),
('090015','CI','N','1','TE','0000','*,','00103002','批量导入','1','900001','2019-11-05','批量新增'),
('090016','CI','N','1','TE','0000','*,','00103005','批量导入','1','900001','2019-11-05','批量新增'),
('090017','CI','N','1','TE','0000','*,','00103005','批量导入','1','900001','2019-11-05','批量新增'),
('090018','CI','N','1','TE','0000','*,','00201014','批量导入','1','900001','2019-11-05','批量新增'),
('090019','CI','N','1','TE','0000','*,','00201014','批量导入','1','900001','2019-11-05','批量新增'),
('090020','CI','N','1','TE','0000','*,','00201011','批量导入','1','900001','2019-11-05','批量新增'),
('090021','CI','N','1','TE','0000','*,','00201011','批量导入','1','900001','2019-11-05','批量新增'),
('090022','CI','N','1','TE','0000','*,','00201011','批量导入','1','900001','2019-11-05','批量新增'),
('090023','CI','N','1','TE','0000','*,','00201012','批量导入','1','900001','2019-11-05','批量新增'),
('090024','CI','N','1','TE','0000','*,','00201018','批量导入','1','900001','2019-11-05','批量新增'),
('090025','CI','N','1','TE','0000','*,','00201022','批量导入','1','900001','2019-11-05','批量新增'),
('090026','CI','N','1','TE','0000','*,','00201022','批量导入','1','900001','2019-11-05','批量新增'),
('090027','CI','N','1','TE','0000','*,','00201009','批量导入','1','900001','2019-11-05','批量新增'),
('090028','CI','N','1','TE','0000','*,','00201009','批量导入','1','900001','2019-11-05','批量新增'),
('090029','CI','N','1','TE','0000','*,','00201009','批量导入','1','900001','2019-11-05','批量新增'),
('090030','CI','N','1','TE','0000','*,','00504003','批量导入','1','900001','2019-11-05','批量新增'),
('090031','CI','N','1','TE','0000','*,','00504003','批量导入','1','900001','2019-11-05','批量新增'),
('090032','CI','N','1','TE','0000','*,','00504001','强制触发','1','900001','2019-11-05','批量新增'),
('090033','CI','N','1','TE','0000','*,','00504009','批量导入','1','900001','2019-11-05','批量新增'),
('090034','CI','N','1','TE','0000','*,','00502008','批量导入','1','900001','2019-11-05','批量新增'),
('090035','CI','N','1','TE','0000','*,','00701001','批量导入','1','900001','2019-11-05','批量新增'),
('090036','CI','N','1','TE','0000','*,','00701002','批量导入','1','900001','2019-11-05','批量新增'),
('090037','CI','N','1','TE','0000','*,','00701003','批量导入','1','900001','2019-11-05','批量新增'),
('090038','CI','N','1','TE','0000','*,','00701004','批量导入','1','900001','2019-11-05','批量新增'),
('090039','CI','N','1','TE','0000','*,','00701005','批量导入','1','900001','2019-11-05','批量新增'),
('090040','CI','N','1','TE','0000','*,','00701007','批量导入','1','900001','2019-11-05','批量新增'),
('090041','CI','N','1','TE','0000','*,','00701008','批量导入','1','900001','2019-11-05','批量新增'),
('090042','CI','N','1','TE','0000','*,','00701009','批量导入','1','900001','2019-11-05','批量新增'),
('090043','CI','N','1','TE','0000','*,','00702003','批量导入','1','900001','2019-11-05','批量新增'),
('090044','CI','N','1','TE','0000','*,','00702004','批量导入','1','900001','2019-11-05','批量新增'),
('090045','CI','N','1','TE','0000','*,','00704001','批量导入','1','900001','2019-11-05','批量新增'),
('090046','CI','N','1','TE','0000','*,','00704002','批量导入','1','900001','2019-11-05','批量新增'),
('090047','CI','N','1','TE','0000','*,','00704003','批量导入','1','900001','2019-11-05','批量新增'),
('090048','CI','N','1','TE','0000','*,','00704004','批量导入','1','900001','2019-11-05','批量新增'),
('090049','CI','N','1','TE','0000','*,','00704005','批量导入','1','900001','2019-11-05','批量新增'),
('090050','CI','N','1','TE','0000','*,','00704013','批量导入','1','900001','2019-11-05','批量新增'),
('090051','CI','N','1','TE','0000','*,','00704009','批量导入','1','900001','2019-11-05','批量新增'),
('090052','CI','N','1','TE','0000','*,','00704010','批量导入','1','900001','2019-11-05','批量新增'),
('090053','CI','N','1','TE','0000','*,','00704011','批量导入','1','900001','2019-11-05','批量新增'),
('090054','CI','N','1','TE','0000','*,','00704012','批量导入','1','900001','2019-11-05','批量新增'),
('090055','CI','N','1','TE','0000','*,','00704007','批量导入','1','900001','2019-11-05','批量新增'),
('090056','CI','N','1','TE','0000','*,','00704008','批量导入','1','900001','2019-11-05','批量新增'),
('090057','CI','N','1','TE','0000','*,','00703001','批量导入','1','900001','2019-11-05','批量新增'),
('090058','CI','N','1','TE','0000','*,','00602003','批量导入','1','900001','2019-11-05','批量新增'),
('090059','CI','N','1','TE','0000','*,','00602003','批量导入','1','900001','2019-11-05','批量新增'),
('090060','CI','N','1','TE','0000','*,','00503002','批量导入','1','900001','2019-11-05','批量新增'),
('090061','CI','N','1','TE','0000','*,','00503012_1','批量导入','1','900001','2019-11-05','批量新增'),
('090062','CI','N','1','TE','0000','*,','00401020','批量导入','1','900001','2019-11-05','批量新增'),
('090063','CI','N','1','TE','0000','*,','00502202','批量导入','1','900001','2019-11-05','批量新增'),
('090064','CI','N','1','TE','0000','*,','00502202','批量导入','1','900001','2019-11-05','批量新增'),
('090065','CI','N','1','TE','0000','*,','00502203','批量导入','1','900001','2019-11-05','批量新增'),
('090066','CI','N','1','TE','0000','*,','00502204','批量导入','1','900001','2019-11-05','批量新增'),
('090067','CI','N','1','TE','0000','*,','00502205','批量导入','1','900001','2019-11-05','批量新增'),
('090068','CI','N','1','TE','0000','*,','00502102','批量导入','1','900001','2019-11-05','批量新增'),
('090069','CI','N','1','TE','0000','*,','00502102','批量导入','1','900001','2019-11-05','批量新增'),
('090070','CI','N','1','TE','0000','*,','00502104','批量导入','1','900001','2019-11-05','批量新增'),
('090071','CI','N','1','TE','0000','*,','00501001','批量导入','1','900001','2019-11-05','批量新增'),
('090072','CI','N','1','TE','0000','*,','00501001','批量导入','1','900001','2019-11-05','批量新增'),
('090073','CI','N','1','TE','0000','*,','00501002','批量导入','1','900001','2019-11-05','批量新增'),
('090074','CI','N','1','TE','0000','*,','00501002','批量导入','1','900001','2019-11-05','批量新增'),
('090075','CI','N','1','TE','0000','*,','00501002','批量导入','1','900001','2019-11-05','批量新增'),
('090076','CI','N','1','TE','0000','*,','00502002','批量导入','1','900001','2019-11-05','批量新增'),
('090077','CI','N','1','TE','0000','*,','00502002','批量导入','1','900001','2019-11-05','批量新增'),
('090078','CI','N','1','TE','0000','*,','00502004','批量导入','1','900001','2019-11-05','批量新增'),
('090079','CI','N','1','TE','0000','*,','00502004','批量导入','1','900001','2019-11-05','批量新增'),
('090080','CI','N','1','TE','0000','*,','00502006','批量导入','1','900001','2019-11-05','批量新增'),
('090081','CI','N','1','TE','0000','*,','00502008','批量导入','1','900001','2019-11-05','批量新增'),
('090082','CI','N','1','TE','0000','*,','00502010','批量导入','1','900001','2019-11-05','批量新增'),
('090083','CI','N','1','TE','0000','*,','00502012','批量导入','1','900001','2019-11-05','批量新增'),
('090084','CI','N','1','TE','0000','*,','00302017','批量导入','1','900001','2019-11-05','批量新增'),
('090085','CI','N','1','TE','0000','*,','00306003','批量导入','1','900001','2019-11-05','批量新增'),
('090086','CI','N','1','TE','0000','*,','00201013','批量导入','1','900001','2019-11-05','批量新增'),
('090087','CI','N','1','TE','0000','*,','00201021','批量导入','1','900001','2019-11-05','批量新增'),
('090088','CI','N','1','TE','0000','*,','00302022','批量导入','1','900001','2019-11-05','批量新增'),
('090089','CI','N','1','TE','0000','*,','00302022','批量导入','1','900001','2019-11-05','批量新增'),
('090090','CI','N','1','TE','0000','*,','00302022','批量导入','1','900001','2019-11-05','批量新增'),
('090091','CI','N','1','TE','0000','*,','00302022','批量导入','1','900001','2019-11-05','批量新增'),
('090092','CI','N','1','TE','0000','*,','00302002','批量导入','1','900001','2019-11-05','批量新增'),
('090093','CI','N','1','TE','0000','*,','00302002','批量导入','1','900001','2019-11-05','批量新增'),
('090094','CI','N','1','TE','0000','*,','00302004','批量导入','1','900001','2019-11-05','批量新增'),
('090095','CI','N','1','TE','0000','*,','00302004','批量导入','1','900001','2019-11-05','批量新增'),
('090096','CI','N','1','TE','0000','*,','00301005','批量导入','1','900001','2019-11-05','批量新增'),
('090097','CI','N','1','TE','0000','*,','00301005','批量导入','1','900001','2019-11-05','批量新增'),
('090098','CI','N','1','TE','0000','*,','00305006','批量导入','1','900001','2019-11-05','批量新增'),
('090099','CI','N','1','TE','0000','*,','00305006','批量导入','1','900001','2019-11-05','批量新增'),
('090100','CI','N','1','TE','0000','*,','00305006','批量导入','1','900001','2019-11-05','批量新增'),
('090101','CI','N','1','TE','0000','*,','00305006','批量导入','1','900001','2019-11-05','批量新增'),
('090102','CI','N','1','TE','0000','*,','00305006','批量导入','1','900001','2019-11-05','批量新增'),
('090103','CI','N','1','TE','0000','*,','00303006','批量导入','1','900001','2019-11-05','批量新增'),
('090104','CI','N','1','TE','0000','*,','00303006','批量导入','1','900001','2019-11-05','批量新增'),
('090105','CI','N','1','TE','0000','*,','00303007','批量导入','1','900001','2019-11-05','批量新增'),
('090106','CI','N','1','TE','0000','*,','00303007','批量导入','1','900001','2019-11-05','批量新增'),
('090107','CI','N','1','TE','0000','*,','00303007','批量导入','1','900001','2019-11-05','批量新增'),
('090108','CI','N','1','TE','0000','*,','00303007','批量导入','1','900001','2019-11-05','批量新增'),
('090109','CI','N','1','TE','0000','*,','00303007','批量导入','1','900001','2019-11-05','批量新增'),
('090110','CI','N','1','TE','0000','*,','00302008','批量导入','1','900001','2019-11-05','批量新增'),
('090111','CI','N','1','TE','0000','*,','00302008','批量导入','1','900001','2019-11-05','批量新增'),
('090112','CI','N','1','TE','0000','*,','00302008','批量导入','1','900001','2019-11-05','批量新增'),
('090113','CI','N','1','TE','0000','*,','00302008','批量导入','1','900001','2019-11-05','批量新增'),
('090114','CI','N','1','TE','0000','*,','00302008','批量导入','1','900001','2019-11-05','批量新增'),
('090115','CI','N','1','TE','0000','*,','00302008','批量导入','1','900001','2019-11-05','批量新增'),
('090116','CI','N','1','TE','0000','*,','00302009','批量导入','1','900001','2019-11-05','批量新增'),
('090117','CI','N','1','TE','0000','*,','00302009','批量导入','1','900001','2019-11-05','批量新增'),
('090118','CI','N','1','TE','0000','*,','00302010','批量导入','1','900001','2019-11-05','批量新增'),
('090119','CI','N','1','TE','0000','*,','00302010','批量导入','1','900001','2019-11-05','批量新增'),
('090120','CI','N','1','TE','0000','*,','00302010','批量导入','1','900001','2019-11-05','批量新增'),
('090121','CI','N','1','TE','0000','*,','00302010','批量导入','1','900001','2019-11-05','批量新增'),
('090122','CI','N','1','TE','0000','*,','00302010','批量导入','1','900001','2019-11-05','批量新增'),
('090123','CI','N','1','TE','0000','*,','00303005','批量导入','1','900001','2019-11-05','批量新增'),
('090124','CI','N','1','TE','0000','*,','00303005','批量导入','1','900001','2019-11-05','批量新增'),
('090125','CI','N','1','TE','0000','*,','00303005','批量导入','1','900001','2019-11-05','批量新增'),
('090126','CI','N','1','TE','0000','*,','00303005','批量导入','1','900001','2019-11-05','批量新增'),
('090127','CI','N','1','TE','0000','*,','00303005','批量导入','1','900001','2019-11-05','批量新增'),
('090128','CI','N','1','TE','0000','*,','00305013','批量导入','1','900001','2019-11-05','批量新增'),
('090129','CI','N','1','TE','0000','*,','00306004','批量导入','1','900001','2019-11-05','批量新增'),
('090130','CI','N','1','TE','0000','*,','00306004','批量导入','1','900001','2019-11-05','批量新增'),
('090131','CI','N','1','TE','0000','*,','00306004','批量导入','1','900001','2019-11-05','批量新增'),
('090132','CI','N','1','TE','0000','*,','00306005','批量导入','1','900001','2019-11-05','批量新增'),
('090133','CI','N','1','TE','0000','*,','00306006','批量导入','1','900001','2019-11-05','批量新增'),
('090134','CI','N','1','TE','0000','*,','00306006','批量导入','1','900001','2019-11-05','批量新增'),
('090135','CI','N','1','TE','0000','*,','00303004_1','批量导入','1','900001','2019-11-05','批量新增'),
('090136','CI','N','1','TE','0000','*,','00303004_2','批量导入','1','900001','2019-11-05','批量新增'),
('090137','CI','N','1','TE','0000','*,','00303004_1','批量导入','1','900001','2019-11-05','批量新增'),
('090138','CI','N','1','TE','0000','*,','00303004_2','批量导入','1','900001','2019-11-05','批量新增'),
('090139','CI','N','1','TE','0000','*,','00303002_3','批量导入','1','900001','2019-11-05','批量新增'),
('090140','CI','N','1','TE','0000','*,','00302014','批量导入','1','900001','2019-11-05','批量新增'),
('090141','CI','N','1','TE','0000','*,','00302014','批量导入','1','900001','2019-11-05','批量新增'),
('090142','CI','N','1','TE','0000','*,','00302014','批量导入','1','900001','2019-11-05','批量新增'),
('090143','CI','N','1','TE','0000','*,','00302016','批量导入','1','900001','2019-11-05','批量新增'),
('090144','CI','N','1','TE','0000','*,','00302016','批量导入','1','900001','2019-11-05','批量新增'),
('090145','CI','N','1','TE','0000','*,','00303003_2','批量导入','1','900001','2019-11-05','批量新增'),
('090146','CI','N','1','TE','0000','*,','00302006','批量导入','1','900001','2019-11-05','批量新增'),
('090147','CI','N','1','TE','0000','*,','00302006','批量导入','1','900001','2019-11-05','批量新增'),
('090148','CI','N','1','TE','0000','*,','00302006','批量导入','1','900001','2019-11-05','批量新增'),
('090149','CI','N','1','TE','0000','*,','00302006','批量导入','1','900001','2019-11-05','批量新增'),
('090150','CI','N','1','TE','0000','*,','00302006','批量导入','1','900001','2019-11-05','批量新增'),
('090151','CI','N','1','TE','0000','*,','00302019','批量导入','1','900001','2019-11-05','批量新增'),
('090152','CI','N','1','TE','0000','*,','00302019','批量导入','1','900001','2019-11-05','批量新增'),
('090153','CI','N','1','TE','0000','*,','00302019','批量导入','1','900001','2019-11-05','批量新增'),
('090154','CI','N','1','TE','0000','*,','00302019','批量导入','1','900001','2019-11-05','批量新增'),
('090155','CI','N','1','TE','0000','*,','00302019','批量导入','1','900001','2019-11-05','批量新增'),
('090156','CI','N','1','TE','0000','*,','00302019','批量导入','1','900001','2019-11-05','批量新增'),
('090157','CI','N','1','TE','0000','*,','00302007','批量导入','1','900001','2019-11-05','批量新增'),
('090158','CI','N','1','TE','0000','*,','00302007','批量导入','1','900001','2019-11-05','批量新增'),
('090159','CI','N','1','TE','0000','*,','00302007','批量导入','1','900001','2019-11-05','批量新增'),
('090160','CI','N','1','TE','0000','*,','00302007','批量导入','1','900001','2019-11-05','批量新增'),
('090161','CI','N','1','TE','0000','*,','00302021','批量导入','1','900001','2019-11-05','批量新增'),
('090162','CI','N','1','TE','0000','*,','00302021','批量导入','1','900001','2019-11-05','批量新增'),
('090163','CI','N','1','TE','0000','*,','00302021','批量导入','1','900001','2019-11-05','批量新增'),
('090164','CI','N','1','TE','0000','*,','00302011','批量导入','1','900001','2019-11-05','批量新增'),
('090165','CI','N','1','TE','0000','*,','00302011','批量导入','1','900001','2019-11-05','批量新增'),
('090166','CI','N','1','TE','0000','*,','00302011','批量导入','1','900001','2019-11-05','批量新增'),
('090167','CI','N','1','TE','0000','*,','00302011','批量导入','1','900001','2019-11-05','批量新增'),
('090168','CI','N','1','TE','0000','*,','00302011','批量导入','1','900001','2019-11-05','批量新增'),
('090169','CI','N','1','TE','0000','*,','00302011','批量导入','1','900001','2019-11-05','批量新增'),
('090170','CI','N','1','TE','0000','*,','00302018','批量导入','1','900001','2019-11-05','批量新增'),
('090171','CI','N','1','TE','0000','*,','00302018','批量导入','1','900001','2019-11-05','批量新增'),
('090172','CI','N','1','TE','0000','*,','00302018','批量导入','1','900001','2019-11-05','批量新增'),
('090173','CI','N','1','TE','0000','*,','00302018','批量导入','1','900001','2019-11-05','批量新增'),
('090174','CI','N','1','TE','0000','*,','00302018','批量导入','1','900001','2019-11-05','批量新增'),
('090175','CI','N','1','TE','0000','*,','00302018','批量导入','1','900001','2019-11-05','批量新增'),
('090176','CI','N','1','TE','0000','*,','00302005','批量导入','1','900001','2019-11-05','批量新增'),
('090177','CI','N','1','TE','0000','*,','00302005','批量导入','1','900001','2019-11-05','批量新增'),
('090178','CI','N','1','TE','0000','*,','00302005','批量导入','1','900001','2019-11-05','批量新增'),
('090179','CI','N','1','TE','0000','*,','00302005','批量导入','1','900001','2019-11-05','批量新增'),
('090180','CI','N','1','TE','0000','*,','00302005','批量导入','1','900001','2019-11-05','批量新增'),
('090181','CI','N','1','TE','0000','*,','00302005','批量导入','1','900001','2019-11-05','批量新增'),
('090182','CI','N','1','TE','0000','*,','00201015','批量导入','1','900001','2019-11-05','批量新增'),
('090183','CI','N','1','TE','0000','*,','00201015','批量导入','1','900001','2019-11-05','批量新增'),
('090184','CI','N','1','TE','0000','*,','00201015','批量导入','1','900001','2019-11-05','批量新增'),
('090185','CI','N','1','TE','0000','*,','00201015','批量导入','1','900001','2019-11-05','批量新增'),
('090186','CI','N','1','TE','0000','*,','00201015','批量导入','1','900001','2019-11-05','批量新增'),
('090187','CI','N','1','TE','0000','*,','00201015','批量导入','1','900001','2019-11-05','批量新增'),
('090188','CI','N','1','TE','0000','*,','00201015','批量导入','1','900001','2019-11-05','批量新增'),
('090189','CI','N','1','TE','0000','*,','00201016','批量导入','1','900001','2019-11-05','批量新增'),
('090190','CI','N','1','TE','0000','*,','00201016','批量导入','1','900001','2019-11-05','批量新增'),
('090191','CI','N','1','TE','0000','*,','00201016','批量导入','1','900001','2019-11-05','批量新增'),
('090192','CI','N','1','TE','0000','*,','00201016','批量导入','1','900001','2019-11-05','批量新增'),
('090193','CI','N','1','TE','0000','*,','00201016','批量导入','1','900001','2019-11-05','批量新增'),
('090194','CI','N','1','TE','0000','*,','00201016','批量导入','1','900001','2019-11-05','批量新增'),
('090195','CI','N','1','TE','0000','*,','00101007','批量导入','1','900001','2019-11-05','批量新增'),
('090196','CI','N','1','TE','0000','*,','00101007','批量导入','1','900001','2019-11-05','批量新增'),
('090197','CI','N','1','TE','0000','*,','00101007','批量导入','1','900001','2019-11-05','批量新增'),
('090198','CI','N','1','TE','0000','*,','00101007','批量导入','1','900001','2019-11-05','批量新增'),
('090199','CI','N','1','TE','0000','*,','00201005','批量导入','1','900001','2019-11-05','批量新增'),
('090200','CI','N','1','TE','0000','*,','00201005','批量导入','1','900001','2019-11-05','批量新增'),
('090201','CI','N','1','TE','0000','*,','00201005','批量导入','1','900001','2019-11-05','批量新增'),
('090202','CI','N','1','TE','0000','*,','00201005','批量导入','1','900001','2019-11-05','批量新增'),
('090203','CI','N','1','TE','0000','*,','00201005','批量导入','1','900001','2019-11-05','批量新增'),
('090204','CI','N','1','TE','0000','*,','00201002','批量导入','1','900001','2019-11-05','批量新增'),
('090205','CI','N','1','TE','0000','*,','00201002','批量导入','1','900001','2019-11-05','批量新增'),
('090206','CI','N','1','TE','0000','*,','00301012','批量导入','1','900001','2019-11-05','批量新增'),
('090207','CI','N','1','TE','0000','*,','00301012','批量导入','1','900001','2019-11-05','批量新增'),
('090208','CI','N','1','TE','0000','*,','00301012','批量导入','1','900001','2019-11-05','批量新增'),
('090209','CI','N','1','TE','0000','*,','00301012','批量导入','1','900001','2019-11-05','批量新增'),
('090210','CI','N','1','TE','0000','*,','00301004','批量导入','1','900001','2019-11-05','批量新增'),
('090211','CI','N','1','TE','0000','*,','00301004','批量导入','1','900001','2019-11-05','批量新增'),
('090212','CI','N','1','TE','0000','*,','00301004','批量导入','1','900001','2019-11-05','批量新增'),
('090213','CI','N','1','TE','0000','*,','00301004','批量导入','1','900001','2019-11-05','批量新增'),
('090214','CI','N','1','TE','0000','*,','00301011','批量导入','1','900001','2019-11-05','批量新增'),
('090215','CI','N','1','TE','0000','*,','00301011','批量导入','1','900001','2019-11-05','批量新增'),
('090216','CI','N','1','TE','0000','*,','00301011','批量导入','1','900001','2019-11-05','批量新增'),
('090217','CI','N','1','TE','0000','*,','00301011','批量导入','1','900001','2019-11-05','批量新增'),
('090218','CI','N','1','TE','0000','*,','00301010','批量导入','1','900001','2019-11-05','批量新增'),
('090219','CI','N','1','TE','0000','*,','00301010','批量导入','1','900001','2019-11-05','批量新增'),
('090220','CI','N','1','TE','0000','*,','00301010','批量导入','1','900001','2019-11-05','批量新增'),
('090221','CI','N','1','TE','0000','*,','00301010','批量导入','1','900001','2019-11-05','批量新增'),
('090222','CI','N','1','TE','0000','*,','00301003','批量导入','1','900001','2019-11-05','批量新增'),
('090223','CI','N','1','TE','0000','*,','00301003','批量导入','1','900001','2019-11-05','批量新增'),
('090224','CI','N','1','TE','0000','*,','00301003','批量导入','1','900001','2019-11-05','批量新增'),
('090225','CI','N','1','TE','0000','*,','00301003','批量导入','1','900001','2019-11-05','批量新增'),
('090226','CI','N','1','TE','0000','*,','00301009','批量导入','1','900001','2019-11-05','批量新增'),
('090227','CI','N','1','TE','0000','*,','00301009','批量导入','1','900001','2019-11-05','批量新增'),
('090228','CI','N','1','TE','0000','*,','00301009','批量导入','1','900001','2019-11-05','批量新增'),
('090229','CI','N','1','TE','0000','*,','00301013','批量导入','1','900001','2019-11-05','批量新增'),
('090230','CI','N','1','TE','0000','*,','00301013','批量导入','1','900001','2019-11-05','批量新增'),
('090231','CI','N','1','TE','0000','*,','00301013','批量导入','1','900001','2019-11-05','批量新增'),
('090232','CI','N','1','TE','0000','*,','00301006','批量导入','1','900001','2019-11-05','批量新增'),
('090233','CI','N','1','TE','0000','*,','00301006','批量导入','1','900001','2019-11-05','批量新增'),
('090234','CI','N','1','TE','0000','*,','00301006','批量导入','1','900001','2019-11-05','批量新增'),
('090235','CI','N','1','TE','0000','*,','00301006','批量导入','1','900001','2019-11-05','批量新增'),
('090236','CI','N','1','TE','0000','*,','00301006','批量导入','1','900001','2019-11-05','批量新增'),
('090237','CI','N','1','TE','0000','*,','00301007','批量导入','1','900001','2019-11-05','批量新增'),
('090238','CI','N','1','TE','0000','*,','00301007','批量导入','1','900001','2019-11-05','批量新增'),
('090239','CI','N','1','TE','0000','*,','00301007','批量导入','1','900001','2019-11-05','批量新增'),
('090240','CI','N','1','TE','0000','*,','00301007','批量导入','1','900001','2019-11-05','批量新增'),
('090241','CI','N','1','TE','0000','*,','00301007','批量导入','1','900001','2019-11-05','批量新增'),
('090242','CI','N','1','TE','0000','*,','00301007','批量导入','1','900001','2019-11-05','批量新增'),
('090243','CI','N','1','TE','0000','*,','00301014','批量导入','1','900001','2019-11-05','批量新增'),
('090244','CI','N','1','TE','0000','*,','00301014','批量导入','1','900001','2019-11-05','批量新增'),
('090245','CI','N','1','TE','0000','*,','00301014','批量导入','1','900001','2019-11-05','批量新增'),
('090246','CI','N','1','TE','0000','*,','00301014','批量导入','1','900001','2019-11-05','批量新增'),
('090247','CI','N','1','TE','0000','*,','00301014','批量导入','1','900001','2019-11-05','批量新增'),
('090248','CI','N','1','TE','0000','*,','00301014','批量导入','1','900001','2019-11-05','批量新增'),
('090249','CI','N','1','TE','0000','*,','00302013','批量导入','1','900001','2019-11-05','批量新增'),
('090250','CI','N','1','TE','0000','*,','00302013','批量导入','1','900001','2019-11-05','批量新增'),
('090251','CI','N','1','TE','0000','*,','00302013','批量导入','1','900001','2019-11-05','批量新增'),
('090252','CI','N','1','TE','0000','*,','00302013','批量导入','1','900001','2019-11-05','批量新增'),
('090253','CI','N','1','TE','0000','*,','00302013','批量导入','1','900001','2019-11-05','批量新增'),
('090254','CI','N','1','TE','0000','*,','00302013','批量导入','1','900001','2019-11-05','批量新增'),
('090255','CI','N','1','TE','0000','*,','00301018','批量导入','1','900001','2019-11-05','批量新增'),
('090256','CI','N','1','TE','0000','*,','00301018','批量导入','1','900001','2019-11-05','批量新增'),
('090257','CI','N','1','TE','0000','*,','00301018','批量导入','1','900001','2019-11-05','批量新增'),
('090258','CI','N','1','TE','0000','*,','00301017','批量导入','1','900001','2019-11-05','批量新增'),
('090259','CI','N','1','TE','0000','*,','00301017','批量导入','1','900001','2019-11-05','批量新增'),
('090260','CI','N','1','TE','0000','*,','00301017','批量导入','1','900001','2019-11-05','批量新增'),
('090261','CI','N','1','TE','0000','*,','00301017','批量导入','1','900001','2019-11-05','批量新增'),
('090262','CI','N','1','TE','0000','*,','00301016','批量导入','1','900001','2019-11-05','批量新增'),
('090263','CI','N','1','TE','0000','*,','00301016','批量导入','1','900001','2019-11-05','批量新增'),
('090264','CI','N','1','TE','0000','*,','00301016','批量导入','1','900001','2019-11-05','批量新增'),
('090265','CI','N','1','TE','0000','*,','00301016','批量导入','1','900001','2019-11-05','批量新增'),
('090266','CI','N','1','TE','0000','*,','00302003','批量导入','1','900001','2019-11-05','批量新增'),
('090267','CI','N','1','TE','0000','*,','00302003','批量导入','1','900001','2019-11-05','批量新增'),
('090268','CI','N','1','TE','0000','*,','00302003','批量导入','1','900001','2019-11-05','批量新增'),
('090269','CI','N','1','TE','0000','*,','00302003','批量导入','1','900001','2019-11-05','批量新增'),
('090270','CI','N','1','TE','0000','*,','00302003','批量导入','1','900001','2019-11-05','批量新增'),
('090271','CI','N','1','TE','0000','*,','00301002','批量导入','1','900001','2019-11-05','批量新增'),
('090272','CI','N','1','TE','0000','*,','00301002','批量导入','1','900001','2019-11-05','批量新增'),
('090273','CI','N','1','TE','0000','*,','00301002','批量导入','1','900001','2019-11-05','批量新增'),
('090274','CI','N','1','TE','0000','*,','00302020','批量导入','1','900001','2019-11-05','批量新增'),
('090275','CI','N','1','TE','0000','*,','00302020','批量导入','1','900001','2019-11-05','批量新增'),
('090276','CI','N','1','TE','0000','*,','00302020','批量导入','1','900001','2019-11-05','批量新增'),
('090277','CI','N','1','TE','0000','*,','00302020','批量导入','1','900001','2019-11-05','批量新增'),
('090278','CI','N','1','TE','0000','*,','00302020','批量导入','1','900001','2019-11-05','批量新增'),
('090279','CI','N','1','TE','0000','*,','00302020','批量导入','1','900001','2019-11-05','批量新增'),
('090280','CI','N','1','TE','0000','*,','00301015','批量导入','1','900001','2019-11-05','批量新增'),
('090281','CI','N','1','TE','0000','*,','00301015','批量导入','1','900001','2019-11-05','批量新增'),
('090282','CI','N','1','TE','0000','*,','00301015','批量导入','1','900001','2019-11-05','批量新增'),
('090283','CI','N','1','TE','0000','*,','00301015','批量导入','1','900001','2019-11-05','批量新增'),
('090284','CI','N','1','TE','0000','*,','00301015','批量导入','1','900001','2019-11-05','批量新增'),
('090285','CI','N','1','TE','0000','*,','00301015','批量导入','1','900001','2019-11-05','批量新增'),
('090286','CI','N','1','TE','0000','*,','00502306','批量导入','1','900001','2019-11-05','批量新增'),
('090287','CI','N','1','TE','0000','*,','00502306','批量导入','1','900001','2019-11-05','批量新增'),
('090288','CI','N','1','TE','0000','*,','00502307','批量导入','1','900001','2019-11-05','批量新增'),
('090289','CI','N','1','TE','0000','*,','00502314_2','批量导入','1','900001','2019-11-05','批量新增'),
('090290','CI','N','1','TE','0000','*,','00502314_2','批量导入','1','900001','2019-11-05','批量新增'),
('090291','CI','N','1','TE','0000','*,','00502314_3','批量导入','1','900001','2019-11-05','批量新增'),
('090292','CI','N','1','TE','0000','*,','00603001','批量导入','1','900001','2019-11-05','批量新增'),
('090293','CI','N','1','TE','0000','*,','00603002','批量导入','1','900001','2019-11-05','批量新增'),
('090294','CI','N','1','TE','0000','*,','00101001_1','批量导入','1','900001','2019-11-05','批量新增'),
('090295','CI','N','1','TE','0000','*,','00101001_1','批量导入','1','900001','2019-11-05','批量新增'),
('090296','CI','N','1','TE','0000','*,','00101003_1','批量导入','1','900001','2019-11-05','批量新增'),
('090297','CI','N','1','TE','0000','*,','00407002','批量导入','1','900001','2019-11-05','批量新增'),
('090298','CI','N','1','TE','0000','*,','00802002','批量导入','1','900001','2019-11-05','批量新增'),
('090299','CI','N','1','TE','0000','*,','00303005','批量导入','1','900001','2019-11-05','批量新增'),
('090300','CI','N','1','TE','0000','*,','00102004','批量导入','1','900001','2019-11-05','批量新增'),
('090301','CI','N','1','TE','0000','*,','00102001_1','批量导入','1','900001','2019-11-05','批量新增'),
('090302','CI','N','1','TE','0000','*,','00102005','批量导入','1','900001','2019-11-05','批量新增'),
('090303','CI','N','1','TE','0000','*,','09908001','批量导入','1','900001','2019-11-05','批量新增'),
('090304','CI','N','1','TE','0000','*,','09908002','批量导入','1','900001','2019-11-05','批量新增'),
('090305','CI','N','1','TE','0000','*,','09908003','批量导入','1','900001','2019-11-05','批量新增'),
('090306','CI','N','1','TE','0000','*,','09908004','批量导入','1','900001','2019-11-05','批量新增'),
('090307','CI','N','1','TE','0000','*,','09908005','批量导入','1','900001','2019-11-05','批量新增'),
('090308','CI','N','1','TE','0000','*,','09908006','批量导入','1','900001','2019-11-05','批量新增'),
('090309','CI','N','1','TE','0000','*,','09908007','批量导入','1','900001','2019-11-05','批量新增'),
('090310','CI','N','1','TE','0000','*,','00802003','批量导入','1','900001','2019-11-05','批量新增');
-- IB_OM_RULECOND_INFO insert
INSERT INTO IB_OM_RULECOND_INFO (OPRTN_COND_NO,DICTRY_NM,OPER_SYM_1,CMPR_VAL,OPER_SYM_2,VALUE2,TRAN_CD,COND_DESCR,OPER_TELR_NO,OPER_DT,OPER_RSN,CMPR_VAL_DATA_DICTRY_FLG,PUB_DICTRY_FLG,DICTRY_DESCR) VALUES

('CI90001','shifdl','==','1','','','00101002','是否代理','900001','2019-11-05','批量新增','1','0','是否代理'),
('CI90002','shifdl','==','0','','','00101002','是否代理','900001','2019-11-05','批量新增','1','0','是否代理'),
('CI90003','shiftqzq','==','1','','','00101002','提前支取','900001','2019-11-05','批量新增','1','0','提前支取'),
('CI90004','zqfsIDCard','==','1','','','00101002','支取方式','900001','2019-11-05','批量新增','1','0','支取方式'),
('CI90005','acctType','==','A','','','00101002','账户类型','900001','2019-11-05','批量新增','1','0','账户类型'),
('CI90006','duifczbz','==','0','','','00101002','第二个磁条标志','900001','2019-11-05','批量新增','1','0','第二个磁条标志'),
('CI90006','yifbxhj','>=','10000','','','00101002','应付本息合计','900001','2019-11-05','批量新增','1','0','应付本息合计'),
('CI90007','inActive','==','01','','','00101002','未激活','900001','2019-11-05','批量新增','1','0','未激活'),
('CI90008','yifbxhj','>=','50000','','','00101002','应付本息合计','900001','2019-11-05','批量新增','1','0','应付本息合计'),
('CI90010','crtfTyp','==','0','','','00103003','客户类型','900001','2019-11-05','批量新增','1','0','客户类型'),
('CI90011','crtfTyp','in','1,2','','','00103003','客户类型','900001','2019-11-05','批量新增','1','0','客户类型'),
('CI90012','crtfTyp','==','0','','','00103004','客户类型','900001','2019-11-05','批量新增','1','0','客户类型'),
('CI90013','crtfTyp','in','1,2','','','00103004','客户类型','900001','2019-11-05','批量新增','1','0','客户类型'),
('CI90014','crtfTyp','==','0','','','00103002','客户类型','900001','2019-11-05','批量新增','1','0','客户类型'),
('CI90015','crtfTyp','in','1,2','','','00103002','客户类型','900001','2019-11-05','批量新增','1','0','客户类型'),
('CI90016','cstType','in','1,2','','','00103005','客户类型','900001','2019-11-05','批量新增','1','0','客户类型'),
('CI90017','cstType','==','0','','','00103005','客户类型','900001','2019-11-05','批量新增','1','0','客户类型'),
('CI90018','pubPrivFlgCd','==','0','','','00201014','公私标志','900001','2019-11-05','批量新增','1','0','公私标志'),
('CI90019','pubPrivFlgCd','==','1','','','00201014','公私标志','900001','2019-11-05','批量新增','1','0','公私标志'),
('CI90020','operaFlg','==','1','','','00201011','操作标志','900001','2019-11-05','批量新增','1','0','操作标志'),
('CI90021','operaFlg','==','2','','','00201011','操作标志','900001','2019-11-05','批量新增','1','0','操作标志'),
('CI90022','operaFlg','==','3','','','00201011','操作标志','900001','2019-11-05','批量新增','1','0','操作标志'),
('CI90025','CUST_TYP_CD','==','1','','','00201022','客户类型','900001','2019-11-05','批量新增','1','0','客户类型'),
('CI90026','CUST_TYP_CD','==','0','','','00201022','客户类型','900001','2019-11-05','批量新增','1','0','客户类型'),
('CI90027','pageOperFlgCd','==','1','','','00201009','操作标志','900001','2019-11-05','批量新增','1','0','操作标志'),
('CI90028','pageOperFlgCd','==','2','','','00201009','操作标志','900001','2019-11-05','批量新增','1','0','操作标志'),
('CI90029','pageOperFlgCd','==','3','','','00201009','操作标志','900001','2019-11-05','批量新增','1','0','操作标志'),
('CI90031','ispass','!=','1','','','00504003','是否已核查','900001','2019-11-05','批量新增','1','0','是否已核查'),
('CI90031','amt','>=','50000','','','00504003','金额','900001','2019-11-05','批量新增','1','0','金额'),
('CI90058','custtype','==','0','','','00602003','客户类型','900001','2019-11-05','批量新增','1','0','客户类型'),
('CI90058','txAmt','>=','50000','','','00602003','交易金额','900001','2019-11-05','批量新增','1','0','交易金额'),
('CI90059','custtype','==','0','','','00602003','客户类型','900001','2019-11-05','批量新增','1','0','客户类型'),
('CI90062','CRTF_TYP_CD','==','0','','','00401020','经办人证件类型','900001','2019-11-05','批量新增','1','0','经办人证件类型'),
('CI90063','totlAmt','>=','50000','','','00502202','交易金额','900001','2019-11-05','批量新增','1','0','交易金额'),
('CI90064','CUST_TYP_CD','==','0','','','00502202','客户类型','900001','2019-11-05','批量新增','1','0','客户类型'),
('CI90064','acctDrawManrCd','in','00100000,01100000,10100000,11100000','','','00502202','支取方式','900001','2019-11-05','批量新增','1','0','支取方式'),
('CI90065','aprptAmt','>=','50000','','','00502203','交易金额','900001','2019-11-05','批量新增','1','0','交易金额'),
('CI90066','openAcctAmt','>=','50000','','','00502204','交易金额','900001','2019-11-05','批量新增','1','0','交易金额'),
('CI90067','bal','>=','50000','','','00502205','交易金额','900001','2019-11-05','批量新增','1','0','交易金额'),
('CI90068','totlAmt','>=','50000','','','00502102','交易金额','900001','2019-11-05','批量新增','1','0','交易金额'),
('CI90069','acctDrawManrCd','in','00100000,01100000,10100000,11100000','','','00502102','支取方式','900001','2019-11-05','批量新增','1','0','支取方式'),
('CI90069','CUST_TYP_CD','==','0','','','00502102','客户类型','900001','2019-11-05','批量新增','1','0','客户类型'),
('CI90070','wthmnyTotlAmt','>=','50000','','','00502104','交易金额','900001','2019-11-05','批量新增','1','0','交易金额'),
('CI90071','acctDrawManrCd','==','1','','','00501001','支取方式','900001','2019-11-05','批量新增','1','0','支取方式'),
('CI90072','PAY_FEE_TOTL_AMT','>=','50000','','','00501001','缴费总金额','900001','2019-11-05','批量新增','1','0','缴费总金额'),
('CI90073','custType','==','0','','','00501002','客户类型','900001','2019-11-05','批量新增','1','0','客户类型'),
('CI90074','custType','==','0','','','00501002','客户类型','900001','2019-11-05','批量新增','1','0','客户类型'),
('CI90075','custType','==','0','','','00501002','客户类型','900001','2019-11-05','批量新增','1','0','客户类型'),
('CI90076','Totl_Behv_Pay_Cost_Amt','>=','50000','','','00502002','缴款总金额','900001','2019-11-05','批量新增','1','0','缴款总金额'),
('CI90077','custType','==','0','','','00502002','客户类型','900001','2019-11-05','批量新增','1','0','客户类型'),
('CI90078','Totl_Behv_Pay_Cost_Amt','>=','50000','','','00502004','缴款总金额','900001','2019-11-05','批量新增','1','0','缴款总金额'),
('CI90079','custType','==','0','','','00502004','客户类型','900001','2019-11-05','批量新增','1','0','客户类型'),
('CI90080','Wthd_Amt','>=','50000','','','00502006','取款总金额','900001','2019-11-05','批量新增','1','0','取款总金额'),
('CI90081','actPayAmt','>=','50000','','','00502008','定期增值金额','900001','2019-11-05','批量新增','1','0','定期增值金额'),
('CI90082','DRAW_AMT','>=','50000','','','00502010','取款金额','900001','2019-11-05','批量新增','1','0','取款金额'),
('CI90083','Wthd_Amt','>=','50000','','','00502012','取款总金额','900001','2019-11-05','批量新增','1','0','取款总金额'),
('CI90084','amtSource','==','5','','','00302017','资金来源','900001','2019-11-05','批量新增','1','0','资金来源'),
('CI90088','agencyFlag','==','1','','','00302022','是否代理','900001','2019-11-05','批量新增','1','0','是否代理'),
('CI90089','agencyFlag','==','0','','','00302022','是否代理','900001','2019-11-05','批量新增','1','0','是否代理'),
('CI90089','partAmt','>=','50000','','','00302022','交易金额','900001','2019-11-05','批量新增','1','0','交易金额'),
('CI90089','csttype','==','0','','','00302022','客户类型','900001','2019-11-05','批量新增','1','0','客户类型'),
('CI90090','csttype','==','0','','','00302022','客户类型','900001','2019-11-05','批量新增','1','0','客户类型'),
('CI90091','ccy','!=','156','','','00302022','币种','900001','2019-11-05','批量新增','1','0','币种'),
('CI90092','csttype','in','1,2','','','00302002','客户类型','900001','2019-11-05','批量新增','1','0','客户类型'),
('CI90092','txAmt','>=','50000','','','00302002','交易金额','900001','2019-11-05','批量新增','1','0','交易金额'),
('CI90093','currType','!=','156','','','00302002','币种','900001','2019-11-05','批量新增','1','0','币种'),
('CI90094','custType','in','1,2','','','00302004','客户类型','900001','2019-11-05','批量新增','1','0','客户类型'),
('CI90094','txAmt','>=','50000','','','00302004','交易金额','900001','2019-11-05','批量新增','1','0','交易金额'),
('CI90095','currType','!=','156','','','00302004','币种','900001','2019-11-05','批量新增','1','0','币种'),
('CI90096','custType','in','1,2','','','00301005','客户类型','900001','2019-11-05','批量新增','1','0','客户类型'),
('CI90096','txAmt','>=','50000','','','00301005','交易金额','900001','2019-11-05','批量新增','1','0','交易金额'),
('CI90097','currType','!=','156','','','00301005','币种','900001','2019-11-05','批量新增','1','0','币种'),
('CI90098','isAgency','==','1','','','00305006','是否代理','900001','2019-11-05','批量新增','1','0','是否代理'),
('CI90099','isAgency','==','0','','','00305006','是否代理','900001','2019-11-05','批量新增','1','0','是否代理'),
('CI90099','transAm','>=','50000','','','00305006','交易金额','900001','2019-11-05','批量新增','1','0','交易金额'),
('CI90099','custType','==','0','','','00305006','客户类型','900001','2019-11-05','批量新增','1','0','客户类型'),
('CI90100','paymentMth','in','00100000,01100000,10100000,11100000','','','00305006','支取方式','900001','2019-11-05','批量新增','1','0','支取方式'),
('CI90100','custType','==','0','','','00305006','客户类型','900001','2019-11-05','批量新增','1','0','客户类型'),
('CI90101','custType','!=','0','','','00305006','客户类型','900001','2019-11-05','批量新增','1','0','客户类型'),
('CI90101','capitalType','==','1','','','00305006','资金来源','900001','2019-11-05','批量新增','1','0','资金来源'),
('CI90101','transAm','>=','50000','','','00305006','交易金额','900001','2019-11-05','批量新增','1','0','交易金额'),
('CI90101','isAgency','==','0','','','00305006','是否代理','900001','2019-11-05','批量新增','1','0','是否代理'),
('CI90102','custType','!=','0','','','00305006','客户类型','900001','2019-11-05','批量新增','1','0','客户类型'),
('CI90102','capitalType','!=','1','','','00305006','资金来源','900001','2019-11-05','批量新增','1','0','资金来源'),
('CI90102','transAm','>=','50000','','','00305006','资金来源','900001','2019-11-05','批量新增','1','0','资金来源'),
('CI90103','custType','==','0','','','00303006','客户类型','900001','2019-11-05','批量新增','1','0','客户类型'),
('CI90103','transAm','>=','50000','','','00303006','交易金额','900001','2019-11-05','批量新增','1','0','交易金额'),
('CI90104','currency','!=','156','','','00303006','币种','900001','2019-11-05','批量新增','1','0','币种'),
('CI90105','isAgency','==','1','','','00303007','是否代理','900001','2019-11-05','批量新增','1','0','是否代理'),
('CI90106','isAgency','==','1','','','00303007','是否代理','900001','2019-11-05','批量新增','1','0','是否代理'),
('CI90106','allAmt','>=','50000','','','00303007','交易总金额','900001','2019-11-05','批量新增','1','0','交易总金额'),
('CI90107','isAgency','==','0','','','00303007','是否代理','900001','2019-11-05','批量新增','1','0','是否代理'),
('CI90107','allAmt','>=','50000','','','00303007','交易总金额','900001','2019-11-05','批量新增','1','0','交易总金额'),
('CI90107','custType','==','0','','','00303007','客户类型','900001','2019-11-05','批量新增','1','0','客户类型'),
('CI90108','paymentMth','in','00100000,01100000,10100000,11100000','','','00303007','支取方式','900001','2019-11-05','批量新增','1','0','支取方式'),
('CI90108','custType','==','0','','','00303007','客户类型','900001','2019-11-05','批量新增','1','0','客户类型'),
('CI90109','currency','!=','156','','','00303007','币种','900001','2019-11-05','批量新增','1','0','币种'),
('CI90110','where','==','1','','','00302008','是否代理','900001','2019-11-05','批量新增','1','0','是否代理'),
('CI90111','where','==','1','','','00302008','是否代理','900001','2019-11-05','批量新增','1','0','是否代理'),
('CI90111','txAmt','>=','50000','','','00302008','交易金额','900001','2019-11-05','批量新增','1','0','交易金额'),
('CI90112','where','==','0','','','00302008','是否代理','900001','2019-11-05','批量新增','1','0','是否代理'),
('CI90112','txAmt','>=','50000','','','00302008','交易金额','900001','2019-11-05','批量新增','1','0','交易金额'),
('CI90112','csttype','==','0','','','00302008','客户类型','900001','2019-11-05','批量新增','1','0','客户类型'),
('CI90113','csttype','in','1,2','','','00302008','客户类型','900001','2019-11-05','批量新增','1','0','客户类型'),
('CI90113','txAmt','>=','50000','','','00302008','交易金额','900001','2019-11-05','批量新增','1','0','交易金额'),
('CI90114','mode','in','00100000,01100000,10100000,11100000','','','00302008','支取方式','900001','2019-11-05','批量新增','1','0','支取方式'),
('CI90114','csttype','==','0','','','00302008','客户类型','900001','2019-11-05','批量新增','1','0','客户类型'),
('CI90115','ccy','!=','156','','','00302008','币种','900001','2019-11-05','批量新增','1','0','币种'),
('CI90116','csttype','in','1,2','','','00302009','客户类型','900001','2019-11-05','批量新增','1','0','客户类型'),
('CI90116','txAmt','>=','50000','','','00302009','交易金额','900001','2019-11-05','批量新增','1','0','交易金额'),
('CI90117','ccy','!=','156','','','00302009','币种','900001','2019-11-05','批量新增','1','0','币种'),
('CI90118','where1','==','1','','','00302010','是否代理','900001','2019-11-05','批量新增','1','0','是否代理'),
('CI90119','where1','==','1','','','00302010','是否代理','900001','2019-11-05','批量新增','1','0','是否代理'),
('CI90119','txAmt','>=','50000','','','00302010','交易金额','900001','2019-11-05','批量新增','1','0','交易金额'),
('CI90120','where1','==','0','','','00302010','是否代理','900001','2019-11-05','批量新增','1','0','是否代理'),
('CI90120','txAmt','>=','50000','','','00302010','交易金额','900001','2019-11-05','批量新增','1','0','交易金额'),
('CI90120','csttype','==','0','','','00302010','客户类型','900001','2019-11-05','批量新增','1','0','客户类型'),
('CI90121','csttype','in','1,2','','','00302010','客户类型','900001','2019-11-05','批量新增','1','0','客户类型'),
('CI90121','txAmt','>=','50000','','','00302010','交易金额','900001','2019-11-05','批量新增','1','0','交易金额'),
('CI90122','ccy','!=','156','','','00302010','币种','900001','2019-11-05','批量新增','1','0','币种'),
('CI90123','AGEN_FLG','==','1','','','00303005','是否代理','900001','2019-11-05','批量新增','1','0','是否代理'),
('CI90124','AGEN_FLG','==','0','','','00303005','是否代理','900001','2019-11-05','批量新增','1','0','是否代理'),
('CI90124','tran_amt','>=','50000','','','00303005','交易金额','900001','2019-11-05','批量新增','1','0','交易金额'),
('CI90124','custTypCd','==','0','','','00303005','客户类型','900001','2019-11-05','批量新增','1','0','客户类型'),
('CI90125','paymentMth','in','00100000,01100000,10100000,11100000','','','00303005','支取方式','900001','2019-11-05','批量新增','1','0','支取方式'),
('CI90126','custTypCd','==','1','','','00303005','客户类型','900001','2019-11-05','批量新增','1','0','客户类型'),
('CI90126','Cap_Src','==','1','','','00303005','资金来源','900001','2019-11-05','批量新增','1','0','资金来源'),
('CI90126','tran_amt','>=','50000','','','00303005','交易金额','900001','2019-11-05','批量新增','1','0','交易金额'),
('CI90126','AGEN_FLG','==','0','','','00303005','是否代理','900001','2019-11-05','批量新增','1','0','是否代理'),
('CI90127','custTypCd','==','1','','','00303005','客户类型','900001','2019-11-05','批量新增','1','0','客户类型'),
('CI90127','Cap_Src','!=','1','','','00303005','资金来源','900001','2019-11-05','批量新增','1','0','资金来源'),
('CI90127','tran_amt','>=','50000','','','00303005','交易金额','900001','2019-11-05','批量新增','1','0','交易金额'),
('CI90128','dtlSumAmt','>=','50000','','','00305013','交易金额','900001','2019-11-05','批量新增','1','0','交易金额'),
('CI90128','fundSourceCd','in','2,3','','','00305013','资金来源','900001','2019-11-05','批量新增','1','0','资金来源'),
('CI90129','cstmType','in','1,2','','','00306004','客户类型','900001','2019-11-05','批量新增','1','0','客户类型'),
('CI90130','isAgency','==','1','','','00306004','是否代理','900001','2019-11-05','批量新增','1','0','是否代理'),
('CI90131','paymentMth','in','00100000,01100000,10100000,11100000','','','00306004','支取方式','900001','2019-11-05','批量新增','1','0','支取方式'),
('CI90131','cstmType','==','0','','','00306004','客户类型','900001','2019-11-05','批量新增','1','0','客户类型'),
('CI90132','CUST_TYP','!=','2','','','00306005','客户类型','900001','2019-11-05','批量新增','1','0','客户类型'),
('CI90133','custTypCdOut','in','1,2','','','00306006','客户类型','900001','2019-11-05','批量新增','1','0','客户类型'),
('CI90134','custTypCdOut','==','0','','','00306006','客户类型','900001','2019-11-05','批量新增','1','0','客户类型'),
('CI90135','paymtDlwthManrCd','==','04','','','00303004_1','处理方式','900001','2019-11-05','批量新增','1','0','处理方式'),
('CI90136','paymtDlwthManrCd','==','04','','','00303004_2','处理方式','900001','2019-11-05','批量新增','1','0','处理方式'),
('CI90137','paymtDlwthManrCd','==','02','','','00303004_1','处理方式','900001','2019-11-05','批量新增','1','0','处理方式'),
('CI90137','txAmt','>=','50000','','','00303004_1','交易金额','900001','2019-11-05','批量新增','1','0','交易金额'),
('CI90138','paymtDlwthManrCd','==','02','','','00303004_2','处理方式','900001','2019-11-05','批量新增','1','0','处理方式'),
('CI90138','stlAmt','>=','50000','','','00303004_2','交易金额','900001','2019-11-05','批量新增','1','0','交易金额'),
('CI90139','x_DE_WA','==','4','','','00303002_3','处理方式','900001','2019-11-05','批量新增','1','0','处理方式'),
('CI90140','proxy','==','1','','','00302014','是否代理','900001','2019-11-05','批量新增','1','0','是否代理'),
('CI90141','proxy','==','0','','','00302014','是否代理','900001','2019-11-05','批量新增','1','0','是否代理'),
('CI90141','TX_Amt','>=','50000','','','00302014','交易金额','900001','2019-11-05','批量新增','1','0','交易金额'),
('CI90141','custType','==','0','','','00302014','客户类型','900001','2019-11-05','批量新增','1','0','客户类型'),
('CI90142','Cash_Tran_Ind','==','0','','','00302014','现转标志','900001','2019-11-05','批量新增','1','0','现转标志'),
('CI90142','TX_Amt','>=','10000','','','00302014','交易金额','900001','2019-11-05','批量新增','1','0','交易金额'),
('CI90143','Cap_Src','==','1','','','00302016','资金来源','900001','2019-11-05','批量新增','1','0','资金来源'),
('CI90143','isAgency','==','0','','','00302016','是否代理','900001','2019-11-05','批量新增','1','0','是否代理'),
('CI90143','TX_Amt','>=','50000','','','00302016','交易金额','900001','2019-11-05','批量新增','1','0','交易金额'),
('CI90143','custtypcd','!=','0','','','00302016','客户类型','900001','2019-11-05','批量新增','1','0','客户类型'),
('CI90144','custtypcd','!=','0','','','00302016','客户类型','900001','2019-11-05','批量新增','1','0','客户类型'),
('CI90144','Cap_Src','!=','1','','','00302016','资金来源','900001','2019-11-05','批量新增','1','0','资金来源'),
('CI90144','TX_Amt','>=','50000','','','00302016','交易金额','900001','2019-11-05','批量新增','1','0','交易金额'),
('CI90145','handType','==','04','','','00303003_2','处理方式','900001','2019-11-05','批量新增','1','0','处理方式'),
('CI90146','where','==','1','','','00302006','是否代理','900001','2019-11-05','批量新增','1','0','是否代理'),
('CI90147','where','==','0','','','00302006','是否代理','900001','2019-11-05','批量新增','1','0','是否代理'),
('CI90147','txAmt','>=','50000','','','00302006','交易金额','900001','2019-11-05','批量新增','1','0','交易金额'),
('CI90147','csttype','==','0','','','00302006','客户类型','900001','2019-11-05','批量新增','1','0','客户类型'),
('CI90148','mode','in','00100000,01100000,10100000,11100000','','','00302006','支取方式','900001','2019-11-05','批量新增','1','0','支取方式'),
('CI90148','csttype','==','0','','','00302006','客户类型','900001','2019-11-05','批量新增','1','0','客户类型'),
('CI90149','txAmt','>=','50000','','','00302006','交易金额','900001','2019-11-05','批量新增','1','0','交易金额'),
('CI90150','ccy','!=','156','','','00302006','币种','900001','2019-11-05','批量新增','1','0','币种'),
('CI90151','proxy','==','1','','','00302019','是否代理','900001','2019-11-05','批量新增','1','0','是否代理'),
('CI90152','proxy','==','0','','','00302019','是否代理','900001','2019-11-05','批量新增','1','0','是否代理'),
('CI90152','txAmt','>=','50000','','','00302019','交易金额','900001','2019-11-05','批量新增','1','0','交易金额'),
('CI90152','cust_type','==','0','','','00302019','客户类型','900001','2019-11-05','批量新增','1','0','客户类型'),
('CI90153','cust_type','in','1,2','','','00302019','客户类型','900001','2019-11-05','批量新增','1','0','客户类型'),
('CI90153','txAmt','>=','50000','','','00302019','交易金额','900001','2019-11-05','批量新增','1','0','交易金额'),
('CI90154','mode','in','00100000,01100000,10100000,11100000','','','00302019','支取方式','900001','2019-11-05','批量新增','1','0','支取方式'),
('CI90154','cust_type','==','0','','','00302019','客户类型','900001','2019-11-05','批量新增','1','0','客户类型'),
('CI90155','cust_type','==','0','','','00302019','客户类型','900001','2019-11-05','批量新增','1','0','客户类型'),
('CI90156','ccy','!=','156','','','00302019','币种','900001','2019-11-05','批量新增','1','0','币种'),
('CI90157','proxy','==','1','','','00302007','是否代理','900001','2019-11-05','批量新增','1','0','是否代理'),
('CI90158','proxy','==','0','','','00302007','是否代理','900001','2019-11-05','批量新增','1','0','是否代理'),
('CI90158','txAmt','>=','50000','','','00302007','交易金额','900001','2019-11-05','批量新增','1','0','交易金额'),
('CI90158','cust_type','==','0','','','00302007','客户类型','900001','2019-11-05','批量新增','1','0','客户类型'),
('CI90159','txAmt','>=','50000','','','00302007','交易金额','900001','2019-11-05','批量新增','1','0','交易金额'),
('CI90160','ccy','!=','156','','','00302007','币种','900001','2019-11-05','批量新增','1','0','币种'),
('CI90161','csttype','in','1,2','','','00302021','客户类型','900001','2019-11-05','批量新增','1','0','客户类型'),
('CI90161','partAmt','>=','50000','','','00302021','交易金额','900001','2019-11-05','批量新增','1','0','交易金额'),
('CI90162','partAmt','>=','50000','','','00302021','交易金额','900001','2019-11-05','批量新增','1','0','交易金额'),
('CI90163','ccy','!=','156','','','00302021','币种','900001','2019-11-05','批量新增','1','0','币种'),
('CI90164','proxy','==','1','','','00302011','是否代理','900001','2019-11-05','批量新增','1','0','是否代理'),
('CI90165','proxy','==','0','','','00302011','是否代理','900001','2019-11-05','批量新增','1','0','是否代理'),
('CI90165','txAmt','>=','50000','','','00302011','交易金额','900001','2019-11-05','批量新增','1','0','交易金额'),
('CI90165','custTypeCd','==','0','','','00302011','客户类型','900001','2019-11-05','批量新增','1','0','客户类型'),
('CI90166','custTypeCd','in','1,2','','','00302011','客户类型','900001','2019-11-05','批量新增','1','0','客户类型'),
('CI90166','txAmt','>=','50000','','','00302011','交易金额','900001','2019-11-05','批量新增','1','0','交易金额'),
('CI90167','drawType','in','00100000,01100000,10100000,11100000','','','00302011','支取方式','900001','2019-11-05','批量新增','1','0','支取方式'),
('CI90167','custTypeCd','==','0','','','00302011','客户类型','900001','2019-11-05','批量新增','1','0','客户类型'),
('CI90168','txAmt','>=','50000','','','00302011','交易金额','900001','2019-11-05','批量新增','1','0','交易金额'),
('CI90169','curCd','!=','156','','','00302011','币种','900001','2019-11-05','批量新增','1','0','币种'),
('CI90170','proxy','==','1','','','00302018','是否代理','900001','2019-11-05','批量新增','1','0','是否代理'),
('CI90171','proxy','==','0','','','00302018','是否代理','900001','2019-11-05','批量新增','1','0','是否代理'),
('CI90171','txAmt','>=','50000','','','00302018','交易金额','900001','2019-11-05','批量新增','1','0','交易金额'),
('CI90171','cust_type','==','0','','','00302018','客户类型','900001','2019-11-05','批量新增','1','0','客户类型'),
('CI90172','cust_type','in','1,2','','','00302018','客户类型','900001','2019-11-05','批量新增','1','0','客户类型'),
('CI90172','txAmt','>=','50000','','','00302018','交易金额','900001','2019-11-05','批量新增','1','0','交易金额'),
('CI90173','mode','in','00100000,01100000,10100000,11100000','','','00302018','支取方式','900001','2019-11-05','批量新增','1','0','支取方式'),
('CI90173','cust_type','==','0','','','00302018','客户类型','900001','2019-11-05','批量新增','1','0','客户类型'),
('CI90174','cust_type','==','0','','','00302018','客户类型','900001','2019-11-05','批量新增','1','0','客户类型'),
('CI90175','ccy','!=','156','','','00302018','币种','900001','2019-11-05','批量新增','1','0','币种'),
('CI90176','proxy','==','1','','','00302005','是否代理','900001','2019-11-05','批量新增','1','0','是否代理'),
('CI90177','proxy','==','0','','','00302005','是否代理','900001','2019-11-05','批量新增','1','0','是否代理'),
('CI90177','txAmt','>=','50000','','','00302005','交易金额','900001','2019-11-05','批量新增','1','0','交易金额'),
('CI90177','cust_type','==','0','','','00302005','客户类型','900001','2019-11-05','批量新增','1','0','客户类型'),
('CI90178','mode','in','00100000,01100000,10100000,11100000','','','00302005','支取方式','900001','2019-11-05','批量新增','1','0','支取方式'),
('CI90178','cust_type','==','0','','','00302005','客户类型','900001','2019-11-05','批量新增','1','0','客户类型'),
('CI90179','cust_type','==','0','','','00302005','客户类型','900001','2019-11-05','批量新增','1','0','客户类型'),
('CI90180','txAmt','>=','50000','','','00302005','交易金额','900001','2019-11-05','批量新增','1','0','交易金额'),
('CI90181','ccy','!=','156','','','00302005','币种','900001','2019-11-05','批量新增','1','0','币种'),
('CI90182','customerType','==','1','','','00201015','客户类型','900001','2019-11-05','批量新增','1','0','客户类型'),
('CI90183','pageOperFlgCd','in','0,1,2','','','00201015','操作标志','900001','2019-11-05','批量新增','1','0','操作标志'),
('CI90183','chkStat','==','1','','','00201015','共管账户标志','900001','2019-11-05','批量新增','1','0','共管账户标志'),
('CI90183','jointInputFlag','==','1','','','00201015','联名人客户信息录入标志','900001','2019-11-05','批量新增','1','0','联名人客户信息录入标志'),
('CI90184','chkStat','==','1','','','00201015','共管账户标志','900001','2019-11-05','批量新增','1','0','共管账户标志'),
('CI90184','jointInputFlag','==','0','','','00201015','联名人客户信息录入标志','900001','2019-11-05','批量新增','1','0','联名人客户信息录入标志'),
('CI90185','pageOperFlgCd','==','3','','','00201015','操作标志','900001','2019-11-05','批量新增','1','0','操作标志'),
('CI90185','chkStat','==','0','','','00201015','共管账户标志','900001','2019-11-05','批量新增','1','0','共管账户标志'),
('CI90186','customerType','==','0','','','00201015','客户类型','900001','2019-11-05','批量新增','1','0','客户类型'),
('CI90187','pageOperFlgCd','in','0,1,2','','','00201015','操作标志','900001','2019-11-05','批量新增','1','0','操作标志'),
('CI90187','chkStat','==','0','','','00201015','共管账户标志','900001','2019-11-05','批量新增','1','0','共管账户标志'),
('CI90188','pageOperFlgCd','==','3','','','00201015','操作标志','900001','2019-11-05','批量新增','1','0','操作标志'),
('CI90188','chkStat','==','1','','','00201015','共管账户标志','900001','2019-11-05','批量新增','1','0','共管账户标志'),
('CI90188','jointInputFlag','==','1','','','00201015','联名人客户信息录入标志','900001','2019-11-05','批量新增','1','0','联名人客户信息录入标志'),
('CI90189','pageFileOperTypCd','==','1','','','00201016','操作类型','900001','2019-11-05','批量新增','1','0','操作类型'),
('CI90189','custTypeCd2','==','0','','','00201016','客户类型','900001','2019-11-05','批量新增','1','0','客户类型'),
('CI90190','pageFileOperTypCd','==','1','','','00201016','操作类型','900001','2019-11-05','批量新增','1','0','操作类型'),
('CI90190','custTypeCd2','==','1','','','00201016','客户类型','900001','2019-11-05','批量新增','1','0','客户类型'),
('CI90191','pageFileOperTypCd','==','2','','','00201016','操作类型','900001','2019-11-05','批量新增','1','0','操作类型'),
('CI90192','agenFlg','==','1','','','00201016','是否代理','900001','2019-11-05','批量新增','1','0','是否代理'),
('CI90193','custTypeCd1','in','1,2','','','00201016','客户类型','900001','2019-11-05','批量新增','1','0','客户类型'),
('CI90194','acctDrawManrCd1','in','00100000,01100000,10100000,11100000','','','00201016','支取方式','900001','2019-11-05','批量新增','1','0','支取方式'),
('CI90194','custTypeCd1','==','0','','','00201016','客户类型','900001','2019-11-05','批量新增','1','0','客户类型'),
('CI90195','agenFlg','==','1','','','00101007','是否代理','900001','2019-11-05','批量新增','1','0','是否代理'),
('CI90196','agenFlg','==','0','','','00101007','是否代理','900001','2019-11-05','批量新增','1','0','是否代理'),
('CI90196','pyblPrncpintTotAmt','>=','50000','','','00101007','本息合计','900001','2019-11-05','批量新增','1','0','本息合计'),
('CI90197','agenFlg','==','0','','','00101007','是否代理','900001','2019-11-05','批量新增','1','0','是否代理'),
('CI90197','acctDrawManrCd','in','00100000,01100000,10100000,11100000','','','00101007','支取方式','900001','2019-11-05','批量新增','1','0','支取方式'),
('CI90198','agenFlg','==','0','','','00101007','是否代理','900001','2019-11-05','批量新增','1','0','是否代理'),
('CI90198','pageRdcrdOperFlgCd1','==','0','','','00101007','磁条标志','900001','2019-11-05','批量新增','1','0','磁条标志'),
('CI90198','pyblPrncpintTotAmt','>=','10000','','','00101007','本息合计','900001','2019-11-05','批量新增','1','0','本息合计'),
('CI90199','AGEN_FLG','==','1','','','00201005','是否代理','900001','2019-11-05','批量新增','1','0','是否代理'),
('CI90200','PUB_PRIV_FLG_CD','==','1','','','00201005','公私标志','900001','2019-11-05','批量新增','1','0','公私标志'),
('CI90201','AGEN_FLG','==','0','','','00201005','是否代理','900001','2019-11-05','批量新增','1','0','是否代理'),
('CI90202','CUST_TYP_CD','==','0','','','00201005','客户类型','900001','2019-11-05','批量新增','1','0','客户类型'),
('CI90203','CUST_TYP_CD','!=','0','','','00201005','客户类型','900001','2019-11-05','批量新增','1','0','客户类型'),
('CI90204','custType','==','0','','','00201002','客户类型','900001','2019-11-05','批量新增','1','0','客户类型'),
('CI90205','custType','!=','0','','','00201002','客户类型','900001','2019-11-05','批量新增','1','0','客户类型'),
('CI90206','txAmt','>','10000','','','00301012','交易金额','900001','2019-11-05','批量新增','1','0','交易金额'),
('CI90206','pageRdcrdOperFlgCd','==','0','','','00301012','磁条标志','900001','2019-11-05','批量新增','1','0','磁条标志'),
('CI90207','custtyp','!=','0','','','00301012','客户类型','900001','2019-11-05','批量新增','1','0','客户类型'),
('CI90207','txAmt','>=','50000','','','00301012','交易金额','900001','2019-11-05','批量新增','1','0','交易金额'),
('CI90208','custtyp','==','0','','','00301012','客户类型','900001','2019-11-05','批量新增','1','0','客户类型'),
('CI90208','txAmt','>=','50000','','','00301012','交易金额','900001','2019-11-05','批量新增','1','0','交易金额'),
('CI90209','curCd','!=','156','','','00301012','币种','900001','2019-11-05','批量新增','1','0','币种'),
('CI90210','txAmt','>','10000','','','00301004','交易金额','900001','2019-11-05','批量新增','1','0','交易金额'),
('CI90210','flag','==','0','','','00301004','磁条标志','900001','2019-11-05','批量新增','1','0','磁条标志'),
('CI90211','csttype','==','0','','','00301004','客户类型','900001','2019-11-05','批量新增','1','0','客户类型'),
('CI90211','txAmt','>=','50000','','','00301004','交易金额','900001','2019-11-05','批量新增','1','0','交易金额'),
('CI90212','txAmt','>=','50000','','','00301004','交易金额','900001','2019-11-05','批量新增','1','0','交易金额'),
('CI90213','ccy','!=','156','','','00301004','币种','900001','2019-11-05','批量新增','1','0','币种'),
('CI90214','txAmt','>','10000','','','00301011','交易金额','900001','2019-11-05','批量新增','1','0','交易金额'),
('CI90214','pageRdcrdOperFlgCd','==','0','','','00301011','磁条标志','900001','2019-11-05','批量新增','1','0','磁条标志'),
('CI90215','cust_type','!=','0','','','00301011','客户类型','900001','2019-11-05','批量新增','1','0','客户类型'),
('CI90215','txAmt','>=','50000','','','00301011','交易金额','900001','2019-11-05','批量新增','1','0','交易金额'),
('CI90216','txAmt','>=','50000','','','00301011','交易金额','900001','2019-11-05','批量新增','1','0','交易金额'),
('CI90217','curCd','!=','156','','','00301011','币种','900001','2019-11-05','批量新增','1','0','币种'),
('CI90218','txAmt','>','10000','','','00301010','交易金额','900001','2019-11-05','批量新增','1','0','交易金额'),
('CI90218','pageRdcrdOperFlgCd','==','0','','','00301010','磁条标志','900001','2019-11-05','批量新增','1','0','磁条标志'),
('CI90219','cust_type','==','0','','','00301010','客户类型','900001','2019-11-05','批量新增','1','0','客户类型'),
('CI90219','txAmt','>=','50000','','','00301010','交易金额','900001','2019-11-05','批量新增','1','0','交易金额'),
('CI90220','txAmt','>=','50000','','','00301010','交易金额','900001','2019-11-05','批量新增','1','0','交易金额'),
('CI90221','curCd','!=','156','','','00301010','币种','900001','2019-11-05','批量新增','1','0','币种'),
('CI90222','txAmt','>','10000','','','00301003','交易金额','900001','2019-11-05','批量新增','1','0','交易金额'),
('CI90222','pageRdcrdOperFlgCd','==','0','','','00301003','磁条标志','900001','2019-11-05','批量新增','1','0','磁条标志'),
('CI90223','CUST_TYP_CD','==','0','','','00301003','客户类型','900001','2019-11-05','批量新增','1','0','客户类型'),
('CI90223','txAmt','>=','50000','','','00301003','交易金额','900001','2019-11-05','批量新增','1','0','交易金额'),
('CI90224','txAmt','>=','50000','','','00301003','交易金额','900001','2019-11-05','批量新增','1','0','交易金额'),
('CI90225','curCd','!=','156','','','00301003','币种','900001','2019-11-05','批量新增','1','0','币种'),
('CI90226','CUST_TYP_CD','!=','0','','','00301009','客户类型','900001','2019-11-05','批量新增','1','0','客户类型'),
('CI90226','txAmt','>=','50000','','','00301009','交易金额','900001','2019-11-05','批量新增','1','0','交易金额'),
('CI90227','txAmt','>=','50000','','','00301009','交易金额','900001','2019-11-05','批量新增','1','0','交易金额'),
('CI90228','curCd','!=','156','','','00301009','币种','900001','2019-11-05','批量新增','1','0','币种'),
('CI90229','csttype','!=','0','','','00301013','客户类型','900001','2019-11-05','批量新增','1','0','客户类型'),
('CI90229','totalTxAmt1','>=','50000','','','00301013','交易金额','900001','2019-11-05','批量新增','1','0','交易金额'),
('CI90230','csttype','==','0','','','00301013','客户类型','900001','2019-11-05','批量新增','1','0','客户类型'),
('CI90230','totalTxAmt1','>=','50000','','','00301013','交易金额','900001','2019-11-05','批量新增','1','0','交易金额'),
('CI90231','curCd','!=','156','','','00301013','币种','900001','2019-11-05','批量新增','1','0','币种'),
('CI90232','where','==','1','','','00301006','是否代理','900001','2019-11-05','批量新增','1','0','是否代理'),
('CI90233','where','==','0','','','00301006','是否代理','900001','2019-11-05','批量新增','1','0','是否代理'),
('CI90233','txAmt','>=','50000','','','00301006','交易金额','900001','2019-11-05','批量新增','1','0','交易金额'),
('CI90233','csttype','==','0','','','00301006','客户类型','900001','2019-11-05','批量新增','1','0','客户类型'),
('CI90234','mode','in','00100000,01100000,10100000,11100000','','','00301006','支取方式','900001','2019-11-05','批量新增','1','0','支取方式'),
('CI90234','csttype','==','0','','','00301006','客户类型','900001','2019-11-05','批量新增','1','0','客户类型'),
('CI90235','txAmt','>=','50000','','','00301006','交易金额','900001','2019-11-05','批量新增','1','0','交易金额'),
('CI90236','ccy','!=','156','','','00301006','币种','900001','2019-11-05','批量新增','1','0','币种'),
('CI90237','proxy','==','1','','','00301007','是否代理','900001','2019-11-05','批量新增','1','0','是否代理'),
('CI90238','custtyp','!=','0','','','00301007','客户类型','900001','2019-11-05','批量新增','1','0','客户类型'),
('CI90238','txAmt','>=','50000','','','00301007','交易金额','900001','2019-11-05','批量新增','1','0','交易金额'),
('CI90239','drawType','in','00100000,01100000,10100000,11100000','','','00301007','支取方式','900001','2019-11-05','批量新增','1','0','支取方式'),
('CI90239','custtyp','==','0','','','00301007','客户类型','900001','2019-11-05','批量新增','1','0','客户类型'),
('CI90240','txAmt','>=','50000','','','00301007','交易金额','900001','2019-11-05','批量新增','1','0','交易金额'),
('CI90241','proxy','==','0','','','00301007','是否代理','900001','2019-11-05','批量新增','1','0','是否代理'),
('CI90241','txAmt','>=','50000','','','00301007','交易金额','900001','2019-11-05','批量新增','1','0','交易金额'),
('CI90241','custtyp','==','0','','','00301007','客户类型','900001','2019-11-05','批量新增','1','0','客户类型'),
('CI90242','ccy','!=','156','','','00301007','币种','900001','2019-11-05','批量新增','1','0','币种'),
('CI90243','proxy','==','1','','','00301014','是否代理','900001','2019-11-05','批量新增','1','0','是否代理'),
('CI90244','proxy','==','0','','','00301014','是否代理','900001','2019-11-05','批量新增','1','0','是否代理'),
('CI90244','txAmt','>=','50000','','','00301014','交易金额','900001','2019-11-05','批量新增','1','0','交易金额'),
('CI90244','cust_type','==','0','','','00301014','客户类型','900001','2019-11-05','批量新增','1','0','客户类型'),
('CI90245','mode','in','00100000,01100000,10100000,11100000','','','00301014','支取方式','900001','2019-11-05','批量新增','1','0','支取方式'),
('CI90245','cust_type','==','0','','','00301014','客户类型','900001','2019-11-05','批量新增','1','0','客户类型'),
('CI90246','cust_type','==','0','','','00301014','客户类型','900001','2019-11-05','批量新增','1','0','客户类型'),
('CI90247','txAmt','>=','50000','','','00301014','交易金额','900001','2019-11-05','批量新增','1','0','交易金额'),
('CI90248','ccy','!=','156','','','00301014','币种','900001','2019-11-05','批量新增','1','0','币种'),
('CI90249','proxy','==','1','','','00302013','是否代理','900001','2019-11-05','批量新增','1','0','是否代理'),
('CI90250','proxy','==','0','','','00302013','是否代理','900001','2019-11-05','批量新增','1','0','是否代理'),
('CI90250','partyAmt','>=','50000','','','00302013','交易金额','900001','2019-11-05','批量新增','1','0','交易金额'),
('CI90250','cust_type','==','0','','','00302013','客户类型','900001','2019-11-05','批量新增','1','0','客户类型'),
('CI90251','mode','in','00100000,01100000,10100000,11100000','','','00302013','支取方式','900001','2019-11-05','批量新增','1','0','支取方式'),
('CI90251','cust_type','==','0','','','00302013','客户类型','900001','2019-11-05','批量新增','1','0','客户类型'),
('CI90252','cust_type','==','0','','','00302013','客户类型','900001','2019-11-05','批量新增','1','0','客户类型'),
('CI90253','partyAmt','>=','50000','','','00302013','交易金额','900001','2019-11-05','批量新增','1','0','交易金额'),
('CI90254','ccy','!=','156','','','00302013','币种','900001','2019-11-05','批量新增','1','0','币种'),
('CI90255','custType','!=','0','','','00301018','客户类型','900001','2019-11-05','批量新增','1','0','客户类型'),
('CI90255','txAmt','>=','50000','','','00301018','交易金额','900001','2019-11-05','批量新增','1','0','交易金额'),
('CI90256','txAmt','>=','50000','','','00301018','交易金额','900001','2019-11-05','批量新增','1','0','交易金额'),
('CI90257','currType','!=','156','','','00301018','币种','900001','2019-11-05','批量新增','1','0','币种'),
('CI90258','proxy','==','1','','','00301017','是否代理','900001','2019-11-05','批量新增','1','0','是否代理'),
('CI90259','proxy','==','0','','','00301017','是否代理','900001','2019-11-05','批量新增','1','0','是否代理'),
('CI90259','txAmt','>=','50000','','','00301017','交易金额','900001','2019-11-05','批量新增','1','0','交易金额'),
('CI90259','cust_type','==','0','','','00301017','客户类型','900001','2019-11-05','批量新增','1','0','客户类型'),
('CI90260','txAmt','>=','50000','','','00301017','交易金额','900001','2019-11-05','批量新增','1','0','交易金额'),
('CI90261','ccy','!=','156','','','00301017','币种','900001','2019-11-05','批量新增','1','0','币种'),
('CI90262','agenFlg','==','1','','','00301016','是否代理','900001','2019-11-05','批量新增','1','0','是否代理'),
('CI90263','agenFlg','==','0','','','00301016','是否代理','900001','2019-11-05','批量新增','1','0','是否代理'),
('CI90263','txAmt','>=','50000','','','00301016','交易金额','900001','2019-11-05','批量新增','1','0','交易金额'),
('CI90263','custType','==','0','','','00301016','客户类型','900001','2019-11-05','批量新增','1','0','客户类型'),
('CI90264','txAmt','>=','50000','','','00301016','交易金额','900001','2019-11-05','批量新增','1','0','交易金额'),
('CI90265','currType','!=','156','','','00301016','币种','900001','2019-11-05','批量新增','1','0','币种'),
('CI90266','agencyFlag','==','1','','','00302003','是否代理','900001','2019-11-05','批量新增','1','0','是否代理'),
('CI90267','agencyFlag','==','0','','','00302003','是否代理','900001','2019-11-05','批量新增','1','0','是否代理'),
('CI90267','partAmt','>=','50000','','','00302003','交易金额','900001','2019-11-05','批量新增','1','0','交易金额'),
('CI90267','csttype','==','0','','','00302003','客户类型','900001','2019-11-05','批量新增','1','0','客户类型'),
('CI90268','partAmt','>=','50000','','','00302003','交易金额','900001','2019-11-05','批量新增','1','0','交易金额'),
('CI90269','csttype','==','0','','','00302003','客户类型','900001','2019-11-05','批量新增','1','0','客户类型'),
('CI90270','ccy','!=','156','','','00302003','币种','900001','2019-11-05','批量新增','1','0','币种'),
('CI90271','custType','!=','0','','','00301002','客户类型','900001','2019-11-05','批量新增','1','0','客户类型'),
('CI90271','txAmt','>=','50000','','','00301002','交易金额','900001','2019-11-05','批量新增','1','0','交易金额'),
('CI90272','txAmt','>=','50000','','','00301002','交易金额','900001','2019-11-05','批量新增','1','0','交易金额'),
('CI90273','currType','!=','156','','','00301002','币种','900001','2019-11-05','批量新增','1','0','币种'),
('CI90274','proxy','==','1','','','00302020','是否代理','900001','2019-11-05','批量新增','1','0','是否代理'),
('CI90275','proxy','==','0','','','00302020','是否代理','900001','2019-11-05','批量新增','1','0','是否代理'),
('CI90275','txAmt','>=','50000','','','00302020','交易金额','900001','2019-11-05','批量新增','1','0','交易金额'),
('CI90275','cust_type','==','0','','','00302020','客户类型','900001','2019-11-05','批量新增','1','0','客户类型'),
('CI90276','mode','in','00100000,01100000,10100000,11100000','','','00302020','支取方式','900001','2019-11-05','批量新增','1','0','支取方式'),
('CI90276','cust_type','==','0','','','00302020','客户类型','900001','2019-11-05','批量新增','1','0','客户类型'),
('CI90277','cust_type','==','0','','','00302020','客户类型','900001','2019-11-05','批量新增','1','0','客户类型'),
('CI90278','txAmt','>=','50000','','','00302020','交易金额','900001','2019-11-05','批量新增','1','0','交易金额'),
('CI90279','ccy','!=','156','','','00302020','币种','900001','2019-11-05','批量新增','1','0','币种'),
('CI90280','proxy','==','1','','','00301015','是否代理','900001','2019-11-05','批量新增','1','0','是否代理'),
('CI90281','proxy','==','0','','','00301015','是否代理','900001','2019-11-05','批量新增','1','0','是否代理'),
('CI90281','txAmt','>=','50000','','','00301015','交易金额','900001','2019-11-05','批量新增','1','0','交易金额'),
('CI90281','cust_type','==','0','','','00301015','客户类型','900001','2019-11-05','批量新增','1','0','客户类型'),
('CI90282','cust_type','!=','0','','','00301015','客户类型','900001','2019-11-05','批量新增','1','0','客户类型'),
('CI90282','txAmt','>=','50000','','','00301015','交易金额','900001','2019-11-05','批量新增','1','0','交易金额'),
('CI90283','mode','in','00100000,01100000,10100000,11100000','','','00301015','支取方式','900001','2019-11-05','批量新增','1','0','支取方式'),
('CI90283','cust_type','==','0','','','00301015','客户类型','900001','2019-11-05','批量新增','1','0','客户类型'),
('CI90284','txAmt','>=','50000','','','00301015','交易金额','900001','2019-11-05','批量新增','1','0','交易金额'),
('CI90285','ccy','!=','156','','','00301015','币种','900001','2019-11-05','批量新增','1','0','币种'),
('CI90286','totlAmt','>=','50000','','','00502306','交易金额','900001','2019-11-05','批量新增','1','0','交易金额'),
('CI90287','custType','==','0','','','00502306','客户类型','900001','2019-11-05','批量新增','1','0','客户类型'),
('CI90287','acctDrawManrCd','in','00100000,01100000,10100000,11100000','','','00502306','支取方式','900001','2019-11-05','批量新增','1','0','支取方式'),
('CI90288','totlAmt','>=','50000','','','00502307','交易金额','900001','2019-11-05','批量新增','1','0','交易金额'),
('CI90289','totlAmt','>=','50000','','','00502314_2','交易金额','900001','2019-11-05','批量新增','1','0','交易金额'),
('CI90290','custType','==','0','','','00502314_2','客户类型','900001','2019-11-05','批量新增','1','0','客户类型'),
('CI90290','acctDrawManrCd','in','00100000,01100000,10100000,11100000','','','00502314_2','支取方式','900001','2019-11-05','批量新增','1','0','支取方式'),
('CI90291','totlAmt','>=','50000','','','00502314_3','交易金额','900001','2019-11-05','批量新增','1','0','交易金额'),
('CI90292','agenFlg','==','1','','','00603001','是否代理','900001','2019-11-05','批量新增','1','0','是否代理'),
('CI90293','agenFlg','==','1','','','00603002','是否代理','900001','2019-11-05','批量新增','1','0','是否代理'),
('CI90294','agenFlg','==','0','','','00101001_1','是否代理','900001','2019-11-05','批量新增','1','0','是否代理'),
('CI90295','agenFlg','==','1','','','00101001_1','是否代理','900001','2019-11-05','批量新增','1','0','是否代理'),
('CI90297','crtfTypCd','==','0','','','00407002','证件类型','900001','2019-11-05','批量新增','1','0','证件类型'),
('CI90298','ctfTp','==','0','','','00802002','证件类型','900001','2019-11-05','批量新增','1','0','证件类型'),
('CI90299','PAGE_RDCRD_OPER_FLG_CD','==','0','','','00303005','磁条标志','900001','2019-11-05','批量新增','1','0','磁条标志'),
('CI90299','tran_amt','>=','10000','','','00303005','交易金额','900001','2019-11-05','批量新增','1','0','交易金额');
-- IB_OM_RULECOND_RLT insert
INSERT INTO IB_OM_RULECOND_RLT (RULE_COND_NO,CMPL_MODE_FLG,OPRTN_RULE_NO) VALUES

('CI90000','0','090000'),
('CI90001','1','090001'),
('CI90002','1','090002'),
('CI90003','1','090003'),
('CI90004','1','090004'),
('CI90005','1','090005'),
('CI90006','1','090006'),
('CI90007','1','090007'),
('CI90008','1','090008'),
('CI90009','0','090009'),
('CI90010','1','090010'),
('CI90011','1','090011'),
('CI90012','1','090012'),
('CI90013','1','090013'),
('CI90014','1','090014'),
('CI90015','1','090015'),
('CI90016','1','090016'),
('CI90017','1','090017'),
('CI90018','1','090018'),
('CI90019','1','090019'),
('CI90020','1','090020'),
('CI90021','1','090021'),
('CI90022','1','090022'),
('CI90023','0','090023'),
('CI90024','0','090024'),
('CI90025','1','090025'),
('CI90026','1','090026'),
('CI90027','1','090027'),
('CI90028','1','090028'),
('CI90029','1','090029'),
('CI90030','0','090030'),
('CI90031','1','090031'),
('CI90032','0','090032'),
('CI90033','0','090033'),
('CI90034','0','090034'),
('CI90035','0','090035'),
('CI90036','0','090036'),
('CI90037','0','090037'),
('CI90038','0','090038'),
('CI90039','0','090039'),
('CI90040','0','090040'),
('CI90041','0','090041'),
('CI90042','0','090042'),
('CI90043','0','090043'),
('CI90044','0','090044'),
('CI90045','0','090045'),
('CI90046','0','090046'),
('CI90047','0','090047'),
('CI90048','0','090048'),
('CI90049','0','090049'),
('CI90050','0','090050'),
('CI90051','0','090051'),
('CI90052','0','090052'),
('CI90053','0','090053'),
('CI90054','0','090054'),
('CI90055','0','090055'),
('CI90056','0','090056'),
('CI90057','0','090057'),
('CI90058','1','090058'),
('CI90059','1','090059'),
('CI90060','0','090060'),
('CI90061','0','090061'),
('CI90062','1','090062'),
('CI90063','1','090063'),
('CI90064','1','090064'),
('CI90065','1','090065'),
('CI90066','1','090066'),
('CI90067','1','090067'),
('CI90068','1','090068'),
('CI90069','1','090069'),
('CI90070','1','090070'),
('CI90071','1','090071'),
('CI90072','1','090072'),
('CI90073','1','090073'),
('CI90074','1','090074'),
('CI90075','1','090075'),
('CI90076','1','090076'),
('CI90077','1','090077'),
('CI90078','1','090078'),
('CI90079','1','090079'),
('CI90080','1','090080'),
('CI90081','1','090081'),
('CI90082','1','090082'),
('CI90083','1','090083'),
('CI90084','1','090084'),
('CI90085','0','090085'),
('CI90086','0','090086'),
('CI90087','0','090087'),
('CI90088','1','090088'),
('CI90089','1','090089'),
('CI90090','1','090090'),
('CI90091','1','090091'),
('CI90092','1','090092'),
('CI90093','1','090093'),
('CI90094','1','090094'),
('CI90095','1','090095'),
('CI90096','1','090096'),
('CI90097','1','090097'),
('CI90098','1','090098'),
('CI90099','1','090099'),
('CI90100','1','090100'),
('CI90101','1','090101'),
('CI90102','1','090102'),
('CI90103','1','090103'),
('CI90104','1','090104'),
('CI90105','1','090105'),
('CI90106','1','090106'),
('CI90107','1','090107'),
('CI90108','1','090108'),
('CI90109','1','090109'),
('CI90110','1','090110'),
('CI90111','1','090111'),
('CI90112','1','090112'),
('CI90113','1','090113'),
('CI90114','1','090114'),
('CI90115','1','090115'),
('CI90116','1','090116'),
('CI90117','1','090117'),
('CI90118','1','090118'),
('CI90119','1','090119'),
('CI90120','1','090120'),
('CI90121','1','090121'),
('CI90122','1','090122'),
('CI90123','1','090123'),
('CI90124','1','090124'),
('CI90125','1','090125'),
('CI90126','1','090126'),
('CI90127','1','090127'),
('CI90128','1','090128'),
('CI90129','1','090129'),
('CI90130','1','090130'),
('CI90131','1','090131'),
('CI90132','1','090132'),
('CI90133','1','090133'),
('CI90134','1','090134'),
('CI90135','1','090135'),
('CI90136','1','090136'),
('CI90137','1','090137'),
('CI90138','1','090138'),
('CI90139','1','090139'),
('CI90140','1','090140'),
('CI90141','1','090141'),
('CI90142','1','090142'),
('CI90143','1','090143'),
('CI90144','1','090144'),
('CI90145','1','090145'),
('CI90146','1','090146'),
('CI90147','1','090147'),
('CI90148','1','090148'),
('CI90149','1','090149'),
('CI90150','1','090150'),
('CI90151','1','090151'),
('CI90152','1','090152'),
('CI90153','1','090153'),
('CI90154','1','090154'),
('CI90155','1','090155'),
('CI90156','1','090156'),
('CI90157','1','090157'),
('CI90158','1','090158'),
('CI90159','1','090159'),
('CI90160','1','090160'),
('CI90161','1','090161'),
('CI90162','1','090162'),
('CI90163','1','090163'),
('CI90164','1','090164'),
('CI90165','1','090165'),
('CI90166','1','090166'),
('CI90167','1','090167'),
('CI90168','1','090168'),
('CI90169','1','090169'),
('CI90170','1','090170'),
('CI90171','1','090171'),
('CI90172','1','090172'),
('CI90173','1','090173'),
('CI90174','1','090174'),
('CI90175','1','090175'),
('CI90176','1','090176'),
('CI90177','1','090177'),
('CI90178','1','090178'),
('CI90179','1','090179'),
('CI90180','1','090180'),
('CI90181','1','090181'),
('CI90182','1','090182'),
('CI90183','1','090183'),
('CI90184','1','090184'),
('CI90185','1','090185'),
('CI90186','1','090186'),
('CI90187','1','090187'),
('CI90188','1','090188'),
('CI90189','1','090189'),
('CI90190','1','090190'),
('CI90191','1','090191'),
('CI90192','1','090192'),
('CI90193','1','090193'),
('CI90194','1','090194'),
('CI90195','1','090195'),
('CI90196','1','090196'),
('CI90197','1','090197'),
('CI90198','1','090198'),
('CI90199','1','090199'),
('CI90200','1','090200'),
('CI90201','1','090201'),
('CI90202','1','090202'),
('CI90203','1','090203'),
('CI90204','1','090204'),
('CI90205','1','090205'),
('CI90206','1','090206'),
('CI90207','1','090207'),
('CI90208','1','090208'),
('CI90209','1','090209'),
('CI90210','1','090210'),
('CI90211','1','090211'),
('CI90212','1','090212'),
('CI90213','1','090213'),
('CI90214','1','090214'),
('CI90215','1','090215'),
('CI90216','1','090216'),
('CI90217','1','090217'),
('CI90218','1','090218'),
('CI90219','1','090219'),
('CI90220','1','090220'),
('CI90221','1','090221'),
('CI90222','1','090222'),
('CI90223','1','090223'),
('CI90224','1','090224'),
('CI90225','1','090225'),
('CI90226','1','090226'),
('CI90227','1','090227'),
('CI90228','1','090228'),
('CI90229','1','090229'),
('CI90230','1','090230'),
('CI90231','1','090231'),
('CI90232','1','090232'),
('CI90233','1','090233'),
('CI90234','1','090234'),
('CI90235','1','090235'),
('CI90236','1','090236'),
('CI90237','1','090237'),
('CI90238','1','090238'),
('CI90239','1','090239'),
('CI90240','1','090240'),
('CI90241','1','090241'),
('CI90242','1','090242'),
('CI90243','1','090243'),
('CI90244','1','090244'),
('CI90245','1','090245'),
('CI90246','1','090246'),
('CI90247','1','090247'),
('CI90248','1','090248'),
('CI90249','1','090249'),
('CI90250','1','090250'),
('CI90251','1','090251'),
('CI90252','1','090252'),
('CI90253','1','090253'),
('CI90254','1','090254'),
('CI90255','1','090255'),
('CI90256','1','090256'),
('CI90257','1','090257'),
('CI90258','1','090258'),
('CI90259','1','090259'),
('CI90260','1','090260'),
('CI90261','1','090261'),
('CI90262','1','090262'),
('CI90263','1','090263'),
('CI90264','1','090264'),
('CI90265','1','090265'),
('CI90266','1','090266'),
('CI90267','1','090267'),
('CI90268','1','090268'),
('CI90269','1','090269'),
('CI90270','1','090270'),
('CI90271','1','090271'),
('CI90272','1','090272'),
('CI90273','1','090273'),
('CI90274','1','090274'),
('CI90275','1','090275'),
('CI90276','1','090276'),
('CI90277','1','090277'),
('CI90278','1','090278'),
('CI90279','1','090279'),
('CI90280','1','090280'),
('CI90281','1','090281'),
('CI90282','1','090282'),
('CI90283','1','090283'),
('CI90284','1','090284'),
('CI90285','1','090285'),
('CI90286','1','090286'),
('CI90287','1','090287'),
('CI90288','1','090288'),
('CI90289','1','090289'),
('CI90290','1','090290'),
('CI90291','1','090291'),
('CI90292','1','090292'),
('CI90293','1','090293'),
('CI90294','1','090294'),
('CI90295','1','090295'),
('CI90296','0','090296'),
('CI90297','1','090297'),
('CI90298','1','090298'),
('CI90299','1','090299'),
('CI90300','0','090300'),
('CI90301','0','090301'),
('CI90302','0','090302'),
('CI90303','0','090303'),
('CI90304','0','090304'),
('CI90305','0','090305'),
('CI90306','0','090306'),
('CI90307','0','090307'),
('CI90308','0','090308'),
('CI90309','0','090309'),
('CI90310','0','090310');
-- IB_OM_MODE_INFO insert
INSERT INTO IB_OM_MODE_INFO (RULE_MODE_NO,FIELD_SEQ_NO,FIELD_NM,FIELD_DICTRY_NM,RULE_MODE_TYP_CD) VALUES

('CI90000','1','ref','aui-row_1','CI'),
('CI90000','2','NI','1','CI'),
('CI90000','3','FR','1','CI'),
('CI90001','4','ref','input-cstnm','CI'),
('CI90001','5','NI','1','CI'),
('CI90001','6','FR','0','CI'),
('CI90002','7','ref','input-cstnm','CI'),
('CI90002','8','NI','1','CI'),
('CI90002','9','FR','1','CI'),
('CI90003','10','ref','input-cstnm','CI'),
('CI90003','11','NI','1','CI'),
('CI90003','12','FR','0','CI'),
('CI90004','13','ref','input-cstnm','CI'),
('CI90004','14','NI','1','CI'),
('CI90004','15','FR','0','CI'),
('CI90005','16','ref','input-cstnm','CI'),
('CI90005','17','NI','1','CI'),
('CI90005','18','FR','0','CI'),
('CI90006','19','ref','input-cstnm','CI'),
('CI90006','20','NI','1','CI'),
('CI90006','21','FR','0','CI'),
('CI90007','25','ref','input-cstnm','CI'),
('CI90007','26','NI','1','CI'),
('CI90007','27','FR','0','CI'),
('CI90008','28','ref','input-cstnm','CI'),
('CI90008','29','NI','1','CI'),
('CI90008','30','FR','0','CI'),
('CI90009','31','ref','custom-input_2','CI'),
('CI90009','32','NI','1','CI'),
('CI90009','33','FR','1','CI'),
('CI90010','34','ref','custom-input-crtfNbr','CI'),
('CI90010','35','NI','1','CI'),
('CI90010','36','FR','1','CI'),
('CI90011','37','ref','custom-input-crtfNbr','CI'),
('CI90011','38','NI','1','CI'),
('CI90011','39','FR','0','CI'),
('CI90012','40','ref','custom-input-crtfNbr','CI'),
('CI90012','41','NI','1','CI'),
('CI90012','42','FR','1','CI'),
('CI90013','43','ref','custom-input-crtfNbr','CI'),
('CI90013','44','NI','1','CI'),
('CI90013','45','FR','0','CI'),
('CI90014','46','ref','custom-input-custNm','CI'),
('CI90014','47','NI','1','CI'),
('CI90014','48','FR','1','CI'),
('CI90015','49','ref','custom-input-custNm','CI'),
('CI90015','50','NI','1','CI'),
('CI90015','51','FR','0','CI'),
('CI90016','52','ref','input-cstnm','CI'),
('CI90016','53','NI','1','CI'),
('CI90016','54','FR','0','CI'),
('CI90017','55','ref','input-cstnm','CI'),
('CI90017','56','NI','1','CI'),
('CI90017','57','FR','1','CI'),
('CI90018','58','ref','custom-selector-crtfTypCd','CI'),
('CI90018','59','NI','1','CI'),
('CI90018','60','FR','1','CI'),
('CI90019','61','ref','custom-selector-crtfTypCd','CI'),
('CI90019','62','NI','1','CI'),
('CI90019','63','FR','0','CI'),
('CI90020','64','ref','custom-input-acctnm1','CI'),
('CI90020','65','NI','1','CI'),
('CI90020','66','FR','0','CI'),
('CI90021','67','ref','custom-input-acctnm1','CI'),
('CI90021','68','NI','1','CI'),
('CI90021','69','FR','0','CI'),
('CI90022','70','ref','custom-input-acctnm1','CI'),
('CI90022','71','NI','1','CI'),
('CI90022','72','FR','0','CI'),
('CI90023','73','ref','custom-input-acctnm1','CI'),
('CI90023','74','NI','1','CI'),
('CI90023','75','FR','1','CI'),
('CI90024','76','ref','custom-input_3','CI'),
('CI90024','77','NI','1','CI'),
('CI90024','78','FR','1','CI'),
('CI90025','79','ref','custom-input_2','CI'),
('CI90025','80','NI','1','CI'),
('CI90025','81','FR','0','CI'),
('CI90026','82','ref','custom-input_2','CI'),
('CI90026','83','NI','1','CI'),
('CI90026','84','FR','1','CI'),
('CI90027','85','ref','custom-input-acctnm','CI'),
('CI90027','86','NI','1','CI'),
('CI90027','87','FR','0','CI'),
('CI90028','88','ref','custom-input-acctnm','CI'),
('CI90028','89','NI','1','CI'),
('CI90028','90','FR','0','CI'),
('CI90029','91','ref','custom-input-acctnm','CI'),
('CI90029','92','NI','1','CI'),
('CI90029','93','FR','0','CI'),
('CI90030','94','ref','customer','CI'),
('CI90030','95','NI','1','CI'),
('CI90030','96','FR','1','CI'),
('CI90031','97','ref','customer1','CI'),
('CI90031','98','NI','1','CI'),
('CI90031','99','FR','1','CI'),
('CI90032','103','ref','customer','CI'),
('CI90032','104','NI','1','CI'),
('CI90032','105','FR','1','CI'),
('CI90033','106','ref','customer','CI'),
('CI90033','107','NI','1','CI'),
('CI90033','108','FR','1','CI'),
('CI90034','109','ref','customer','CI'),
('CI90034','110','NI','0','CI'),
('CI90034','111','FR','0','CI'),
('CI90035','112','ref','aui-button_query','CI'),
('CI90035','113','NI','1','CI'),
('CI90035','114','FR','0','CI'),
('CI90036','115','ref','aui-button_query','CI'),
('CI90036','116','NI','1','CI'),
('CI90036','117','FR','0','CI'),
('CI90037','118','ref','aui-button_query','CI'),
('CI90037','119','NI','1','CI'),
('CI90037','120','FR','0','CI'),
('CI90038','121','ref','aui-button_query','CI'),
('CI90038','122','NI','1','CI'),
('CI90038','123','FR','0','CI'),
('CI90039','124','ref','aui-button_query','CI'),
('CI90039','125','NI','1','CI'),
('CI90039','126','FR','0','CI'),
('CI90040','127','ref','aui-button_query','CI'),
('CI90040','128','NI','1','CI'),
('CI90040','129','FR','0','CI'),
('CI90041','130','ref','aui-button_check','CI'),
('CI90041','131','NI','1','CI'),
('CI90041','132','FR','0','CI'),
('CI90042','133','ref','aui-button-check','CI'),
('CI90042','134','NI','1','CI'),
('CI90042','135','FR','0','CI'),
('CI90043','136','ref','custom-input-userName','CI'),
('CI90043','137','NI','1','CI'),
('CI90043','138','FR','0','CI'),
('CI90044','139','ref','custom-input-pwd','CI'),
('CI90044','140','NI','1','CI'),
('CI90044','141','FR','0','CI'),
('CI90045','142','ref','aui-queryInfo','CI'),
('CI90045','143','NI','1','CI'),
('CI90045','144','FR','0','CI'),
('CI90046','145','ref','aui-queryInfo','CI'),
('CI90046','146','NI','1','CI'),
('CI90046','147','FR','0','CI'),
('CI90047','148','ref','aui-queryInfo','CI'),
('CI90047','149','NI','1','CI'),
('CI90047','150','FR','0','CI'),
('CI90048','151','ref','aui-button_query','CI'),
('CI90048','152','NI','1','CI'),
('CI90048','153','FR','0','CI'),
('CI90049','154','ref','aui-button_query','CI'),
('CI90049','155','NI','1','CI'),
('CI90049','156','FR','0','CI'),
('CI90050','157','ref','custom-input-name','CI'),
('CI90050','158','NI','1','CI'),
('CI90050','159','FR','0','CI'),
('CI90051','160','ref','custom-input-name','CI'),
('CI90051','161','NI','1','CI'),
('CI90051','162','FR','0','CI'),
('CI90052','163','ref','custom-input-name','CI'),
('CI90052','164','NI','1','CI'),
('CI90052','165','FR','0','CI'),
('CI90053','166','ref','custom-input-name','CI'),
('CI90053','167','NI','1','CI'),
('CI90053','168','FR','0','CI'),
('CI90054','169','ref','custom-input-name','CI'),
('CI90054','170','NI','1','CI'),
('CI90054','171','FR','0','CI'),
('CI90055','172','ref','custom-input-name','CI'),
('CI90055','173','NI','1','CI'),
('CI90055','174','FR','0','CI'),
('CI90056','175','ref','custom-input-name','CI'),
('CI90056','176','NI','1','CI'),
('CI90056','177','FR','0','CI'),
('CI90057','178','ref','custom-table_1','CI'),
('CI90057','179','NI','1','CI'),
('CI90057','180','FR','0','CI'),
('CI90058','181','ref','custom-input-ufrzpyAmt','CI'),
('CI90058','182','NI','1','CI'),
('CI90058','183','FR','1','CI'),
('CI90059','187','ref','custom-input-ufrzpyAmt','CI'),
('CI90059','188','NI','0','CI'),
('CI90059','189','FR','0','CI'),
('CI90060','190','ref','custom-input_4','CI'),
('CI90060','191','NI','1','CI'),
('CI90060','192','FR','0','CI'),
('CI90061','193','ref','custom-input_19','CI'),
('CI90061','194','NI','1','CI'),
('CI90061','195','FR','0','CI'),
('CI90062','196','ref','custom-selector-01','CI'),
('CI90062','197','NI','1','CI'),
('CI90062','198','FR','0','CI'),
('CI90063','199','ref','custom-input_4','CI'),
('CI90063','200','NI','1','CI'),
('CI90063','201','FR','0','CI'),
('CI90064','202','ref','custom-input_4','CI'),
('CI90064','203','NI','0','CI'),
('CI90064','204','FR','0','CI'),
('CI90065','208','ref','custom-input_9','CI'),
('CI90065','209','NI','1','CI'),
('CI90065','210','FR','0','CI'),
('CI90066','211','ref','custom-input_7','CI'),
('CI90066','212','NI','1','CI'),
('CI90066','213','FR','0','CI'),
('CI90067','214','ref','custom-input_9','CI'),
('CI90067','215','NI','1','CI'),
('CI90067','216','FR','0','CI'),
('CI90068','217','ref','custom-input_4','CI'),
('CI90068','218','NI','1','CI'),
('CI90068','219','FR','0','CI'),
('CI90069','220','ref','custom-input_4','CI'),
('CI90069','221','NI','0','CI'),
('CI90069','222','FR','0','CI'),
('CI90070','226','ref','custom-selector_3','CI'),
('CI90070','227','NI','1','CI'),
('CI90070','228','FR','0','CI'),
('CI90071','229','ref','custom-input_6','CI'),
('CI90071','230','NI','1','CI'),
('CI90071','231','FR','0','CI'),
('CI90072','232','ref','custom-input_6','CI'),
('CI90072','233','NI','1','CI'),
('CI90072','234','FR','0','CI'),
('CI90073','235','ref','custom-input_1','CI'),
('CI90073','236','NI','1','CI'),
('CI90073','237','FR','1','CI'),
('CI90074','238','ref','custom-input_9','CI'),
('CI90074','239','NI','1','CI'),
('CI90074','240','FR','0','CI'),
('CI90075','241','ref','custom-input_6','CI'),
('CI90075','242','NI','1','CI'),
('CI90075','243','FR','0','CI'),
('CI90076','244','ref','custom-input_4','CI'),
('CI90076','245','NI','1','CI'),
('CI90076','246','FR','1','CI'),
('CI90077','247','ref','custom-input_4','CI'),
('CI90077','248','NI','1','CI'),
('CI90077','249','FR','1','CI'),
('CI90078','250','ref','custom-input_4','CI'),
('CI90078','251','NI','1','CI'),
('CI90078','252','FR','1','CI'),
('CI90079','253','ref','custom-input_4','CI'),
('CI90079','254','NI','1','CI'),
('CI90079','255','FR','1','CI'),
('CI90080','256','ref','custom-selector_2','CI'),
('CI90080','257','NI','1','CI'),
('CI90080','258','FR','1','CI'),
('CI90081','259','ref','custom-selector_6','CI'),
('CI90081','260','NI','1','CI'),
('CI90081','261','FR','1','CI'),
('CI90082','262','ref','custom-selector_7','CI'),
('CI90082','263','NI','1','CI'),
('CI90082','264','FR','1','CI'),
('CI90083','265','ref','custom-selector_2','CI'),
('CI90083','266','NI','1','CI'),
('CI90083','267','FR','1','CI'),
('CI90084','268','ref','custom-input_remitAmount','CI'),
('CI90084','269','NI','1','CI'),
('CI90084','270','FR','0','CI'),
('CI90085','271','ref','custom-selector-bilhldrCrtfTypCd','CI'),
('CI90085','272','NI','1','CI'),
('CI90085','273','FR','0','CI'),
('CI90086','274','ref','custom-input_OldCardNumber','CI'),
('CI90086','275','NI','1','CI'),
('CI90086','276','FR','1','CI'),
('CI90087','277','ref','custom-selector_4','CI'),
('CI90087','278','NI','1','CI'),
('CI90087','279','FR','1','CI'),
('CI90088','280','ref','custom-selector_5','CI'),
('CI90088','281','NI','0','CI'),
('CI90088','282','FR','0','CI'),
('CI90089','283','ref','custom-selector_5','CI'),
('CI90089','284','NI','1','CI'),
('CI90089','285','FR','1','CI'),
('CI90090','292','ref','custom-selector_5','CI'),
('CI90090','293','NI','1','CI'),
('CI90090','294','FR','1','CI'),
('CI90091','295','ref','custom-selector_5','CI'),
('CI90091','296','NI','1','CI'),
('CI90091','297','FR','0','CI'),
('CI90092','298','ref','custom-input-txAmt','CI'),
('CI90092','299','NI','1','CI'),
('CI90092','300','FR','0','CI'),
('CI90093','304','ref','custom-input-txAmt','CI'),
('CI90093','305','NI','1','CI'),
('CI90093','306','FR','0','CI'),
('CI90094','307','ref','custom-input-txAmt','CI'),
('CI90094','308','NI','1','CI'),
('CI90094','309','FR','0','CI'),
('CI90095','313','ref','custom-input-txAmt','CI'),
('CI90095','314','NI','1','CI'),
('CI90095','315','FR','0','CI'),
('CI90096','316','ref','custom-input-txAmt','CI'),
('CI90096','317','NI','1','CI'),
('CI90096','318','FR','0','CI'),
('CI90097','322','ref','custom-input-txAmt','CI'),
('CI90097','323','NI','1','CI'),
('CI90097','324','FR','0','CI'),
('CI90098','325','ref','custom-selector_4','CI'),
('CI90098','326','NI','0','CI'),
('CI90098','327','FR','0','CI'),
('CI90099','328','ref','custom-selector_4','CI'),
('CI90099','329','NI','1','CI'),
('CI90099','330','FR','1','CI'),
('CI90100','337','ref','custom-selector_4','CI'),
('CI90100','338','NI','0','CI'),
('CI90100','339','FR','0','CI'),
('CI90101','343','ref','custom-selector_4','CI'),
('CI90101','344','NI','1','CI'),
('CI90101','345','FR','0','CI'),
('CI90102','355','ref','custom-selector_4','CI'),
('CI90102','356','NI','1','CI'),
('CI90102','357','FR','0','CI'),
('CI90103','364','ref','custom-input_3','CI'),
('CI90103','365','NI','1','CI'),
('CI90103','366','FR','0','CI'),
('CI90104','370','ref','custom-input_3','CI'),
('CI90104','371','NI','1','CI'),
('CI90104','372','FR','0','CI'),
('CI90105','373','ref','custom-selector_6','CI'),
('CI90105','374','NI','0','CI'),
('CI90105','375','FR','0','CI'),
('CI90106','376','ref','custom-selector_6','CI'),
('CI90106','377','NI','1','CI'),
('CI90106','378','FR','0','CI'),
('CI90107','382','ref','custom-selector_6','CI'),
('CI90107','383','NI','1','CI'),
('CI90107','384','FR','1','CI'),
('CI90108','391','ref','custom-selector_6','CI'),
('CI90108','392','NI','0','CI'),
('CI90108','393','FR','0','CI'),
('CI90109','397','ref','custom-selector_6','CI'),
('CI90109','398','NI','1','CI'),
('CI90109','399','FR','0','CI'),
('CI90110','400','ref','custom-selector_5','CI'),
('CI90110','401','NI','0','CI'),
('CI90110','402','FR','0','CI'),
('CI90111','403','ref','custom-selector_5','CI'),
('CI90111','404','NI','1','CI'),
('CI90111','405','FR','0','CI'),
('CI90112','409','ref','custom-selector_5','CI'),
('CI90112','410','NI','1','CI'),
('CI90112','411','FR','1','CI'),
('CI90113','418','ref','custom-selector_5','CI'),
('CI90113','419','NI','1','CI'),
('CI90113','420','FR','0','CI'),
('CI90114','424','ref','custom-selector_5','CI'),
('CI90114','425','NI','0','CI'),
('CI90114','426','FR','0','CI'),
('CI90115','430','ref','custom-selector_5','CI'),
('CI90115','431','NI','1','CI'),
('CI90115','432','FR','0','CI'),
('CI90116','433','ref','custom-input_6','CI'),
('CI90116','434','NI','1','CI'),
('CI90116','435','FR','0','CI'),
('CI90117','439','ref','custom-input_6','CI'),
('CI90117','440','NI','1','CI'),
('CI90117','441','FR','0','CI'),
('CI90118','442','ref','custom-selector_6','CI'),
('CI90118','443','NI','0','CI'),
('CI90118','444','FR','0','CI'),
('CI90119','445','ref','custom-selector_6','CI'),
('CI90119','446','NI','1','CI'),
('CI90119','447','FR','0','CI'),
('CI90120','451','ref','custom-selector_6','CI'),
('CI90120','452','NI','1','CI'),
('CI90120','453','FR','1','CI'),
('CI90121','460','ref','custom-selector_6','CI'),
('CI90121','461','NI','1','CI'),
('CI90121','462','FR','0','CI'),
('CI90122','466','ref','custom-selector_6','CI'),
('CI90122','467','NI','1','CI'),
('CI90122','468','FR','0','CI'),
('CI90123','469','ref','custom-selector_agen','CI'),
('CI90123','470','NI','0','CI'),
('CI90123','471','FR','0','CI'),
('CI90124','472','ref','custom-selector_agen','CI'),
('CI90124','473','NI','1','CI'),
('CI90124','474','FR','1','CI'),
('CI90125','481','ref','custom-selector_agen','CI'),
('CI90125','482','NI','1','CI'),
('CI90125','483','FR','1','CI'),
('CI90126','484','ref','custom-selector_agen','CI'),
('CI90126','485','NI','1','CI'),
('CI90126','486','FR','0','CI'),
('CI90127','496','ref','custom-selector_agen','CI'),
('CI90127','497','NI','1','CI'),
('CI90127','498','FR','0','CI'),
('CI90128','505','ref','aui-button_submit','CI'),
('CI90128','506','NI','1','CI'),
('CI90128','507','FR','0','CI'),
('CI90129','511','ref','aui-button_submit','CI'),
('CI90129','512','NI','1','CI'),
('CI90129','513','FR','0','CI'),
('CI90130','514','ref','aui-button_submit','CI'),
('CI90130','515','NI','1','CI'),
('CI90130','516','FR','0','CI'),
('CI90131','517','ref','aui-button_submit','CI'),
('CI90131','518','NI','1','CI'),
('CI90131','519','FR','0','CI'),
('CI90132','523','ref','aui-button_submit','CI'),
('CI90132','524','NI','1','CI'),
('CI90132','525','FR','0','CI'),
('CI90133','526','ref','aui-button_submit','CI'),
('CI90133','527','NI','1','CI'),
('CI90133','528','FR','0','CI'),
('CI90134','529','ref','aui-button_submit','CI'),
('CI90134','530','NI','1','CI'),
('CI90134','531','FR','0','CI'),
('CI90135','532','ref','aui-button_submit','CI'),
('CI90135','533','NI','1','CI'),
('CI90135','534','FR','1','CI'),
('CI90136','535','ref','aui-button_submit','CI'),
('CI90136','536','NI','1','CI'),
('CI90136','537','FR','1','CI'),
('CI90137','538','ref','aui-button_submit','CI'),
('CI90137','539','NI','1','CI'),
('CI90137','540','FR','1','CI'),
('CI90138','544','ref','aui-button_submit','CI'),
('CI90138','545','NI','1','CI'),
('CI90138','546','FR','1','CI'),
('CI90139','550','ref','custom-selector_x_DE_WA','CI'),
('CI90139','551','NI','1','CI'),
('CI90139','552','FR','0','CI'),
('CI90140','553','ref','custom-sel_yesORno','CI'),
('CI90140','554','NI','1','CI'),
('CI90140','555','FR','0','CI'),
('CI90141','556','ref','custom-sel_yesORno','CI'),
('CI90141','557','NI','1','CI'),
('CI90141','558','FR','0','CI'),
('CI90142','565','ref','custom-sel_yesORno','CI'),
('CI90142','566','NI','1','CI'),
('CI90142','567','FR','0','CI'),
('CI90143','571','ref','custom-input_txAm','CI'),
('CI90143','572','NI','1','CI'),
('CI90143','573','FR','0','CI'),
('CI90144','583','ref','custom-input_txAm','CI'),
('CI90144','584','NI','1','CI'),
('CI90144','585','FR','0','CI'),
('CI90145','592','ref','custom-sel_handType','CI'),
('CI90145','593','NI','1','CI'),
('CI90145','594','FR','0','CI'),
('CI90146','595','ref','custom-selector_5','CI'),
('CI90146','596','NI','1','CI'),
('CI90146','597','FR','1','CI'),
('CI90147','598','ref','custom-selector_5','CI'),
('CI90147','599','NI','1','CI'),
('CI90147','600','FR','1','CI'),
('CI90148','607','ref','custom-selector_5','CI'),
('CI90148','608','NI','0','CI'),
('CI90148','609','FR','0','CI'),
('CI90149','613','ref','custom-selector_5','CI'),
('CI90149','614','NI','1','CI'),
('CI90149','615','FR','0','CI'),
('CI90150','616','ref','custom-selector_5','CI'),
('CI90150','617','NI','1','CI'),
('CI90150','618','FR','0','CI'),
('CI90151','619','ref','custom-selector-proxy','CI'),
('CI90151','620','NI','1','CI'),
('CI90151','621','FR','1','CI'),
('CI90152','622','ref','custom-selector-proxy','CI'),
('CI90152','623','NI','1','CI'),
('CI90152','624','FR','1','CI'),
('CI90153','631','ref','input-txAmt','CI'),
('CI90153','632','NI','1','CI'),
('CI90153','633','FR','0','CI'),
('CI90154','637','ref','custom-selector-proxy','CI'),
('CI90154','638','NI','1','CI'),
('CI90154','639','FR','1','CI'),
('CI90155','643','ref','custom-selector-proxy','CI'),
('CI90155','644','NI','1','CI'),
('CI90155','645','FR','1','CI'),
('CI90156','646','ref','custom-selector-proxy','CI'),
('CI90156','647','NI','1','CI'),
('CI90156','648','FR','0','CI'),
('CI90157','649','ref','custom-selector-proxy','CI'),
('CI90157','650','NI','1','CI'),
('CI90157','651','FR','1','CI'),
('CI90158','652','ref','custom-selector-proxy','CI'),
('CI90158','653','NI','1','CI'),
('CI90158','654','FR','1','CI'),
('CI90159','661','ref','custom-selector-proxy','CI'),
('CI90159','662','NI','1','CI'),
('CI90159','663','FR','0','CI'),
('CI90160','664','ref','custom-selector-proxy','CI'),
('CI90160','665','NI','1','CI'),
('CI90160','666','FR','0','CI'),
('CI90161','667','ref','custom-input_6','CI'),
('CI90161','668','NI','0','CI'),
('CI90161','669','FR','0','CI'),
('CI90162','673','ref','custom-input_6','CI'),
('CI90162','674','NI','1','CI'),
('CI90162','675','FR','0','CI'),
('CI90163','676','ref','custom-input_6','CI'),
('CI90163','677','NI','1','CI'),
('CI90163','678','FR','0','CI'),
('CI90164','679','ref','custom-selector_8','CI'),
('CI90164','680','NI','1','CI'),
('CI90164','681','FR','1','CI'),
('CI90165','682','ref','custom-selector_8','CI'),
('CI90165','683','NI','1','CI'),
('CI90165','684','FR','1','CI'),
('CI90166','691','ref','custom-input_6','CI'),
('CI90166','692','NI','0','CI'),
('CI90166','693','FR','0','CI'),
('CI90167','697','ref','custom-selector_8','CI'),
('CI90167','698','NI','1','CI'),
('CI90167','699','FR','1','CI'),
('CI90168','703','ref','custom-selector_8','CI'),
('CI90168','704','NI','1','CI'),
('CI90168','705','FR','0','CI'),
('CI90169','706','ref','custom-selector_8','CI'),
('CI90169','707','NI','1','CI'),
('CI90169','708','FR','0','CI'),
('CI90170','709','ref','custom-selector-proxy','CI'),
('CI90170','710','NI','1','CI'),
('CI90170','711','FR','1','CI'),
('CI90171','712','ref','custom-selector-proxy','CI'),
('CI90171','713','NI','1','CI'),
('CI90171','714','FR','1','CI'),
('CI90172','721','ref','custom-input-txAmt','CI'),
('CI90172','722','NI','0','CI'),
('CI90172','723','FR','0','CI'),
('CI90173','727','ref','custom-selector-proxy','CI'),
('CI90173','728','NI','1','CI'),
('CI90173','729','FR','1','CI'),
('CI90174','733','ref','custom-selector-proxy','CI'),
('CI90174','734','NI','1','CI'),
('CI90174','735','FR','1','CI'),
('CI90175','736','ref','custom-selector-proxy','CI'),
('CI90175','737','NI','1','CI'),
('CI90175','738','FR','0','CI'),
('CI90176','739','ref','custom-selector-proxy','CI'),
('CI90176','740','NI','1','CI'),
('CI90176','741','FR','1','CI'),
('CI90177','742','ref','custom-selector-proxy','CI'),
('CI90177','743','NI','1','CI'),
('CI90177','744','FR','1','CI'),
('CI90178','751','ref','custom-selector-proxy','CI'),
('CI90178','752','NI','1','CI'),
('CI90178','753','FR','1','CI'),
('CI90179','757','ref','custom-selector-proxy','CI'),
('CI90179','758','NI','1','CI'),
('CI90179','759','FR','1','CI'),
('CI90180','760','ref','custom-selector-proxy','CI'),
('CI90180','761','NI','1','CI'),
('CI90180','762','FR','0','CI'),
('CI90181','763','ref','custom-selector-proxy','CI'),
('CI90181','764','NI','1','CI'),
('CI90181','765','FR','0','CI'),
('CI90182','766','ref','custom-selector_5','CI'),
('CI90182','767','NI','1','CI'),
('CI90182','768','FR','0','CI'),
('CI90183','769','ref','custom-selector_5','CI'),
('CI90183','770','NI','1','CI'),
('CI90183','771','FR','1','CI'),
('CI90184','778','ref','custom-selector_5','CI'),
('CI90184','779','NI','1','CI'),
('CI90184','780','FR','0','CI'),
('CI90185','784','ref','custom-selector_5','CI'),
('CI90185','785','NI','1','CI'),
('CI90185','786','FR','0','CI'),
('CI90186','790','ref','custom-selector_5','CI'),
('CI90186','791','NI','1','CI'),
('CI90186','792','FR','0','CI'),
('CI90187','793','ref','custom-selector_5','CI'),
('CI90187','794','NI','1','CI'),
('CI90187','795','FR','1','CI'),
('CI90188','799','ref','custom-selector_5','CI'),
('CI90188','800','NI','1','CI'),
('CI90188','801','FR','0','CI'),
('CI90189','808','ref','custom-selector-crtfTypCd1','CI'),
('CI90189','809','NI','1','CI'),
('CI90189','810','FR','1','CI'),
('CI90190','814','ref','custom-selector-crtfTypCd1','CI'),
('CI90190','815','NI','1','CI'),
('CI90190','816','FR','0','CI'),
('CI90191','820','ref','custom-input-cardNo','CI'),
('CI90191','821','NI','1','CI'),
('CI90191','822','FR','1','CI'),
('CI90192','823','ref','custom-selector-agenFlg','CI'),
('CI90192','824','NI','1','CI'),
('CI90192','825','FR','0','CI'),
('CI90193','826','ref','custom-input-accNo1','CI'),
('CI90193','827','NI','1','CI'),
('CI90193','828','FR','0','CI'),
('CI90194','829','ref','custom-selector-agenFlg','CI'),
('CI90194','830','NI','1','CI'),
('CI90194','831','FR','0','CI'),
('CI90195','835','ref','custom-selector-agenFlg','CI'),
('CI90195','836','NI','1','CI'),
('CI90195','837','FR','0','CI'),
('CI90196','838','ref','custom-selector-agenFlg','CI'),
('CI90196','839','NI','1','CI'),
('CI90196','840','FR','1','CI'),
('CI90197','844','ref','custom-selector-agenFlg','CI'),
('CI90197','845','NI','1','CI'),
('CI90197','846','FR','1','CI'),
('CI90198','850','ref','custom-input-inAcctNum','CI'),
('CI90198','851','NI','1','CI'),
('CI90198','852','FR','1','CI'),
('CI90199','859','ref','custom_selector_4','CI'),
('CI90199','860','NI','1','CI'),
('CI90199','861','FR','0','CI'),
('CI90200','862','ref','custom_selector_4','CI'),
('CI90200','863','NI','1','CI'),
('CI90200','864','FR','0','CI'),
('CI90201','865','ref','custom_selector_4','CI'),
('CI90201','866','NI','1','CI'),
('CI90201','867','FR','1','CI'),
('CI90202','868','ref','custom-selector_13','CI'),
('CI90202','869','NI','1','CI'),
('CI90202','870','FR','1','CI'),
('CI90203','871','ref','custom-selector_13','CI'),
('CI90203','872','NI','1','CI'),
('CI90203','873','FR','0','CI'),
('CI90204','874','ref','custom-input_1','CI'),
('CI90204','875','NI','1','CI'),
('CI90204','876','FR','1','CI'),
('CI90205','877','ref','custom-input_3','CI'),
('CI90205','878','NI','1','CI'),
('CI90205','879','FR','0','CI'),
('CI90206','880','ref','custom-input_pasbNum','CI'),
('CI90206','881','NI','0','CI'),
('CI90206','882','FR','0','CI'),
('CI90207','886','ref','custom-input_pasbNum','CI'),
('CI90207','887','NI','1','CI'),
('CI90207','888','FR','0','CI'),
('CI90208','892','ref','custom-input_pasbNum','CI'),
('CI90208','893','NI','1','CI'),
('CI90208','894','FR','0','CI'),
('CI90209','898','ref','custom-input_pasbNum','CI'),
('CI90209','899','NI','1','CI'),
('CI90209','900','FR','0','CI'),
('CI90210','901','ref','custom-input_6','CI'),
('CI90210','902','NI','1','CI'),
('CI90210','903','FR','0','CI'),
('CI90211','907','ref','custom-input_6','CI'),
('CI90211','908','NI','0','CI'),
('CI90211','909','FR','0','CI'),
('CI90212','913','ref','custom-input_6','CI'),
('CI90212','914','NI','1','CI'),
('CI90212','915','FR','0','CI'),
('CI90213','916','ref','custom-input_6','CI'),
('CI90213','917','NI','1','CI'),
('CI90213','918','FR','0','CI'),
('CI90214','919','ref','custom-input_7','CI'),
('CI90214','920','NI','1','CI'),
('CI90214','921','FR','0','CI'),
('CI90215','925','ref','custom-input_7','CI'),
('CI90215','926','NI','0','CI'),
('CI90215','927','FR','0','CI'),
('CI90216','931','ref','custom-input_7','CI'),
('CI90216','932','NI','1','CI'),
('CI90216','933','FR','0','CI'),
('CI90217','934','ref','custom-input_7','CI'),
('CI90217','935','NI','1','CI'),
('CI90217','936','FR','0','CI'),
('CI90218','937','ref','custom-input_5','CI'),
('CI90218','938','NI','1','CI'),
('CI90218','939','FR','0','CI'),
('CI90219','943','ref','custom-input_5','CI'),
('CI90219','944','NI','0','CI'),
('CI90219','945','FR','0','CI'),
('CI90220','949','ref','custom-input_5','CI'),
('CI90220','950','NI','1','CI'),
('CI90220','951','FR','0','CI'),
('CI90221','952','ref','custom-input_5','CI'),
('CI90221','953','NI','1','CI'),
('CI90221','954','FR','0','CI'),
('CI90222','955','ref','custom-input_5','CI'),
('CI90222','956','NI','1','CI'),
('CI90222','957','FR','0','CI'),
('CI90223','961','ref','custom-input_5','CI'),
('CI90223','962','NI','0','CI'),
('CI90223','963','FR','0','CI'),
('CI90224','967','ref','custom-input_5','CI'),
('CI90224','968','NI','1','CI'),
('CI90224','969','FR','0','CI'),
('CI90225','970','ref','custom-input_5','CI'),
('CI90225','971','NI','1','CI'),
('CI90225','972','FR','0','CI'),
('CI90226','973','ref','custom-input_txAmt','CI'),
('CI90226','974','NI','0','CI'),
('CI90226','975','FR','0','CI'),
('CI90227','979','ref','custom-input_txAmt','CI'),
('CI90227','980','NI','1','CI'),
('CI90227','981','FR','0','CI'),
('CI90228','982','ref','custom-input_txAmt','CI'),
('CI90228','983','NI','1','CI'),
('CI90228','984','FR','0','CI'),
('CI90229','985','ref','custom-input_5','CI'),
('CI90229','986','NI','1','CI'),
('CI90229','987','FR','0','CI'),
('CI90230','991','ref','custom-input_5','CI'),
('CI90230','992','NI','1','CI'),
('CI90230','993','FR','0','CI'),
('CI90231','997','ref','custom-input_5','CI'),
('CI90231','998','NI','1','CI'),
('CI90231','999','FR','0','CI'),
('CI90232','1000','ref','custom-selector_5','CI'),
('CI90232','1001','NI','0','CI'),
('CI90232','1002','FR','0','CI'),
('CI90233','1003','ref','custom-selector_5','CI'),
('CI90233','1004','NI','1','CI'),
('CI90233','1005','FR','1','CI'),
('CI90234','1012','ref','custom-selector_5','CI'),
('CI90234','1013','NI','0','CI'),
('CI90234','1014','FR','0','CI'),
('CI90235','1018','ref','custom-selector_5','CI'),
('CI90235','1019','NI','1','CI'),
('CI90235','1020','FR','0','CI'),
('CI90236','1021','ref','custom-selector_5','CI'),
('CI90236','1022','NI','1','CI'),
('CI90236','1023','FR','0','CI'),
('CI90237','1024','ref','custom-sel_yesORno','CI'),
('CI90237','1025','NI','0','CI'),
('CI90237','1026','FR','0','CI'),
('CI90238','1027','ref','custom-sel_yesORno','CI'),
('CI90238','1028','NI','0','CI'),
('CI90238','1029','FR','0','CI'),
('CI90239','1033','ref','custom-sel_yesORno','CI'),
('CI90239','1034','NI','0','CI'),
('CI90239','1035','FR','0','CI'),
('CI90240','1039','ref','custom-sel_yesORno','CI'),
('CI90240','1040','NI','1','CI'),
('CI90240','1041','FR','0','CI'),
('CI90241','1042','ref','custom-sel_yesORno','CI'),
('CI90241','1043','NI','1','CI'),
('CI90241','1044','FR','1','CI'),
('CI90242','1051','ref','custom-sel_yesORno','CI'),
('CI90242','1052','NI','1','CI'),
('CI90242','1053','FR','0','CI'),
('CI90243','1054','ref','custom-selector-proxy','CI'),
('CI90243','1055','NI','0','CI'),
('CI90243','1056','FR','0','CI'),
('CI90244','1057','ref','custom-selector-proxy','CI'),
('CI90244','1058','NI','0','CI'),
('CI90244','1059','FR','0','CI'),
('CI90245','1066','ref','custom-selector-proxy','CI'),
('CI90245','1067','NI','0','CI'),
('CI90245','1068','FR','0','CI'),
('CI90246','1072','ref','custom-selector-proxy','CI'),
('CI90246','1073','NI','1','CI'),
('CI90246','1074','FR','1','CI'),
('CI90247','1075','ref','custom-selector-proxy','CI'),
('CI90247','1076','NI','1','CI'),
('CI90247','1077','FR','0','CI'),
('CI90248','1078','ref','custom-selector-proxy','CI'),
('CI90248','1079','NI','1','CI'),
('CI90248','1080','FR','0','CI'),
('CI90249','1081','ref','custom-selector-proxy','CI'),
('CI90249','1082','NI','0','CI'),
('CI90249','1083','FR','0','CI'),
('CI90250','1084','ref','custom-selector-proxy','CI'),
('CI90250','1085','NI','0','CI'),
('CI90250','1086','FR','0','CI'),
('CI90251','1093','ref','custom-selector-proxy','CI'),
('CI90251','1094','NI','0','CI'),
('CI90251','1095','FR','0','CI'),
('CI90252','1099','ref','custom-selector-proxy','CI'),
('CI90252','1100','NI','1','CI'),
('CI90252','1101','FR','1','CI'),
('CI90253','1102','ref','custom-selector-proxy','CI'),
('CI90253','1103','NI','1','CI'),
('CI90253','1104','FR','0','CI'),
('CI90254','1105','ref','custom-selector-proxy','CI'),
('CI90254','1106','NI','1','CI'),
('CI90254','1107','FR','0','CI'),
('CI90255','1108','ref','custom-input-txAmt','CI'),
('CI90255','1109','NI','0','CI'),
('CI90255','1110','FR','0','CI'),
('CI90256','1114','ref','custom-input-txAmt','CI'),
('CI90256','1115','NI','1','CI'),
('CI90256','1116','FR','0','CI'),
('CI90257','1117','ref','custom-input-txAmt','CI'),
('CI90257','1118','NI','1','CI'),
('CI90257','1119','FR','0','CI'),
('CI90258','1120','ref','custom-selector-proxy','CI'),
('CI90258','1121','NI','0','CI'),
('CI90258','1122','FR','0','CI'),
('CI90259','1123','ref','custom-selector-proxy','CI'),
('CI90259','1124','NI','1','CI'),
('CI90259','1125','FR','1','CI'),
('CI90260','1132','ref','custom-selector-proxy','CI'),
('CI90260','1133','NI','1','CI'),
('CI90260','1134','FR','0','CI'),
('CI90261','1135','ref','custom-selector-proxy','CI'),
('CI90261','1136','NI','1','CI'),
('CI90261','1137','FR','0','CI'),
('CI90262','1138','ref','custom-selector-agenFlg','CI'),
('CI90262','1139','NI','0','CI'),
('CI90262','1140','FR','0','CI'),
('CI90263','1141','ref','custom-selector-agenFlg','CI'),
('CI90263','1142','NI','1','CI'),
('CI90263','1143','FR','1','CI'),
('CI90264','1150','ref','custom-selector-agenFlg','CI'),
('CI90264','1151','NI','1','CI'),
('CI90264','1152','FR','0','CI'),
('CI90265','1153','ref','custom-selector-agenFlg','CI'),
('CI90265','1154','NI','1','CI'),
('CI90265','1155','FR','0','CI'),
('CI90266','1156','ref','custom-selector_5','CI'),
('CI90266','1157','NI','0','CI'),
('CI90266','1158','FR','0','CI'),
('CI90267','1159','ref','custom-selector_5','CI'),
('CI90267','1160','NI','1','CI'),
('CI90267','1161','FR','1','CI'),
('CI90268','1168','ref','custom-selector_5','CI'),
('CI90268','1169','NI','1','CI'),
('CI90268','1170','FR','0','CI'),
('CI90269','1171','ref','custom-selector_5','CI'),
('CI90269','1172','NI','1','CI'),
('CI90269','1173','FR','0','CI'),
('CI90270','1174','ref','custom-selector_5','CI'),
('CI90270','1175','NI','1','CI'),
('CI90270','1176','FR','0','CI'),
('CI90271','1177','ref','custom-input-txAmt','CI'),
('CI90271','1178','NI','0','CI'),
('CI90271','1179','FR','0','CI'),
('CI90272','1183','ref','custom-input-txAmt','CI'),
('CI90272','1184','NI','1','CI'),
('CI90272','1185','FR','0','CI'),
('CI90273','1186','ref','custom-input-txAmt','CI'),
('CI90273','1187','NI','1','CI'),
('CI90273','1188','FR','0','CI'),
('CI90274','1189','ref','custom-selector-proxy','CI'),
('CI90274','1190','NI','0','CI'),
('CI90274','1191','FR','0','CI'),
('CI90275','1192','ref','custom-selector-proxy','CI'),
('CI90275','1193','NI','0','CI'),
('CI90275','1194','FR','0','CI'),
('CI90276','1201','ref','custom-selector-proxy','CI'),
('CI90276','1202','NI','0','CI'),
('CI90276','1203','FR','0','CI'),
('CI90277','1207','ref','custom-selector-proxy','CI'),
('CI90277','1208','NI','1','CI'),
('CI90277','1209','FR','1','CI'),
('CI90278','1210','ref','custom-selector-proxy','CI'),
('CI90278','1211','NI','1','CI'),
('CI90278','1212','FR','0','CI'),
('CI90279','1213','ref','custom-selector-proxy','CI'),
('CI90279','1214','NI','1','CI'),
('CI90279','1215','FR','0','CI'),
('CI90280','1216','ref','custom-selector-proxy','CI'),
('CI90280','1217','NI','0','CI'),
('CI90280','1218','FR','0','CI'),
('CI90281','1219','ref','custom-selector-proxy','CI'),
('CI90281','1220','NI','1','CI'),
('CI90281','1221','FR','1','CI'),
('CI90282','1228','ref','custom-selector-proxy','CI'),
('CI90282','1229','NI','0','CI'),
('CI90282','1230','FR','0','CI'),
('CI90283','1234','ref','custom-selector-proxy','CI'),
('CI90283','1235','NI','0','CI'),
('CI90283','1236','FR','0','CI'),
('CI90284','1240','ref','custom-selector-proxy','CI'),
('CI90284','1241','NI','1','CI'),
('CI90284','1242','FR','0','CI'),
('CI90285','1243','ref','custom-selector-proxy','CI'),
('CI90285','1244','NI','1','CI'),
('CI90285','1245','FR','0','CI'),
('CI90286','1246','ref','custom-input-accOther','CI'),
('CI90286','1247','NI','1','CI'),
('CI90286','1248','FR','1','CI'),
('CI90287','1249','ref','custom-input-accOther','CI'),
('CI90287','1250','NI','0','CI'),
('CI90287','1251','FR','0','CI'),
('CI90288','1255','ref','custom-input-accOther','CI'),
('CI90288','1256','NI','1','CI'),
('CI90288','1257','FR','0','CI'),
('CI90289','1258','ref','custom-input-payFeeCardNoOrAcctNo','CI'),
('CI90289','1259','NI','1','CI'),
('CI90289','1260','FR','0','CI'),
('CI90290','1261','ref','custom-input-payFeeCardNoOrAcctNo','CI'),
('CI90290','1262','NI','0','CI'),
('CI90290','1263','FR','0','CI'),
('CI90291','1267','ref','custom-input-recvrAcctNo','CI'),
('CI90291','1268','NI','1','CI'),
('CI90291','1269','FR','0','CI'),
('CI90292','1270','ref','aui-button-submit','CI'),
('CI90292','1271','NI','1','CI'),
('CI90292','1272','FR','0','CI'),
('CI90293','1273','ref','aui-button-submit','CI'),
('CI90293','1274','NI','1','CI'),
('CI90293','1275','FR','0','CI'),
('CI90294','1276','ref','custom-selector_1','CI'),
('CI90294','1277','NI','1','CI'),
('CI90294','1278','FR','1','CI'),
('CI90295','1279','ref','custom-selector_1','CI'),
('CI90295','1280','NI','1','CI'),
('CI90295','1281','FR','0','CI'),
('CI90296','1282','ref','custom-input_CUST_NO','CI'),
('CI90296','1283','NI','1','CI'),
('CI90296','1284','FR','0','CI'),
('CI90297','1285','ref','custom-selector-crtfTypCd','CI'),
('CI90297','1286','NI','1','CI'),
('CI90297','1287','FR','0','CI'),
('CI90298','1288','ref','custom-selector-ctfTp','CI'),
('CI90298','1289','NI','1','CI'),
('CI90298','1290','FR','0','CI'),
('CI90299','1291','ref','custom-selector_agen','CI'),
('CI90299','1292','NI','1','CI'),
('CI90299','1293','FR','0','CI'),
('CI90300','1297','ref','custom-input-mergeCustNo','CI'),
('CI90300','1298','NI','1','CI'),
('CI90300','1299','FR','0','CI'),
('CI90301','1300','ref','aui-button_submit','CI'),
('CI90301','1301','NI','1','CI'),
('CI90301','1302','FR','0','CI'),
('CI90302','1303','ref','custom-selector_crtfTypCd','CI'),
('CI90302','1304','NI','1','CI'),
('CI90302','1305','FR','1','CI'),
('CI90303','1306','ref','custom-selector_crtfTypCd','CI'),
('CI90303','1307','NI','1','CI'),
('CI90303','1308','FR','1','CI'),
('CI90304','1309','ref','custom-selector-cashTranFlgCd','CI'),
('CI90304','1310','NI','1','CI'),
('CI90304','1311','FR','1','CI'),
('CI90305','1312','ref','aui-button_submit','CI'),
('CI90305','1313','NI','1','CI'),
('CI90305','1314','FR','1','CI'),
('CI90306','1315','ref','custom-input-vouchNo','CI'),
('CI90306','1316','NI','1','CI'),
('CI90306','1317','FR','1','CI'),
('CI90307','1318','ref','custom-input-flgCd','CI'),
('CI90307','1319','NI','1','CI'),
('CI90307','1320','FR','1','CI'),
('CI90308','1321','ref','custom-input-prodCd','CI'),
('CI90308','1322','NI','1','CI'),
('CI90308','1323','FR','1','CI'),
('CI90309','1324','ref','custom-input_1','CI'),
('CI90309','1325','NI','1','CI'),
('CI90309','1326','FR','1','CI'),
('CI90310','1327','ref','custom-input-outAcctNum','CI'),
('CI90310','1328','NI','1','CI'),
('CI90310','1329','FR','0','CI');