
SET AUTOCOMMIT=0;
BEGIN;

  
-- IB_OM_RULE_INFO insert
INSERT INTO IB_OM_RULE_INFO (RULE_NO,RULE_TYP_CD,HOLI_FLG,RULE_TRI_POSITION,SUIT_CHNL_SCP,SUIT_LPR_SCP,SUIT_ORG_SCP,SUIT_TX_SCP,RULE_COMNT,EFFT_FLG,OPER_TELR_NO,OPER_TM,OPER_RSN) VALUES

("020000","CV","N","1","TE","001","*,","1","TE","1","900001","20190526","批量新增"),
("020001","CV","N","1","TE","001","*,","2","TE","1","900001","20190526","批量新增"),
("020002","CV","N","1","TE","001","*,","3","TE","1","900001","20190526","批量新增"),
("020003","CV","N","1","TE","001","*,","4","TE","1","900001","20190526","批量新增"),
("020004","CV","N","1","TE","001","*,","5","TE","1","900001","20190526","批量新增"),
("020005","CV","N","1","TE","001","*,","6","TE","1","900001","20190526","批量新增"),
("020006","CV","N","1","TE","001","*,","7","TE","1","900001","20190526","批量新增"),
("020007","CV","N","1","TE","001","*,","8","TE","1","900001","20190526","批量新增"),
("020008","CV","N","1","TE","001","*,","9","TE","1","900001","20190526","批量新增"),
("020009","CV","N","1","TE","001","*,","10","TE","1","900001","20190526","批量新增"),
("020010","CV","N","1","TE","001","*,","11","TE","1","900001","20190526","批量新增"),
("020011","CV","N","1","TE","001","*,","12","TE","1","900001","20190526","批量新增"),
("020012","CV","N","1","TE","001","*,","13","TE","1","900001","20190526","批量新增"),
("020013","CV","N","1","TE","001","*,","14","TE","1","900001","20190526","批量新增"),
("020014","CV","N","1","TE","001","*,","15","TE","1","900001","20190526","批量新增"),
("020015","CV","N","1","TE","001","*,","16","TE","1","900001","20190526","批量新增"),
("020016","CV","N","1","TE","001","*,","17","TE","1","900001","20190526","批量新增"),
("020017","CV","N","1","TE","001","*,","18","TE","1","900001","20190526","批量新增"),
("020018","CV","N","1","TE","001","*,","19","TE","1","900001","20190526","批量新增"),
("020019","CV","N","1","TE","001","*,","20","TE","1","900001","20190526","批量新增"),
("020020","CV","N","1","TE","001","*,","21","TE","1","900001","20190526","批量新增"),
("020021","CV","N","1","TE","001","*,","22","TE","1","900001","20190526","批量新增"),
("020022","CV","N","1","TE","001","*,","23","TE","1","900001","20190526","批量新增"),
("020023","CV","N","1","TE","001","*,","24","TE","1","900001","20190526","批量新增"),
("020024","CV","N","1","TE","001","*,","25","TE","1","900001","20190526","批量新增"),
("020025","CV","N","1","TE","001","*,","26","TE","1","900001","20190526","批量新增"),
("020026","CV","N","1","TE","001","*,","27","TE","1","900001","20190526","批量新增"),
("020027","CV","N","1","TE","001","*,","28","TE","1","900001","20190526","批量新增"),
("020028","CV","N","1","TE","001","*,","29","TE","1","900001","20190526","批量新增"),
("020029","CV","N","1","TE","001","*,","30","TE","1","900001","20190526","批量新增"),
("020030","CV","N","1","TE","001","*,","31","TE","1","900001","20190526","批量新增"),
("020031","CV","N","1","TE","001","*,","32","TE","1","900001","20190526","批量新增"),
("020032","CV","N","1","TE","001","*,","33","TE","1","900001","20190526","批量新增"),
("020033","CV","N","1","TE","001","*,","34","TE","1","900001","20190526","批量新增"),
("020034","CV","N","1","TE","001","*,","35","TE","1","900001","20190526","批量新增"),
("020035","CV","N","1","TE","001","*,","36","TE","1","900001","20190526","批量新增"),
("020036","CV","N","1","TE","001","*,","37","TE","1","900001","20190526","批量新增"),
("020037","CV","N","1","TE","001","*,","38","TE","1","900001","20190526","批量新增"),
("020038","CV","N","1","TE","001","*,","39","TE","1","900001","20190526","批量新增"),
("020039","CV","N","1","TE","001","*,","40","TE","1","900001","20190526","批量新增"),
("020040","CV","N","1","TE","001","*,","41","TE","1","900001","20190526","批量新增"),
("020041","CV","N","1","TE","001","*,","43","TE","1","900001","20190526","批量新增"),
("020042","CV","N","1","TE","001","*,","44","TE","1","900001","20190526","批量新增"),
("020043","CV","N","1","TE","001","*,","45","TE","1","900001","20190526","批量新增"),
("020044","CV","N","1","TE","001","*,","46","TE","1","900001","20190526","批量新增"),
("020045","CV","N","1","TE","001","*,","47","TE","1","900001","20190526","批量新增"),
("020046","CV","N","1","TE","001","*,","48","TE","1","900001","20190526","批量新增"),
("020047","CV","N","1","TE","001","*,","49","TE","1","900001","20190526","批量新增"),
("020048","CV","N","1","TE","001","*,","50","TE","1","900001","20190526","批量新增"),
("020049","CV","N","1","TE","001","*,","51","TE","1","900001","20190526","批量新增"),
("020050","CV","N","1","TE","001","*,","52","TE","1","900001","20190526","批量新增"),
("020051","CV","N","1","TE","001","*,","53","TE","1","900001","20190526","批量新增"),
("020052","CV","N","1","TE","001","*,","54","TE","1","900001","20190526","批量新增"),
("020053","CV","N","1","TE","001","*,","55","TE","1","900001","20190526","批量新增"),
("020054","CV","N","1","TE","001","*,","56","TE","1","900001","20190526","批量新增"),
("020055","CV","N","1","TE","001","*,","57","TE","1","900001","20190526","批量新增"),
("020056","CV","N","1","TE","001","*,","58","TE","1","900001","20190526","批量新增"),
("020057","CV","N","1","TE","001","*,","59","TE","1","900001","20190526","批量新增");
-- IB_OM_RULECOND_INFO insert
INSERT INTO IB_OM_RULECOND_INFO (OPRTN_COND_NO,DICTRY_NM,OPER_SYM_1,CMPR_VAL,OPER_SYM_2,VALUE2,TRAN_CD,COND_DESC,OPER_TELR_NO,OPER_TM,OPER_RSN,CMPR_VAL_DATA_DICTRY_FLG,PUB_DICTRY_FLG,DICTRY_DESC) VALUES

("CV20000","custom-input-custAcctNo","1","1","1","强制触发","1","TE","900001","20190526","批量新增","1","0","1"),
("CV20001","custom-input-custAcctNo","1","1","1","强制触发","2","TE","900001","20190526","批量新增","1","0","1"),
("CV20002","custom-input-custAcctNo","1","1","1","强制触发","3","TE","900001","20190526","批量新增","1","0","1"),
("CV20003","custom-input-custAcctNo","1","1","1","强制触发","4","TE","900001","20190526","批量新增","1","0","1"),
("CV20003","custom-input-custAcctNo","1","1","1","强制触发","42","TE","900001","20190526","批量新增","1","0","1"),
("CV20004","custom-input-1","1","1","1","强制触发","5","TE","900001","20190526","批量新增","1","0","1"),
("CV20005","custom-input_1","1","1","1","强制触发","6","TE","900001","20190526","批量新增","1","0","1"),
("CV20006","custom-input_4","1","1","1","强制触发","7","TE","900001","20190526","批量新增","1","0","1"),
("CV20007","custom-input_4","1","1","1","强制触发","8","TE","900001","20190526","批量新增","1","0","1"),
("CV20008","custom-input_4","1","1","1","强制触发","9","TE","900001","20190526","批量新增","1","0","1"),
("CV20009","custom-input_6","1","1","1","强制触发","10","TE","900001","20190526","批量新增","1","0","1"),
("CV20010","custom-input_1","1","1","1","强制触发","11","TE","900001","20190526","批量新增","1","0","1"),
("CV20011","custom-input_9","1","1","1","强制触发","12","TE","900001","20190526","批量新增","1","0","1"),
("CV20012","custom-selector_7","1","1","1","强制触发","13","TE","900001","20190526","批量新增","1","0","1"),
("CV20013","custom-selector_6","1","1","1","强制触发","14","TE","900001","20190526","批量新增","1","0","1"),
("CV20014","custom-selector_3","1","1","1","强制触发","15","TE","900001","20190526","批量新增","1","0","1"),
("CV20015","custom-selector_6","1","1","1","强制触发","16","TE","900001","20190526","批量新增","1","0","1"),
("CV20016","custom-selector_3","1","1","1","强制触发","17","TE","900001","20190526","批量新增","1","0","1"),
("CV20017","custom-input_2","1","1","1","强制触发","18","TE","900001","20190526","批量新增","1","0","1"),
("CV20018","custom-input_1","1","1","1","强制触发","19","TE","900001","20190526","批量新增","1","0","1"),
("CV20019","custom-input_1","1","1","1","强制触发","20","TE","900001","20190526","批量新增","1","0","1"),
("CV20020","custom-input_4","1","1","1","强制触发","21","TE","900001","20190526","批量新增","1","0","1"),
("CV20021","custom-selector-crtfTypCd","1","1","1","强制触发","22","TE","900001","20190526","批量新增","1","0","1"),
("CV20022","custom-selector-crdhldCrtfTypCd","1","1","1","强制触发","23","TE","900001","20190526","批量新增","1","0","1"),
("CV20023","custom-selector_5","1","1","1","强制触发","24","TE","900001","20190526","批量新增","1","0","1"),
("CV20024","custom-selector-crtfTypCd1","1","1","1","强制触发","25","TE","900001","20190526","批量新增","1","0","1"),
("CV20025","custom-selector-crtfTypCd2","1","1","1","强制触发","26","TE","900001","20190526","批量新增","1","0","1"),
("CV20026","custom-selector-crdhldCrtfTypCd","1","1","1","强制触发","27","TE","900001","20190526","批量新增","1","0","1"),
("CV20027","custom-input-custAcctNo","1","1","1","强制触发","28","TE","900001","20190526","批量新增","1","0","1"),
("CV20028","custom-input-custAcctNo","1","1","1","强制触发","29","TE","900001","20190526","批量新增","1","0","1"),
("CV20029","custom-input-custAcctNo","1","1","1","强制触发","30","TE","900001","20190526","批量新增","1","0","1"),
("CV20030","custom-input-custAcctNo","1","1","1","强制触发","31","TE","900001","20190526","批量新增","1","0","1"),
("CV20031","custom-input_custAn","1","1","1","强制触发","32","TE","900001","20190526","批量新增","1","0","1"),
("CV20032","custom-input_Acct_Num","1","1","1","强制触发","33","TE","900001","20190526","批量新增","1","0","1"),
("CV20033","custom-input_1","1","1","1","强制触发","34","TE","900001","20190526","批量新增","1","0","1"),
("CV20034","custom-input_1","1","1","1","强制触发","35","TE","900001","20190526","批量新增","1","0","1"),
("CV20035","custom-input-custAcctNo","1","1","1","强制触发","36","TE","900001","20190526","批量新增","1","0","1"),
("CV20036","custom-input_1","1","1","1","强制触发","37","TE","900001","20190526","批量新增","1","0","1"),
("CV20037","custom-input_1","1","1","1","强制触发","38","TE","900001","20190526","批量新增","1","0","1"),
("CV20038","custom-input_1","1","1","1","强制触发","39","TE","900001","20190526","批量新增","1","0","1"),
("CV20039","custom-input-custAcctNo","1","1","1","强制触发","40","TE","900001","20190526","批量新增","1","0","1"),
("CV20040","custom-input-custAcctNo","1","1","1","强制触发","41","TE","900001","20190526","批量新增","1","0","1"),
("CV20041","custom-input-accnum","1","1","1","强制触发","43","TE","900001","20190526","批量新增","1","0","1"),
("CV20042","custom-input-accnum2","1","1","1","强制触发","44","TE","900001","20190526","批量新增","1","0","1"),
("CV20043","custom-input_1","1","1","1","强制触发","45","TE","900001","20190526","批量新增","1","0","1"),
("CV20044","custom-input_1","1","1","1","强制触发","46","TE","900001","20190526","批量新增","1","0","1"),
("CV20045","custom-input_1","1","1","1","强制触发","47","TE","900001","20190526","批量新增","1","0","1"),
("CV20046","custom-input_1","1","1","1","强制触发","48","TE","900001","20190526","批量新增","1","0","1"),
("CV20047","custom-input_1","1","1","1","强制触发","49","TE","900001","20190526","批量新增","1","0","1"),
("CV20048","custom-input_1","1","1","1","强制触发","50","TE","900001","20190526","批量新增","1","0","1"),
("CV20049","custom-input_1","1","1","1","强制触发","51","TE","900001","20190526","批量新增","1","0","1"),
("CV20050","custom-input_1","1","1","1","强制触发","52","TE","900001","20190526","批量新增","1","0","1"),
("CV20051","accNumID","1","1","1","强制触发","53","TE","900001","20190526","批量新增","1","0","1"),
("CV20052","accNumID","1","1","1","强制触发","54","TE","900001","20190526","批量新增","1","0","1"),
("CV20053","accNumID","1","1","1","强制触发","55","TE","900001","20190526","批量新增","1","0","1"),
("CV20054","custom-input-1","1","1","1","强制触发","56","TE","900001","20190526","批量新增","1","0","1"),
("CV20055","custom-input_1","1","1","1","强制触发","57","TE","900001","20190526","批量新增","1","0","1"),
("CV20056","custom-input_1","1","1","1","强制触发","58","TE","900001","20190526","批量新增","1","0","1"),
("CV20057","custom-input_1","1","1","1","强制触发","59","TE","900001","20190526","批量新增","1","0","1");
-- IB_OM_RULECOND_RLT insert
INSERT INTO IB_OM_RULECOND_RLT (RULE_COND_NO,CMPL_MODE_FLG,OPRTN_RULE_NO) VALUES

("CV20000","1","020000"),
("CV20001","1","020001"),
("CV20002","1","020002"),
("CV20003","1","020003"),
("CV20004","1","020004"),
("CV20005","1","020005"),
("CV20006","1","020006"),
("CV20007","1","020007"),
("CV20008","1","020008"),
("CV20009","1","020009"),
("CV20010","1","020010"),
("CV20011","1","020011"),
("CV20012","1","020012"),
("CV20013","1","020013"),
("CV20014","1","020014"),
("CV20015","1","020015"),
("CV20016","1","020016"),
("CV20017","1","020017"),
("CV20018","1","020018"),
("CV20019","1","020019"),
("CV20020","1","020020"),
("CV20021","1","020021"),
("CV20022","1","020022"),
("CV20023","1","020023"),
("CV20024","1","020024"),
("CV20025","1","020025"),
("CV20026","1","020026"),
("CV20027","1","020027"),
("CV20028","1","020028"),
("CV20029","1","020029"),
("CV20030","1","020030"),
("CV20031","1","020031"),
("CV20032","1","020032"),
("CV20033","1","020033"),
("CV20034","1","020034"),
("CV20035","1","020035"),
("CV20036","1","020036"),
("CV20037","1","020037"),
("CV20038","1","020038"),
("CV20039","1","020039"),
("CV20040","1","020040"),
("CV20041","1","020041"),
("CV20042","1","020042"),
("CV20043","1","020043"),
("CV20044","1","020044"),
("CV20045","1","020045"),
("CV20046","1","020046"),
("CV20047","1","020047"),
("CV20048","1","020048"),
("CV20049","1","020049"),
("CV20050","1","020050"),
("CV20051","1","020051"),
("CV20052","1","020052"),
("CV20053","1","020053"),
("CV20054","1","020054"),
("CV20055","1","020055"),
("CV20056","1","020056"),
("CV20057","1","020057");
-- IB_OM_AUTHMODE_INFO insert
INSERT INTO IB_OM_AUTHMODE_INFO (MODE_NO,AUTH_TYP_CD,AUTH_LVL_CD,REMOTE_AUTH_LVL_CD,AUTH_ORG_TYP_CD,AUTH_ORG_NO,AUTH_POST_NO,UGNT_FLG,AUTH_DESC,HOST_AUTH_FLG,HOST_AUTH_TYP_CD,CNTRTN_AUTH_CENT_NM,CNTRTN_AUTH_LVL_CD,REMRK_1,APP_NO) VALUES

("CV20000","","1","","","","*","","TE","","","","","",""),
("CV20001","","1","","","","*","","TE","","","","","",""),
("CV20002","","1","","","","*","","TE","","","","","",""),
("CV20003","","1","","","","*","","TE","","","","","",""),
("CV20004","","1","","","","*","","TE","","","","","",""),
("CV20005","","1","","","","*","","TE","","","","","",""),
("CV20006","","1","","","","*","","TE","","","","","",""),
("CV20007","","1","","","","*","","TE","","","","","",""),
("CV20008","","1","","","","*","","TE","","","","","",""),
("CV20009","","1","","","","*","","TE","","","","","",""),
("CV20010","","1","","","","*","","TE","","","","","",""),
("CV20011","","1","","","","*","","TE","","","","","",""),
("CV20012","","1","","","","*","","TE","","","","","",""),
("CV20013","","1","","","","*","","TE","","","","","",""),
("CV20014","","1","","","","*","","TE","","","","","",""),
("CV20015","","1","","","","*","","TE","","","","","",""),
("CV20016","","1","","","","*","","TE","","","","","",""),
("CV20017","","1","","","","*","","TE","","","","","",""),
("CV20018","","1","","","","*","","TE","","","","","",""),
("CV20019","","1","","","","*","","TE","","","","","",""),
("CV20020","","1","","","","*","","TE","","","","","",""),
("CV20021","","1","","","","*","","TE","","","","","",""),
("CV20022","","1","","","","*","","TE","","","","","",""),
("CV20023","","1","","","","*","","TE","","","","","",""),
("CV20024","","1","","","","*","","TE","","","","","",""),
("CV20025","","1","","","","*","","TE","","","","","",""),
("CV20026","","1","","","","*","","TE","","","","","",""),
("CV20027","","1","","","","*","","TE","","","","","",""),
("CV20028","","1","","","","*","","TE","","","","","",""),
("CV20029","","1","","","","*","","TE","","","","","",""),
("CV20030","","1","","","","*","","TE","","","","","",""),
("CV20031","","1","","","","*","","TE","","","","","",""),
("CV20032","","1","","","","*","","TE","","","","","",""),
("CV20033","","1","","","","*","","TE","","","","","",""),
("CV20034","","1","","","","*","","TE","","","","","",""),
("CV20035","","1","","","","*","","TE","","","","","",""),
("CV20036","","1","","","","*","","TE","","","","","",""),
("CV20037","","1","","","","*","","TE","","","","","",""),
("CV20038","","1","","","","*","","TE","","","","","",""),
("CV20039","","1","","","","*","","TE","","","","","",""),
("CV20040","","1","","","","*","","TE","","","","","",""),
("CV20041","","1","","","","*","","TE","","","","","",""),
("CV20042","","1","","","","*","","TE","","","","","",""),
("CV20043","","1","","","","*","","TE","","","","","",""),
("CV20044","","1","","","","*","","TE","","","","","",""),
("CV20045","","1","","","","*","","TE","","","","","",""),
("CV20046","","1","","","","*","","TE","","","","","",""),
("CV20047","","1","","","","*","","TE","","","","","",""),
("CV20048","","1","","","","*","","TE","","","","","",""),
("CV20049","","1","","","","*","","TE","","","","","",""),
("CV20050","","1","","","","*","","TE","","","","","",""),
("CV20051","","1","","","","*","","TE","","","","","",""),
("CV20052","","1","","","","*","","TE","","","","","",""),
("CV20053","","1","","","","*","","TE","","","","","",""),
("CV20054","","1","","","","*","","TE","","","","","",""),
("CV20055","","1","","","","*","","TE","","","","","",""),
("CV20056","","1","","","","*","","TE","","","","","",""),
("CV20057","","1","","","","*","","TE","","","","","","");
  
COMMIT;