
SET AUTOCOMMIT=0;
BEGIN;

  
-- IB_OM_RULE_INFO insert
INSERT INTO IB_OM_RULE_INFO (RULE_NO,RULE_TYP_CD,HOLI_FLG,RULE_TRI_POSITION,SUIT_CHNL_SCP,SUIT_LPR_SCP,SUIT_ORG_SCP,SUIT_TX_SCP,RULE_COMNT,EFFT_FLG,OPER_TELR_NO,OPER_TM,OPER_RSN) VALUES

("000200","AU","N","1","TE","001","*,","00102001_1","新建客户信息时，证件非机读时","1","900001","20190518","批量新增"),
("000201","AU","N","1","TE","001","*,","00102001_1","金额超限","1","900001","20190518","批量新增");
-- IB_OM_RULECOND_INFO insert
INSERT INTO IB_OM_RULECOND_INFO (OPRTN_COND_NO,DICTRY_NM,OPER_SYM_1,CMPR_VAL,OPER_SYM_2,VALUE2,TRAN_CD,COND_DESC,OPER_TELR_NO,OPER_TM,OPER_RSN,CMPR_VAL_DATA_DICTRY_FLG,PUB_DICTRY_FLG,DICTRY_DESC) VALUES

("AU00200","CustNew","==","Y1","","","00102001_1","新建客户信息时，证件非机读时","900001","20190518","批量新增","1","0","新建标志"),
("AU00200","machRead","==","Y2","","","00102001_1","新建客户信息时，证件非机读时","900001","20190518","批量新增","1","0","机读标志");
-- IB_OM_RULECOND_RLT insert
INSERT INTO IB_OM_RULECOND_RLT (RULE_COND_NO,CMPL_MODE_FLG,OPRTN_RULE_NO) VALUES

("AU00200","1","000200"),
("AU00201","1","000201"),
("AU00001","1","000201"),
("AU00002","1","000201"),
("AU00003","1","000201"),
("AU00004","1","000201"),
("AU00005","1","000201"),
("AU00006","1","000201"),
("AU00007","1","000201"),
("AU00008","1","000201"),
("AU00009","1","000201"),
("AU00010","1","000201"),
("AU00011","1","000201"),
("AU00012","1","000201"),
("AU00013","1","000201"),
("AU00014","1","000201"),
("AU00015","1","000201"),
("AU00016","1","000201"),
("AU00017","1","000201"),
("AU00018","1","000201"),
("AU00019","1","000201"),
("AU00020","1","000201"),
("AU00021","1","000201"),
("AU00022","1","000201"),
("AU00023","1","000201"),
("AU00024","1","000201"),
("AU00025","1","000201"),
("AU00026","1","000201"),
("AU00027","1","000201"),
("AU00028","1","000201"),
("AU00029","1","000201"),
("AU00030","1","000201"),
("AU00031","1","000201"),
("AU00032","1","000201"),
("AU00033","1","000201"),
("AU00034","1","000201"),
("AU00035","1","000201"),
("AU00036","1","000201"),
("AU00037","1","000201"),
("AU00038","1","000201"),
("AU00039","1","000201"),
("AU00040","1","000201"),
("AU00041","1","000201"),
("AU00042","1","000201"),
("AU00043","1","000201"),
("AU00044","1","000201"),
("AU00045","1","000201"),
("AU00046","1","000201"),
("AU00047","1","000201"),
("AU00048","1","000201"),
("AU00049","1","000201"),
("AU00050","1","000201"),
("AU00051","1","000201"),
("AU00052","1","000201"),
("AU00053","1","000201"),
("AU00054","1","000201"),
("AU00055","1","000201"),
("AU00056","1","000201"),
("AU00057","1","000201"),
("AU00058","1","000201"),
("AU00059","1","000201"),
("AU00060","1","000201"),
("AU00061","1","000201"),
("AU00062","1","000201"),
("AU00063","1","000201"),
("AU00064","1","000201"),
("AU00065","1","000201"),
("AU00066","1","000201"),
("AU00067","1","000201"),
("AU00068","1","000201"),
("AU00069","1","000201"),
("AU00070","1","000201"),
("AU00071","1","000201"),
("AU00072","1","000201"),
("AU00073","1","000201"),
("AU00074","1","000201"),
("AU00075","1","000201"),
("AU00076","1","000201"),
("AU00077","1","000201"),
("AU00078","1","000201"),
("AU00079","1","000201"),
("AU00080","1","000201"),
("AU00081","1","000201"),
("AU00082","1","000201"),
("AU00083","1","000201"),
("AU00084","1","000201"),
("AU00085","1","000201"),
("AU00086","1","000201"),
("AU00087","1","000201"),
("AU00088","1","000201"),
("AU00089","1","000201"),
("AU00090","1","000201"),
("AU00091","1","000201"),
("AU00092","1","000201"),
("AU00093","1","000201"),
("AU00094","1","000201"),
("AU00095","1","000201"),
("AU00096","1","000201"),
("AU00097","1","000201"),
("AU00098","1","000201"),
("AU00099","1","000201"),
("AU00100","1","000201"),
("AU00101","1","000201"),
("AU00102","1","000201"),
("AU00103","1","000201"),
("AU00104","1","000201"),
("AU00105","1","000201"),
("AU00106","1","000201"),
("AU00107","1","000201"),
("AU00108","1","000201"),
("AU00109","1","000201"),
("AU00110","1","000201"),
("AU00111","1","000201"),
("AU00112","1","000201"),
("AU00113","1","000201"),
("AU00114","1","000201"),
("AU00115","1","000201"),
("AU00116","1","000201"),
("AU00117","1","000201"),
("AU00118","1","000201"),
("AU00119","1","000201"),
("AU00120","1","000201"),
("AU00121","1","000201"),
("AU00122","1","000201"),
("AU00123","1","000201"),
("AU00124","1","000201"),
("AU00125","1","000201"),
("AU00126","1","000201"),
("AU00127","1","000201"),
("AU00128","1","000201"),
("AU00129","1","000201"),
("AU00130","1","000201"),
("AU00131","1","000201"),
("AU00132","1","000201"),
("AU00133","1","000201"),
("AU00134","1","000201"),
("AU00135","1","000201"),
("AU00136","1","000201"),
("AU00137","1","000201"),
("AU00138","1","000201"),
("AU00139","1","000201"),
("AU00140","1","000201"),
("AU00141","1","000201"),
("AU00142","1","000201"),
("AU00143","1","000201"),
("AU00144","1","000201");
-- IB_OM_AUTHMODE_INFO insert
INSERT INTO IB_OM_AUTHMODE_INFO (MODE_NO,AUTH_TYP_CD,AUTH_LVL_CD,REMOTE_AUTH_LVL_CD,AUTH_ORG_TYP_CD,AUTH_ORG_NO,AUTH_POST_NO,UGNT_FLG,AUTH_DESC,HOST_AUTH_FLG,HOST_AUTH_TYP_CD,CNTRTN_AUTH_CENT_NM,CNTRTN_AUTH_LVL_CD,REMRK_1,APP_NO) VALUES

("AU00200","2","4","","","","*","","新建客户信息时，证件非机读时","","","","","统计",""),
("AU00201","2","4","","","","*","","金额超限","","","","","统计","");
-- TE_PARA_TRANKEYWORDS_INFO insert
INSERT INTO TE_PARA_TRANKEYWORDS_INFO (TRAN_CD,PUB_DICTRY_NM,PRIV_DICTRY_NM,PULDW_MAPG_DICTRY_NM) VALUES

("00102001_1","txAmt","txAmt","金额"),
("00102001_1","TnNwSn","TnNwSn","现转标志"),
("00102001_1","Ccy","Ccy","币种");
-- IB_PARA_KEYWORDS_INFO insert
INSERT INTO IB_PARA_KEYWORDS_INFO (DICTRY_NM,DICTRY_DESC,DICTRY_TYP_CD,FIELD_CMPR,DATA_ATTR_DESC) VALUES

("txAmt","金额","text","in","金额"),
("TnNwSn","现转标志","text","in","现转标志"),
("Ccy","币种","text","in","币种");
  
COMMIT;