
-- IB_OM_RULE_INFO insert
INSERT INTO IB_OM_RULE_INFO (RULE_NO,RULE_TYP_CD,HOLI_FLG,RULE_TRI_POSITION,SUIT_CHNL_SCP,SUIT_LPR_SCP,SUIT_ORG_SCP,SUIT_TX_SCP,RULE_COMNT,EFFT_FLG,OPER_TELR_NO,OPER_DT,OPER_RSN) VALUES

('090000','CI','N','1','TE','0000','*,','09999999','批量导入','1','900001','2019-11-16','批量新增'),
('090001','CI','N','1','TE','0000','*,','00101002','批量导入','1','900001','2019-11-16','批量新增'),
('090002','CI','N','1','TE','0000','*,','00101002','批量导入','1','900001','2019-11-16','批量新增'),
('090003','CI','N','1','TE','0000','*,','00101002','批量导入','1','900001','2019-11-16','批量新增'),
('090004','CI','N','1','TE','0000','*,','00101002','批量导入','1','900001','2019-11-16','批量新增'),
('090005','CI','N','1','TE','0000','*,','00101002','批量导入','1','900001','2019-11-16','批量新增'),
('090006','CI','N','1','TE','0000','*,','00101002','批量导入','1','900001','2019-11-16','批量新增'),
('090007','CI','N','1','TE','0000','*,','00101002','批量导入','1','900001','2019-11-16','批量新增'),
('090008','CI','N','1','TE','0000','*,','00101002','批量导入','1','900001','2019-11-16','批量新增'),
('090009','CI','N','1','TE','0000','*,','00103001','批量导入','1','900001','2019-11-16','批量新增'),
('090010','CI','N','1','TE','0000','*,','00103003','批量导入','1','900001','2019-11-16','批量新增'),
('090011','CI','N','1','TE','0000','*,','00103003','批量导入','1','900001','2019-11-16','批量新增'),
('090012','CI','N','1','TE','0000','*,','00103004','批量导入','1','900001','2019-11-16','批量新增'),
('090013','CI','N','1','TE','0000','*,','00103004','批量导入','1','900001','2019-11-16','批量新增'),
('090014','CI','N','1','TE','0000','*,','00103002','批量导入','1','900001','2019-11-16','批量新增'),
('090015','CI','N','1','TE','0000','*,','00103002','批量导入','1','900001','2019-11-16','批量新增'),
('090016','CI','N','1','TE','0000','*,','00103005','批量导入','1','900001','2019-11-16','批量新增'),
('090017','CI','N','1','TE','0000','*,','00103005','批量导入','1','900001','2019-11-16','批量新增'),
('090018','CI','N','1','TE','0000','*,','00201014','批量导入','1','900001','2019-11-16','批量新增'),
('090019','CI','N','1','TE','0000','*,','00201014','批量导入','1','900001','2019-11-16','批量新增'),
('090020','CI','N','1','TE','0000','*,','00201011','批量导入','1','900001','2019-11-16','批量新增'),
('090021','CI','N','1','TE','0000','*,','00201011','批量导入','1','900001','2019-11-16','批量新增'),
('090022','CI','N','1','TE','0000','*,','00201011','批量导入','1','900001','2019-11-16','批量新增'),
('090023','CI','N','1','TE','0000','*,','00201012','批量导入','1','900001','2019-11-16','批量新增'),
('090024','CI','N','1','TE','0000','*,','00201018','批量导入','1','900001','2019-11-16','批量新增'),
('090025','CI','N','1','TE','0000','*,','00201022','批量导入','1','900001','2019-11-16','批量新增'),
('090026','CI','N','1','TE','0000','*,','00201022','批量导入','1','900001','2019-11-16','批量新增'),
('090027','CI','N','1','TE','0000','*,','00201009','批量导入','1','900001','2019-11-16','批量新增'),
('090028','CI','N','1','TE','0000','*,','00201009','批量导入','1','900001','2019-11-16','批量新增'),
('090029','CI','N','1','TE','0000','*,','00201009','批量导入','1','900001','2019-11-16','批量新增'),
('090030','CI','N','1','TE','0000','*,','00504003','批量导入','1','900001','2019-11-16','批量新增'),
('090031','CI','N','1','TE','0000','*,','00504003','批量导入','1','900001','2019-11-16','批量新增'),
('090032','CI','N','1','TE','0000','*,','00504001','强制触发','1','900001','2019-11-16','批量新增'),
('090033','CI','N','1','TE','0000','*,','00504009','批量导入','1','900001','2019-11-16','批量新增'),
('090034','CI','N','1','TE','0000','*,','00502008','批量导入','1','900001','2019-11-16','批量新增'),
('090035','CI','N','1','TE','0000','*,','00701001','批量导入','1','900001','2019-11-16','批量新增'),
('090036','CI','N','1','TE','0000','*,','00701002','批量导入','1','900001','2019-11-16','批量新增'),
('090037','CI','N','1','TE','0000','*,','00701003','批量导入','1','900001','2019-11-16','批量新增'),
('090038','CI','N','1','TE','0000','*,','00701004','批量导入','1','900001','2019-11-16','批量新增'),
('090039','CI','N','1','TE','0000','*,','00701005','批量导入','1','900001','2019-11-16','批量新增'),
('090040','CI','N','1','TE','0000','*,','00701007','批量导入','1','900001','2019-11-16','批量新增'),
('090041','CI','N','1','TE','0000','*,','00701008','批量导入','1','900001','2019-11-16','批量新增'),
('090042','CI','N','1','TE','0000','*,','00701009','批量导入','1','900001','2019-11-16','批量新增'),
('090043','CI','N','1','TE','0000','*,','00702003','批量导入','1','900001','2019-11-16','批量新增'),
('090044','CI','N','1','TE','0000','*,','00702004','批量导入','1','900001','2019-11-16','批量新增'),
('090045','CI','N','1','TE','0000','*,','00704001','批量导入','1','900001','2019-11-16','批量新增'),
('090046','CI','N','1','TE','0000','*,','00704002','批量导入','1','900001','2019-11-16','批量新增'),
('090047','CI','N','1','TE','0000','*,','00704003','批量导入','1','900001','2019-11-16','批量新增'),
('090048','CI','N','1','TE','0000','*,','00704004','批量导入','1','900001','2019-11-16','批量新增'),
('090049','CI','N','1','TE','0000','*,','00704005','批量导入','1','900001','2019-11-16','批量新增'),
('090050','CI','N','1','TE','0000','*,','00704013','批量导入','1','900001','2019-11-16','批量新增'),
('090051','CI','N','1','TE','0000','*,','00704009','批量导入','1','900001','2019-11-16','批量新增'),
('090052','CI','N','1','TE','0000','*,','00704010','批量导入','1','900001','2019-11-16','批量新增'),
('090053','CI','N','1','TE','0000','*,','00704011','批量导入','1','900001','2019-11-16','批量新增'),
('090054','CI','N','1','TE','0000','*,','00704012','批量导入','1','900001','2019-11-16','批量新增'),
('090055','CI','N','1','TE','0000','*,','00704007','批量导入','1','900001','2019-11-16','批量新增'),
('090056','CI','N','1','TE','0000','*,','00704008','批量导入','1','900001','2019-11-16','批量新增'),
('090057','CI','N','1','TE','0000','*,','00703001','批量导入','1','900001','2019-11-16','批量新增'),
('090058','CI','N','1','TE','0000','*,','00602003','批量导入','1','900001','2019-11-16','批量新增'),
('090059','CI','N','1','TE','0000','*,','00602003','批量导入','1','900001','2019-11-16','批量新增'),
('090060','CI','N','1','TE','0000','*,','00503002','批量导入','1','900001','2019-11-16','批量新增'),
('090061','CI','N','1','TE','0000','*,','00503012_1','批量导入','1','900001','2019-11-16','批量新增'),
('090062','CI','N','1','TE','0000','*,','00401020','批量导入','1','900001','2019-11-16','批量新增'),
('090063','CI','N','1','TE','0000','*,','00502202','批量导入','1','900001','2019-11-16','批量新增'),
('090064','CI','N','1','TE','0000','*,','00502202','批量导入','1','900001','2019-11-16','批量新增'),
('090065','CI','N','1','TE','0000','*,','00502203','批量导入','1','900001','2019-11-16','批量新增'),
('090066','CI','N','1','TE','0000','*,','00502204','批量导入','1','900001','2019-11-16','批量新增'),
('090067','CI','N','1','TE','0000','*,','00502205','批量导入','1','900001','2019-11-16','批量新增'),
('090068','CI','N','1','TE','0000','*,','00502102','批量导入','1','900001','2019-11-16','批量新增'),
('090069','CI','N','1','TE','0000','*,','00502102','批量导入','1','900001','2019-11-16','批量新增'),
('090070','CI','N','1','TE','0000','*,','00502104','批量导入','1','900001','2019-11-16','批量新增'),
('090071','CI','N','1','TE','0000','*,','00501001','批量导入','1','900001','2019-11-16','批量新增'),
('090072','CI','N','1','TE','0000','*,','00501001','批量导入','1','900001','2019-11-16','批量新增'),
('090073','CI','N','1','TE','0000','*,','00501002','批量导入','1','900001','2019-11-16','批量新增'),
('090074','CI','N','1','TE','0000','*,','00501002','批量导入','1','900001','2019-11-16','批量新增'),
('090075','CI','N','1','TE','0000','*,','00501002','批量导入','1','900001','2019-11-16','批量新增'),
('090076','CI','N','1','TE','0000','*,','00502002','批量导入','1','900001','2019-11-16','批量新增'),
('090077','CI','N','1','TE','0000','*,','00502002','批量导入','1','900001','2019-11-16','批量新增'),
('090078','CI','N','1','TE','0000','*,','00502004','批量导入','1','900001','2019-11-16','批量新增'),
('090079','CI','N','1','TE','0000','*,','00502004','批量导入','1','900001','2019-11-16','批量新增'),
('090080','CI','N','1','TE','0000','*,','00502006','批量导入','1','900001','2019-11-16','批量新增'),
('090081','CI','N','1','TE','0000','*,','00502008','批量导入','1','900001','2019-11-16','批量新增'),
('090082','CI','N','1','TE','0000','*,','00502010','批量导入','1','900001','2019-11-16','批量新增'),
('090083','CI','N','1','TE','0000','*,','00502012','批量导入','1','900001','2019-11-16','批量新增'),
('090084','CI','N','1','TE','0000','*,','00302017','批量导入','1','900001','2019-11-16','批量新增'),
('090085','CI','N','1','TE','0000','*,','00306003','批量导入','1','900001','2019-11-16','批量新增'),
('090086','CI','N','1','TE','0000','*,','00201013','批量导入','1','900001','2019-11-16','批量新增'),
('090087','CI','N','1','TE','0000','*,','00201021','批量导入','1','900001','2019-11-16','批量新增'),
('090088','CI','N','1','TE','0000','*,','00302022','批量导入','1','900001','2019-11-16','批量新增'),
('090089','CI','N','1','TE','0000','*,','00302022','批量导入','1','900001','2019-11-16','批量新增'),
('090090','CI','N','1','TE','0000','*,','00302022','批量导入','1','900001','2019-11-16','批量新增'),
('090091','CI','N','1','TE','0000','*,','00302022','批量导入','1','900001','2019-11-16','批量新增'),
('090092','CI','N','1','TE','0000','*,','00302002','批量导入','1','900001','2019-11-16','批量新增'),
('090093','CI','N','1','TE','0000','*,','00302002','批量导入','1','900001','2019-11-16','批量新增'),
('090094','CI','N','1','TE','0000','*,','00302004','批量导入','1','900001','2019-11-16','批量新增'),
('090095','CI','N','1','TE','0000','*,','00302004','批量导入','1','900001','2019-11-16','批量新增'),
('090096','CI','N','1','TE','0000','*,','00301005','批量导入','1','900001','2019-11-16','批量新增'),
('090097','CI','N','1','TE','0000','*,','00301005','批量导入','1','900001','2019-11-16','批量新增'),
('090098','CI','N','1','TE','0000','*,','00305006','批量导入','1','900001','2019-11-16','批量新增'),
('090099','CI','N','1','TE','0000','*,','00305006','批量导入','1','900001','2019-11-16','批量新增'),
('090100','CI','N','1','TE','0000','*,','00305006','批量导入','1','900001','2019-11-16','批量新增'),
('090101','CI','N','1','TE','0000','*,','00305006','批量导入','1','900001','2019-11-16','批量新增'),
('090102','CI','N','1','TE','0000','*,','00305006','批量导入','1','900001','2019-11-16','批量新增'),
('090103','CI','N','1','TE','0000','*,','00303006','批量导入','1','900001','2019-11-16','批量新增'),
('090104','CI','N','1','TE','0000','*,','00303006','批量导入','1','900001','2019-11-16','批量新增'),
('090105','CI','N','1','TE','0000','*,','00303007','批量导入','1','900001','2019-11-16','批量新增'),
('090106','CI','N','1','TE','0000','*,','00303007','批量导入','1','900001','2019-11-16','批量新增'),
('090107','CI','N','1','TE','0000','*,','00303007','批量导入','1','900001','2019-11-16','批量新增'),
('090108','CI','N','1','TE','0000','*,','00303007','批量导入','1','900001','2019-11-16','批量新增'),
('090109','CI','N','1','TE','0000','*,','00303007','批量导入','1','900001','2019-11-16','批量新增'),
('090110','CI','N','1','TE','0000','*,','00302008','批量导入','1','900001','2019-11-16','批量新增'),
('090111','CI','N','1','TE','0000','*,','00302008','批量导入','1','900001','2019-11-16','批量新增'),
('090112','CI','N','1','TE','0000','*,','00302008','批量导入','1','900001','2019-11-16','批量新增'),
('090113','CI','N','1','TE','0000','*,','00302008','批量导入','1','900001','2019-11-16','批量新增'),
('090114','CI','N','1','TE','0000','*,','00302008','批量导入','1','900001','2019-11-16','批量新增'),
('090115','CI','N','1','TE','0000','*,','00302008','批量导入','1','900001','2019-11-16','批量新增'),
('090116','CI','N','1','TE','0000','*,','00302009','批量导入','1','900001','2019-11-16','批量新增'),
('090117','CI','N','1','TE','0000','*,','00302009','批量导入','1','900001','2019-11-16','批量新增'),
('090118','CI','N','1','TE','0000','*,','00302010','批量导入','1','900001','2019-11-16','批量新增'),
('090119','CI','N','1','TE','0000','*,','00302010','批量导入','1','900001','2019-11-16','批量新增'),
('090120','CI','N','1','TE','0000','*,','00302010','批量导入','1','900001','2019-11-16','批量新增'),
('090121','CI','N','1','TE','0000','*,','00302010','批量导入','1','900001','2019-11-16','批量新增'),
('090122','CI','N','1','TE','0000','*,','00302010','批量导入','1','900001','2019-11-16','批量新增'),
('090123','CI','N','1','TE','0000','*,','00303005','批量导入','1','900001','2019-11-16','批量新增'),
('090124','CI','N','1','TE','0000','*,','00303005','批量导入','1','900001','2019-11-16','批量新增'),
('090125','CI','N','1','TE','0000','*,','00303005','批量导入','1','900001','2019-11-16','批量新增'),
('090126','CI','N','1','TE','0000','*,','00303005','批量导入','1','900001','2019-11-16','批量新增'),
('090127','CI','N','1','TE','0000','*,','00303005','批量导入','1','900001','2019-11-16','批量新增'),
('090128','CI','N','1','TE','0000','*,','00305013','批量导入','1','900001','2019-11-16','批量新增'),
('090129','CI','N','1','TE','0000','*,','00306004','批量导入','1','900001','2019-11-16','批量新增'),
('090130','CI','N','1','TE','0000','*,','00306004','批量导入','1','900001','2019-11-16','批量新增'),
('090131','CI','N','1','TE','0000','*,','00306004','批量导入','1','900001','2019-11-16','批量新增'),
('090132','CI','N','1','TE','0000','*,','00306005','批量导入','1','900001','2019-11-16','批量新增'),
('090133','CI','N','1','TE','0000','*,','00306006','批量导入','1','900001','2019-11-16','批量新增'),
('090134','CI','N','1','TE','0000','*,','00306006','批量导入','1','900001','2019-11-16','批量新增'),
('090135','CI','N','1','TE','0000','*,','00303004_1','批量导入','1','900001','2019-11-16','批量新增'),
('090136','CI','N','1','TE','0000','*,','00303004_2','批量导入','1','900001','2019-11-16','批量新增'),
('090137','CI','N','1','TE','0000','*,','00303004_1','批量导入','1','900001','2019-11-16','批量新增'),
('090138','CI','N','1','TE','0000','*,','00303004_2','批量导入','1','900001','2019-11-16','批量新增'),
('090139','CI','N','1','TE','0000','*,','00303002_3','批量导入','1','900001','2019-11-16','批量新增'),
('090140','CI','N','1','TE','0000','*,','00302014','批量导入','1','900001','2019-11-16','批量新增'),
('090141','CI','N','1','TE','0000','*,','00302014','批量导入','1','900001','2019-11-16','批量新增'),
('090142','CI','N','1','TE','0000','*,','00302014','批量导入','1','900001','2019-11-16','批量新增'),
('090143','CI','N','1','TE','0000','*,','00302016','批量导入','1','900001','2019-11-16','批量新增'),
('090144','CI','N','1','TE','0000','*,','00302016','批量导入','1','900001','2019-11-16','批量新增'),
('090145','CI','N','1','TE','0000','*,','00303003_2','批量导入','1','900001','2019-11-16','批量新增'),
('090146','CI','N','1','TE','0000','*,','00302006','批量导入','1','900001','2019-11-16','批量新增'),
('090147','CI','N','1','TE','0000','*,','00302006','批量导入','1','900001','2019-11-16','批量新增'),
('090148','CI','N','1','TE','0000','*,','00302006','批量导入','1','900001','2019-11-16','批量新增'),
('090149','CI','N','1','TE','0000','*,','00302006','批量导入','1','900001','2019-11-16','批量新增'),
('090150','CI','N','1','TE','0000','*,','00302006','批量导入','1','900001','2019-11-16','批量新增'),
('090151','CI','N','1','TE','0000','*,','00302019','批量导入','1','900001','2019-11-16','批量新增'),
('090152','CI','N','1','TE','0000','*,','00302019','批量导入','1','900001','2019-11-16','批量新增'),
('090153','CI','N','1','TE','0000','*,','00302019','批量导入','1','900001','2019-11-16','批量新增'),
('090154','CI','N','1','TE','0000','*,','00302019','批量导入','1','900001','2019-11-16','批量新增'),
('090155','CI','N','1','TE','0000','*,','00302019','批量导入','1','900001','2019-11-16','批量新增'),
('090156','CI','N','1','TE','0000','*,','00302019','批量导入','1','900001','2019-11-16','批量新增'),
('090157','CI','N','1','TE','0000','*,','00302019','批量导入','1','900001','2019-11-16','批量新增'),
('090158','CI','N','1','TE','0000','*,','00302007','批量导入','1','900001','2019-11-16','批量新增'),
('090159','CI','N','1','TE','0000','*,','00302007','批量导入','1','900001','2019-11-16','批量新增'),
('090160','CI','N','1','TE','0000','*,','00302007','批量导入','1','900001','2019-11-16','批量新增'),
('090161','CI','N','1','TE','0000','*,','00302007','批量导入','1','900001','2019-11-16','批量新增'),
('090162','CI','N','1','TE','0000','*,','00302021','批量导入','1','900001','2019-11-16','批量新增'),
('090163','CI','N','1','TE','0000','*,','00302021','批量导入','1','900001','2019-11-16','批量新增'),
('090164','CI','N','1','TE','0000','*,','00302021','批量导入','1','900001','2019-11-16','批量新增'),
('090165','CI','N','1','TE','0000','*,','00302011','批量导入','1','900001','2019-11-16','批量新增'),
('090166','CI','N','1','TE','0000','*,','00302011','批量导入','1','900001','2019-11-16','批量新增'),
('090167','CI','N','1','TE','0000','*,','00302011','批量导入','1','900001','2019-11-16','批量新增'),
('090168','CI','N','1','TE','0000','*,','00302011','批量导入','1','900001','2019-11-16','批量新增'),
('090169','CI','N','1','TE','0000','*,','00302011','批量导入','1','900001','2019-11-16','批量新增'),
('090170','CI','N','1','TE','0000','*,','00302011','批量导入','1','900001','2019-11-16','批量新增'),
('090171','CI','N','1','TE','0000','*,','00302018','批量导入','1','900001','2019-11-16','批量新增'),
('090172','CI','N','1','TE','0000','*,','00302018','批量导入','1','900001','2019-11-16','批量新增'),
('090173','CI','N','1','TE','0000','*,','00302018','批量导入','1','900001','2019-11-16','批量新增'),
('090174','CI','N','1','TE','0000','*,','00302018','批量导入','1','900001','2019-11-16','批量新增'),
('090175','CI','N','1','TE','0000','*,','00302018','批量导入','1','900001','2019-11-16','批量新增'),
('090176','CI','N','1','TE','0000','*,','00302018','批量导入','1','900001','2019-11-16','批量新增'),
('090177','CI','N','1','TE','0000','*,','00302018','批量导入','1','900001','2019-11-16','批量新增'),
('090178','CI','N','1','TE','0000','*,','00302005','批量导入','1','900001','2019-11-16','批量新增'),
('090179','CI','N','1','TE','0000','*,','00302005','批量导入','1','900001','2019-11-16','批量新增'),
('090180','CI','N','1','TE','0000','*,','00302005','批量导入','1','900001','2019-11-16','批量新增'),
('090181','CI','N','1','TE','0000','*,','00302005','批量导入','1','900001','2019-11-16','批量新增'),
('090182','CI','N','1','TE','0000','*,','00302005','批量导入','1','900001','2019-11-16','批量新增'),
('090183','CI','N','1','TE','0000','*,','00302005','批量导入','1','900001','2019-11-16','批量新增'),
('090184','CI','N','1','TE','0000','*,','00201015','批量导入','1','900001','2019-11-16','批量新增'),
('090185','CI','N','1','TE','0000','*,','00201015','批量导入','1','900001','2019-11-16','批量新增'),
('090186','CI','N','1','TE','0000','*,','00201015','批量导入','1','900001','2019-11-16','批量新增'),
('090187','CI','N','1','TE','0000','*,','00201015','批量导入','1','900001','2019-11-16','批量新增'),
('090188','CI','N','1','TE','0000','*,','00201015','批量导入','1','900001','2019-11-16','批量新增'),
('090189','CI','N','1','TE','0000','*,','00201015','批量导入','1','900001','2019-11-16','批量新增'),
('090190','CI','N','1','TE','0000','*,','00201015','批量导入','1','900001','2019-11-16','批量新增'),
('090191','CI','N','1','TE','0000','*,','00201016','批量导入','1','900001','2019-11-16','批量新增'),
('090192','CI','N','1','TE','0000','*,','00201016','批量导入','1','900001','2019-11-16','批量新增'),
('090193','CI','N','1','TE','0000','*,','00201016','批量导入','1','900001','2019-11-16','批量新增'),
('090194','CI','N','1','TE','0000','*,','00201016','批量导入','1','900001','2019-11-16','批量新增'),
('090195','CI','N','1','TE','0000','*,','00201016','批量导入','1','900001','2019-11-16','批量新增'),
('090196','CI','N','1','TE','0000','*,','00201016','批量导入','1','900001','2019-11-16','批量新增'),
('090197','CI','N','1','TE','0000','*,','00101007','批量导入','1','900001','2019-11-16','批量新增'),
('090198','CI','N','1','TE','0000','*,','00101007','批量导入','1','900001','2019-11-16','批量新增'),
('090199','CI','N','1','TE','0000','*,','00101007','批量导入','1','900001','2019-11-16','批量新增'),
('090200','CI','N','1','TE','0000','*,','00101007','批量导入','1','900001','2019-11-16','批量新增'),
('090201','CI','N','1','TE','0000','*,','00201005','批量导入','1','900001','2019-11-16','批量新增'),
('090202','CI','N','1','TE','0000','*,','00201005','批量导入','1','900001','2019-11-16','批量新增'),
('090203','CI','N','1','TE','0000','*,','00201005','批量导入','1','900001','2019-11-16','批量新增'),
('090204','CI','N','1','TE','0000','*,','00201005','批量导入','1','900001','2019-11-16','批量新增'),
('090205','CI','N','1','TE','0000','*,','00201005','批量导入','1','900001','2019-11-16','批量新增'),
('090206','CI','N','1','TE','0000','*,','00201002','批量导入','1','900001','2019-11-16','批量新增'),
('090207','CI','N','1','TE','0000','*,','00201002','批量导入','1','900001','2019-11-16','批量新增'),
('090208','CI','N','1','TE','0000','*,','00301012','批量导入','1','900001','2019-11-16','批量新增'),
('090209','CI','N','1','TE','0000','*,','00301012','批量导入','1','900001','2019-11-16','批量新增'),
('090210','CI','N','1','TE','0000','*,','00301012','批量导入','1','900001','2019-11-16','批量新增'),
('090211','CI','N','1','TE','0000','*,','00301012','批量导入','1','900001','2019-11-16','批量新增'),
('090212','CI','N','1','TE','0000','*,','00301004','批量导入','1','900001','2019-11-16','批量新增'),
('090213','CI','N','1','TE','0000','*,','00301004','批量导入','1','900001','2019-11-16','批量新增'),
('090214','CI','N','1','TE','0000','*,','00301004','批量导入','1','900001','2019-11-16','批量新增'),
('090215','CI','N','1','TE','0000','*,','00301004','批量导入','1','900001','2019-11-16','批量新增'),
('090216','CI','N','1','TE','0000','*,','00301011','批量导入','1','900001','2019-11-16','批量新增'),
('090217','CI','N','1','TE','0000','*,','00301011','批量导入','1','900001','2019-11-16','批量新增'),
('090218','CI','N','1','TE','0000','*,','00301011','批量导入','1','900001','2019-11-16','批量新增'),
('090219','CI','N','1','TE','0000','*,','00301011','批量导入','1','900001','2019-11-16','批量新增'),
('090220','CI','N','1','TE','0000','*,','00301010','批量导入','1','900001','2019-11-16','批量新增'),
('090221','CI','N','1','TE','0000','*,','00301010','批量导入','1','900001','2019-11-16','批量新增'),
('090222','CI','N','1','TE','0000','*,','00301010','批量导入','1','900001','2019-11-16','批量新增'),
('090223','CI','N','1','TE','0000','*,','00301010','批量导入','1','900001','2019-11-16','批量新增'),
('090224','CI','N','1','TE','0000','*,','00301003','批量导入','1','900001','2019-11-16','批量新增'),
('090225','CI','N','1','TE','0000','*,','00301003','批量导入','1','900001','2019-11-16','批量新增'),
('090226','CI','N','1','TE','0000','*,','00301003','批量导入','1','900001','2019-11-16','批量新增'),
('090227','CI','N','1','TE','0000','*,','00301003','批量导入','1','900001','2019-11-16','批量新增'),
('090228','CI','N','1','TE','0000','*,','00301009','批量导入','1','900001','2019-11-16','批量新增'),
('090229','CI','N','1','TE','0000','*,','00301009','批量导入','1','900001','2019-11-16','批量新增'),
('090230','CI','N','1','TE','0000','*,','00301009','批量导入','1','900001','2019-11-16','批量新增'),
('090231','CI','N','1','TE','0000','*,','00301013','批量导入','1','900001','2019-11-16','批量新增'),
('090232','CI','N','1','TE','0000','*,','00301013','批量导入','1','900001','2019-11-16','批量新增'),
('090233','CI','N','1','TE','0000','*,','00301013','批量导入','1','900001','2019-11-16','批量新增'),
('090234','CI','N','1','TE','0000','*,','00301006','批量导入','1','900001','2019-11-16','批量新增'),
('090235','CI','N','1','TE','0000','*,','00301006','批量导入','1','900001','2019-11-16','批量新增'),
('090236','CI','N','1','TE','0000','*,','00301006','批量导入','1','900001','2019-11-16','批量新增'),
('090237','CI','N','1','TE','0000','*,','00301006','批量导入','1','900001','2019-11-16','批量新增'),
('090238','CI','N','1','TE','0000','*,','00301006','批量导入','1','900001','2019-11-16','批量新增'),
('090239','CI','N','1','TE','0000','*,','00301007','批量导入','1','900001','2019-11-16','批量新增'),
('090240','CI','N','1','TE','0000','*,','00301007','批量导入','1','900001','2019-11-16','批量新增'),
('090241','CI','N','1','TE','0000','*,','00301007','批量导入','1','900001','2019-11-16','批量新增'),
('090242','CI','N','1','TE','0000','*,','00301007','批量导入','1','900001','2019-11-16','批量新增'),
('090243','CI','N','1','TE','0000','*,','00301007','批量导入','1','900001','2019-11-16','批量新增'),
('090244','CI','N','1','TE','0000','*,','00301007','批量导入','1','900001','2019-11-16','批量新增'),
('090245','CI','N','1','TE','0000','*,','00301014','批量导入','1','900001','2019-11-16','批量新增'),
('090246','CI','N','1','TE','0000','*,','00301014','批量导入','1','900001','2019-11-16','批量新增'),
('090247','CI','N','1','TE','0000','*,','00301014','批量导入','1','900001','2019-11-16','批量新增'),
('090248','CI','N','1','TE','0000','*,','00301014','批量导入','1','900001','2019-11-16','批量新增'),
('090249','CI','N','1','TE','0000','*,','00301014','批量导入','1','900001','2019-11-16','批量新增'),
('090250','CI','N','1','TE','0000','*,','00301014','批量导入','1','900001','2019-11-16','批量新增'),
('090251','CI','N','1','TE','0000','*,','00302013','批量导入','1','900001','2019-11-16','批量新增'),
('090252','CI','N','1','TE','0000','*,','00302013','批量导入','1','900001','2019-11-16','批量新增'),
('090253','CI','N','1','TE','0000','*,','00302013','批量导入','1','900001','2019-11-16','批量新增'),
('090254','CI','N','1','TE','0000','*,','00302013','批量导入','1','900001','2019-11-16','批量新增'),
('090255','CI','N','1','TE','0000','*,','00302013','批量导入','1','900001','2019-11-16','批量新增'),
('090256','CI','N','1','TE','0000','*,','00302013','批量导入','1','900001','2019-11-16','批量新增'),
('090257','CI','N','1','TE','0000','*,','00301018','批量导入','1','900001','2019-11-16','批量新增'),
('090258','CI','N','1','TE','0000','*,','00301018','批量导入','1','900001','2019-11-16','批量新增'),
('090259','CI','N','1','TE','0000','*,','00301018','批量导入','1','900001','2019-11-16','批量新增'),
('090260','CI','N','1','TE','0000','*,','00301017','批量导入','1','900001','2019-11-16','批量新增'),
('090261','CI','N','1','TE','0000','*,','00301017','批量导入','1','900001','2019-11-16','批量新增'),
('090262','CI','N','1','TE','0000','*,','00301017','批量导入','1','900001','2019-11-16','批量新增'),
('090263','CI','N','1','TE','0000','*,','00301017','批量导入','1','900001','2019-11-16','批量新增'),
('090264','CI','N','1','TE','0000','*,','00301016','批量导入','1','900001','2019-11-16','批量新增'),
('090265','CI','N','1','TE','0000','*,','00301016','批量导入','1','900001','2019-11-16','批量新增'),
('090266','CI','N','1','TE','0000','*,','00301016','批量导入','1','900001','2019-11-16','批量新增'),
('090267','CI','N','1','TE','0000','*,','00301016','批量导入','1','900001','2019-11-16','批量新增'),
('090268','CI','N','1','TE','0000','*,','00302003','批量导入','1','900001','2019-11-16','批量新增'),
('090269','CI','N','1','TE','0000','*,','00302003','批量导入','1','900001','2019-11-16','批量新增'),
('090270','CI','N','1','TE','0000','*,','00302003','批量导入','1','900001','2019-11-16','批量新增'),
('090271','CI','N','1','TE','0000','*,','00302003','批量导入','1','900001','2019-11-16','批量新增'),
('090272','CI','N','1','TE','0000','*,','00302003','批量导入','1','900001','2019-11-16','批量新增'),
('090273','CI','N','1','TE','0000','*,','00301002','批量导入','1','900001','2019-11-16','批量新增'),
('090274','CI','N','1','TE','0000','*,','00301002','批量导入','1','900001','2019-11-16','批量新增'),
('090275','CI','N','1','TE','0000','*,','00301002','批量导入','1','900001','2019-11-16','批量新增'),
('090276','CI','N','1','TE','0000','*,','00302020','批量导入','1','900001','2019-11-16','批量新增'),
('090277','CI','N','1','TE','0000','*,','00302020','批量导入','1','900001','2019-11-16','批量新增'),
('090278','CI','N','1','TE','0000','*,','00302020','批量导入','1','900001','2019-11-16','批量新增'),
('090279','CI','N','1','TE','0000','*,','00302020','批量导入','1','900001','2019-11-16','批量新增'),
('090280','CI','N','1','TE','0000','*,','00302020','批量导入','1','900001','2019-11-16','批量新增'),
('090281','CI','N','1','TE','0000','*,','00302020','批量导入','1','900001','2019-11-16','批量新增'),
('090282','CI','N','1','TE','0000','*,','00301015','批量导入','1','900001','2019-11-16','批量新增'),
('090283','CI','N','1','TE','0000','*,','00301015','批量导入','1','900001','2019-11-16','批量新增'),
('090284','CI','N','1','TE','0000','*,','00301015','批量导入','1','900001','2019-11-16','批量新增'),
('090285','CI','N','1','TE','0000','*,','00301015','批量导入','1','900001','2019-11-16','批量新增'),
('090286','CI','N','1','TE','0000','*,','00301015','批量导入','1','900001','2019-11-16','批量新增'),
('090287','CI','N','1','TE','0000','*,','00301015','批量导入','1','900001','2019-11-16','批量新增'),
('090288','CI','N','1','TE','0000','*,','00502306','批量导入','1','900001','2019-11-16','批量新增'),
('090289','CI','N','1','TE','0000','*,','00502306','批量导入','1','900001','2019-11-16','批量新增'),
('090290','CI','N','1','TE','0000','*,','00502307','批量导入','1','900001','2019-11-16','批量新增'),
('090291','CI','N','1','TE','0000','*,','00502314_2','批量导入','1','900001','2019-11-16','批量新增'),
('090292','CI','N','1','TE','0000','*,','00502314_2','批量导入','1','900001','2019-11-16','批量新增'),
('090293','CI','N','1','TE','0000','*,','00502314_3','批量导入','1','900001','2019-11-16','批量新增'),
('090294','CI','N','1','TE','0000','*,','00603001','批量导入','1','900001','2019-11-16','批量新增'),
('090295','CI','N','1','TE','0000','*,','00603002','批量导入','1','900001','2019-11-16','批量新增'),
('090296','CI','N','1','TE','0000','*,','00101001_1','批量导入','1','900001','2019-11-16','批量新增'),
('090297','CI','N','1','TE','0000','*,','00101001_1','批量导入','1','900001','2019-11-16','批量新增'),
('090298','CI','N','1','TE','0000','*,','00101003_1','批量导入','1','900001','2019-11-16','批量新增'),
('090299','CI','N','1','TE','0000','*,','00407002','批量导入','1','900001','2019-11-16','批量新增'),
('090300','CI','N','1','TE','0000','*,','00802002','批量导入','1','900001','2019-11-16','批量新增'),
('090301','CI','N','1','TE','0000','*,','00303005','批量导入','1','900001','2019-11-16','批量新增'),
('090302','CI','N','1','TE','0000','*,','00102004','批量导入','1','900001','2019-11-16','批量新增'),
('090303','CI','N','1','TE','0000','*,','00102001_1','批量导入','1','900001','2019-11-16','批量新增'),
('090304','CI','N','1','TE','0000','*,','00102005','批量导入','1','900001','2019-11-16','批量新增'),
('090305','CI','N','1','TE','0000','*,','09908001','批量导入','1','900001','2019-11-16','批量新增'),
('090306','CI','N','1','TE','0000','*,','09908002','批量导入','1','900001','2019-11-16','批量新增'),
('090307','CI','N','1','TE','0000','*,','09908003','批量导入','1','900001','2019-11-16','批量新增'),
('090308','CI','N','1','TE','0000','*,','09908004','批量导入','1','900001','2019-11-16','批量新增'),
('090309','CI','N','1','TE','0000','*,','09908005','批量导入','1','900001','2019-11-16','批量新增'),
('090310','CI','N','1','TE','0000','*,','09908006','批量导入','1','900001','2019-11-16','批量新增'),
('090311','CI','N','1','TE','0000','*,','09908007','批量导入','1','900001','2019-11-16','批量新增'),
('090312','CI','N','1','TE','0000','*,','00802003','批量导入','1','900001','2019-11-16','批量新增'),
('090313','CI','N','1','TE','0000','*,','00602001','批量导入','1','900001','2019-11-16','批量新增');
-- IB_OM_RULECOND_INFO insert
INSERT INTO IB_OM_RULECOND_INFO (OPRTN_COND_NO,DICTRY_NM,OPER_SYM_1,CMPR_VAL,OPER_SYM_2,VALUE2,TRAN_CD,COND_DESCR,OPER_TELR_NO,OPER_DT,OPER_RSN,CMPR_VAL_DATA_DICTRY_FLG,PUB_DICTRY_FLG,DICTRY_DESCR) VALUES

('CI90001','shifdl','==','1','','','00101002','是否代理','900001','2019-11-16','批量新增','1','0','是否代理'),
('CI90002','shifdl','==','0','','','00101002','是否代理','900001','2019-11-16','批量新增','1','0','是否代理'),
('CI90003','shiftqzq','==','1','','','00101002','提前支取','900001','2019-11-16','批量新增','1','0','提前支取'),
('CI90004','zqfsIDCard','==','1','','','00101002','支取方式','900001','2019-11-16','批量新增','1','0','支取方式'),
('CI90005','acctType','==','A','','','00101002','账户类型','900001','2019-11-16','批量新增','1','0','账户类型'),
('CI90006','duifczbz','==','0','','','00101002','第二个磁条标志','900001','2019-11-16','批量新增','1','0','第二个磁条标志'),
('CI90006','yifbxhj','>=','10000','','','00101002','应付本息合计','900001','2019-11-16','批量新增','1','0','应付本息合计'),
('CI90007','inActive','==','01','','','00101002','未激活','900001','2019-11-16','批量新增','1','0','未激活'),
('CI90008','yifbxhj','>=','50000','','','00101002','应付本息合计','900001','2019-11-16','批量新增','1','0','应付本息合计'),
('CI90010','crtfTyp','==','0','','','00103003','客户类型','900001','2019-11-16','批量新增','1','0','客户类型'),
('CI90011','crtfTyp','in','1,2','','','00103003','客户类型','900001','2019-11-16','批量新增','1','0','客户类型'),
('CI90012','crtfTyp','==','0','','','00103004','客户类型','900001','2019-11-16','批量新增','1','0','客户类型'),
('CI90013','crtfTyp','in','1,2','','','00103004','客户类型','900001','2019-11-16','批量新增','1','0','客户类型'),
('CI90014','crtfTyp','==','0','','','00103002','客户类型','900001','2019-11-16','批量新增','1','0','客户类型'),
('CI90015','crtfTyp','in','1,2','','','00103002','客户类型','900001','2019-11-16','批量新增','1','0','客户类型'),
('CI90016','cstType','in','1,2','','','00103005','客户类型','900001','2019-11-16','批量新增','1','0','客户类型'),
('CI90017','cstType','==','0','','','00103005','客户类型','900001','2019-11-16','批量新增','1','0','客户类型'),
('CI90018','pubPrivFlgCd','==','0','','','00201014','公私标志','900001','2019-11-16','批量新增','1','0','公私标志'),
('CI90019','pubPrivFlgCd','==','1','','','00201014','公私标志','900001','2019-11-16','批量新增','1','0','公私标志'),
('CI90020','operaFlg','==','1','','','00201011','操作标志','900001','2019-11-16','批量新增','1','0','操作标志'),
('CI90021','operaFlg','==','2','','','00201011','操作标志','900001','2019-11-16','批量新增','1','0','操作标志'),
('CI90022','operaFlg','==','3','','','00201011','操作标志','900001','2019-11-16','批量新增','1','0','操作标志'),
('CI90025','CUST_TYP_CD','==','1','','','00201022','客户类型','900001','2019-11-16','批量新增','1','0','客户类型'),
('CI90026','CUST_TYP_CD','==','0','','','00201022','客户类型','900001','2019-11-16','批量新增','1','0','客户类型'),
('CI90027','pageOperFlgCd','==','1','','','00201009','操作标志','900001','2019-11-16','批量新增','1','0','操作标志'),
('CI90028','pageOperFlgCd','==','2','','','00201009','操作标志','900001','2019-11-16','批量新增','1','0','操作标志'),
('CI90029','pageOperFlgCd','==','3','','','00201009','操作标志','900001','2019-11-16','批量新增','1','0','操作标志'),
('CI90031','ispass','!=','1','','','00504003','是否已核查','900001','2019-11-16','批量新增','1','0','是否已核查'),
('CI90031','amt','>=','50000','','','00504003','金额','900001','2019-11-16','批量新增','1','0','金额'),
('CI90058','custtype','==','0','','','00602003','客户类型','900001','2019-11-16','批量新增','1','0','客户类型'),
('CI90058','txAmt','>=','50000','','','00602003','交易金额','900001','2019-11-16','批量新增','1','0','交易金额'),
('CI90059','custtype','==','0','','','00602003','客户类型','900001','2019-11-16','批量新增','1','0','客户类型'),
('CI90062','CRTF_TYP_CD','==','0','','','00401020','经办人证件类型','900001','2019-11-16','批量新增','1','0','经办人证件类型'),
('CI90063','totlAmt','>=','50000','','','00502202','交易金额','900001','2019-11-16','批量新增','1','0','交易金额'),
('CI90064','CUST_TYP_CD','==','0','','','00502202','客户类型','900001','2019-11-16','批量新增','1','0','客户类型'),
('CI90064','acctDrawManrCd','in','00100000,01100000,10100000,11100000','','','00502202','支取方式','900001','2019-11-16','批量新增','1','0','支取方式'),
('CI90065','aprptAmt','>=','50000','','','00502203','交易金额','900001','2019-11-16','批量新增','1','0','交易金额'),
('CI90066','openAcctAmt','>=','50000','','','00502204','交易金额','900001','2019-11-16','批量新增','1','0','交易金额'),
('CI90067','bal','>=','50000','','','00502205','交易金额','900001','2019-11-16','批量新增','1','0','交易金额'),
('CI90068','totlAmt','>=','50000','','','00502102','交易金额','900001','2019-11-16','批量新增','1','0','交易金额'),
('CI90069','acctDrawManrCd','in','00100000,01100000,10100000,11100000','','','00502102','支取方式','900001','2019-11-16','批量新增','1','0','支取方式'),
('CI90069','CUST_TYP_CD','==','0','','','00502102','客户类型','900001','2019-11-16','批量新增','1','0','客户类型'),
('CI90070','wthmnyTotlAmt','>=','50000','','','00502104','交易金额','900001','2019-11-16','批量新增','1','0','交易金额'),
('CI90071','acctDrawManrCd','==','1','','','00501001','支取方式','900001','2019-11-16','批量新增','1','0','支取方式'),
('CI90072','PAY_FEE_TOTL_AMT','>=','50000','','','00501001','缴费总金额','900001','2019-11-16','批量新增','1','0','缴费总金额'),
('CI90073','custType','==','0','','','00501002','客户类型','900001','2019-11-16','批量新增','1','0','客户类型'),
('CI90074','custType','==','0','','','00501002','客户类型','900001','2019-11-16','批量新增','1','0','客户类型'),
('CI90075','custType','==','0','','','00501002','客户类型','900001','2019-11-16','批量新增','1','0','客户类型'),
('CI90076','Totl_Behv_Pay_Cost_Amt','>=','50000','','','00502002','缴款总金额','900001','2019-11-16','批量新增','1','0','缴款总金额'),
('CI90077','custType','==','0','','','00502002','客户类型','900001','2019-11-16','批量新增','1','0','客户类型'),
('CI90078','Totl_Behv_Pay_Cost_Amt','>=','50000','','','00502004','缴款总金额','900001','2019-11-16','批量新增','1','0','缴款总金额'),
('CI90079','custType','==','0','','','00502004','客户类型','900001','2019-11-16','批量新增','1','0','客户类型'),
('CI90080','Wthd_Amt','>=','50000','','','00502006','取款总金额','900001','2019-11-16','批量新增','1','0','取款总金额'),
('CI90081','actPayAmt','>=','50000','','','00502008','定期增值金额','900001','2019-11-16','批量新增','1','0','定期增值金额'),
('CI90082','DRAW_AMT','>=','50000','','','00502010','取款金额','900001','2019-11-16','批量新增','1','0','取款金额'),
('CI90083','Wthd_Amt','>=','50000','','','00502012','取款总金额','900001','2019-11-16','批量新增','1','0','取款总金额'),
('CI90084','amtSource','==','5','','','00302017','资金来源','900001','2019-11-16','批量新增','1','0','资金来源'),
('CI90088','agencyFlag','==','1','','','00302022','是否代理','900001','2019-11-16','批量新增','1','0','是否代理'),
('CI90089','agencyFlag','==','0','','','00302022','是否代理','900001','2019-11-16','批量新增','1','0','是否代理'),
('CI90089','partAmt','>=','50000','','','00302022','交易金额','900001','2019-11-16','批量新增','1','0','交易金额'),
('CI90089','csttype','==','0','','','00302022','客户类型','900001','2019-11-16','批量新增','1','0','客户类型'),
('CI90090','csttype','==','0','','','00302022','客户类型','900001','2019-11-16','批量新增','1','0','客户类型'),
('CI90091','ccy','!=','156','','','00302022','币种','900001','2019-11-16','批量新增','1','0','币种'),
('CI90092','csttype','in','1,2','','','00302002','客户类型','900001','2019-11-16','批量新增','1','0','客户类型'),
('CI90092','txAmt','>=','50000','','','00302002','交易金额','900001','2019-11-16','批量新增','1','0','交易金额'),
('CI90093','currType','!=','156','','','00302002','币种','900001','2019-11-16','批量新增','1','0','币种'),
('CI90094','custType','in','1,2','','','00302004','客户类型','900001','2019-11-16','批量新增','1','0','客户类型'),
('CI90094','txAmt','>=','50000','','','00302004','交易金额','900001','2019-11-16','批量新增','1','0','交易金额'),
('CI90095','currType','!=','156','','','00302004','币种','900001','2019-11-16','批量新增','1','0','币种'),
('CI90096','custType','in','1,2','','','00301005','客户类型','900001','2019-11-16','批量新增','1','0','客户类型'),
('CI90096','txAmt','>=','50000','','','00301005','交易金额','900001','2019-11-16','批量新增','1','0','交易金额'),
('CI90097','currType','!=','156','','','00301005','币种','900001','2019-11-16','批量新增','1','0','币种'),
('CI90098','isAgency','==','1','','','00305006','是否代理','900001','2019-11-16','批量新增','1','0','是否代理'),
('CI90099','isAgency','==','0','','','00305006','是否代理','900001','2019-11-16','批量新增','1','0','是否代理'),
('CI90099','transAm','>=','50000','','','00305006','交易金额','900001','2019-11-16','批量新增','1','0','交易金额'),
('CI90099','custType','==','0','','','00305006','客户类型','900001','2019-11-16','批量新增','1','0','客户类型'),
('CI90100','paymentMth','in','00100000,01100000,10100000,11100000','','','00305006','支取方式','900001','2019-11-16','批量新增','1','0','支取方式'),
('CI90100','custType','==','0','','','00305006','客户类型','900001','2019-11-16','批量新增','1','0','客户类型'),
('CI90101','custType','!=','0','','','00305006','客户类型','900001','2019-11-16','批量新增','1','0','客户类型'),
('CI90101','capitalType','==','1','','','00305006','资金来源','900001','2019-11-16','批量新增','1','0','资金来源'),
('CI90101','transAm','>=','50000','','','00305006','交易金额','900001','2019-11-16','批量新增','1','0','交易金额'),
('CI90101','isAgency','==','0','','','00305006','是否代理','900001','2019-11-16','批量新增','1','0','是否代理'),
('CI90102','custType','!=','0','','','00305006','客户类型','900001','2019-11-16','批量新增','1','0','客户类型'),
('CI90102','capitalType','!=','1','','','00305006','资金来源','900001','2019-11-16','批量新增','1','0','资金来源'),
('CI90102','transAm','>=','50000','','','00305006','资金来源','900001','2019-11-16','批量新增','1','0','资金来源'),
('CI90103','custType','==','0','','','00303006','客户类型','900001','2019-11-16','批量新增','1','0','客户类型'),
('CI90103','transAm','>=','50000','','','00303006','交易金额','900001','2019-11-16','批量新增','1','0','交易金额'),
('CI90104','currency','!=','156','','','00303006','币种','900001','2019-11-16','批量新增','1','0','币种'),
('CI90105','isAgency','==','1','','','00303007','是否代理','900001','2019-11-16','批量新增','1','0','是否代理'),
('CI90106','isAgency','==','1','','','00303007','是否代理','900001','2019-11-16','批量新增','1','0','是否代理'),
('CI90106','allAmt','>=','50000','','','00303007','交易总金额','900001','2019-11-16','批量新增','1','0','交易总金额'),
('CI90107','isAgency','==','0','','','00303007','是否代理','900001','2019-11-16','批量新增','1','0','是否代理'),
('CI90107','allAmt','>=','50000','','','00303007','交易总金额','900001','2019-11-16','批量新增','1','0','交易总金额'),
('CI90107','custType','==','0','','','00303007','客户类型','900001','2019-11-16','批量新增','1','0','客户类型'),
('CI90108','paymentMth','in','00100000,01100000,10100000,11100000','','','00303007','支取方式','900001','2019-11-16','批量新增','1','0','支取方式'),
('CI90108','custType','==','0','','','00303007','客户类型','900001','2019-11-16','批量新增','1','0','客户类型'),
('CI90109','currency','!=','156','','','00303007','币种','900001','2019-11-16','批量新增','1','0','币种'),
('CI90110','where','==','1','','','00302008','是否代理','900001','2019-11-16','批量新增','1','0','是否代理'),
('CI90111','where','==','1','','','00302008','是否代理','900001','2019-11-16','批量新增','1','0','是否代理'),
('CI90111','txAmt','>=','50000','','','00302008','交易金额','900001','2019-11-16','批量新增','1','0','交易金额'),
('CI90112','where','==','0','','','00302008','是否代理','900001','2019-11-16','批量新增','1','0','是否代理'),
('CI90112','txAmt','>=','50000','','','00302008','交易金额','900001','2019-11-16','批量新增','1','0','交易金额'),
('CI90112','csttype','==','0','','','00302008','客户类型','900001','2019-11-16','批量新增','1','0','客户类型'),
('CI90113','csttype','in','1,2','','','00302008','客户类型','900001','2019-11-16','批量新增','1','0','客户类型'),
('CI90113','txAmt','>=','50000','','','00302008','交易金额','900001','2019-11-16','批量新增','1','0','交易金额'),
('CI90114','mode','in','00100000,01100000,10100000,11100000','','','00302008','支取方式','900001','2019-11-16','批量新增','1','0','支取方式'),
('CI90114','csttype','==','0','','','00302008','客户类型','900001','2019-11-16','批量新增','1','0','客户类型'),
('CI90115','ccy','!=','156','','','00302008','币种','900001','2019-11-16','批量新增','1','0','币种'),
('CI90116','csttype','in','1,2','','','00302009','客户类型','900001','2019-11-16','批量新增','1','0','客户类型'),
('CI90116','txAmt','>=','50000','','','00302009','交易金额','900001','2019-11-16','批量新增','1','0','交易金额'),
('CI90117','ccy','!=','156','','','00302009','币种','900001','2019-11-16','批量新增','1','0','币种'),
('CI90118','where1','==','1','','','00302010','是否代理','900001','2019-11-16','批量新增','1','0','是否代理'),
('CI90119','where1','==','1','','','00302010','是否代理','900001','2019-11-16','批量新增','1','0','是否代理'),
('CI90119','txAmt','>=','50000','','','00302010','交易金额','900001','2019-11-16','批量新增','1','0','交易金额'),
('CI90120','where1','==','0','','','00302010','是否代理','900001','2019-11-16','批量新增','1','0','是否代理'),
('CI90120','txAmt','>=','50000','','','00302010','交易金额','900001','2019-11-16','批量新增','1','0','交易金额'),
('CI90120','csttype','==','0','','','00302010','客户类型','900001','2019-11-16','批量新增','1','0','客户类型'),
('CI90121','csttype','in','1,2','','','00302010','客户类型','900001','2019-11-16','批量新增','1','0','客户类型'),
('CI90121','txAmt','>=','50000','','','00302010','交易金额','900001','2019-11-16','批量新增','1','0','交易金额'),
('CI90122','ccy','!=','156','','','00302010','币种','900001','2019-11-16','批量新增','1','0','币种'),
('CI90123','AGEN_FLG','==','1','','','00303005','是否代理','900001','2019-11-16','批量新增','1','0','是否代理'),
('CI90124','AGEN_FLG','==','0','','','00303005','是否代理','900001','2019-11-16','批量新增','1','0','是否代理'),
('CI90124','tran_amt','>=','50000','','','00303005','交易金额','900001','2019-11-16','批量新增','1','0','交易金额'),
('CI90124','custTypCd','==','0','','','00303005','客户类型','900001','2019-11-16','批量新增','1','0','客户类型'),
('CI90125','paymentMth','in','00100000,01100000,10100000,11100000','','','00303005','支取方式','900001','2019-11-16','批量新增','1','0','支取方式'),
('CI90126','custTypCd','==','1','','','00303005','客户类型','900001','2019-11-16','批量新增','1','0','客户类型'),
('CI90126','Cap_Src','==','1','','','00303005','资金来源','900001','2019-11-16','批量新增','1','0','资金来源'),
('CI90126','tran_amt','>=','50000','','','00303005','交易金额','900001','2019-11-16','批量新增','1','0','交易金额'),
('CI90126','AGEN_FLG','==','0','','','00303005','是否代理','900001','2019-11-16','批量新增','1','0','是否代理'),
('CI90127','custTypCd','==','1','','','00303005','客户类型','900001','2019-11-16','批量新增','1','0','客户类型'),
('CI90127','Cap_Src','!=','1','','','00303005','资金来源','900001','2019-11-16','批量新增','1','0','资金来源'),
('CI90127','tran_amt','>=','50000','','','00303005','交易金额','900001','2019-11-16','批量新增','1','0','交易金额'),
('CI90128','dtlSumAmt','>=','50000','','','00305013','交易金额','900001','2019-11-16','批量新增','1','0','交易金额'),
('CI90128','fundSourceCd','in','2,3','','','00305013','资金来源','900001','2019-11-16','批量新增','1','0','资金来源'),
('CI90129','cstmType','in','1,2','','','00306004','客户类型','900001','2019-11-16','批量新增','1','0','客户类型'),
('CI90130','isAgency','==','1','','','00306004','是否代理','900001','2019-11-16','批量新增','1','0','是否代理'),
('CI90131','paymentMth','in','00100000,01100000,10100000,11100000','','','00306004','支取方式','900001','2019-11-16','批量新增','1','0','支取方式'),
('CI90131','cstmType','==','0','','','00306004','客户类型','900001','2019-11-16','批量新增','1','0','客户类型'),
('CI90132','CUST_TYP','!=','2','','','00306005','客户类型','900001','2019-11-16','批量新增','1','0','客户类型'),
('CI90133','custTypCdOut','in','1,2','','','00306006','客户类型','900001','2019-11-16','批量新增','1','0','客户类型'),
('CI90134','custTypCdOut','==','0','','','00306006','客户类型','900001','2019-11-16','批量新增','1','0','客户类型'),
('CI90135','paymtDlwthManrCd','==','04','','','00303004_1','处理方式','900001','2019-11-16','批量新增','1','0','处理方式'),
('CI90136','paymtDlwthManrCd','==','04','','','00303004_2','处理方式','900001','2019-11-16','批量新增','1','0','处理方式'),
('CI90137','paymtDlwthManrCd','==','02','','','00303004_1','处理方式','900001','2019-11-16','批量新增','1','0','处理方式'),
('CI90137','txAmt','>=','50000','','','00303004_1','交易金额','900001','2019-11-16','批量新增','1','0','交易金额'),
('CI90138','paymtDlwthManrCd','==','02','','','00303004_2','处理方式','900001','2019-11-16','批量新增','1','0','处理方式'),
('CI90138','stlAmt','>=','50000','','','00303004_2','交易金额','900001','2019-11-16','批量新增','1','0','交易金额'),
('CI90139','x_DE_WA','==','4','','','00303002_3','处理方式','900001','2019-11-16','批量新增','1','0','处理方式'),
('CI90140','proxy','==','1','','','00302014','是否代理','900001','2019-11-16','批量新增','1','0','是否代理'),
('CI90141','proxy','==','0','','','00302014','是否代理','900001','2019-11-16','批量新增','1','0','是否代理'),
('CI90141','TX_Amt','>=','50000','','','00302014','交易金额','900001','2019-11-16','批量新增','1','0','交易金额'),
('CI90141','custType','==','0','','','00302014','客户类型','900001','2019-11-16','批量新增','1','0','客户类型'),
('CI90142','Cash_Tran_Ind','==','0','','','00302014','现转标志','900001','2019-11-16','批量新增','1','0','现转标志'),
('CI90142','TX_Amt','>=','10000','','','00302014','交易金额','900001','2019-11-16','批量新增','1','0','交易金额'),
('CI90143','Cap_Src','==','1','','','00302016','资金来源','900001','2019-11-16','批量新增','1','0','资金来源'),
('CI90143','isAgency','==','0','','','00302016','是否代理','900001','2019-11-16','批量新增','1','0','是否代理'),
('CI90143','TX_Amt','>=','50000','','','00302016','交易金额','900001','2019-11-16','批量新增','1','0','交易金额'),
('CI90143','custtypcd','!=','0','','','00302016','客户类型','900001','2019-11-16','批量新增','1','0','客户类型'),
('CI90144','custtypcd','!=','0','','','00302016','客户类型','900001','2019-11-16','批量新增','1','0','客户类型'),
('CI90144','Cap_Src','!=','1','','','00302016','资金来源','900001','2019-11-16','批量新增','1','0','资金来源'),
('CI90144','TX_Amt','>=','50000','','','00302016','交易金额','900001','2019-11-16','批量新增','1','0','交易金额'),
('CI90145','handType','==','04','','','00303003_2','处理方式','900001','2019-11-16','批量新增','1','0','处理方式'),
('CI90146','where','==','1','','','00302006','是否代理','900001','2019-11-16','批量新增','1','0','是否代理'),
('CI90147','where','==','0','','','00302006','是否代理','900001','2019-11-16','批量新增','1','0','是否代理'),
('CI90147','txAmt','>=','50000','','','00302006','交易金额','900001','2019-11-16','批量新增','1','0','交易金额'),
('CI90147','csttype','==','0','','','00302006','客户类型','900001','2019-11-16','批量新增','1','0','客户类型'),
('CI90148','mode','in','00100000,01100000,10100000,11100000','','','00302006','支取方式','900001','2019-11-16','批量新增','1','0','支取方式'),
('CI90148','csttype','==','0','','','00302006','客户类型','900001','2019-11-16','批量新增','1','0','客户类型'),
('CI90149','txAmt','>=','50000','','','00302006','交易金额','900001','2019-11-16','批量新增','1','0','交易金额'),
('CI90150','ccy','!=','156','','','00302006','币种','900001','2019-11-16','批量新增','1','0','币种'),
('CI90151','proxy','==','1','','','00302019','是否代理','900001','2019-11-16','批量新增','1','0','是否代理'),
('CI90152','proxy','==','0','','','00302019','是否代理','900001','2019-11-16','批量新增','1','0','是否代理'),
('CI90152','txAmt','>=','50000','','','00302019','交易金额','900001','2019-11-16','批量新增','1','0','交易金额'),
('CI90152','cust_type','==','0','','','00302019','客户类型','900001','2019-11-16','批量新增','1','0','客户类型'),
('CI90153','cust_type','in','1,2','','','00302019','客户类型','900001','2019-11-16','批量新增','1','0','客户类型'),
('CI90153','txAmt','>=','50000','','','00302019','交易金额','900001','2019-11-16','批量新增','1','0','交易金额'),
('CI90154','mode','in','00100000,01100000,10100000,11100000','','','00302019','支取方式','900001','2019-11-16','批量新增','1','0','支取方式'),
('CI90154','cust_type','==','0','','','00302019','客户类型','900001','2019-11-16','批量新增','1','0','客户类型'),
('CI90155','cust_type','==','0','','','00302019','客户类型','900001','2019-11-16','批量新增','1','0','客户类型'),
('CI90156','ccy','!=','156','','','00302019','币种','900001','2019-11-16','批量新增','1','0','币种'),
('CI90157','txAmt','>=','50000','','','00302019','交易金额','900001','2019-11-16','批量新增','1','0','交易金额'),
('CI90158','proxy','==','1','','','00302007','是否代理','900001','2019-11-16','批量新增','1','0','是否代理'),
('CI90159','proxy','==','0','','','00302007','是否代理','900001','2019-11-16','批量新增','1','0','是否代理'),
('CI90159','txAmt','>=','50000','','','00302007','交易金额','900001','2019-11-16','批量新增','1','0','交易金额'),
('CI90159','cust_type','==','0','','','00302007','客户类型','900001','2019-11-16','批量新增','1','0','客户类型'),
('CI90160','txAmt','>=','50000','','','00302007','交易金额','900001','2019-11-16','批量新增','1','0','交易金额'),
('CI90161','ccy','!=','156','','','00302007','币种','900001','2019-11-16','批量新增','1','0','币种'),
('CI90162','csttype','in','1,2','','','00302021','客户类型','900001','2019-11-16','批量新增','1','0','客户类型'),
('CI90162','partAmt','>=','50000','','','00302021','交易金额','900001','2019-11-16','批量新增','1','0','交易金额'),
('CI90163','partAmt','>=','50000','','','00302021','交易金额','900001','2019-11-16','批量新增','1','0','交易金额'),
('CI90164','ccy','!=','156','','','00302021','币种','900001','2019-11-16','批量新增','1','0','币种'),
('CI90165','proxy','==','1','','','00302011','是否代理','900001','2019-11-16','批量新增','1','0','是否代理'),
('CI90166','proxy','==','0','','','00302011','是否代理','900001','2019-11-16','批量新增','1','0','是否代理'),
('CI90166','txAmt','>=','50000','','','00302011','交易金额','900001','2019-11-16','批量新增','1','0','交易金额'),
('CI90166','custTypeCd','==','0','','','00302011','客户类型','900001','2019-11-16','批量新增','1','0','客户类型'),
('CI90167','custTypeCd','in','1,2','','','00302011','客户类型','900001','2019-11-16','批量新增','1','0','客户类型'),
('CI90167','txAmt','>=','50000','','','00302011','交易金额','900001','2019-11-16','批量新增','1','0','交易金额'),
('CI90168','drawType','in','00100000,01100000,10100000,11100000','','','00302011','支取方式','900001','2019-11-16','批量新增','1','0','支取方式'),
('CI90168','custTypeCd','==','0','','','00302011','客户类型','900001','2019-11-16','批量新增','1','0','客户类型'),
('CI90169','txAmt','>=','50000','','','00302011','交易金额','900001','2019-11-16','批量新增','1','0','交易金额'),
('CI90170','curCd','!=','156','','','00302011','币种','900001','2019-11-16','批量新增','1','0','币种'),
('CI90171','proxy','==','1','','','00302018','是否代理','900001','2019-11-16','批量新增','1','0','是否代理'),
('CI90172','proxy','==','0','','','00302018','是否代理','900001','2019-11-16','批量新增','1','0','是否代理'),
('CI90172','txAmt','>=','50000','','','00302018','交易金额','900001','2019-11-16','批量新增','1','0','交易金额'),
('CI90172','cust_type','==','0','','','00302018','客户类型','900001','2019-11-16','批量新增','1','0','客户类型'),
('CI90173','cust_type','in','1,2','','','00302018','客户类型','900001','2019-11-16','批量新增','1','0','客户类型'),
('CI90173','txAmt','>=','50000','','','00302018','交易金额','900001','2019-11-16','批量新增','1','0','交易金额'),
('CI90174','mode','in','00100000,01100000,10100000,11100000','','','00302018','支取方式','900001','2019-11-16','批量新增','1','0','支取方式'),
('CI90174','cust_type','==','0','','','00302018','客户类型','900001','2019-11-16','批量新增','1','0','客户类型'),
('CI90175','cust_type','==','0','','','00302018','客户类型','900001','2019-11-16','批量新增','1','0','客户类型'),
('CI90176','ccy','!=','156','','','00302018','币种','900001','2019-11-16','批量新增','1','0','币种'),
('CI90177','txAmt','>=','50000','','','00302018','交易金额','900001','2019-11-16','批量新增','1','0','交易金额'),
('CI90178','proxy','==','1','','','00302005','是否代理','900001','2019-11-16','批量新增','1','0','是否代理'),
('CI90179','proxy','==','0','','','00302005','是否代理','900001','2019-11-16','批量新增','1','0','是否代理'),
('CI90179','txAmt','>=','50000','','','00302005','交易金额','900001','2019-11-16','批量新增','1','0','交易金额'),
('CI90179','cust_type','==','0','','','00302005','客户类型','900001','2019-11-16','批量新增','1','0','客户类型'),
('CI90180','mode','in','00100000,01100000,10100000,11100000','','','00302005','支取方式','900001','2019-11-16','批量新增','1','0','支取方式'),
('CI90180','cust_type','==','0','','','00302005','客户类型','900001','2019-11-16','批量新增','1','0','客户类型'),
('CI90181','cust_type','==','0','','','00302005','客户类型','900001','2019-11-16','批量新增','1','0','客户类型'),
('CI90182','txAmt','>=','50000','','','00302005','交易金额','900001','2019-11-16','批量新增','1','0','交易金额'),
('CI90183','ccy','!=','156','','','00302005','币种','900001','2019-11-16','批量新增','1','0','币种'),
('CI90184','customerType','==','1','','','00201015','客户类型','900001','2019-11-16','批量新增','1','0','客户类型'),
('CI90185','pageOperFlgCd','in','0,1,2','','','00201015','操作标志','900001','2019-11-16','批量新增','1','0','操作标志'),
('CI90185','chkStat','==','1','','','00201015','共管账户标志','900001','2019-11-16','批量新增','1','0','共管账户标志'),
('CI90185','jointInputFlag','==','1','','','00201015','联名人客户信息录入标志','900001','2019-11-16','批量新增','1','0','联名人客户信息录入标志'),
('CI90186','chkStat','==','1','','','00201015','共管账户标志','900001','2019-11-16','批量新增','1','0','共管账户标志'),
('CI90186','jointInputFlag','==','0','','','00201015','联名人客户信息录入标志','900001','2019-11-16','批量新增','1','0','联名人客户信息录入标志'),
('CI90187','pageOperFlgCd','==','3','','','00201015','操作标志','900001','2019-11-16','批量新增','1','0','操作标志'),
('CI90187','chkStat','==','0','','','00201015','共管账户标志','900001','2019-11-16','批量新增','1','0','共管账户标志'),
('CI90188','customerType','==','0','','','00201015','客户类型','900001','2019-11-16','批量新增','1','0','客户类型'),
('CI90189','pageOperFlgCd','in','0,1,2','','','00201015','操作标志','900001','2019-11-16','批量新增','1','0','操作标志'),
('CI90189','chkStat','==','0','','','00201015','共管账户标志','900001','2019-11-16','批量新增','1','0','共管账户标志'),
('CI90190','pageOperFlgCd','==','3','','','00201015','操作标志','900001','2019-11-16','批量新增','1','0','操作标志'),
('CI90190','chkStat','==','1','','','00201015','共管账户标志','900001','2019-11-16','批量新增','1','0','共管账户标志'),
('CI90190','jointInputFlag','==','1','','','00201015','联名人客户信息录入标志','900001','2019-11-16','批量新增','1','0','联名人客户信息录入标志'),
('CI90191','pageFileOperTypCd','==','1','','','00201016','操作类型','900001','2019-11-16','批量新增','1','0','操作类型'),
('CI90191','custTypeCd2','==','0','','','00201016','客户类型','900001','2019-11-16','批量新增','1','0','客户类型'),
('CI90192','pageFileOperTypCd','==','1','','','00201016','操作类型','900001','2019-11-16','批量新增','1','0','操作类型'),
('CI90192','custTypeCd2','==','1','','','00201016','客户类型','900001','2019-11-16','批量新增','1','0','客户类型'),
('CI90193','pageFileOperTypCd','==','2','','','00201016','操作类型','900001','2019-11-16','批量新增','1','0','操作类型'),
('CI90194','agenFlg','==','1','','','00201016','是否代理','900001','2019-11-16','批量新增','1','0','是否代理'),
('CI90195','custTypeCd1','in','1,2','','','00201016','客户类型','900001','2019-11-16','批量新增','1','0','客户类型'),
('CI90196','acctDrawManrCd1','in','00100000,01100000,10100000,11100000','','','00201016','支取方式','900001','2019-11-16','批量新增','1','0','支取方式'),
('CI90196','custTypeCd1','==','0','','','00201016','客户类型','900001','2019-11-16','批量新增','1','0','客户类型'),
('CI90197','agenFlg','==','1','','','00101007','是否代理','900001','2019-11-16','批量新增','1','0','是否代理'),
('CI90198','agenFlg','==','0','','','00101007','是否代理','900001','2019-11-16','批量新增','1','0','是否代理'),
('CI90198','pyblPrncpintTotAmt','>=','50000','','','00101007','本息合计','900001','2019-11-16','批量新增','1','0','本息合计'),
('CI90199','agenFlg','==','0','','','00101007','是否代理','900001','2019-11-16','批量新增','1','0','是否代理'),
('CI90199','acctDrawManrCd','in','00100000,01100000,10100000,11100000','','','00101007','支取方式','900001','2019-11-16','批量新增','1','0','支取方式'),
('CI90200','agenFlg','==','0','','','00101007','是否代理','900001','2019-11-16','批量新增','1','0','是否代理'),
('CI90200','pageRdcrdOperFlgCd1','==','0','','','00101007','磁条标志','900001','2019-11-16','批量新增','1','0','磁条标志'),
('CI90200','pyblPrncpintTotAmt','>=','10000','','','00101007','本息合计','900001','2019-11-16','批量新增','1','0','本息合计'),
('CI90201','AGEN_FLG','==','1','','','00201005','是否代理','900001','2019-11-16','批量新增','1','0','是否代理'),
('CI90202','PUB_PRIV_FLG_CD','==','1','','','00201005','公私标志','900001','2019-11-16','批量新增','1','0','公私标志'),
('CI90203','AGEN_FLG','==','0','','','00201005','是否代理','900001','2019-11-16','批量新增','1','0','是否代理'),
('CI90204','CUST_TYP_CD','==','0','','','00201005','客户类型','900001','2019-11-16','批量新增','1','0','客户类型'),
('CI90205','CUST_TYP_CD','!=','0','','','00201005','客户类型','900001','2019-11-16','批量新增','1','0','客户类型'),
('CI90206','custType','==','0','','','00201002','客户类型','900001','2019-11-16','批量新增','1','0','客户类型'),
('CI90207','custType','!=','0','','','00201002','客户类型','900001','2019-11-16','批量新增','1','0','客户类型'),
('CI90208','txAmt','>','10000','','','00301012','交易金额','900001','2019-11-16','批量新增','1','0','交易金额'),
('CI90208','pageRdcrdOperFlgCd','==','0','','','00301012','磁条标志','900001','2019-11-16','批量新增','1','0','磁条标志'),
('CI90209','custtyp','!=','0','','','00301012','客户类型','900001','2019-11-16','批量新增','1','0','客户类型'),
('CI90209','txAmt','>=','50000','','','00301012','交易金额','900001','2019-11-16','批量新增','1','0','交易金额'),
('CI90210','custtyp','==','0','','','00301012','客户类型','900001','2019-11-16','批量新增','1','0','客户类型'),
('CI90210','txAmt','>=','50000','','','00301012','交易金额','900001','2019-11-16','批量新增','1','0','交易金额'),
('CI90211','curCd','!=','156','','','00301012','币种','900001','2019-11-16','批量新增','1','0','币种'),
('CI90212','txAmt','>','10000','','','00301004','交易金额','900001','2019-11-16','批量新增','1','0','交易金额'),
('CI90212','flag','==','0','','','00301004','磁条标志','900001','2019-11-16','批量新增','1','0','磁条标志'),
('CI90213','csttype','==','0','','','00301004','客户类型','900001','2019-11-16','批量新增','1','0','客户类型'),
('CI90213','txAmt','>=','50000','','','00301004','交易金额','900001','2019-11-16','批量新增','1','0','交易金额'),
('CI90214','txAmt','>=','50000','','','00301004','交易金额','900001','2019-11-16','批量新增','1','0','交易金额'),
('CI90215','ccy','!=','156','','','00301004','币种','900001','2019-11-16','批量新增','1','0','币种'),
('CI90216','txAmt','>','10000','','','00301011','交易金额','900001','2019-11-16','批量新增','1','0','交易金额'),
('CI90216','pageRdcrdOperFlgCd','==','0','','','00301011','磁条标志','900001','2019-11-16','批量新增','1','0','磁条标志'),
('CI90217','cust_type','!=','0','','','00301011','客户类型','900001','2019-11-16','批量新增','1','0','客户类型'),
('CI90217','txAmt','>=','50000','','','00301011','交易金额','900001','2019-11-16','批量新增','1','0','交易金额'),
('CI90218','txAmt','>=','50000','','','00301011','交易金额','900001','2019-11-16','批量新增','1','0','交易金额'),
('CI90219','curCd','!=','156','','','00301011','币种','900001','2019-11-16','批量新增','1','0','币种'),
('CI90220','txAmt','>','10000','','','00301010','交易金额','900001','2019-11-16','批量新增','1','0','交易金额'),
('CI90220','pageRdcrdOperFlgCd','==','0','','','00301010','磁条标志','900001','2019-11-16','批量新增','1','0','磁条标志'),
('CI90221','cust_type','==','0','','','00301010','客户类型','900001','2019-11-16','批量新增','1','0','客户类型'),
('CI90221','txAmt','>=','50000','','','00301010','交易金额','900001','2019-11-16','批量新增','1','0','交易金额'),
('CI90222','txAmt','>=','50000','','','00301010','交易金额','900001','2019-11-16','批量新增','1','0','交易金额'),
('CI90223','curCd','!=','156','','','00301010','币种','900001','2019-11-16','批量新增','1','0','币种'),
('CI90224','txAmt','>','10000','','','00301003','交易金额','900001','2019-11-16','批量新增','1','0','交易金额'),
('CI90224','pageRdcrdOperFlgCd','==','0','','','00301003','磁条标志','900001','2019-11-16','批量新增','1','0','磁条标志'),
('CI90225','CUST_TYP_CD','==','0','','','00301003','客户类型','900001','2019-11-16','批量新增','1','0','客户类型'),
('CI90225','txAmt','>=','50000','','','00301003','交易金额','900001','2019-11-16','批量新增','1','0','交易金额'),
('CI90226','txAmt','>=','50000','','','00301003','交易金额','900001','2019-11-16','批量新增','1','0','交易金额'),
('CI90227','curCd','!=','156','','','00301003','币种','900001','2019-11-16','批量新增','1','0','币种'),
('CI90228','CUST_TYP_CD','!=','0','','','00301009','客户类型','900001','2019-11-16','批量新增','1','0','客户类型'),
('CI90228','txAmt','>=','50000','','','00301009','交易金额','900001','2019-11-16','批量新增','1','0','交易金额'),
('CI90229','txAmt','>=','50000','','','00301009','交易金额','900001','2019-11-16','批量新增','1','0','交易金额'),
('CI90230','curCd','!=','156','','','00301009','币种','900001','2019-11-16','批量新增','1','0','币种'),
('CI90231','csttype','!=','0','','','00301013','客户类型','900001','2019-11-16','批量新增','1','0','客户类型'),
('CI90231','totalTxAmt1','>=','50000','','','00301013','交易金额','900001','2019-11-16','批量新增','1','0','交易金额'),
('CI90232','csttype','==','0','','','00301013','客户类型','900001','2019-11-16','批量新增','1','0','客户类型'),
('CI90232','totalTxAmt1','>=','50000','','','00301013','交易金额','900001','2019-11-16','批量新增','1','0','交易金额'),
('CI90233','curCd','!=','156','','','00301013','币种','900001','2019-11-16','批量新增','1','0','币种'),
('CI90234','where','==','1','','','00301006','是否代理','900001','2019-11-16','批量新增','1','0','是否代理'),
('CI90235','where','==','0','','','00301006','是否代理','900001','2019-11-16','批量新增','1','0','是否代理'),
('CI90235','txAmt','>=','50000','','','00301006','交易金额','900001','2019-11-16','批量新增','1','0','交易金额'),
('CI90235','csttype','==','0','','','00301006','客户类型','900001','2019-11-16','批量新增','1','0','客户类型'),
('CI90236','mode','in','00100000,01100000,10100000,11100000','','','00301006','支取方式','900001','2019-11-16','批量新增','1','0','支取方式'),
('CI90236','csttype','==','0','','','00301006','客户类型','900001','2019-11-16','批量新增','1','0','客户类型'),
('CI90237','txAmt','>=','50000','','','00301006','交易金额','900001','2019-11-16','批量新增','1','0','交易金额'),
('CI90238','ccy','!=','156','','','00301006','币种','900001','2019-11-16','批量新增','1','0','币种'),
('CI90239','proxy','==','1','','','00301007','是否代理','900001','2019-11-16','批量新增','1','0','是否代理'),
('CI90240','custtyp','!=','0','','','00301007','客户类型','900001','2019-11-16','批量新增','1','0','客户类型'),
('CI90240','txAmt','>=','50000','','','00301007','交易金额','900001','2019-11-16','批量新增','1','0','交易金额'),
('CI90241','drawType','in','00100000,01100000,10100000,11100000','','','00301007','支取方式','900001','2019-11-16','批量新增','1','0','支取方式'),
('CI90241','custtyp','==','0','','','00301007','客户类型','900001','2019-11-16','批量新增','1','0','客户类型'),
('CI90242','txAmt','>=','50000','','','00301007','交易金额','900001','2019-11-16','批量新增','1','0','交易金额'),
('CI90243','proxy','==','0','','','00301007','是否代理','900001','2019-11-16','批量新增','1','0','是否代理'),
('CI90243','txAmt','>=','50000','','','00301007','交易金额','900001','2019-11-16','批量新增','1','0','交易金额'),
('CI90243','custtyp','==','0','','','00301007','客户类型','900001','2019-11-16','批量新增','1','0','客户类型'),
('CI90244','ccy','!=','156','','','00301007','币种','900001','2019-11-16','批量新增','1','0','币种'),
('CI90245','proxy','==','1','','','00301014','是否代理','900001','2019-11-16','批量新增','1','0','是否代理'),
('CI90246','proxy','==','0','','','00301014','是否代理','900001','2019-11-16','批量新增','1','0','是否代理'),
('CI90246','txAmt','>=','50000','','','00301014','交易金额','900001','2019-11-16','批量新增','1','0','交易金额'),
('CI90246','cust_type','==','0','','','00301014','客户类型','900001','2019-11-16','批量新增','1','0','客户类型'),
('CI90247','mode','in','00100000,01100000,10100000,11100000','','','00301014','支取方式','900001','2019-11-16','批量新增','1','0','支取方式'),
('CI90247','cust_type','==','0','','','00301014','客户类型','900001','2019-11-16','批量新增','1','0','客户类型'),
('CI90248','cust_type','==','0','','','00301014','客户类型','900001','2019-11-16','批量新增','1','0','客户类型'),
('CI90249','txAmt','>=','50000','','','00301014','交易金额','900001','2019-11-16','批量新增','1','0','交易金额'),
('CI90250','ccy','!=','156','','','00301014','币种','900001','2019-11-16','批量新增','1','0','币种'),
('CI90251','proxy','==','1','','','00302013','是否代理','900001','2019-11-16','批量新增','1','0','是否代理'),
('CI90252','proxy','==','0','','','00302013','是否代理','900001','2019-11-16','批量新增','1','0','是否代理'),
('CI90252','partyAmt','>=','50000','','','00302013','交易金额','900001','2019-11-16','批量新增','1','0','交易金额'),
('CI90252','cust_type','==','0','','','00302013','客户类型','900001','2019-11-16','批量新增','1','0','客户类型'),
('CI90253','mode','in','00100000,01100000,10100000,11100000','','','00302013','支取方式','900001','2019-11-16','批量新增','1','0','支取方式'),
('CI90253','cust_type','==','0','','','00302013','客户类型','900001','2019-11-16','批量新增','1','0','客户类型'),
('CI90254','cust_type','==','0','','','00302013','客户类型','900001','2019-11-16','批量新增','1','0','客户类型'),
('CI90255','partyAmt','>=','50000','','','00302013','交易金额','900001','2019-11-16','批量新增','1','0','交易金额'),
('CI90256','ccy','!=','156','','','00302013','币种','900001','2019-11-16','批量新增','1','0','币种'),
('CI90257','custType','!=','0','','','00301018','客户类型','900001','2019-11-16','批量新增','1','0','客户类型'),
('CI90257','txAmt','>=','50000','','','00301018','交易金额','900001','2019-11-16','批量新增','1','0','交易金额'),
('CI90258','txAmt','>=','50000','','','00301018','交易金额','900001','2019-11-16','批量新增','1','0','交易金额'),
('CI90259','currType','!=','156','','','00301018','币种','900001','2019-11-16','批量新增','1','0','币种'),
('CI90260','proxy','==','1','','','00301017','是否代理','900001','2019-11-16','批量新增','1','0','是否代理'),
('CI90261','proxy','==','0','','','00301017','是否代理','900001','2019-11-16','批量新增','1','0','是否代理'),
('CI90261','txAmt','>=','50000','','','00301017','交易金额','900001','2019-11-16','批量新增','1','0','交易金额'),
('CI90261','cust_type','==','0','','','00301017','客户类型','900001','2019-11-16','批量新增','1','0','客户类型'),
('CI90262','txAmt','>=','50000','','','00301017','交易金额','900001','2019-11-16','批量新增','1','0','交易金额'),
('CI90263','ccy','!=','156','','','00301017','币种','900001','2019-11-16','批量新增','1','0','币种'),
('CI90264','agenFlg','==','1','','','00301016','是否代理','900001','2019-11-16','批量新增','1','0','是否代理'),
('CI90265','agenFlg','==','0','','','00301016','是否代理','900001','2019-11-16','批量新增','1','0','是否代理'),
('CI90265','txAmt','>=','50000','','','00301016','交易金额','900001','2019-11-16','批量新增','1','0','交易金额'),
('CI90265','custType','==','0','','','00301016','客户类型','900001','2019-11-16','批量新增','1','0','客户类型'),
('CI90266','txAmt','>=','50000','','','00301016','交易金额','900001','2019-11-16','批量新增','1','0','交易金额'),
('CI90267','currType','!=','156','','','00301016','币种','900001','2019-11-16','批量新增','1','0','币种'),
('CI90268','agencyFlag','==','1','','','00302003','是否代理','900001','2019-11-16','批量新增','1','0','是否代理'),
('CI90269','agencyFlag','==','0','','','00302003','是否代理','900001','2019-11-16','批量新增','1','0','是否代理'),
('CI90269','partAmt','>=','50000','','','00302003','交易金额','900001','2019-11-16','批量新增','1','0','交易金额'),
('CI90269','csttype','==','0','','','00302003','客户类型','900001','2019-11-16','批量新增','1','0','客户类型'),
('CI90270','partAmt','>=','50000','','','00302003','交易金额','900001','2019-11-16','批量新增','1','0','交易金额'),
('CI90271','csttype','==','0','','','00302003','客户类型','900001','2019-11-16','批量新增','1','0','客户类型'),
('CI90272','ccy','!=','156','','','00302003','币种','900001','2019-11-16','批量新增','1','0','币种'),
('CI90273','custType','!=','0','','','00301002','客户类型','900001','2019-11-16','批量新增','1','0','客户类型'),
('CI90273','txAmt','>=','50000','','','00301002','交易金额','900001','2019-11-16','批量新增','1','0','交易金额'),
('CI90274','txAmt','>=','50000','','','00301002','交易金额','900001','2019-11-16','批量新增','1','0','交易金额'),
('CI90275','currType','!=','156','','','00301002','币种','900001','2019-11-16','批量新增','1','0','币种'),
('CI90276','proxy','==','1','','','00302020','是否代理','900001','2019-11-16','批量新增','1','0','是否代理'),
('CI90277','proxy','==','0','','','00302020','是否代理','900001','2019-11-16','批量新增','1','0','是否代理'),
('CI90277','txAmt','>=','50000','','','00302020','交易金额','900001','2019-11-16','批量新增','1','0','交易金额'),
('CI90277','cust_type','==','0','','','00302020','客户类型','900001','2019-11-16','批量新增','1','0','客户类型'),
('CI90278','mode','in','00100000,01100000,10100000,11100000','','','00302020','支取方式','900001','2019-11-16','批量新增','1','0','支取方式'),
('CI90278','cust_type','==','0','','','00302020','客户类型','900001','2019-11-16','批量新增','1','0','客户类型'),
('CI90279','cust_type','==','0','','','00302020','客户类型','900001','2019-11-16','批量新增','1','0','客户类型'),
('CI90280','txAmt','>=','50000','','','00302020','交易金额','900001','2019-11-16','批量新增','1','0','交易金额'),
('CI90281','ccy','!=','156','','','00302020','币种','900001','2019-11-16','批量新增','1','0','币种'),
('CI90282','proxy','==','1','','','00301015','是否代理','900001','2019-11-16','批量新增','1','0','是否代理'),
('CI90283','proxy','==','0','','','00301015','是否代理','900001','2019-11-16','批量新增','1','0','是否代理'),
('CI90283','txAmt','>=','50000','','','00301015','交易金额','900001','2019-11-16','批量新增','1','0','交易金额'),
('CI90283','cust_type','==','0','','','00301015','客户类型','900001','2019-11-16','批量新增','1','0','客户类型'),
('CI90284','cust_type','!=','0','','','00301015','客户类型','900001','2019-11-16','批量新增','1','0','客户类型'),
('CI90284','txAmt','>=','50000','','','00301015','交易金额','900001','2019-11-16','批量新增','1','0','交易金额'),
('CI90285','mode','in','00100000,01100000,10100000,11100000','','','00301015','支取方式','900001','2019-11-16','批量新增','1','0','支取方式'),
('CI90285','cust_type','==','0','','','00301015','客户类型','900001','2019-11-16','批量新增','1','0','客户类型'),
('CI90286','txAmt','>=','50000','','','00301015','交易金额','900001','2019-11-16','批量新增','1','0','交易金额'),
('CI90287','ccy','!=','156','','','00301015','币种','900001','2019-11-16','批量新增','1','0','币种'),
('CI90288','totlAmt','>=','50000','','','00502306','交易金额','900001','2019-11-16','批量新增','1','0','交易金额'),
('CI90289','custType','==','0','','','00502306','客户类型','900001','2019-11-16','批量新增','1','0','客户类型'),
('CI90289','acctDrawManrCd','in','00100000,01100000,10100000,11100000','','','00502306','支取方式','900001','2019-11-16','批量新增','1','0','支取方式'),
('CI90290','totlAmt','>=','50000','','','00502307','交易金额','900001','2019-11-16','批量新增','1','0','交易金额'),
('CI90291','totlAmt','>=','50000','','','00502314_2','交易金额','900001','2019-11-16','批量新增','1','0','交易金额'),
('CI90292','custType','==','0','','','00502314_2','客户类型','900001','2019-11-16','批量新增','1','0','客户类型'),
('CI90292','acctDrawManrCd','in','00100000,01100000,10100000,11100000','','','00502314_2','支取方式','900001','2019-11-16','批量新增','1','0','支取方式'),
('CI90293','totlAmt','>=','50000','','','00502314_3','交易金额','900001','2019-11-16','批量新增','1','0','交易金额'),
('CI90294','agenFlg','==','1','','','00603001','是否代理','900001','2019-11-16','批量新增','1','0','是否代理'),
('CI90295','agenFlg','==','1','','','00603002','是否代理','900001','2019-11-16','批量新增','1','0','是否代理'),
('CI90296','agenFlg','==','0','','','00101001_1','是否代理','900001','2019-11-16','批量新增','1','0','是否代理'),
('CI90297','agenFlg','==','1','','','00101001_1','是否代理','900001','2019-11-16','批量新增','1','0','是否代理'),
('CI90299','crtfTypCd','==','0','','','00407002','证件类型','900001','2019-11-16','批量新增','1','0','证件类型'),
('CI90300','ctfTp','==','0','','','00802002','证件类型','900001','2019-11-16','批量新增','1','0','证件类型'),
('CI90301','PAGE_RDCRD_OPER_FLG_CD','==','0','','','00303005','磁条标志','900001','2019-11-16','批量新增','1','0','磁条标志'),
('CI90301','tran_amt','>=','10000','','','00303005','交易金额','900001','2019-11-16','批量新增','1','0','交易金额');
-- IB_OM_RULECOND_RLT insert
INSERT INTO IB_OM_RULECOND_RLT (RULE_COND_NO,CMPL_MODE_FLG,OPRTN_RULE_NO) VALUES

('CI90000','0','090000'),
('CI90001','1','090001'),
('CI90002','1','090002'),
('CI90003','1','090003'),
('CI90004','1','090004'),
('CI90005','1','090005'),
('CI90006','1','090006'),
('CI90007','1','090007'),
('CI90008','1','090008'),
('CI90009','0','090009'),
('CI90010','1','090010'),
('CI90011','1','090011'),
('CI90012','1','090012'),
('CI90013','1','090013'),
('CI90014','1','090014'),
('CI90015','1','090015'),
('CI90016','1','090016'),
('CI90017','1','090017'),
('CI90018','1','090018'),
('CI90019','1','090019'),
('CI90020','1','090020'),
('CI90021','1','090021'),
('CI90022','1','090022'),
('CI90023','0','090023'),
('CI90024','0','090024'),
('CI90025','1','090025'),
('CI90026','1','090026'),
('CI90027','1','090027'),
('CI90028','1','090028'),
('CI90029','1','090029'),
('CI90030','0','090030'),
('CI90031','1','090031'),
('CI90032','0','090032'),
('CI90033','0','090033'),
('CI90034','0','090034'),
('CI90035','0','090035'),
('CI90036','0','090036'),
('CI90037','0','090037'),
('CI90038','0','090038'),
('CI90039','0','090039'),
('CI90040','0','090040'),
('CI90041','0','090041'),
('CI90042','0','090042'),
('CI90043','0','090043'),
('CI90044','0','090044'),
('CI90045','0','090045'),
('CI90046','0','090046'),
('CI90047','0','090047'),
('CI90048','0','090048'),
('CI90049','0','090049'),
('CI90050','0','090050'),
('CI90051','0','090051'),
('CI90052','0','090052'),
('CI90053','0','090053'),
('CI90054','0','090054'),
('CI90055','0','090055'),
('CI90056','0','090056'),
('CI90057','0','090057'),
('CI90058','1','090058'),
('CI90059','1','090059'),
('CI90060','0','090060'),
('CI90061','0','090061'),
('CI90062','1','090062'),
('CI90063','1','090063'),
('CI90064','1','090064'),
('CI90065','1','090065'),
('CI90066','1','090066'),
('CI90067','1','090067'),
('CI90068','1','090068'),
('CI90069','1','090069'),
('CI90070','1','090070'),
('CI90071','1','090071'),
('CI90072','1','090072'),
('CI90073','1','090073'),
('CI90074','1','090074'),
('CI90075','1','090075'),
('CI90076','1','090076'),
('CI90077','1','090077'),
('CI90078','1','090078'),
('CI90079','1','090079'),
('CI90080','1','090080'),
('CI90081','1','090081'),
('CI90082','1','090082'),
('CI90083','1','090083'),
('CI90084','1','090084'),
('CI90085','0','090085'),
('CI90086','0','090086'),
('CI90087','0','090087'),
('CI90088','1','090088'),
('CI90089','1','090089'),
('CI90090','1','090090'),
('CI90091','1','090091'),
('CI90092','1','090092'),
('CI90093','1','090093'),
('CI90094','1','090094'),
('CI90095','1','090095'),
('CI90096','1','090096'),
('CI90097','1','090097'),
('CI90098','1','090098'),
('CI90099','1','090099'),
('CI90100','1','090100'),
('CI90101','1','090101'),
('CI90102','1','090102'),
('CI90103','1','090103'),
('CI90104','1','090104'),
('CI90105','1','090105'),
('CI90106','1','090106'),
('CI90107','1','090107'),
('CI90108','1','090108'),
('CI90109','1','090109'),
('CI90110','1','090110'),
('CI90111','1','090111'),
('CI90112','1','090112'),
('CI90113','1','090113'),
('CI90114','1','090114'),
('CI90115','1','090115'),
('CI90116','1','090116'),
('CI90117','1','090117'),
('CI90118','1','090118'),
('CI90119','1','090119'),
('CI90120','1','090120'),
('CI90121','1','090121'),
('CI90122','1','090122'),
('CI90123','1','090123'),
('CI90124','1','090124'),
('CI90125','1','090125'),
('CI90126','1','090126'),
('CI90127','1','090127'),
('CI90128','1','090128'),
('CI90129','1','090129'),
('CI90130','1','090130'),
('CI90131','1','090131'),
('CI90132','1','090132'),
('CI90133','1','090133'),
('CI90134','1','090134'),
('CI90135','1','090135'),
('CI90136','1','090136'),
('CI90137','1','090137'),
('CI90138','1','090138'),
('CI90139','1','090139'),
('CI90140','1','090140'),
('CI90141','1','090141'),
('CI90142','1','090142'),
('CI90143','1','090143'),
('CI90144','1','090144'),
('CI90145','1','090145'),
('CI90146','1','090146'),
('CI90147','1','090147'),
('CI90148','1','090148'),
('CI90149','1','090149'),
('CI90150','1','090150'),
('CI90151','1','090151'),
('CI90152','1','090152'),
('CI90153','1','090153'),
('CI90154','1','090154'),
('CI90155','1','090155'),
('CI90156','1','090156'),
('CI90157','1','090157'),
('CI90158','1','090158'),
('CI90159','1','090159'),
('CI90160','1','090160'),
('CI90161','1','090161'),
('CI90162','1','090162'),
('CI90163','1','090163'),
('CI90164','1','090164'),
('CI90165','1','090165'),
('CI90166','1','090166'),
('CI90167','1','090167'),
('CI90168','1','090168'),
('CI90169','1','090169'),
('CI90170','1','090170'),
('CI90171','1','090171'),
('CI90172','1','090172'),
('CI90173','1','090173'),
('CI90174','1','090174'),
('CI90175','1','090175'),
('CI90176','1','090176'),
('CI90177','1','090177'),
('CI90178','1','090178'),
('CI90179','1','090179'),
('CI90180','1','090180'),
('CI90181','1','090181'),
('CI90182','1','090182'),
('CI90183','1','090183'),
('CI90184','1','090184'),
('CI90185','1','090185'),
('CI90186','1','090186'),
('CI90187','1','090187'),
('CI90188','1','090188'),
('CI90189','1','090189'),
('CI90190','1','090190'),
('CI90191','1','090191'),
('CI90192','1','090192'),
('CI90193','1','090193'),
('CI90194','1','090194'),
('CI90195','1','090195'),
('CI90196','1','090196'),
('CI90197','1','090197'),
('CI90198','1','090198'),
('CI90199','1','090199'),
('CI90200','1','090200'),
('CI90201','1','090201'),
('CI90202','1','090202'),
('CI90203','1','090203'),
('CI90204','1','090204'),
('CI90205','1','090205'),
('CI90206','1','090206'),
('CI90207','1','090207'),
('CI90208','1','090208'),
('CI90209','1','090209'),
('CI90210','1','090210'),
('CI90211','1','090211'),
('CI90212','1','090212'),
('CI90213','1','090213'),
('CI90214','1','090214'),
('CI90215','1','090215'),
('CI90216','1','090216'),
('CI90217','1','090217'),
('CI90218','1','090218'),
('CI90219','1','090219'),
('CI90220','1','090220'),
('CI90221','1','090221'),
('CI90222','1','090222'),
('CI90223','1','090223'),
('CI90224','1','090224'),
('CI90225','1','090225'),
('CI90226','1','090226'),
('CI90227','1','090227'),
('CI90228','1','090228'),
('CI90229','1','090229'),
('CI90230','1','090230'),
('CI90231','1','090231'),
('CI90232','1','090232'),
('CI90233','1','090233'),
('CI90234','1','090234'),
('CI90235','1','090235'),
('CI90236','1','090236'),
('CI90237','1','090237'),
('CI90238','1','090238'),
('CI90239','1','090239'),
('CI90240','1','090240'),
('CI90241','1','090241'),
('CI90242','1','090242'),
('CI90243','1','090243'),
('CI90244','1','090244'),
('CI90245','1','090245'),
('CI90246','1','090246'),
('CI90247','1','090247'),
('CI90248','1','090248'),
('CI90249','1','090249'),
('CI90250','1','090250'),
('CI90251','1','090251'),
('CI90252','1','090252'),
('CI90253','1','090253'),
('CI90254','1','090254'),
('CI90255','1','090255'),
('CI90256','1','090256'),
('CI90257','1','090257'),
('CI90258','1','090258'),
('CI90259','1','090259'),
('CI90260','1','090260'),
('CI90261','1','090261'),
('CI90262','1','090262'),
('CI90263','1','090263'),
('CI90264','1','090264'),
('CI90265','1','090265'),
('CI90266','1','090266'),
('CI90267','1','090267'),
('CI90268','1','090268'),
('CI90269','1','090269'),
('CI90270','1','090270'),
('CI90271','1','090271'),
('CI90272','1','090272'),
('CI90273','1','090273'),
('CI90274','1','090274'),
('CI90275','1','090275'),
('CI90276','1','090276'),
('CI90277','1','090277'),
('CI90278','1','090278'),
('CI90279','1','090279'),
('CI90280','1','090280'),
('CI90281','1','090281'),
('CI90282','1','090282'),
('CI90283','1','090283'),
('CI90284','1','090284'),
('CI90285','1','090285'),
('CI90286','1','090286'),
('CI90287','1','090287'),
('CI90288','1','090288'),
('CI90289','1','090289'),
('CI90290','1','090290'),
('CI90291','1','090291'),
('CI90292','1','090292'),
('CI90293','1','090293'),
('CI90294','1','090294'),
('CI90295','1','090295'),
('CI90296','1','090296'),
('CI90297','1','090297'),
('CI90298','0','090298'),
('CI90299','1','090299'),
('CI90300','1','090300'),
('CI90301','1','090301'),
('CI90302','0','090302'),
('CI90303','0','090303'),
('CI90304','0','090304'),
('CI90305','0','090305'),
('CI90306','0','090306'),
('CI90307','0','090307'),
('CI90308','0','090308'),
('CI90309','0','090309'),
('CI90310','0','090310'),
('CI90311','0','090311'),
('CI90312','0','090312'),
('CI90313','0','090313');
-- IB_OM_MODE_INFO insert
INSERT INTO IB_OM_MODE_INFO (RULE_MODE_NO,FIELD_SEQ_NO,FIELD_NM,FIELD_DICTRY_NM,RULE_MODE_TYP_CD) VALUES

('CI90000','90001','ref','aui-row_1','CI'),
('CI90000','90002','NI','1','CI'),
('CI90000','90003','FR','1','CI'),
('CI90001','90004','ref','input-cstnm','CI'),
('CI90001','90005','NI','1','CI'),
('CI90001','90006','FR','0','CI'),
('CI90002','90007','ref','input-cstnm','CI'),
('CI90002','90008','NI','1','CI'),
('CI90002','90009','FR','1','CI'),
('CI90003','90010','ref','input-cstnm','CI'),
('CI90003','90011','NI','1','CI'),
('CI90003','90012','FR','0','CI'),
('CI90004','90013','ref','input-cstnm','CI'),
('CI90004','90014','NI','1','CI'),
('CI90004','90015','FR','0','CI'),
('CI90005','90016','ref','input-cstnm','CI'),
('CI90005','90017','NI','1','CI'),
('CI90005','90018','FR','0','CI'),
('CI90006','90019','ref','input-cstnm','CI'),
('CI90006','90020','NI','1','CI'),
('CI90006','90021','FR','0','CI'),
('CI90007','90025','ref','input-cstnm','CI'),
('CI90007','90026','NI','1','CI'),
('CI90007','90027','FR','0','CI'),
('CI90008','90028','ref','input-cstnm','CI'),
('CI90008','90029','NI','1','CI'),
('CI90008','90030','FR','0','CI'),
('CI90009','90031','ref','custom-input_2','CI'),
('CI90009','90032','NI','1','CI'),
('CI90009','90033','FR','1','CI'),
('CI90010','90034','ref','custom-input-crtfNbr','CI'),
('CI90010','90035','NI','1','CI'),
('CI90010','90036','FR','1','CI'),
('CI90011','90037','ref','custom-input-crtfNbr','CI'),
('CI90011','90038','NI','1','CI'),
('CI90011','90039','FR','0','CI'),
('CI90012','90040','ref','custom-input-crtfNbr','CI'),
('CI90012','90041','NI','1','CI'),
('CI90012','90042','FR','1','CI'),
('CI90013','90043','ref','custom-input-crtfNbr','CI'),
('CI90013','90044','NI','1','CI'),
('CI90013','90045','FR','0','CI'),
('CI90014','90046','ref','custom-input-custNm','CI'),
('CI90014','90047','NI','1','CI'),
('CI90014','90048','FR','1','CI'),
('CI90015','90049','ref','custom-input-custNm','CI'),
('CI90015','90050','NI','1','CI'),
('CI90015','90051','FR','0','CI'),
('CI90016','90052','ref','input-cstnm','CI'),
('CI90016','90053','NI','1','CI'),
('CI90016','90054','FR','0','CI'),
('CI90017','90055','ref','input-cstnm','CI'),
('CI90017','90056','NI','1','CI'),
('CI90017','90057','FR','1','CI'),
('CI90018','90058','ref','custom-selector-crtfTypCd','CI'),
('CI90018','90059','NI','1','CI'),
('CI90018','90060','FR','1','CI'),
('CI90019','90061','ref','custom-selector-crtfTypCd','CI'),
('CI90019','90062','NI','1','CI'),
('CI90019','90063','FR','0','CI'),
('CI90020','90064','ref','custom-input-acctnm1','CI'),
('CI90020','90065','NI','1','CI'),
('CI90020','90066','FR','0','CI'),
('CI90021','90067','ref','custom-input-acctnm1','CI'),
('CI90021','90068','NI','1','CI'),
('CI90021','90069','FR','0','CI'),
('CI90022','90070','ref','custom-input-acctnm1','CI'),
('CI90022','90071','NI','1','CI'),
('CI90022','90072','FR','0','CI'),
('CI90023','90073','ref','custom-input-acctnm1','CI'),
('CI90023','90074','NI','1','CI'),
('CI90023','90075','FR','1','CI'),
('CI90024','90076','ref','custom-input_3','CI'),
('CI90024','90077','NI','1','CI'),
('CI90024','90078','FR','1','CI'),
('CI90025','90079','ref','custom-input_2','CI'),
('CI90025','90080','NI','1','CI'),
('CI90025','90081','FR','0','CI'),
('CI90026','90082','ref','custom-input_2','CI'),
('CI90026','90083','NI','1','CI'),
('CI90026','90084','FR','1','CI'),
('CI90027','90085','ref','custom-input-acctnm','CI'),
('CI90027','90086','NI','1','CI'),
('CI90027','90087','FR','0','CI'),
('CI90028','90088','ref','custom-input-acctnm','CI'),
('CI90028','90089','NI','1','CI'),
('CI90028','90090','FR','0','CI'),
('CI90029','90091','ref','custom-input-acctnm','CI'),
('CI90029','90092','NI','1','CI'),
('CI90029','90093','FR','0','CI'),
('CI90030','90094','ref','customer','CI'),
('CI90030','90095','NI','1','CI'),
('CI90030','90096','FR','1','CI'),
('CI90031','90097','ref','customer1','CI'),
('CI90031','90098','NI','1','CI'),
('CI90031','90099','FR','1','CI'),
('CI90032','90103','ref','customer','CI'),
('CI90032','90104','NI','1','CI'),
('CI90032','90105','FR','1','CI'),
('CI90033','90106','ref','customer','CI'),
('CI90033','90107','NI','1','CI'),
('CI90033','90108','FR','1','CI'),
('CI90034','90109','ref','customer','CI'),
('CI90034','90110','NI','0','CI'),
('CI90034','90111','FR','0','CI'),
('CI90035','90112','ref','aui-button_query','CI'),
('CI90035','90113','NI','1','CI'),
('CI90035','90114','FR','0','CI'),
('CI90036','90115','ref','aui-button_query','CI'),
('CI90036','90116','NI','1','CI'),
('CI90036','90117','FR','0','CI'),
('CI90037','90118','ref','aui-button_query','CI'),
('CI90037','90119','NI','1','CI'),
('CI90037','90120','FR','0','CI'),
('CI90038','90121','ref','aui-button_query','CI'),
('CI90038','90122','NI','1','CI'),
('CI90038','90123','FR','0','CI'),
('CI90039','90124','ref','aui-button_query','CI'),
('CI90039','90125','NI','1','CI'),
('CI90039','90126','FR','0','CI'),
('CI90040','90127','ref','aui-button_query','CI'),
('CI90040','90128','NI','1','CI'),
('CI90040','90129','FR','0','CI'),
('CI90041','90130','ref','aui-button_check','CI'),
('CI90041','90131','NI','1','CI'),
('CI90041','90132','FR','0','CI'),
('CI90042','90133','ref','aui-button-check','CI'),
('CI90042','90134','NI','1','CI'),
('CI90042','90135','FR','0','CI'),
('CI90043','90136','ref','custom-input-userName','CI'),
('CI90043','90137','NI','1','CI'),
('CI90043','90138','FR','0','CI'),
('CI90044','90139','ref','custom-input-pwd','CI'),
('CI90044','90140','NI','1','CI'),
('CI90044','90141','FR','0','CI'),
('CI90045','90142','ref','aui-queryInfo','CI'),
('CI90045','90143','NI','1','CI'),
('CI90045','90144','FR','0','CI'),
('CI90046','90145','ref','aui-queryInfo','CI'),
('CI90046','90146','NI','1','CI'),
('CI90046','90147','FR','0','CI'),
('CI90047','90148','ref','aui-queryInfo','CI'),
('CI90047','90149','NI','1','CI'),
('CI90047','90150','FR','0','CI'),
('CI90048','90151','ref','aui-button_query','CI'),
('CI90048','90152','NI','1','CI'),
('CI90048','90153','FR','0','CI'),
('CI90049','90154','ref','aui-button_query','CI'),
('CI90049','90155','NI','1','CI'),
('CI90049','90156','FR','0','CI'),
('CI90050','90157','ref','custom-input-name','CI'),
('CI90050','90158','NI','1','CI'),
('CI90050','90159','FR','0','CI'),
('CI90051','90160','ref','custom-input-name','CI'),
('CI90051','90161','NI','1','CI'),
('CI90051','90162','FR','0','CI'),
('CI90052','90163','ref','custom-input-name','CI'),
('CI90052','90164','NI','1','CI'),
('CI90052','90165','FR','0','CI'),
('CI90053','90166','ref','custom-input-name','CI'),
('CI90053','90167','NI','1','CI'),
('CI90053','90168','FR','0','CI'),
('CI90054','90169','ref','custom-input-name','CI'),
('CI90054','90170','NI','1','CI'),
('CI90054','90171','FR','0','CI'),
('CI90055','90172','ref','custom-input-name','CI'),
('CI90055','90173','NI','1','CI'),
('CI90055','90174','FR','0','CI'),
('CI90056','90175','ref','custom-input-name','CI'),
('CI90056','90176','NI','1','CI'),
('CI90056','90177','FR','0','CI'),
('CI90057','90178','ref','custom-table_1','CI'),
('CI90057','90179','NI','1','CI'),
('CI90057','90180','FR','0','CI'),
('CI90058','90181','ref','custom-input-ufrzpyAmt','CI'),
('CI90058','90182','NI','1','CI'),
('CI90058','90183','FR','1','CI'),
('CI90059','90187','ref','custom-input-ufrzpyAmt','CI'),
('CI90059','90188','NI','0','CI'),
('CI90059','90189','FR','0','CI'),
('CI90060','90190','ref','custom-input_4','CI'),
('CI90060','90191','NI','1','CI'),
('CI90060','90192','FR','0','CI'),
('CI90061','90193','ref','custom-input_19','CI'),
('CI90061','90194','NI','1','CI'),
('CI90061','90195','FR','0','CI'),
('CI90062','90196','ref','custom-selector-01','CI'),
('CI90062','90197','NI','1','CI'),
('CI90062','90198','FR','0','CI'),
('CI90063','90199','ref','custom-input_4','CI'),
('CI90063','90200','NI','1','CI'),
('CI90063','90201','FR','0','CI'),
('CI90064','90202','ref','custom-input_4','CI'),
('CI90064','90203','NI','0','CI'),
('CI90064','90204','FR','0','CI'),
('CI90065','90208','ref','custom-input_9','CI'),
('CI90065','90209','NI','1','CI'),
('CI90065','90210','FR','0','CI'),
('CI90066','90211','ref','custom-input_7','CI'),
('CI90066','90212','NI','1','CI'),
('CI90066','90213','FR','0','CI'),
('CI90067','90214','ref','custom-input_9','CI'),
('CI90067','90215','NI','1','CI'),
('CI90067','90216','FR','0','CI'),
('CI90068','90217','ref','custom-input_4','CI'),
('CI90068','90218','NI','1','CI'),
('CI90068','90219','FR','0','CI'),
('CI90069','90220','ref','custom-input_4','CI'),
('CI90069','90221','NI','0','CI'),
('CI90069','90222','FR','0','CI'),
('CI90070','90226','ref','custom-selector_3','CI'),
('CI90070','90227','NI','1','CI'),
('CI90070','90228','FR','0','CI'),
('CI90071','90229','ref','custom-input_6','CI'),
('CI90071','90230','NI','1','CI'),
('CI90071','90231','FR','0','CI'),
('CI90072','90232','ref','custom-input_6','CI'),
('CI90072','90233','NI','1','CI'),
('CI90072','90234','FR','0','CI'),
('CI90073','90235','ref','custom-input_1','CI'),
('CI90073','90236','NI','1','CI'),
('CI90073','90237','FR','1','CI'),
('CI90074','90238','ref','custom-input_9','CI'),
('CI90074','90239','NI','1','CI'),
('CI90074','90240','FR','0','CI'),
('CI90075','90241','ref','custom-input_6','CI'),
('CI90075','90242','NI','1','CI'),
('CI90075','90243','FR','0','CI'),
('CI90076','90244','ref','custom-input_4','CI'),
('CI90076','90245','NI','1','CI'),
('CI90076','90246','FR','1','CI'),
('CI90077','90247','ref','custom-input_4','CI'),
('CI90077','90248','NI','1','CI'),
('CI90077','90249','FR','1','CI'),
('CI90078','90250','ref','custom-input_4','CI'),
('CI90078','90251','NI','1','CI'),
('CI90078','90252','FR','1','CI'),
('CI90079','90253','ref','custom-input_4','CI'),
('CI90079','90254','NI','1','CI'),
('CI90079','90255','FR','1','CI'),
('CI90080','90256','ref','custom-selector_2','CI'),
('CI90080','90257','NI','1','CI'),
('CI90080','90258','FR','1','CI'),
('CI90081','90259','ref','custom-selector_6','CI'),
('CI90081','90260','NI','1','CI'),
('CI90081','90261','FR','1','CI'),
('CI90082','90262','ref','custom-selector_7','CI'),
('CI90082','90263','NI','1','CI'),
('CI90082','90264','FR','1','CI'),
('CI90083','90265','ref','custom-selector_2','CI'),
('CI90083','90266','NI','1','CI'),
('CI90083','90267','FR','1','CI'),
('CI90084','90268','ref','custom-input_remitAmount','CI'),
('CI90084','90269','NI','1','CI'),
('CI90084','90270','FR','0','CI'),
('CI90085','90271','ref','custom-selector-bilhldrCrtfTypCd','CI'),
('CI90085','90272','NI','1','CI'),
('CI90085','90273','FR','0','CI'),
('CI90086','90274','ref','custom-input_OldCardNumber','CI'),
('CI90086','90275','NI','1','CI'),
('CI90086','90276','FR','1','CI'),
('CI90087','90277','ref','custom-selector_4','CI'),
('CI90087','90278','NI','1','CI'),
('CI90087','90279','FR','1','CI'),
('CI90088','90280','ref','custom-selector_5','CI'),
('CI90088','90281','NI','0','CI'),
('CI90088','90282','FR','0','CI'),
('CI90089','90283','ref','custom-selector_5','CI'),
('CI90089','90284','NI','1','CI'),
('CI90089','90285','FR','1','CI'),
('CI90090','90292','ref','custom-selector_5','CI'),
('CI90090','90293','NI','1','CI'),
('CI90090','90294','FR','1','CI'),
('CI90091','90295','ref','custom-selector_5','CI'),
('CI90091','90296','NI','1','CI'),
('CI90091','90297','FR','0','CI'),
('CI90092','90298','ref','custom-input-txAmt','CI'),
('CI90092','90299','NI','1','CI'),
('CI90092','90300','FR','0','CI'),
('CI90093','90304','ref','custom-input-txAmt','CI'),
('CI90093','90305','NI','1','CI'),
('CI90093','90306','FR','0','CI'),
('CI90094','90307','ref','custom-input-txAmt','CI'),
('CI90094','90308','NI','1','CI'),
('CI90094','90309','FR','0','CI'),
('CI90095','90313','ref','custom-input-txAmt','CI'),
('CI90095','90314','NI','1','CI'),
('CI90095','90315','FR','0','CI'),
('CI90096','90316','ref','custom-input-txAmt','CI'),
('CI90096','90317','NI','1','CI'),
('CI90096','90318','FR','0','CI'),
('CI90097','90322','ref','custom-input-txAmt','CI'),
('CI90097','90323','NI','1','CI'),
('CI90097','90324','FR','0','CI'),
('CI90098','90325','ref','custom-selector_4','CI'),
('CI90098','90326','NI','0','CI'),
('CI90098','90327','FR','0','CI'),
('CI90099','90328','ref','custom-selector_4','CI'),
('CI90099','90329','NI','1','CI'),
('CI90099','90330','FR','1','CI'),
('CI90100','90337','ref','custom-selector_4','CI'),
('CI90100','90338','NI','0','CI'),
('CI90100','90339','FR','0','CI'),
('CI90101','90343','ref','custom-selector_4','CI'),
('CI90101','90344','NI','1','CI'),
('CI90101','90345','FR','0','CI'),
('CI90102','90355','ref','custom-selector_4','CI'),
('CI90102','90356','NI','1','CI'),
('CI90102','90357','FR','0','CI'),
('CI90103','90364','ref','custom-input_3','CI'),
('CI90103','90365','NI','1','CI'),
('CI90103','90366','FR','0','CI'),
('CI90104','90370','ref','custom-input_3','CI'),
('CI90104','90371','NI','1','CI'),
('CI90104','90372','FR','0','CI'),
('CI90105','90373','ref','custom-selector_6','CI'),
('CI90105','90374','NI','0','CI'),
('CI90105','90375','FR','0','CI'),
('CI90106','90376','ref','custom-selector_6','CI'),
('CI90106','90377','NI','1','CI'),
('CI90106','90378','FR','0','CI'),
('CI90107','90382','ref','custom-selector_6','CI'),
('CI90107','90383','NI','1','CI'),
('CI90107','90384','FR','1','CI'),
('CI90108','90391','ref','custom-selector_6','CI'),
('CI90108','90392','NI','0','CI'),
('CI90108','90393','FR','0','CI'),
('CI90109','90397','ref','custom-selector_6','CI'),
('CI90109','90398','NI','1','CI'),
('CI90109','90399','FR','0','CI'),
('CI90110','90400','ref','custom-selector_5','CI'),
('CI90110','90401','NI','0','CI'),
('CI90110','90402','FR','0','CI'),
('CI90111','90403','ref','custom-selector_5','CI'),
('CI90111','90404','NI','1','CI'),
('CI90111','90405','FR','0','CI'),
('CI90112','90409','ref','custom-selector_5','CI'),
('CI90112','90410','NI','1','CI'),
('CI90112','90411','FR','1','CI'),
('CI90113','90418','ref','custom-selector_5','CI'),
('CI90113','90419','NI','1','CI'),
('CI90113','90420','FR','0','CI'),
('CI90114','90424','ref','custom-selector_5','CI'),
('CI90114','90425','NI','0','CI'),
('CI90114','90426','FR','0','CI'),
('CI90115','90430','ref','custom-selector_5','CI'),
('CI90115','90431','NI','1','CI'),
('CI90115','90432','FR','0','CI'),
('CI90116','90433','ref','custom-input_6','CI'),
('CI90116','90434','NI','1','CI'),
('CI90116','90435','FR','0','CI'),
('CI90117','90439','ref','custom-input_6','CI'),
('CI90117','90440','NI','1','CI'),
('CI90117','90441','FR','0','CI'),
('CI90118','90442','ref','custom-selector_6','CI'),
('CI90118','90443','NI','0','CI'),
('CI90118','90444','FR','0','CI'),
('CI90119','90445','ref','custom-selector_6','CI'),
('CI90119','90446','NI','1','CI'),
('CI90119','90447','FR','0','CI'),
('CI90120','90451','ref','custom-selector_6','CI'),
('CI90120','90452','NI','1','CI'),
('CI90120','90453','FR','1','CI'),
('CI90121','90460','ref','custom-selector_6','CI'),
('CI90121','90461','NI','1','CI'),
('CI90121','90462','FR','0','CI'),
('CI90122','90466','ref','custom-selector_6','CI'),
('CI90122','90467','NI','1','CI'),
('CI90122','90468','FR','0','CI'),
('CI90123','90469','ref','custom-selector_agen','CI'),
('CI90123','90470','NI','0','CI'),
('CI90123','90471','FR','0','CI'),
('CI90124','90472','ref','custom-selector_agen','CI'),
('CI90124','90473','NI','1','CI'),
('CI90124','90474','FR','1','CI'),
('CI90125','90481','ref','custom-selector_agen','CI'),
('CI90125','90482','NI','1','CI'),
('CI90125','90483','FR','1','CI'),
('CI90126','90484','ref','custom-selector_agen','CI'),
('CI90126','90485','NI','1','CI'),
('CI90126','90486','FR','0','CI'),
('CI90127','90496','ref','custom-selector_agen','CI'),
('CI90127','90497','NI','1','CI'),
('CI90127','90498','FR','0','CI'),
('CI90128','90505','ref','aui-button_submit','CI'),
('CI90128','90506','NI','1','CI'),
('CI90128','90507','FR','0','CI'),
('CI90129','90511','ref','aui-button_submit','CI'),
('CI90129','90512','NI','1','CI'),
('CI90129','90513','FR','0','CI'),
('CI90130','90514','ref','aui-button_submit','CI'),
('CI90130','90515','NI','1','CI'),
('CI90130','90516','FR','0','CI'),
('CI90131','90517','ref','aui-button_submit','CI'),
('CI90131','90518','NI','1','CI'),
('CI90131','90519','FR','0','CI'),
('CI90132','90523','ref','aui-button_submit','CI'),
('CI90132','90524','NI','1','CI'),
('CI90132','90525','FR','0','CI'),
('CI90133','90526','ref','aui-button_submit','CI'),
('CI90133','90527','NI','1','CI'),
('CI90133','90528','FR','0','CI'),
('CI90134','90529','ref','aui-button_submit','CI'),
('CI90134','90530','NI','1','CI'),
('CI90134','90531','FR','0','CI'),
('CI90135','90532','ref','aui-button_submit','CI'),
('CI90135','90533','NI','1','CI'),
('CI90135','90534','FR','1','CI'),
('CI90136','90535','ref','aui-button_submit','CI'),
('CI90136','90536','NI','1','CI'),
('CI90136','90537','FR','1','CI'),
('CI90137','90538','ref','aui-button_submit','CI'),
('CI90137','90539','NI','1','CI'),
('CI90137','90540','FR','1','CI'),
('CI90138','90544','ref','aui-button_submit','CI'),
('CI90138','90545','NI','1','CI'),
('CI90138','90546','FR','1','CI'),
('CI90139','90550','ref','custom-selector_x_DE_WA','CI'),
('CI90139','90551','NI','1','CI'),
('CI90139','90552','FR','0','CI'),
('CI90140','90553','ref','custom-sel_yesORno','CI'),
('CI90140','90554','NI','1','CI'),
('CI90140','90555','FR','0','CI'),
('CI90141','90556','ref','custom-sel_yesORno','CI'),
('CI90141','90557','NI','1','CI'),
('CI90141','90558','FR','0','CI'),
('CI90142','90565','ref','custom-sel_yesORno','CI'),
('CI90142','90566','NI','1','CI'),
('CI90142','90567','FR','0','CI'),
('CI90143','90571','ref','custom-input_txAm','CI'),
('CI90143','90572','NI','1','CI'),
('CI90143','90573','FR','0','CI'),
('CI90144','90583','ref','custom-input_txAm','CI'),
('CI90144','90584','NI','1','CI'),
('CI90144','90585','FR','0','CI'),
('CI90145','90592','ref','custom-sel_handType','CI'),
('CI90145','90593','NI','1','CI'),
('CI90145','90594','FR','0','CI'),
('CI90146','90595','ref','custom-selector_5','CI'),
('CI90146','90596','NI','0','CI'),
('CI90146','90597','FR','0','CI'),
('CI90147','90598','ref','custom-selector_5','CI'),
('CI90147','90599','NI','1','CI'),
('CI90147','90600','FR','1','CI'),
('CI90148','90607','ref','custom-selector_5','CI'),
('CI90148','90608','NI','0','CI'),
('CI90148','90609','FR','0','CI'),
('CI90149','90613','ref','custom-selector_5','CI'),
('CI90149','90614','NI','1','CI'),
('CI90149','90615','FR','0','CI'),
('CI90150','90616','ref','custom-selector_5','CI'),
('CI90150','90617','NI','1','CI'),
('CI90150','90618','FR','0','CI'),
('CI90151','90619','ref','custom-selector-proxy','CI'),
('CI90151','90620','NI','0','CI'),
('CI90151','90621','FR','0','CI'),
('CI90152','90622','ref','custom-selector-proxy','CI'),
('CI90152','90623','NI','0','CI'),
('CI90152','90624','FR','0','CI'),
('CI90153','90631','ref','custom-selector-proxy','CI'),
('CI90153','90632','NI','0','CI'),
('CI90153','90633','FR','0','CI'),
('CI90154','90637','ref','custom-selector-proxy','CI'),
('CI90154','90638','NI','0','CI'),
('CI90154','90639','FR','0','CI'),
('CI90155','90643','ref','custom-selector-proxy','CI'),
('CI90155','90644','NI','1','CI'),
('CI90155','90645','FR','1','CI'),
('CI90156','90646','ref','custom-selector-proxy','CI'),
('CI90156','90647','NI','1','CI'),
('CI90156','90648','FR','0','CI'),
('CI90157','90649','ref','custom-selector-proxy','CI'),
('CI90157','90650','NI','1','CI'),
('CI90157','90651','FR','0','CI'),
('CI90158','90652','ref','custom-selector-proxy','CI'),
('CI90158','90653','NI','0','CI'),
('CI90158','90654','FR','0','CI'),
('CI90159','90655','ref','custom-selector-proxy','CI'),
('CI90159','90656','NI','1','CI'),
('CI90159','90657','FR','1','CI'),
('CI90160','90664','ref','custom-selector-proxy','CI'),
('CI90160','90665','NI','1','CI'),
('CI90160','90666','FR','0','CI'),
('CI90161','90667','ref','custom-selector-proxy','CI'),
('CI90161','90668','NI','1','CI'),
('CI90161','90669','FR','0','CI'),
('CI90162','90670','ref','custom-input_6','CI'),
('CI90162','90671','NI','0','CI'),
('CI90162','90672','FR','0','CI'),
('CI90163','90676','ref','custom-input_6','CI'),
('CI90163','90677','NI','1','CI'),
('CI90163','90678','FR','0','CI'),
('CI90164','90679','ref','custom-input_6','CI'),
('CI90164','90680','NI','1','CI'),
('CI90164','90681','FR','0','CI'),
('CI90165','90682','ref','custom-selector_8','CI'),
('CI90165','90683','NI','0','CI'),
('CI90165','90684','FR','0','CI'),
('CI90166','90685','ref','custom-selector_8','CI'),
('CI90166','90686','NI','1','CI'),
('CI90166','90687','FR','1','CI'),
('CI90167','90694','ref','custom-selector_8','CI'),
('CI90167','90695','NI','0','CI'),
('CI90167','90696','FR','0','CI'),
('CI90168','90700','ref','custom-selector_8','CI'),
('CI90168','90701','NI','0','CI'),
('CI90168','90702','FR','0','CI'),
('CI90169','90706','ref','custom-selector_8','CI'),
('CI90169','90707','NI','1','CI'),
('CI90169','90708','FR','0','CI'),
('CI90170','90709','ref','custom-selector_8','CI'),
('CI90170','90710','NI','1','CI'),
('CI90170','90711','FR','0','CI'),
('CI90171','90712','ref','custom-selector-proxy','CI'),
('CI90171','90713','NI','0','CI'),
('CI90171','90714','FR','0','CI'),
('CI90172','90715','ref','custom-selector-proxy','CI'),
('CI90172','90716','NI','0','CI'),
('CI90172','90717','FR','0','CI'),
('CI90173','90724','ref','custom-selector-proxy','CI'),
('CI90173','90725','NI','0','CI'),
('CI90173','90726','FR','0','CI'),
('CI90174','90730','ref','custom-selector-proxy','CI'),
('CI90174','90731','NI','0','CI'),
('CI90174','90732','FR','0','CI'),
('CI90175','90736','ref','custom-selector-proxy','CI'),
('CI90175','90737','NI','1','CI'),
('CI90175','90738','FR','1','CI'),
('CI90176','90739','ref','custom-selector-proxy','CI'),
('CI90176','90740','NI','1','CI'),
('CI90176','90741','FR','0','CI'),
('CI90177','90742','ref','custom-selector-proxy','CI'),
('CI90177','90743','NI','1','CI'),
('CI90177','90744','FR','0','CI'),
('CI90178','90745','ref','custom-selector-proxy','CI'),
('CI90178','90746','NI','0','CI'),
('CI90178','90747','FR','0','CI'),
('CI90179','90748','ref','custom-selector-proxy','CI'),
('CI90179','90749','NI','0','CI'),
('CI90179','90750','FR','0','CI'),
('CI90180','90757','ref','custom-selector-proxy','CI'),
('CI90180','90758','NI','0','CI'),
('CI90180','90759','FR','0','CI'),
('CI90181','90763','ref','custom-selector-proxy','CI'),
('CI90181','90764','NI','1','CI'),
('CI90181','90765','FR','1','CI'),
('CI90182','90766','ref','custom-selector-proxy','CI'),
('CI90182','90767','NI','1','CI'),
('CI90182','90768','FR','0','CI'),
('CI90183','90769','ref','custom-selector-proxy','CI'),
('CI90183','90770','NI','1','CI'),
('CI90183','90771','FR','0','CI'),
('CI90184','90772','ref','custom-selector_5','CI'),
('CI90184','90773','NI','1','CI'),
('CI90184','90774','FR','0','CI'),
('CI90185','90775','ref','custom-selector_5','CI'),
('CI90185','90776','NI','1','CI'),
('CI90185','90777','FR','1','CI'),
('CI90186','90784','ref','custom-selector_5','CI'),
('CI90186','90785','NI','1','CI'),
('CI90186','90786','FR','0','CI'),
('CI90187','90790','ref','custom-selector_5','CI'),
('CI90187','90791','NI','1','CI'),
('CI90187','90792','FR','0','CI'),
('CI90188','90796','ref','custom-selector_5','CI'),
('CI90188','90797','NI','1','CI'),
('CI90188','90798','FR','0','CI'),
('CI90189','90799','ref','custom-selector_5','CI'),
('CI90189','90800','NI','1','CI'),
('CI90189','90801','FR','1','CI'),
('CI90190','90805','ref','custom-selector_5','CI'),
('CI90190','90806','NI','1','CI'),
('CI90190','90807','FR','0','CI'),
('CI90191','90814','ref','custom-selector-crtfTypCd1','CI'),
('CI90191','90815','NI','1','CI'),
('CI90191','90816','FR','1','CI'),
('CI90192','90820','ref','custom-selector-crtfTypCd1','CI'),
('CI90192','90821','NI','1','CI'),
('CI90192','90822','FR','0','CI'),
('CI90193','90826','ref','custom-input-cardNo','CI'),
('CI90193','90827','NI','1','CI'),
('CI90193','90828','FR','1','CI'),
('CI90194','90829','ref','custom-selector-agenFlg','CI'),
('CI90194','90830','NI','1','CI'),
('CI90194','90831','FR','0','CI'),
('CI90195','90832','ref','custom-input-accNo1','CI'),
('CI90195','90833','NI','1','CI'),
('CI90195','90834','FR','0','CI'),
('CI90196','90835','ref','custom-selector-agenFlg','CI'),
('CI90196','90836','NI','1','CI'),
('CI90196','90837','FR','0','CI'),
('CI90197','90841','ref','custom-selector-agenFlg','CI'),
('CI90197','90842','NI','1','CI'),
('CI90197','90843','FR','0','CI'),
('CI90198','90844','ref','custom-selector-agenFlg','CI'),
('CI90198','90845','NI','1','CI'),
('CI90198','90846','FR','1','CI'),
('CI90199','90850','ref','custom-selector-agenFlg','CI'),
('CI90199','90851','NI','1','CI'),
('CI90199','90852','FR','1','CI'),
('CI90200','90856','ref','custom-input-inAcctNum','CI'),
('CI90200','90857','NI','1','CI'),
('CI90200','90858','FR','1','CI'),
('CI90201','90865','ref','custom_selector_4','CI'),
('CI90201','90866','NI','1','CI'),
('CI90201','90867','FR','0','CI'),
('CI90202','90868','ref','custom_selector_4','CI'),
('CI90202','90869','NI','1','CI'),
('CI90202','90870','FR','0','CI'),
('CI90203','90871','ref','custom_selector_4','CI'),
('CI90203','90872','NI','1','CI'),
('CI90203','90873','FR','1','CI'),
('CI90204','90874','ref','custom-selector_13','CI'),
('CI90204','90875','NI','1','CI'),
('CI90204','90876','FR','1','CI'),
('CI90205','90877','ref','custom-selector_13','CI'),
('CI90205','90878','NI','1','CI'),
('CI90205','90879','FR','0','CI'),
('CI90206','90880','ref','custom-input_1','CI'),
('CI90206','90881','NI','1','CI'),
('CI90206','90882','FR','1','CI'),
('CI90207','90883','ref','custom-input_3','CI'),
('CI90207','90884','NI','1','CI'),
('CI90207','90885','FR','0','CI'),
('CI90208','90886','ref','custom-input_pasbNum','CI'),
('CI90208','90887','NI','0','CI'),
('CI90208','90888','FR','0','CI'),
('CI90209','90892','ref','custom-input_pasbNum','CI'),
('CI90209','90893','NI','1','CI'),
('CI90209','90894','FR','0','CI'),
('CI90210','90898','ref','custom-input_pasbNum','CI'),
('CI90210','90899','NI','1','CI'),
('CI90210','90900','FR','0','CI'),
('CI90211','90904','ref','custom-input_pasbNum','CI'),
('CI90211','90905','NI','1','CI'),
('CI90211','90906','FR','0','CI'),
('CI90212','90907','ref','custom-input_6','CI'),
('CI90212','90908','NI','1','CI'),
('CI90212','90909','FR','0','CI'),
('CI90213','90913','ref','custom-input_6','CI'),
('CI90213','90914','NI','0','CI'),
('CI90213','90915','FR','0','CI'),
('CI90214','90919','ref','custom-input_6','CI'),
('CI90214','90920','NI','1','CI'),
('CI90214','90921','FR','0','CI'),
('CI90215','90922','ref','custom-input_6','CI'),
('CI90215','90923','NI','1','CI'),
('CI90215','90924','FR','0','CI'),
('CI90216','90925','ref','custom-input_7','CI'),
('CI90216','90926','NI','1','CI'),
('CI90216','90927','FR','0','CI'),
('CI90217','90931','ref','custom-input_7','CI'),
('CI90217','90932','NI','0','CI'),
('CI90217','90933','FR','0','CI'),
('CI90218','90937','ref','custom-input_7','CI'),
('CI90218','90938','NI','1','CI'),
('CI90218','90939','FR','0','CI'),
('CI90219','90940','ref','custom-input_7','CI'),
('CI90219','90941','NI','1','CI'),
('CI90219','90942','FR','0','CI'),
('CI90220','90943','ref','custom-input_5','CI'),
('CI90220','90944','NI','1','CI'),
('CI90220','90945','FR','0','CI'),
('CI90221','90949','ref','custom-input_5','CI'),
('CI90221','90950','NI','0','CI'),
('CI90221','90951','FR','0','CI'),
('CI90222','90955','ref','custom-input_5','CI'),
('CI90222','90956','NI','1','CI'),
('CI90222','90957','FR','0','CI'),
('CI90223','90958','ref','custom-input_5','CI'),
('CI90223','90959','NI','1','CI'),
('CI90223','90960','FR','0','CI'),
('CI90224','90961','ref','custom-input_5','CI'),
('CI90224','90962','NI','1','CI'),
('CI90224','90963','FR','0','CI'),
('CI90225','90967','ref','custom-input_5','CI'),
('CI90225','90968','NI','0','CI'),
('CI90225','90969','FR','0','CI'),
('CI90226','90973','ref','custom-input_5','CI'),
('CI90226','90974','NI','1','CI'),
('CI90226','90975','FR','0','CI'),
('CI90227','90976','ref','custom-input_5','CI'),
('CI90227','90977','NI','1','CI'),
('CI90227','90978','FR','0','CI'),
('CI90228','90979','ref','custom-input_txAmt','CI'),
('CI90228','90980','NI','0','CI'),
('CI90228','90981','FR','0','CI'),
('CI90229','90985','ref','custom-input_txAmt','CI'),
('CI90229','90986','NI','1','CI'),
('CI90229','90987','FR','0','CI'),
('CI90230','90988','ref','custom-input_txAmt','CI'),
('CI90230','90989','NI','1','CI'),
('CI90230','90990','FR','0','CI'),
('CI90231','90991','ref','custom-input_5','CI'),
('CI90231','90992','NI','1','CI'),
('CI90231','90993','FR','0','CI'),
('CI90232','90997','ref','custom-input_5','CI'),
('CI90232','90998','NI','1','CI'),
('CI90232','90999','FR','0','CI'),
('CI90233','91003','ref','custom-input_5','CI'),
('CI90233','91004','NI','1','CI'),
('CI90233','91005','FR','0','CI'),
('CI90234','91006','ref','custom-selector_5','CI'),
('CI90234','91007','NI','0','CI'),
('CI90234','91008','FR','0','CI'),
('CI90235','91009','ref','custom-selector_5','CI'),
('CI90235','91010','NI','1','CI'),
('CI90235','91011','FR','1','CI'),
('CI90236','91018','ref','custom-selector_5','CI'),
('CI90236','91019','NI','0','CI'),
('CI90236','91020','FR','0','CI'),
('CI90237','91024','ref','custom-selector_5','CI'),
('CI90237','91025','NI','1','CI'),
('CI90237','91026','FR','0','CI'),
('CI90238','91027','ref','custom-selector_5','CI'),
('CI90238','91028','NI','1','CI'),
('CI90238','91029','FR','0','CI'),
('CI90239','91030','ref','custom-sel_yesORno','CI'),
('CI90239','91031','NI','0','CI'),
('CI90239','91032','FR','0','CI'),
('CI90240','91033','ref','custom-sel_yesORno','CI'),
('CI90240','91034','NI','0','CI'),
('CI90240','91035','FR','0','CI'),
('CI90241','91039','ref','custom-sel_yesORno','CI'),
('CI90241','91040','NI','0','CI'),
('CI90241','91041','FR','0','CI'),
('CI90242','91045','ref','custom-sel_yesORno','CI'),
('CI90242','91046','NI','1','CI'),
('CI90242','91047','FR','0','CI'),
('CI90243','91048','ref','custom-sel_yesORno','CI'),
('CI90243','91049','NI','1','CI'),
('CI90243','91050','FR','1','CI'),
('CI90244','91057','ref','custom-sel_yesORno','CI'),
('CI90244','91058','NI','1','CI'),
('CI90244','91059','FR','0','CI'),
('CI90245','91060','ref','custom-selector-proxy','CI'),
('CI90245','91061','NI','0','CI'),
('CI90245','91062','FR','0','CI'),
('CI90246','91063','ref','custom-selector-proxy','CI'),
('CI90246','91064','NI','0','CI'),
('CI90246','91065','FR','0','CI'),
('CI90247','91072','ref','custom-selector-proxy','CI'),
('CI90247','91073','NI','0','CI'),
('CI90247','91074','FR','0','CI'),
('CI90248','91078','ref','custom-selector-proxy','CI'),
('CI90248','91079','NI','1','CI'),
('CI90248','91080','FR','1','CI'),
('CI90249','91081','ref','custom-selector-proxy','CI'),
('CI90249','91082','NI','1','CI'),
('CI90249','91083','FR','0','CI'),
('CI90250','91084','ref','custom-selector-proxy','CI'),
('CI90250','91085','NI','1','CI'),
('CI90250','91086','FR','0','CI'),
('CI90251','91087','ref','custom-selector-proxy','CI'),
('CI90251','91088','NI','0','CI'),
('CI90251','91089','FR','0','CI'),
('CI90252','91090','ref','custom-selector-proxy','CI'),
('CI90252','91091','NI','0','CI'),
('CI90252','91092','FR','0','CI'),
('CI90253','91099','ref','custom-selector-proxy','CI'),
('CI90253','91100','NI','0','CI'),
('CI90253','91101','FR','0','CI'),
('CI90254','91105','ref','custom-selector-proxy','CI'),
('CI90254','91106','NI','1','CI'),
('CI90254','91107','FR','1','CI'),
('CI90255','91108','ref','custom-selector-proxy','CI'),
('CI90255','91109','NI','1','CI'),
('CI90255','91110','FR','0','CI'),
('CI90256','91111','ref','custom-selector-proxy','CI'),
('CI90256','91112','NI','1','CI'),
('CI90256','91113','FR','0','CI'),
('CI90257','91114','ref','custom-input-txAmt','CI'),
('CI90257','91115','NI','0','CI'),
('CI90257','91116','FR','0','CI'),
('CI90258','91120','ref','custom-input-txAmt','CI'),
('CI90258','91121','NI','1','CI'),
('CI90258','91122','FR','0','CI'),
('CI90259','91123','ref','custom-input-txAmt','CI'),
('CI90259','91124','NI','1','CI'),
('CI90259','91125','FR','0','CI'),
('CI90260','91126','ref','custom-selector-proxy','CI'),
('CI90260','91127','NI','0','CI'),
('CI90260','91128','FR','0','CI'),
('CI90261','91129','ref','custom-selector-proxy','CI'),
('CI90261','91130','NI','1','CI'),
('CI90261','91131','FR','1','CI'),
('CI90262','91138','ref','custom-selector-proxy','CI'),
('CI90262','91139','NI','1','CI'),
('CI90262','91140','FR','0','CI'),
('CI90263','91141','ref','custom-selector-proxy','CI'),
('CI90263','91142','NI','1','CI'),
('CI90263','91143','FR','0','CI'),
('CI90264','91144','ref','custom-selector-agenFlg','CI'),
('CI90264','91145','NI','0','CI'),
('CI90264','91146','FR','0','CI'),
('CI90265','91147','ref','custom-selector-agenFlg','CI'),
('CI90265','91148','NI','1','CI'),
('CI90265','91149','FR','1','CI'),
('CI90266','91156','ref','custom-selector-agenFlg','CI'),
('CI90266','91157','NI','1','CI'),
('CI90266','91158','FR','0','CI'),
('CI90267','91159','ref','custom-selector-agenFlg','CI'),
('CI90267','91160','NI','1','CI'),
('CI90267','91161','FR','0','CI'),
('CI90268','91162','ref','custom-selector_5','CI'),
('CI90268','91163','NI','0','CI'),
('CI90268','91164','FR','0','CI'),
('CI90269','91165','ref','custom-selector_5','CI'),
('CI90269','91166','NI','1','CI'),
('CI90269','91167','FR','1','CI'),
('CI90270','91174','ref','custom-selector_5','CI'),
('CI90270','91175','NI','1','CI'),
('CI90270','91176','FR','0','CI'),
('CI90271','91177','ref','custom-selector_5','CI'),
('CI90271','91178','NI','1','CI'),
('CI90271','91179','FR','1','CI'),
('CI90272','91180','ref','custom-selector_5','CI'),
('CI90272','91181','NI','1','CI'),
('CI90272','91182','FR','0','CI'),
('CI90273','91183','ref','custom-input-txAmt','CI'),
('CI90273','91184','NI','0','CI'),
('CI90273','91185','FR','0','CI'),
('CI90274','91189','ref','custom-input-txAmt','CI'),
('CI90274','91190','NI','1','CI'),
('CI90274','91191','FR','0','CI'),
('CI90275','91192','ref','custom-input-txAmt','CI'),
('CI90275','91193','NI','1','CI'),
('CI90275','91194','FR','0','CI'),
('CI90276','91195','ref','custom-selector-proxy','CI'),
('CI90276','91196','NI','0','CI'),
('CI90276','91197','FR','0','CI'),
('CI90277','91198','ref','custom-selector-proxy','CI'),
('CI90277','91199','NI','0','CI'),
('CI90277','91200','FR','0','CI'),
('CI90278','91207','ref','custom-selector-proxy','CI'),
('CI90278','91208','NI','0','CI'),
('CI90278','91209','FR','0','CI'),
('CI90279','91213','ref','custom-selector-proxy','CI'),
('CI90279','91214','NI','1','CI'),
('CI90279','91215','FR','1','CI'),
('CI90280','91216','ref','custom-selector-proxy','CI'),
('CI90280','91217','NI','1','CI'),
('CI90280','91218','FR','0','CI'),
('CI90281','91219','ref','custom-selector-proxy','CI'),
('CI90281','91220','NI','1','CI'),
('CI90281','91221','FR','0','CI'),
('CI90282','91222','ref','custom-selector-proxy','CI'),
('CI90282','91223','NI','0','CI'),
('CI90282','91224','FR','0','CI'),
('CI90283','91225','ref','custom-selector-proxy','CI'),
('CI90283','91226','NI','1','CI'),
('CI90283','91227','FR','1','CI'),
('CI90284','91234','ref','custom-selector-proxy','CI'),
('CI90284','91235','NI','0','CI'),
('CI90284','91236','FR','0','CI'),
('CI90285','91240','ref','custom-selector-proxy','CI'),
('CI90285','91241','NI','0','CI'),
('CI90285','91242','FR','0','CI'),
('CI90286','91246','ref','custom-selector-proxy','CI'),
('CI90286','91247','NI','1','CI'),
('CI90286','91248','FR','0','CI'),
('CI90287','91249','ref','custom-selector-proxy','CI'),
('CI90287','91250','NI','1','CI'),
('CI90287','91251','FR','0','CI'),
('CI90288','91252','ref','custom-input-accOther','CI'),
('CI90288','91253','NI','1','CI'),
('CI90288','91254','FR','1','CI'),
('CI90289','91255','ref','custom-input-accOther','CI'),
('CI90289','91256','NI','0','CI'),
('CI90289','91257','FR','0','CI'),
('CI90290','91261','ref','custom-input-accOther','CI'),
('CI90290','91262','NI','1','CI'),
('CI90290','91263','FR','0','CI'),
('CI90291','91264','ref','custom-input-payFeeCardNoOrAcctNo','CI'),
('CI90291','91265','NI','1','CI'),
('CI90291','91266','FR','0','CI'),
('CI90292','91267','ref','custom-input-payFeeCardNoOrAcctNo','CI'),
('CI90292','91268','NI','0','CI'),
('CI90292','91269','FR','0','CI'),
('CI90293','91273','ref','custom-input-recvrAcctNo','CI'),
('CI90293','91274','NI','1','CI'),
('CI90293','91275','FR','0','CI'),
('CI90294','91276','ref','aui-button-submit','CI'),
('CI90294','91277','NI','1','CI'),
('CI90294','91278','FR','0','CI'),
('CI90295','91279','ref','aui-button-submit','CI'),
('CI90295','91280','NI','1','CI'),
('CI90295','91281','FR','0','CI'),
('CI90296','91282','ref','custom-selector_1','CI'),
('CI90296','91283','NI','1','CI'),
('CI90296','91284','FR','1','CI'),
('CI90297','91285','ref','custom-selector_1','CI'),
('CI90297','91286','NI','1','CI'),
('CI90297','91287','FR','0','CI'),
('CI90298','91288','ref','custom-input_CUST_NO','CI'),
('CI90298','91289','NI','1','CI'),
('CI90298','91290','FR','0','CI'),
('CI90299','91291','ref','custom-selector-crtfTypCd','CI'),
('CI90299','91292','NI','1','CI'),
('CI90299','91293','FR','0','CI'),
('CI90300','91294','ref','custom-selector-ctfTp','CI'),
('CI90300','91295','NI','1','CI'),
('CI90300','91296','FR','0','CI'),
('CI90301','91297','ref','custom-selector_agen','CI'),
('CI90301','91298','NI','1','CI'),
('CI90301','91299','FR','0','CI'),
('CI90302','91303','ref','custom-input-mergeCustNo','CI'),
('CI90302','91304','NI','1','CI'),
('CI90302','91305','FR','0','CI'),
('CI90303','91306','ref','aui-button_submit','CI'),
('CI90303','91307','NI','1','CI'),
('CI90303','91308','FR','0','CI'),
('CI90304','91309','ref','custom-selector_crtfTypCd','CI'),
('CI90304','91310','NI','1','CI'),
('CI90304','91311','FR','1','CI'),
('CI90305','91312','ref','custom-selector_crtfTypCd','CI'),
('CI90305','91313','NI','1','CI'),
('CI90305','91314','FR','1','CI'),
('CI90306','91315','ref','custom-selector-cashTranFlgCd','CI'),
('CI90306','91316','NI','1','CI'),
('CI90306','91317','FR','1','CI'),
('CI90307','91318','ref','aui-button_submit','CI'),
('CI90307','91319','NI','1','CI'),
('CI90307','91320','FR','1','CI'),
('CI90308','91321','ref','custom-input-vouchNo','CI'),
('CI90308','91322','NI','1','CI'),
('CI90308','91323','FR','1','CI'),
('CI90309','91324','ref','custom-input-flgCd','CI'),
('CI90309','91325','NI','1','CI'),
('CI90309','91326','FR','1','CI'),
('CI90310','91327','ref','custom-input-prodCd','CI'),
('CI90310','91328','NI','1','CI'),
('CI90310','91329','FR','1','CI'),
('CI90311','91330','ref','custom-input_1','CI'),
('CI90311','91331','NI','1','CI'),
('CI90311','91332','FR','1','CI'),
('CI90312','91333','ref','custom-input-outAcctNum','CI'),
('CI90312','91334','NI','1','CI'),
('CI90312','91335','FR','0','CI'),
('CI90313','91336','ref','aui-button_submit','CI'),
('CI90313','91337','NI','1','CI'),
('CI90313','91338','FR','1','CI');