
-- IB_OM_RULE_INFO insert
INSERT INTO IB_OM_RULE_INFO (RULE_NO,RULE_TYP_CD,HOLI_FLG,RULE_TRI_POSITION,SUIT_CHNL_SCP,SUIT_LPR_SCP,SUIT_ORG_SCP,SUIT_TX_SCP,RULE_COMNT,EFFT_FLG,OPER_TELR_NO,OPER_DT,OPER_RSN) VALUES
('025000','CV','N','1','TE','*','*,','00604002','强制触发','1','900001','2020-05-20','批量新增'),
('025001','CV','N','1','TE','*','*,','00201091','强制触发','1','900001','2020-05-20','批量新增'),
('025002','CV','N','1','TE','*','*,','00201062','强制触发','1','900001','2020-05-20','批量新增'),
('025003','CV','N','1','TE','*','*,','00201059','强制触发','1','900001','2020-05-20','批量新增'),
('025004','CV','N','1','TE','*','*,','00201060','强制触发','1','900001','2020-05-20','批量新增'),
('025005','CV','N','1','TE','*','*,','00201061','强制触发','1','900001','2020-05-20','批量新增'),
('025006','CV','N','1','TE','*','*,','00201063','强制触发','1','900001','2020-05-20','批量新增'),
('025007','CV','N','1','TE','*','*,','00201064','强制触发','1','900001','2020-05-20','批量新增'),
('025008','CV','N','1','TE','*','*,','00201065','强制触发','1','900001','2020-05-20','批量新增'),
('025009','CV','N','1','TE','*','*,','00201066','强制触发','1','900001','2020-05-20','批量新增'),
('025010','CV','N','1','TE','*','*,','00101076','强制触发','1','900001','2020-05-20','批量新增'),
('025011','CV','N','1','TE','*','*,','00011707_1','强制触发','1','900001','2020-05-20','批量新增'),
('025012','CV','N','1','TE','*','*,','00201027','强制触发','1','900001','2020-05-20','批量新增'),
('025013','CV','N','1','TE','*','*,','00201029','强制触发','1','900001','2020-05-20','批量新增'),
('025014','CV','N','1','TE','*','*,','00011707_2','强制触发','1','900001','2020-05-20','批量新增'),
('025015','CV','N','1','TE','*','*,','00011707_3','强制触发','1','900001','2020-05-20','批量新增'),
('025016','CV','N','1','TE','*','*,','00301050','强制触发','1','900001','2020-05-20','批量新增'),
('025017','CV','N','1','TE','*','*,','00301050','强制触发','1','900001','2020-05-20','批量新增'),
('025018','CV','N','1','TE','*','*,','00301046','强制触发','1','900001','2020-05-20','批量新增'),
('025019','CV','N','1','TE','*','*,','00301021','强制触发','1','900001','2020-05-20','批量新增'),
('025020','CV','N','1','TE','*','*,','00301021','强制触发','1','900001','2020-05-20','批量新增'),
('025021','CV','N','1','TE','*','*,','00301024','强制触发','1','900001','2020-05-20','批量新增'),
('025022','CV','N','1','TE','*','*,','00301041','强制触发','1','900001','2020-05-20','批量新增'),
('025023','CV','N','1','TE','*','*,','00301040','强制触发','1','900001','2020-05-20','批量新增'),
('025024','CV','N','1','TE','*','*,','00301043','强制触发','1','900001','2020-05-20','批量新增'),
('025025','CV','N','1','TE','*','*,','00301044','强制触发','1','900001','2020-05-20','批量新增'),
('025026','CV','N','1','TE','*','*,','00301042','强制触发','1','900001','2020-05-20','批量新增'),
('025027','CV','N','1','TE','*','*,','00301028','强制触发','1','900001','2020-05-20','批量新增'),
('025028','CV','N','1','TE','*','*,','00301029','强制触发','1','900001','2020-05-20','批量新增'),
('025029','CV','N','1','TE','*','*,','00301030','强制触发','1','900001','2020-05-20','批量新增'),
('025030','CV','N','1','TE','*','*,','00201098','强制触发','1','900001','2020-05-20','批量新增');

-- IB_OM_MODE_INFO insert
INSERT INTO IB_OM_MODE_INFO (RULE_MODE_NO,FIELD_SEQ_NO,FIELD_NM,FIELD_DICTRY_NM,RULE_MODE_TYP_CD) VALUES
('CV25000','1','ref','CRTF_TYP','CV'),
('CV25000','2','CV','1','CV'),
('CV25000','3','CC','1','CV'),
('CV25000','4','CF','2','CV'),
('CV25000','5','IC','1','CV'),
('CV25001','6','ref','ACCT_NO','CV'),
('CV25001','7','CV','1','CV'),
('CV25001','8','CC','1','CV'),
('CV25001','9','CF','1','CV'),
('CV25001','10','IC','1','CV'),
('CV25002','11','ref','CRTF_TYP','CV'),
('CV25002','12','CV','1','CV'),
('CV25002','13','CC','1','CV'),
('CV25002','14','CF','1','CV'),
('CV25002','15','IC','1','CV'),
('CV25003','16','ref','CRTF_TYP','CV'),
('CV25003','17','CV','1','CV'),
('CV25003','18','CC','1','CV'),
('CV25003','19','CF','1','CV'),
('CV25003','20','IC','1','CV'),
('CV25004','21','ref','CRTF_TYP','CV'),
('CV25004','22','CV','1','CV'),
('CV25004','23','CC','1','CV'),
('CV25004','24','CF','1','CV'),
('CV25004','25','IC','1','CV'),
('CV25005','26','ref','CRTF_TYP','CV'),
('CV25005','27','CV','1','CV'),
('CV25005','28','CC','1','CV'),
('CV25005','29','CF','1','CV'),
('CV25005','30','IC','1','CV'),
('CV25006','31','ref','CRTF_TYP','CV'),
('CV25006','32','CV','1','CV'),
('CV25006','33','CC','1','CV'),
('CV25006','34','CF','1','CV'),
('CV25006','35','IC','1','CV'),
('CV25007','36','ref','CRTF_TYP','CV'),
('CV25007','37','CV','1','CV'),
('CV25007','38','CC','1','CV'),
('CV25007','39','CF','1','CV'),
('CV25007','40','IC','1','CV'),
('CV25008','41','ref','CRTF_TYP','CV'),
('CV25008','42','CV','1','CV'),
('CV25008','43','CC','1','CV'),
('CV25008','44','CF','1','CV'),
('CV25008','45','IC','1','CV'),
('CV25009','46','ref','CRTF_TYP','CV'),
('CV25009','47','CV','1','CV'),
('CV25009','48','CC','1','CV'),
('CV25009','49','CF','1','CV'),
('CV25009','50','IC','1','CV'),
('CV25010','51','ref','CARD_NO','CV'),
('CV25010','52','CV','1','CV'),
('CV25010','53','CC','1','CV'),
('CV25010','54','CF','1','CV'),
('CV25010','55','IC','1','CV'),
('CV25011','56','ref','ACCT_NO','CV'),
('CV25011','57','CV','1','CV'),
('CV25011','58','CC','1','CV'),
('CV25011','59','CF','1','CV'),
('CV25011','60','IC','1','CV'),
('CV25012','61','ref','CARD_NO','CV'),
('CV25012','62','CV','1','CV'),
('CV25012','63','CC','1','CV'),
('CV25012','64','CF','1','CV'),
('CV25012','65','IC','1','CV'),
('CV25013','66','ref','NO','CV'),
('CV25013','67','CV','1','CV'),
('CV25013','68','CC','1','CV'),
('CV25013','69','CF','1','CV'),
('CV25013','70','IC','1','CV'),
('CV25014','71','ref','ACCT_NO','CV'),
('CV25014','72','CV','1','CV'),
('CV25014','73','CC','1','CV'),
('CV25014','74','CF','1','CV'),
('CV25014','75','IC','1','CV'),
('CV25015','76','ref','ACCT_NO','CV'),
('CV25015','77','CV','1','CV'),
('CV25015','78','CC','1','CV'),
('CV25015','79','CF','1','CV'),
('CV25015','80','IC','1','CV'),
('CV25016','81','ref','showReg_ACCT_NO','CV'),
('CV25016','82','CV','1','CV'),
('CV25016','83','CC','1','CV'),
('CV25016','84','CF','1','CV'),
('CV25016','85','IC','1','CV'),
('CV25017','86','ref','showCal_ACCT_NO','CV'),
('CV25017','87','CV','1','CV'),
('CV25017','88','CC','1','CV'),
('CV25017','89','CF','1','CV'),
('CV25017','90','IC','1','CV'),
('CV25018','91','ref','RECVR_ACCT_NO','CV'),
('CV25018','92','CV','1','CV'),
('CV25018','93','CC','1','CV'),
('CV25018','94','CF','1','CV'),
('CV25018','95','IC','1','CV'),
('CV25019','96','ref','RECVR_ACCT_NO','CV'),
('CV25019','97','CV','1','CV'),
('CV25019','98','CC','1','CV'),
('CV25019','99','CF','1','CV'),
('CV25019','100','IC','1','CV'),
('CV25020','101','ref','PAY_RW_BNKNO','CV'),
('CV25020','102','CV','1','CV'),
('CV25020','103','CC','1','CV'),
('CV25020','104','CF','1','CV'),
('CV25020','105','IC','1','CV'),
('CV25021','106','ref','CARD_NO','CV'),
('CV25021','107','CV','1','CV'),
('CV25021','108','CC','1','CV'),
('CV25021','109','CF','1','CV'),
('CV25021','110','IC','1','CV'),
('CV25022','111','ref','TSFOUT_CARD_NO','CV'),
('CV25022','112','CV','1','CV'),
('CV25022','113','CC','1','CV'),
('CV25022','114','CF','1','CV'),
('CV25022','115','IC','1','CV'),
('CV25023','116','ref','CARD_NO','CV'),
('CV25023','117','CV','1','CV'),
('CV25023','118','CC','1','CV'),
('CV25023','119','CF','1','CV'),
('CV25023','120','IC','1','CV'),
('CV25024','121','ref','CARD_NO','CV'),
('CV25024','122','CV','1','CV'),
('CV25024','123','CC','1','CV'),
('CV25024','124','CF','1','CV'),
('CV25024','125','IC','1','CV'),
('CV25025','126','ref','CARD_NO','CV'),
('CV25025','127','CV','1','CV'),
('CV25025','128','CC','1','CV'),
('CV25025','129','CF','1','CV'),
('CV25025','130','IC','1','CV'),
('CV25026','131','ref','TSFOUT_CARD_ACCTNM','CV'),
('CV25026','132','CV','1','CV'),
('CV25026','133','CC','1','CV'),
('CV25026','134','CF','1','CV'),
('CV25026','135','IC','1','CV'),
('CV25027','136','ref','ACCT_NO','CV'),
('CV25027','137','CV','1','CV'),
('CV25027','138','CC','1','CV'),
('CV25027','139','CF','1','CV'),
('CV25027','140','IC','1','CV'),
('CV25028','141','ref','ACCT_NO','CV'),
('CV25028','142','CV','1','CV'),
('CV25028','143','CC','1','CV'),
('CV25028','144','CF','1','CV'),
('CV25028','145','IC','1','CV'),
('CV25029','146','ref','ACCT_NO','CV'),
('CV25029','147','CV','1','CV'),
('CV25029','148','CC','1','CV'),
('CV25029','149','CF','1','CV'),
('CV25029','150','IC','1','CV'),
('CV25030','151','ref','CARD_NO','CV'),
('CV25030','152','CV','1','CV'),
('CV25030','153','CC','1','CV'),
('CV25030','154','CF','1','CV'),
('CV25030','155','IC','1','CV');

-- IB_OM_RULECOND_RLT insert
INSERT INTO IB_OM_RULECOND_RLT (RULE_COND_NO,CMPL_MODE_FLG,OPRTN_RULE_NO) VALUES
('CV25000','0','025000'),
('CV25001','0','025001'),
('CV25002','0','025002'),
('CV25003','0','025003'),
('CV25004','0','025004'),
('CV25005','0','025005'),
('CV25006','0','025006'),
('CV25007','0','025007'),
('CV25008','0','025008'),
('CV25009','0','025009'),
('CV25010','0','025010'),
('CV25011','0','025011'),
('CV25012','0','025012'),
('CV25013','0','025013'),
('CV25014','0','025014'),
('CV25015','0','025015'),
('CV25016','0','025016'),
('CV25017','0','025017'),
('CV25018','0','025018'),
('CV25019','0','025019'),
('CV25020','0','025020'),
('CV25021','0','025021'),
('CV25022','0','025022'),
('CV25023','0','025023'),
('CV25024','0','025024'),
('CV25025','0','025025'),
('CV25026','0','025026'),
('CV25027','0','025027'),
('CV25028','0','025028'),
('CV25029','0','025029'),
('CV25030','0','025030');

