
SET AUTOCOMMIT=0;
BEGIN;

  
-- IB_OM_RULE_INFO insert
INSERT INTO IB_OM_RULE_INFO (RULE_NO,RULE_TYP_CD,HOLI_FLG,RULE_TRI_POSITION,SUIT_CHNL_SCP,SUIT_LPR_SCP,SUIT_ORG_SCP,SUIT_TX_SCP,RULE_COMNT,EFFT_FLG,OPER_TELR_NO,OPER_DT,OPER_RSN) VALUES

('050000','DH','N','1','TE','9999','*,','00401020','无规则说明','1','900001','2019-08-16','批量新增'),
('050001','DH','N','1','TE','9999','*,','00302011','客户类型','1','900001','2019-08-16','批量新增'),
('050002','DH','N','1','TE','9999','*,','00201014','公私标志','1','900001','2019-08-16','批量新增'),
('050003','DH','N','1','TE','9999','*,','00201015','操作标志','1','900001','2019-08-16','批量新增'),
('050004','DH','N','1','TE','9999','*,','00201015','操作标志','1','900001','2019-08-16','批量新增'),
('050005','DH','N','1','TE','9999','*,','00301005','客户类型','1','900001','2019-08-16','批量新增'),
('050006','DH','N','1','TE','9999','*,','00201022','无规则说明','1','900001','2019-08-16','批量新增'),
('050007','DH','N','1','TE','9999','*,','00302002','客户类型','1','900001','2019-08-16','批量新增'),
('050008','DH','N','1','TE','9999','*,','00302008','客户类型','1','900001','2019-08-16','批量新增'),
('050009','DH','N','1','TE','9999','*,','00302009','客户类型','1','900001','2019-08-16','批量新增'),
('050010','DH','N','1','TE','9999','*,','00302010','客户类型','1','900001','2019-08-16','批量新增'),
('050011','DH','N','1','TE','9999','*,','00301015','客户类型','1','900001','2019-08-16','批量新增'),
('050012','DH','N','1','TE','9999','*,','00302018','客户类型','1','900001','2019-08-16','批量新增'),
('050013','DH','N','1','TE','9999','*,','00302017','客户类型','1','900001','2019-08-16','批量新增'),
('050014','DH','N','1','TE','9999','*,','00302021','客户类型','1','900001','2019-08-16','批量新增'),
('050015','DH','N','1','TE','9999','*,','00303005','客户类型','1','900001','2019-08-16','批量新增'),
('050016','DH','N','1','TE','9999','*,','00302016','交易金额','1','900001','2019-08-16','批量新增'),
('050017','DH','N','1','TE','9999','*,','00301007','客户类型','1','900001','2019-08-16','批量新增'),
('050018','DH','N','1','TE','9999','*,','00201002','无规则说明','1','900001','2019-08-16','批量新增'),
('050019','DH','N','1','TE','9999','*,','00103003','客户类型','1','900001','2019-08-16','批量新增'),
('050020','DH','N','1','TE','9999','*,','00103004','客户类型','1','900001','2019-08-16','批量新增'),
('050021','DH','N','1','TE','9999','*,','00103005','客户类型','1','900001','2019-08-16','批量新增'),
('050022','DH','N','1','TE','9999','*,','00201021','客户类型','1','900001','2019-08-16','批量新增'),
('050023','DH','N','1','TE','9999','*,','00302019','客户类型','1','900001','2019-08-16','批量新增'),
('050024','DH','N','1','TE','9999','*,','00302004','客户类型','1','900001','2019-08-16','批量新增'),
('050025','DH','N','1','TE','9999','*,','00103002','客户类型','1','900001','2019-08-16','批量新增'),
('050026','DH','N','1','TE','9999','*,','00503012_1','客户类型','1','900001','2019-08-16','批量新增'),
('050027','DH','N','1','TE','9999','*,','00602003','客户类型','1','900001','2019-08-16','批量新增'),
('050028','DH','N','1','TE','9999','*,','00301018','客户类型','1','900001','2019-08-16','批量新增'),
('050029','DH','N','1','TE','9999','*,','00301002','客户类型','1','900001','2019-08-16','批量新增'),
('050030','DH','N','1','TE','9999','*,','00502202','交易金额','1','900001','2019-08-16','批量新增'),
('050031','DH','N','1','TE','9999','*,','00502203','交易金额','1','900001','2019-08-16','批量新增'),
('050032','DH','N','1','TE','9999','*,','00502102','交易金额','1','900001','2019-08-16','批量新增'),
('050033','DH','N','1','TE','9999','*,','00502104','交易金额','1','900001','2019-08-16','批量新增'),
('050034','DH','N','1','TE','9999','*,','00201016','客户类型','1','900001','2019-08-16','批量新增'),
('050035','DH','N','1','TE','9999','*,','00201016','客户类型','1','900001','2019-08-16','批量新增'),
('050036','DH','N','1','TE','9999','*,','00201005','公私标志','1','900001','2019-08-16','批量新增'),
('050037','DH','N','1','TE','9999','*,','00201005','客户类型','1','900001','2019-08-16','批量新增');
-- IB_OM_RULECOND_INFO insert
INSERT INTO IB_OM_RULECOND_INFO (OPRTN_COND_NO,DICTRY_NM,OPER_SYM_1,CMPR_VAL,OPER_SYM_2,VALUE2,TRAN_CD,COND_DESCR,OPER_TELR_NO,OPER_DT,OPER_RSN,CMPR_VAL_DATA_DICTRY_FLG,PUB_DICTRY_FLG,DICTRY_DESCR) VALUES

('DH50001','custTypeCd','!=','0','','','00302011','转出方账户是对公且交易金额大于等于50万','900001','2019-08-16','批量新增','1','0','0'),
('DH50001','txAmt','>=','500000','','','00302011','转出方账户是对公且交易金额大于等于50万','900001','2019-08-16','批量新增','1','0','500000'),
('DH50002','pubPrivFlgCd','==','1','','','00201014','补开账户对公','900001','2019-08-16','批量新增','1','0','1'),
('DH50003','pageOperFlgCd','==','0','','','00201015','账户对公且设置或重置密码','900001','2019-08-16','批量新增','1','0','0'),
('DH50003','customerType','in','1,2','','','00201015','账户对公且设置或重置密码','900001','2019-08-16','批量新增','1','0','1,2'),
('DH50004','pageOperFlgCd','==','1','','','00201015','账户对公且设置或重置密码','900001','2019-08-16','批量新增','1','0','1'),
('DH50004','customerType','in','1,2','','','00201015','账户对公且设置或重置密码','900001','2019-08-16','批量新增','1','0','1,2'),
('DH50005','custType','!=','0','','','00301005','转出方账户是对公且交易金额大于等于50万','900001','2019-08-16','批量新增','1','0','0'),
('DH50005','txAmt','>=','500000','','','00301005','转出方账户是对公且交易金额大于等于50万','900001','2019-08-16','批量新增','1','0','500000'),
('DH50006','CUST_TYP_CD','!=','0','','','00201022','账号客户类型为对公','900001','2019-08-16','批量新增','1','0','0'),
('DH50007','csttype','!=','0','','','00302002','转出方账户是对公且交易金额大于等于50万','900001','2019-08-16','批量新增','1','0','0'),
('DH50007','txAmt','>=','500000','','','00302002','转出方账户是对公且交易金额大于等于50万','900001','2019-08-16','批量新增','1','0','500000'),
('DH50008','csttype','!=','0','','','00302008','转出方账户是对公且交易金额大于等于50万','900001','2019-08-16','批量新增','1','0','0'),
('DH50008','txAmt','>=','500000','','','00302008','转出方账户是对公且交易金额大于等于50万','900001','2019-08-16','批量新增','1','0','500000'),
('DH50009','csttype','!=','0','','','00302009','转出方账户是对公且交易金额大于等于50万','900001','2019-08-16','批量新增','1','0','0'),
('DH50009','txAmt','>=','500000','','','00302009','转出方账户是对公且交易金额大于等于50万','900001','2019-08-16','批量新增','1','0','500000'),
('DH50010','csttype','!=','0','','','00302010','转出方账户是对公且交易金额大于等于50万','900001','2019-08-16','批量新增','1','0','0'),
('DH50010','txAmt','>=','500000','','','00302010','转出方账户是对公且交易金额大于等于50万','900001','2019-08-16','批量新增','1','0','500000'),
('DH50011','cust_type','!=','0','','','00301015','账户是对公且交易金额大于等于20万','900001','2019-08-16','批量新增','1','0','0'),
('DH50011','txAmt','>=','200000','','','00301015','账户是对公且交易金额大于等于20万','900001','2019-08-16','批量新增','1','0','200000'),
('DH50012','cust_type','!=','0','','','00302018','账户是对公且交易金额大于等于50万','900001','2019-08-16','批量新增','1','0','0'),
('DH50012','txAmt','>=','500000','','','00302018','账户是对公且交易金额大于等于50万','900001','2019-08-16','批量新增','1','0','500000'),
('DH50013','Payr_Acct_Typ','!=','0','','','00302017','账户是对公且交易金额大于等于50万','900001','2019-08-16','批量新增','1','0','0'),
('DH50013','remitAmount','>=','500000','','','00302017','账户是对公且交易金额大于等于50万','900001','2019-08-16','批量新增','1','0','500000'),
('DH50014','csttype','!=','0','','','00302021','账号客户类型为对公且交易金额大于等于50万','900001','2019-08-16','批量新增','1','0','0'),
('DH50014','partAmt','>=','500000','','','00302021','账号客户类型为对公且交易金额大于等于50万','900001','2019-08-16','批量新增','1','0','500000'),
('DH50015','custTypCd','in','1,2','','','00303005','账号客户类型为对公且交易金额大于等于50万','900001','2019-08-16','批量新增','1','0','1,2'),
('DH50015','tran_amt','>=','500000','','','00303005','账号客户类型为对公且交易金额大于等于50万','900001','2019-08-16','批量新增','1','0','500000'),
('DH50016','TX_Amt','>=','500000','','','00302016','账号客户类型为对公且交易金额大于等于50万','900001','2019-08-16','批量新增','1','0','500000'),
('DH50017','custtyp','!=','0','','','00301007','账号客户类型为对公且交易金额大于等于20万','900001','2019-08-16','批量新增','1','0','0'),
('DH50017','txAmt','>=','200000','','','00301007','账号客户类型为对公且交易金额大于等于20万','900001','2019-08-16','批量新增','1','0','200000'),
('DH50019','crtfTyp','in','1,2','','','00103003','账号客户类型为对公','900001','2019-08-16','批量新增','1','0','1,2'),
('DH50020','crtfTyp','in','1,2','','','00103004','账号客户类型为对公','900001','2019-08-16','批量新增','1','0','1,2'),
('DH50021','cstType','in','1,2','','','00103005','账号客户类型为对公','900001','2019-08-16','批量新增','1','0','1,2'),
('DH50022','CUST_TYP','in','1,2','','','00201021','账号客户类型为对公','900001','2019-08-16','批量新增','1','0','1,2'),
('DH50023','cust_type','in','1,2','','','00302019','账户是对公且交易金额大于等于50万','900001','2019-08-16','批量新增','1','0','1,2'),
('DH50023','txAmt','>=','500000','','','00302019','账户是对公且交易金额大于等于50万','900001','2019-08-16','批量新增','1','0','500000'),
('DH50024','csttype','!=','0','','','00302004','转出方账户是对公且交易金额大于等于50万','900001','2019-08-16','批量新增','1','0','0'),
('DH50024','txAmt','>=','500000','','','00302004','转出方账户是对公且交易金额大于等于50万','900001','2019-08-16','批量新增','1','0','500000'),
('DH50025','crtfTyp','in','1,2','','','00103002','账号客户类型为对公','900001','2019-08-16','批量新增','1','0','1,2'),
('DH50026','custType','>=','500000','','','00503012_1','账号客户类型为对公','900001','2019-08-16','批量新增','1','0','500000'),
('DH50026','txAmt','>=','200000','','','00503012_1','账号客户类型为对公','900001','2019-08-16','批量新增','1','0','200000'),
('DH50027','cstType','!=','0','','','00602003','账号客户类型为对公且交易金额大于等于50万','900001','2019-08-16','批量新增','1','0','0'),
('DH50027','ufrzpyAmt','>=','500000','','','00602003','账号客户类型为对公且交易金额大于等于50万','900001','2019-08-16','批量新增','1','0','500000'),
('DH50028','custType','!=','0','','','00301018','账号客户类型为对公且交易金额大于等于20万','900001','2019-08-16','批量新增','1','0','0'),
('DH50028','txAmt','>=','200000','','','00301018','账号客户类型为对公且交易金额大于等于20万','900001','2019-08-16','批量新增','1','0','200000'),
('DH50029','custType','!=','0','','','00301002','账号客户类型为对公且交易金额大于等于20万','900001','2019-08-16','批量新增','1','0','0'),
('DH50029','txAmt','>=','200000','','','00301002','账号客户类型为对公且交易金额大于等于20万','900001','2019-08-16','批量新增','1','0','200000'),
('DH50030','totlAmt','>=','200000','','','00502202','账号客户类型为对公且交易金额大于等于20万','900001','2019-08-16','批量新增','1','0','200000'),
('DH50030','CUST_TYP_CD','in','1,2','','','00502202','账号客户类型为对公且交易金额大于等于20万','900001','2019-08-16','批量新增','1','0','1,2'),
('DH50031','aprptAmt','>=','200000','','','00502203','账号客户类型为对公且交易金额大于等于20万','900001','2019-08-16','批量新增','1','0','200000'),
('DH50031','CUST_TYP_CD','in','1,2','','','00502203','账号客户类型为对公且交易金额大于等于20万','900001','2019-08-16','批量新增','1','0','1,2'),
('DH50032','totlAmt','>=','200000','','','00502102','账号客户类型为对公且交易金额大于等于20万','900001','2019-08-16','批量新增','1','0','200000'),
('DH50032','CUST_TYP_CD','in','1,2','','','00502102','账号客户类型为对公且交易金额大于等于20万','900001','2019-08-16','批量新增','1','0','1,2'),
('DH50033','wthmnyTotlAmt','>=','200000','','','00502104','账号客户类型为对公且交易金额大于等于20万','900001','2019-08-16','批量新增','1','0','200000'),
('DH50033','CUST_TYP_CD','in','1,2','','','00502104','账号客户类型为对公且交易金额大于等于20万','900001','2019-08-16','批量新增','1','0','1,2'),
('DH50034','custTypeCd1','in','1,2','','','00201016','账户对公','900001','2019-08-16','批量新增','1','0','1,2'),
('DH50035','custTypeCd2','in','1,2','','','00201016','账户对公','900001','2019-08-16','批量新增','1','0','1,2'),
('DH50036','PUB_PRIV_FLG_CD','==','1','','','00201005','账户对公','900001','2019-08-16','批量新增','1','0','1'),
('DH50037','CUST_TYP_CD','in','1,2','','','00201005','账户对公','900001','2019-08-16','批量新增','1','0','1,2');
-- IB_OM_RULECOND_RLT insert
INSERT INTO IB_OM_RULECOND_RLT (RULE_COND_NO,CMPL_MODE_FLG,OPRTN_RULE_NO) VALUES

('DH50000','0','050000'),
('DH50001','1','050001'),
('DH50002','1','050002'),
('DH50003','1','050003'),
('DH50004','1','050004'),
('DH50005','1','050005'),
('DH50006','1','050006'),
('DH50007','1','050007'),
('DH50008','1','050008'),
('DH50009','1','050009'),
('DH50010','1','050010'),
('DH50011','1','050011'),
('DH50012','1','050012'),
('DH50013','1','050013'),
('DH50014','1','050014'),
('DH50015','1','050015'),
('DH50016','1','050016'),
('DH50017','1','050017'),
('DH50018','0','050018'),
('DH50019','1','050019'),
('DH50020','1','050020'),
('DH50021','1','050021'),
('DH50022','1','050022'),
('DH50023','1','050023'),
('DH50024','1','050024'),
('DH50025','1','050025'),
('DH50026','1','050026'),
('DH50027','1','050027'),
('DH50028','1','050028'),
('DH50029','1','050029'),
('DH50030','1','050030'),
('DH50031','1','050031'),
('DH50032','1','050032'),
('DH50033','1','050033'),
('DH50034','1','050034'),
('DH50035','1','050035'),
('DH50036','1','050036'),
('DH50037','1','050037');
-- IB_OM_MODE_INFO insert
INSERT INTO IB_OM_MODE_INFO (RULE_MODE_NO,FIELD_SEQ_NO,FIELD_NM,FIELD_DICTRY_NM,RULE_MODE_TYP_CD) VALUES

('DH50000','1','doubleLineField','doubleLineValue','DH'),
('DH50001','2','doubleLineField','doubleLineValue','DH'),
('DH50001','3','doubleLineField','doubleLineValue','DH'),
('DH50002','4','doubleLineField','doubleLineValue','DH'),
('DH50003','5','doubleLineField','doubleLineValue','DH'),
('DH50003','6','doubleLineField','doubleLineValue','DH'),
('DH50004','7','doubleLineField','doubleLineValue','DH'),
('DH50004','8','doubleLineField','doubleLineValue','DH'),
('DH50005','9','doubleLineField','doubleLineValue','DH'),
('DH50005','10','doubleLineField','doubleLineValue','DH'),
('DH50006','11','doubleLineField','doubleLineValue','DH'),
('DH50007','12','doubleLineField','doubleLineValue','DH'),
('DH50007','13','doubleLineField','doubleLineValue','DH'),
('DH50008','14','doubleLineField','doubleLineValue','DH'),
('DH50008','15','doubleLineField','doubleLineValue','DH'),
('DH50009','16','doubleLineField','doubleLineValue','DH'),
('DH50009','17','doubleLineField','doubleLineValue','DH'),
('DH50010','18','doubleLineField','doubleLineValue','DH'),
('DH50010','19','doubleLineField','doubleLineValue','DH'),
('DH50011','20','doubleLineField','doubleLineValue','DH'),
('DH50011','21','doubleLineField','doubleLineValue','DH'),
('DH50012','22','doubleLineField','doubleLineValue','DH'),
('DH50012','23','doubleLineField','doubleLineValue','DH'),
('DH50013','24','doubleLineField','doubleLineValue','DH'),
('DH50013','25','doubleLineField','doubleLineValue','DH'),
('DH50014','26','doubleLineField','doubleLineValue','DH'),
('DH50014','27','doubleLineField','doubleLineValue','DH'),
('DH50015','28','doubleLineField','doubleLineValue','DH'),
('DH50015','29','doubleLineField','doubleLineValue','DH'),
('DH50016','30','doubleLineField','doubleLineValue','DH'),
('DH50017','31','doubleLineField','doubleLineValue','DH'),
('DH50017','32','doubleLineField','doubleLineValue','DH'),
('DH50018','33','doubleLineField','doubleLineValue','DH'),
('DH50019','34','doubleLineField','doubleLineValue','DH'),
('DH50020','35','doubleLineField','doubleLineValue','DH'),
('DH50021','36','doubleLineField','doubleLineValue','DH'),
('DH50022','37','doubleLineField','doubleLineValue','DH'),
('DH50023','38','doubleLineField','doubleLineValue','DH'),
('DH50023','39','doubleLineField','doubleLineValue','DH'),
('DH50024','40','doubleLineField','doubleLineValue','DH'),
('DH50024','41','doubleLineField','doubleLineValue','DH'),
('DH50025','42','doubleLineField','doubleLineValue','DH'),
('DH50026','43','doubleLineField','doubleLineValue','DH'),
('DH50026','44','doubleLineField','doubleLineValue','DH'),
('DH50027','45','doubleLineField','doubleLineValue','DH'),
('DH50027','46','doubleLineField','doubleLineValue','DH'),
('DH50028','47','doubleLineField','doubleLineValue','DH'),
('DH50028','48','doubleLineField','doubleLineValue','DH'),
('DH50029','49','doubleLineField','doubleLineValue','DH'),
('DH50029','50','doubleLineField','doubleLineValue','DH'),
('DH50030','51','doubleLineField','doubleLineValue','DH'),
('DH50030','52','doubleLineField','doubleLineValue','DH'),
('DH50031','53','doubleLineField','doubleLineValue','DH'),
('DH50031','54','doubleLineField','doubleLineValue','DH'),
('DH50032','55','doubleLineField','doubleLineValue','DH'),
('DH50032','56','doubleLineField','doubleLineValue','DH'),
('DH50033','57','doubleLineField','doubleLineValue','DH'),
('DH50033','58','doubleLineField','doubleLineValue','DH'),
('DH50034','59','doubleLineField','doubleLineValue','DH'),
('DH50035','60','doubleLineField','doubleLineValue','DH'),
('DH50036','61','doubleLineField','doubleLineValue','DH'),
('DH50037','62','doubleLineField','doubleLineValue','DH');
  
COMMIT;