
SET AUTOCOMMIT=0;
BEGIN;

  
-- IB_OM_RULE_INFO insert
INSERT INTO IB_OM_RULE_INFO (RULE_NO,RULE_TYP_CD,HOLI_FLG,RULE_TRI_POSITION,SUIT_CHNL_SCP,SUIT_LPR_SCP,SUIT_ORG_SCP,SUIT_TX_SCP,RULE_COMNT,EFFT_FLG,OPER_TELR_NO,OPER_DT,OPER_RSN) VALUES

("090000","CI","N","1","TE","001","*,","1","无规则说明","1","900001","2019-06-24","批量新增"),
("090001","CI","N","1","TE","001","*,","1","无规则说明","1","900001","2019-06-24","批量新增"),
("090002","CI","N","1","TE","001","*,","1","无规则说明","1","900001","2019-06-24","批量新增"),
("090003","CI","N","1","TE","001","*,","1","无规则说明","1","900001","2019-06-24","批量新增"),
("090004","CI","N","1","TE","001","*,","1","无规则说明","1","900001","2019-06-24","批量新增"),
("090005","CI","N","1","TE","001","*,","1","无规则说明","1","900001","2019-06-24","批量新增"),
("090006","CI","N","1","TE","001","*,","1","无规则说明","1","900001","2019-06-24","批量新增"),
("090007","CI","N","1","TE","001","*,","1","==","1","900001","2019-06-24","批量新增"),
("090008","CI","N","1","TE","001","*,","1","==","1","900001","2019-06-24","批量新增"),
("090009","CI","N","1","TE","001","*,","1","==","1","900001","2019-06-24","批量新增"),
("090010","CI","N","1","TE","001","*,","1","==","1","900001","2019-06-24","批量新增"),
("090011","CI","N","1","TE","001","*,","1","==","1","900001","2019-06-24","批量新增"),
("090012","CI","N","1","TE","001","*,","1","==","1","900001","2019-06-24","批量新增"),
("090013","CI","N","1","TE","001","*,","1","==","1","900001","2019-06-24","批量新增"),
("090014","CI","N","1","TE","001","*,","1","==","1","900001","2019-06-24","批量新增"),
("090015","CI","N","1","TE","001","*,","1","==","1","900001","2019-06-24","批量新增"),
("090016","CI","N","1","TE","001","*,","1","in","1","900001","2019-06-24","批量新增"),
("090017","CI","N","1","TE","001","*,","1","==","1","900001","2019-06-24","批量新增"),
("090018","CI","N","1","TE","001","*,","1","==","1","900001","2019-06-24","批量新增"),
("090019","CI","N","1","TE","001","*,","1","==","1","900001","2019-06-24","批量新增"),
("090020","CI","N","1","TE","001","*,","1","==","1","900001","2019-06-24","批量新增"),
("090021","CI","N","1","TE","001","*,","1","in","1","900001","2019-06-24","批量新增"),
("090022","CI","N","1","TE","001","*,","1","==","1","900001","2019-06-24","批量新增"),
("090023","CI","N","1","TE","001","*,","1","==","1","900001","2019-06-24","批量新增"),
("090024","CI","N","1","TE","001","*,","1","==","1","900001","2019-06-24","批量新增"),
("090025","CI","N","1","TE","001","*,","1","无规则说明","1","900001","2019-06-24","批量新增"),
("090026","CI","N","1","TE","001","*,","1","==","1","900001","2019-06-24","批量新增"),
("090027","CI","N","1","TE","001","*,","1","==","1","900001","2019-06-24","批量新增"),
("090028","CI","N","1","TE","001","*,","1","==","1","900001","2019-06-24","批量新增"),
("090029","CI","N","1","TE","001","*,","1","==","1","900001","2019-06-24","批量新增"),
("090030","CI","N","1","TE","001","*,","1","==","1","900001","2019-06-24","批量新增"),
("090031","CI","N","1","TE","001","*,","1","in","1","900001","2019-06-24","批量新增"),
("090032","CI","N","1","TE","001","*,","1","==","1","900001","2019-06-24","批量新增"),
("090033","CI","N","1","TE","001","*,","1","==","1","900001","2019-06-24","批量新增"),
("090034","CI","N","1","TE","001","*,","1","无规则说明","1","900001","2019-06-24","批量新增"),
("090035","CI","N","1","TE","001","*,","1","==","1","900001","2019-06-24","批量新增"),
("090036","CI","N","1","TE","001","*,","1","==","1","900001","2019-06-24","批量新增"),
("090037","CI","N","1","TE","001","*,","1","in","1","900001","2019-06-24","批量新增"),
("090038","CI","N","1","TE","001","*,","1","==","1","900001","2019-06-24","批量新增"),
("090039","CI","N","1","TE","001","*,","1","==","1","900001","2019-06-24","批量新增"),
("090040","CI","N","1","TE","001","*,","1","==","1","900001","2019-06-24","批量新增"),
("090041","CI","N","1","TE","001","*,","1","==","1","900001","2019-06-24","批量新增"),
("090042","CI","N","1","TE","001","*,","1","==","1","900001","2019-06-24","批量新增"),
("090043","CI","N","1","TE","001","*,","1",">","1","900001","2019-06-24","批量新增"),
("090044","CI","N","1","TE","001","*,","1","==","1","900001","2019-06-24","批量新增"),
("090045","CI","N","1","TE","001","*,","1",">","1","900001","2019-06-24","批量新增"),
("090046","CI","N","1","TE","001","*,","1","==","1","900001","2019-06-24","批量新增"),
("090047","CI","N","1","TE","001","*,","1","==","1","900001","2019-06-24","批量新增"),
("090048","CI","N","1","TE","001","*,","1","==","1","900001","2019-06-24","批量新增"),
("090049","CI","N","1","TE","001","*,","1","==","1","900001","2019-06-24","批量新增"),
("090050","CI","N","1","TE","001","*,","1","==","1","900001","2019-06-24","批量新增"),
("090051","CI","N","1","TE","001","*,","1","==","1","900001","2019-06-24","批量新增"),
("090052","CI","N","1","TE","001","*,","1","==","1","900001","2019-06-24","批量新增"),
("090053","CI","N","1","TE","001","*,","1","in","1","900001","2019-06-24","批量新增"),
("090054","CI","N","1","TE","001","*,","1","==","1","900001","2019-06-24","批量新增"),
("090055","CI","N","1","TE","001","*,","1","==","1","900001","2019-06-24","批量新增"),
("090056","CI","N","1","TE","001","*,","1","无规则说明","1","900001","2019-06-24","批量新增"),
("090057","CI","N","1","TE","001","*,","1","==","1","900001","2019-06-24","批量新增"),
("090058","CI","N","1","TE","001","*,","1","无规则说明","1","900001","2019-06-24","批量新增"),
("090059","CI","N","1","TE","001","*,","1","==","1","900001","2019-06-24","批量新增"),
("090060","CI","N","1","TE","001","*,","1","==","1","900001","2019-06-24","批量新增"),
("090061","CI","N","1","TE","001","*,","1","==","1","900001","2019-06-24","批量新增"),
("090062","CI","N","1","TE","001","*,","1","==","1","900001","2019-06-24","批量新增"),
("090063","CI","N","1","TE","001","*,","1","==","1","900001","2019-06-24","批量新增"),
("090064","CI","N","1","TE","001","*,","1","!=","1","900001","2019-06-24","批量新增"),
("090065","CI","N","1","TE","001","*,","1","!=","1","900001","2019-06-24","批量新增"),
("090066","CI","N","1","TE","001","*,","1","==","1","900001","2019-06-24","批量新增"),
("090067","CI","N","1","TE","001","*,","1","==","1","900001","2019-06-24","批量新增"),
("090068","CI","N","1","TE","001","*,","1","==","1","900001","2019-06-24","批量新增"),
("090069","CI","N","1","TE","001","*,","1","in","1","900001","2019-06-24","批量新增"),
("090070","CI","N","1","TE","001","*,","1","==","1","900001","2019-06-24","批量新增"),
("090071","CI","N","1","TE","001","*,","1","==","1","900001","2019-06-24","批量新增"),
("090072","CI","N","1","TE","001","*,","1","in","1","900001","2019-06-24","批量新增"),
("090073","CI","N","1","TE","001","*,","1","==","1","900001","2019-06-24","批量新增"),
("090074","CI","N","1","TE","001","*,","1","==","1","900001","2019-06-24","批量新增"),
("090075","CI","N","1","TE","001","*,","1","in","1","900001","2019-06-24","批量新增"),
("090076","CI","N","1","TE","001","*,","1","==","1","900001","2019-06-24","批量新增"),
("090077","CI","N","1","TE","001","*,","1","==","1","900001","2019-06-24","批量新增"),
("090078","CI","N","1","TE","001","*,","1","==","1","900001","2019-06-24","批量新增"),
("090079","CI","N","1","TE","001","*,","1","in","1","900001","2019-06-24","批量新增"),
("090080","CI","N","1","TE","001","*,","1","in","1","900001","2019-06-24","批量新增"),
("090081","CI","N","1","TE","001","*,","1","==","1","900001","2019-06-24","批量新增"),
("090082","CI","N","1","TE","001","*,","1","==","1","900001","2019-06-24","批量新增"),
("090083","CI","N","1","TE","001","*,","1","==","1","900001","2019-06-24","批量新增"),
("090084","CI","N","1","TE","001","*,","1","==","1","900001","2019-06-24","批量新增"),
("090085","CI","N","1","TE","001","*,","1","==","1","900001","2019-06-24","批量新增"),
("090086","CI","N","1","TE","001","*,","1","==","1","900001","2019-06-24","批量新增"),
("090087","CI","N","1","TE","001","*,","1","==","1","900001","2019-06-24","批量新增"),
("090088","CI","N","1","TE","001","*,","1","==","1","900001","2019-06-24","批量新增"),
("090089","CI","N","1","TE","001","*,","1","==","1","900001","2019-06-24","批量新增"),
("090090","CI","N","1","TE","001","*,","1","==","1","900001","2019-06-24","批量新增"),
("090091","CI","N","1","TE","001","*,","1","==","1","900001","2019-06-24","批量新增"),
("090092","CI","N","1","TE","001","*,","1","in","1","900001","2019-06-24","批量新增"),
("090093","CI","N","1","TE","001","*,","1","==","1","900001","2019-06-24","批量新增"),
("090094","CI","N","1","TE","001","*,","1","in","1","900001","2019-06-24","批量新增"),
("090095","CI","N","1","TE","001","*,","1","==","1","900001","2019-06-24","批量新增"),
("090096","CI","N","1","TE","001","*,","1","==","1","900001","2019-06-24","批量新增"),
("090097","CI","N","1","TE","001","*,","1","in","1","900001","2019-06-24","批量新增"),
("090098","CI","N","1","TE","001","*,","1","==","1","900001","2019-06-24","批量新增"),
("090099","CI","N","1","TE","001","*,","1","==","1","900001","2019-06-24","批量新增"),
("090100","CI","N","1","TE","001","*,","1","==","1","900001","2019-06-24","批量新增"),
("090101","CI","N","1","TE","001","*,","1","无规则说明","1","900001","2019-06-24","批量新增"),
("090102","CI","N","1","TE","001","*,","1","==","1","900001","2019-06-24","批量新增"),
("090103","CI","N","1","TE","001","*,","1","==","1","900001","2019-06-24","批量新增"),
("090104","CI","N","1","TE","001","*,","1","==","1","900001","2019-06-24","批量新增"),
("090105","CI","N","1","TE","001","*,","1","==","1","900001","2019-06-24","批量新增"),
("090106","CI","N","1","TE","001","*,","1","==","1","900001","2019-06-24","批量新增"),
("090107","CI","N","1","TE","001","*,","1","==","1","900001","2019-06-24","批量新增"),
("090108","CI","N","1","TE","001","*,","1","==","1","900001","2019-06-24","批量新增"),
("090109","CI","N","1","TE","001","*,","1","==","1","900001","2019-06-24","批量新增"),
("090110","CI","N","1","TE","001","*,","1","==","1","900001","2019-06-24","批量新增"),
("090111","CI","N","1","TE","001","*,","1","==","1","900001","2019-06-24","批量新增"),
("090112","CI","N","1","TE","001","*,","1","in","1","900001","2019-06-24","批量新增"),
("090113","CI","N","1","TE","001","*,","1","==","1","900001","2019-06-24","批量新增"),
("090114","CI","N","1","TE","001","*,","1","==","1","900001","2019-06-24","批量新增"),
("090115","CI","N","1","TE","001","*,","1","==","1","900001","2019-06-24","批量新增"),
("090116","CI","N","1","TE","001","*,","1","in","1","900001","2019-06-24","批量新增"),
("090117","CI","N","1","TE","001","*,","1","==","1","900001","2019-06-24","批量新增");
-- IB_OM_RULECOND_INFO insert
INSERT INTO IB_OM_RULECOND_INFO (OPRTN_COND_NO,DICTRY_NM,OPER_SYM_1,CMPR_VAL,OPER_SYM_2,VALUE2,TRAN_CD,COND_DESCR,OPER_TELR_NO,OPER_DT,OPER_RSN,CMPR_VAL_DATA_DICTRY_FLG,PUB_DICTRY_FLG,DICTRY_DESCR) VALUES

("CI90007","pubPrivFlgCd","==","1","","","00201014","公私标志","900001","2019-06-24","批量新增","1","0","公私标志"),
("CI90008","proxy","==","1","","","00301017","是否代理","900001","2019-06-24","批量新增","1","0","是否代理"),
("CI90009","proxy","==","","","","00301017","是否代理","900001","2019-06-24","批量新增","1","0","是否代理"),
("CI90010","proxy","==","1","","","00301015","是否代理","900001","2019-06-24","批量新增","1","0","是否代理"),
("CI90011","proxy","==","","","","00301015","是否代理","900001","2019-06-24","批量新增","1","0","是否代理"),
("CI90012","cust_type","==","1","","","00301015","客户类型","900001","2019-06-24","批量新增","1","0","客户类型"),
("CI90013","proxy","==","1","","","00302018","是否代理","900001","2019-06-24","批量新增","1","0","是否代理"),
("CI90014","proxy","==","","","","00302018","是否代理","900001","2019-06-24","批量新增","1","0","是否代理"),
("CI90015","cust_type","==","1","","","00302018","客户类型","900001","2019-06-24","批量新增","1","0","客户类型"),
("CI90016","mode","in","00100000,01100000,10100000,11100000","","","00302018","支取方式","900001","2019-06-24","批量新增","1","0","支取方式"),
("CI90017","proxy","==","1","","","00302007","是否代理","900001","2019-06-24","批量新增","1","0","是否代理"),
("CI90018","proxy","==","0","","","00302007","是否代理","900001","2019-06-24","批量新增","1","0","是否代理"),
("CI90019","proxy","==","1","","","00302013","是否代理","900001","2019-06-24","批量新增","1","0","是否代理"),
("CI90020","proxy","==","0","","","00302013","是否代理","900001","2019-06-24","批量新增","1","0","是否代理"),
("CI90021","mode","in","00100000,01100000,10100000,11100000","","","00302013","支取方式","900001","2019-06-24","批量新增","1","0","支取方式"),
("CI90022","operaFlg","==","1","","","00201011","操作标志","900001","2019-06-24","批量新增","1","0","操作标志"),
("CI90023","operaFlg","==","2","","","00201011","操作标志","900001","2019-06-24","批量新增","1","0","操作标志"),
("CI90024","operaFlg","==","3","","","00201011","操作标志","900001","2019-06-24","批量新增","1","0","操作标志"),
("CI90026","agencyFlag","==","1","","","00302022","是否代理","900001","2019-06-24","批量新增","1","0","是否代理"),
("CI90027","agencyFlag","==","0","","","00302022","是否代理","900001","2019-06-24","批量新增","1","0","是否代理"),
("CI90028","csttype","==","1","","","00302021","客户类型","900001","2019-06-24","批量新增","1","0","客户类型"),
("CI90029","AGEN_FLG","==","1","","","00303005","是否代理","900001","2019-06-24","批量新增","1","0","是否代理"),
("CI90030","AGEN_FLG","==","0","","","00303005","是否代理","900001","2019-06-24","批量新增","1","0","是否代理"),
("CI90031","draw_type","in","00100000,01100000,10100000,11100000","","","00303005","支取方式","900001","2019-06-24","批量新增","1","0","支取方式"),
("CI90032","custTypCd","==","1","","","00303005","客户类型","900001","2019-06-24","批量新增","1","0","客户类型"),
("CI90033","custTypCd","==","1","","","00303005","客户类型","900001","2019-06-24","批量新增","1","0","客户类型"),
("CI90035","isAgency","==","1","","","00302017","是否代理","900001","2019-06-24","批量新增","1","0","是否代理"),
("CI90036","isAgency","==","0","","","00302017","是否代理","900001","2019-06-24","批量新增","1","0","是否代理"),
("CI90037","commissionWay","in","00100000,01100000,10100000,11100000","","","00302017","支取方式","900001","2019-06-24","批量新增","1","0","支取方式"),
("CI90038","remitAmount","==","0","","","00302017","客户类型","900001","2019-06-24","批量新增","1","0","客户类型"),
("CI90039","isAgency","==","1","","","00302017","客户类型","900001","2019-06-24","批量新增","1","0","客户类型"),
("CI90040","remitAmount","==","1","","","00302017","客户类型","900001","2019-06-24","批量新增","1","0","客户类型"),
("CI90041","ACCT_NO","==","0","","","00303002","客户类型","900001","2019-06-24","批量新增","1","0","客户类型"),
("CI90042","x_DE_WA","==","退回客户现金","","","00303002","处理方式","900001","2019-06-24","批量新增","1","0","处理方式"),
("CI90043","txAmt",">","0","","","00301003","交易金额","900001","2019-06-24","批量新增","1","0","交易金额"),
("CI90044","csttype","==","0","","","00301003","客户类型","900001","2019-06-24","批量新增","1","0","客户类型"),
("CI90045","txAmt",">","0","","","00301004","交易金额","900001","2019-06-24","批量新增","1","0","交易金额"),
("CI90046","csttype","==","0","","","00301004","客户类型","900001","2019-06-24","批量新增","1","0","客户类型"),
("CI90047","agenFlg","==","1","","","00302002","是否代理","900001","2019-06-24","批量新增","1","0","是否代理"),
("CI90048","csttype","==","1","","","00302002","客户类型","900001","2019-06-24","批量新增","1","0","客户类型"),
("CI90049","agencyFlag","==","1","","","00302003","是否代理","900001","2019-06-24","批量新增","1","0","是否代理"),
("CI90050","agencyFlag","==","0","","","00302003","是否代理","900001","2019-06-24","批量新增","1","0","是否代理"),
("CI90051","where","==","1","","","00302006","是否代理","900001","2019-06-24","批量新增","1","0","是否代理"),
("CI90052","where","==","0","","","00302006","是否代理","900001","2019-06-24","批量新增","1","0","是否代理"),
("CI90053","mode","in","00100000,01100000,10100000,11100000","","","00302006","支取方式","900001","2019-06-24","批量新增","1","0","支取方式"),
("CI90054","where","==","1","","","00301006","是否代理","900001","2019-06-24","批量新增","1","0","是否代理"),
("CI90055","where","==","0","","","00301006","是否代理","900001","2019-06-24","批量新增","1","0","是否代理"),
("CI90057","pubPrivFlgCd","==","1","","","00201014","公私标志","900001","2019-06-24","批量新增","1","0","公私标志"),
("CI90059","customerType","==","1","","","00201015","客户类型","900001","2019-06-24","批量新增","1","0","客户类型"),
("CI90060","chkStat","==","1","","","00201015","共管账户标志","900001","2019-06-24","批量新增","1","0","共管账户标志"),
("CI90061","chkStat","==","1","","","00201015","共管账户标志","900001","2019-06-24","批量新增","1","0","共管账户标志"),
("CI90062","chkStat","==","0","","","00201015","共管账户标志","900001","2019-06-24","批量新增","1","0","共管账户标志"),
("CI90063","customerType","==","0","","","00201015","客户类型","900001","2019-06-24","批量新增","1","0","客户类型"),
("CI90064","pageFileOperTypCd","!=","0","","","00201016","操作类型","900001","2019-06-24","批量新增","1","0","操作类型"),
("CI90065","pageFileOperTypCd","!=","0","","","00201016","操作类型","900001","2019-06-24","批量新增","1","0","操作类型"),
("CI90066","pageFileOperTypCd","==","2","","","00201016","操作类型","900001","2019-06-24","批量新增","1","0","操作类型"),
("CI90067","agenFlg","==","1","","","00201016","是否代理","900001","2019-06-24","批量新增","1","0","是否代理"),
("CI90068","custTypeCdBankBook","==","1","","","00201016","客户类型","900001","2019-06-24","批量新增","1","0","客户类型"),
("CI90069","acctDrawManrCd3","in","00100000,01100000,10100000,11100000","","","00201016","支取方式","900001","2019-06-24","批量新增","1","0","支取方式"),
("CI90070","agenFlg","==","1","","","00302005","是否代理","900001","2019-06-24","批量新增","1","0","是否代理"),
("CI90071","agenFlg","==","0","","","00302005","是否代理","900001","2019-06-24","批量新增","1","0","是否代理"),
("CI90072","mode","in","00100000,01100000,10100000,11100000","","","00302005","支取方式","900001","2019-06-24","批量新增","1","0","支取方式"),
("CI90073","agenFlg","==","1","","","00301014","是否代理","900001","2019-06-24","批量新增","1","0","是否代理"),
("CI90074","agenFlg","==","0","","","00301014","是否代理","900001","2019-06-24","批量新增","1","0","是否代理"),
("CI90075","mode","in","00100000,01100000,10100000,11100000","","","00301014","支取方式","900001","2019-06-24","批量新增","1","0","支取方式"),
("CI90076","agenFlg","==","1","","","00302019","是否代理","900001","2019-06-24","批量新增","1","0","是否代理"),
("CI90077","agenFlg","==","0","","","00302019","是否代理","900001","2019-06-24","批量新增","1","0","是否代理"),
("CI90078","CUST_TYP_CD","==","1","","","00302019","客户类型","900001","2019-06-24","批量新增","1","0","客户类型"),
("CI90079","mode","in","00100000,01100000,10100000,11100000","","","00302019","支取方式","900001","2019-06-24","批量新增","1","0","支取方式"),
("CI90080","mode","in","00100000,01100000,10100000,11100000","","","00302020","支取方式","900001","2019-06-24","批量新增","1","0","支取方式"),
("CI90081","proxy","==","0","","","00302020","是否代理","900001","2019-06-24","批量新增","1","0","是否代理"),
("CI90082","JOINT_MGMT_ACCT_FLG","==","1","","","00201021","共管账户标志","900001","2019-06-24","批量新增","1","0","共管账户标志"),
("CI90083","CUST_TYP","==","1","","","00201021","客户类型","900001","2019-06-24","批量新增","1","0","客户类型"),
("CI90084","CUST_TYP","==","0","","","00201021","客户类型","900001","2019-06-24","批量新增","1","0","客户类型"),
("CI90085","CUST_TYP","==","1","","","00201022","客户类型","900001","2019-06-24","批量新增","1","0","客户类型"),
("CI90086","CUST_TYP","==","0","","","00201022","客户类型","900001","2019-06-24","批量新增","1","0","客户类型"),
("CI90087","pageOperFlgCd","==","1","","","00201009","操作标志","900001","2019-06-24","批量新增","1","0","操作标志"),
("CI90088","pageOperFlgCd","==","2","","","00201009","操作标志","900001","2019-06-24","批量新增","1","0","操作标志"),
("CI90089","pageOperFlgCd","==","3","","","00201009","操作标志","900001","2019-06-24","批量新增","1","0","操作标志"),
("CI90090","agenFlg","==","1","","","00302014","是否代理","900001","2019-06-24","批量新增","1","0","是否代理"),
("CI90091","agenFlg","==","0","","","00302014","是否代理","900001","2019-06-24","批量新增","1","0","是否代理"),
("CI90092","mode","in","00100000,01100000,10100000,11100000","","","00302014","支取方式","900001","2019-06-24","批量新增","1","0","支取方式"),
("CI90093","CUST_TYP_CD","==","1","","","00301007","客户类型","900001","2019-06-24","批量新增","1","0","客户类型"),
("CI90094","mode","in","00100000,01100000,10100000,11100000","","","00301007","支取方式","900001","2019-06-24","批量新增","1","0","支取方式"),
("CI90095","agenFlg","==","1","","","00302016","是否代理","900001","2019-06-24","批量新增","1","0","是否代理"),
("CI90096","agenFlg","==","0","","","00302016","是否代理","900001","2019-06-24","批量新增","1","0","是否代理"),
("CI90097","mode","in","00100000,01100000,10100000,11100000","","","00302016","支取方式","900001","2019-06-24","批量新增","1","0","支取方式"),
("CI90098","CUST_TYP_CD","==","1","","","00302016","客户类型","900001","2019-06-24","批量新增","1","0","客户类型"),
("CI90099","custtypcd","==","1","","","00302016","客户类型","900001","2019-06-24","批量新增","1","0","客户类型"),
("CI90100","handType","==","04","","","00303003_1","处理方式","900001","2019-06-24","批量新增","1","0","处理方式"),
("CI90102","custType","==","1","","","00302004","客户类型","900001","2019-06-24","批量新增","1","0","客户类型"),
("CI90103","custType","==","1","","","00301002","客户类型","900001","2019-06-24","批量新增","1","0","客户类型"),
("CI90104","custType","==","1","","","00301005","客户类型","900001","2019-06-24","批量新增","1","0","客户类型"),
("CI90105","agenFlg","==","1","","","00301005","是否代理","900001","2019-06-24","批量新增","1","0","是否代理"),
("CI90106","agenFlg","==","1","","","00301016","是否代理","900001","2019-06-24","批量新增","1","0","是否代理"),
("CI90107","agenFlg","==","0","","","00301016","是否代理","900001","2019-06-24","批量新增","1","0","是否代理"),
("CI90108","agenFlg","==","1","","","00301018","是否代理","900001","2019-06-24","批量新增","1","0","是否代理"),
("CI90109","custType","==","1","","","00301018","客户类型","900001","2019-06-24","批量新增","1","0","客户类型"),
("CI90110","isAgency","==","1","","","00305006","是否代理","900001","2019-06-24","批量新增","1","0","是否代理"),
("CI90111","isAgency","==","0","","","00305006","是否代理","900001","2019-06-24","批量新增","1","0","是否代理"),
("CI90112","paymentMth","in","00100000,01100000,10100000,11100000","","","00305006","支取方式","900001","2019-06-24","批量新增","1","0","支取方式"),
("CI90113","custType","==","0","","","00303006","客户类型","900001","2019-06-24","批量新增","1","0","客户类型"),
("CI90114","isAgency","==","1","","","00303007","是否代理","900001","2019-06-24","批量新增","1","0","是否代理"),
("CI90115","isAgency","==","0","","","00303007","是否代理","900001","2019-06-24","批量新增","1","0","是否代理"),
("CI90116","paymentMth","in","00100000,01100000,10100000,11100000","","","00303007","支取方式","900001","2019-06-24","批量新增","1","0","支取方式"),
("CI90117","custType","==","0","","","00201002","客户类型","900001","2019-06-24","批量新增","1","0","客户类型");
-- IB_OM_RULECOND_RLT insert
INSERT INTO IB_OM_RULECOND_RLT (RULE_COND_NO,CMPL_MODE_FLG,OPRTN_RULE_NO) VALUES

("CI90000","0","090000"),
("CI90001","0","090001"),
("CI90002","0","090002"),
("CI90003","0","090003"),
("CI90004","0","090004"),
("CI90005","0","090005"),
("CI90006","0","090006"),
("CI90007","1","090007"),
("CI90008","1","090008"),
("CI90009","1","090009"),
("CI90010","1","090010"),
("CI90011","1","090011"),
("CI90012","1","090012"),
("CI90013","1","090013"),
("CI90014","1","090014"),
("CI90015","1","090015"),
("CI90016","1","090016"),
("CI90017","1","090017"),
("CI90018","1","090018"),
("CI90019","1","090019"),
("CI90020","1","090020"),
("CI90021","1","090021"),
("CI90022","1","090022"),
("CI90023","1","090023"),
("CI90024","1","090024"),
("CI90025","0","090025"),
("CI90026","1","090026"),
("CI90027","1","090027"),
("CI90028","1","090028"),
("CI90029","1","090029"),
("CI90030","1","090030"),
("CI90031","1","090031"),
("CI90032","1","090032"),
("CI90033","1","090033"),
("CI90034","0","090034"),
("CI90035","1","090035"),
("CI90036","1","090036"),
("CI90037","1","090037"),
("CI90038","1","090038"),
("CI90039","1","090039"),
("CI90040","1","090040"),
("CI90041","1","090041"),
("CI90042","1","090042"),
("CI90043","1","090043"),
("CI90044","1","090044"),
("CI90045","1","090045"),
("CI90046","1","090046"),
("CI90047","1","090047"),
("CI90048","1","090048"),
("CI90049","1","090049"),
("CI90050","1","090050"),
("CI90051","1","090051"),
("CI90052","1","090052"),
("CI90053","1","090053"),
("CI90054","1","090054"),
("CI90055","1","090055"),
("CI90056","0","090056"),
("CI90057","1","090057"),
("CI90058","0","090058"),
("CI90059","1","090059"),
("CI90060","1","090060"),
("CI90061","1","090061"),
("CI90062","1","090062"),
("CI90063","1","090063"),
("CI90064","1","090064"),
("CI90065","1","090065"),
("CI90066","1","090066"),
("CI90067","1","090067"),
("CI90068","1","090068"),
("CI90069","1","090069"),
("CI90070","1","090070"),
("CI90071","1","090071"),
("CI90072","1","090072"),
("CI90073","1","090073"),
("CI90074","1","090074"),
("CI90075","1","090075"),
("CI90076","1","090076"),
("CI90077","1","090077"),
("CI90078","1","090078"),
("CI90079","1","090079"),
("CI90080","1","090080"),
("CI90081","1","090081"),
("CI90082","1","090082"),
("CI90083","1","090083"),
("CI90084","1","090084"),
("CI90085","1","090085"),
("CI90086","1","090086"),
("CI90087","1","090087"),
("CI90088","1","090088"),
("CI90089","1","090089"),
("CI90090","1","090090"),
("CI90091","1","090091"),
("CI90092","1","090092"),
("CI90093","1","090093"),
("CI90094","1","090094"),
("CI90095","1","090095"),
("CI90096","1","090096"),
("CI90097","1","090097"),
("CI90098","1","090098"),
("CI90099","1","090099"),
("CI90100","1","090100"),
("CI90101","1","090101"),
("CI90102","1","090102"),
("CI90103","1","090103"),
("CI90104","1","090104"),
("CI90105","1","090105"),
("CI90106","1","090106"),
("CI90107","1","090107"),
("CI90108","1","090108"),
("CI90109","1","090109"),
("CI90110","1","090110"),
("CI90111","1","090111"),
("CI90112","1","090112"),
("CI90113","1","090113"),
("CI90114","1","090114"),
("CI90115","1","090115"),
("CI90116","1","090116"),
("CI90117","1","090117");
-- IB_OM_MODE_INFO insert
INSERT INTO IB_OM_MODE_INFO (RULE_MODE_NO,FIELD_SEQ_NO,FIELD_NM,FIELD_DICTRY_NM,RULE_MODE_TYP_CD) VALUES

("CI90000","1","ref","aui-row_1","CI"),
("CI90000","2","NI","1","CI"),
("CI90000","3","FR","1","CI"),
("CI90001","4","ref","custom-input_2","CI"),
("CI90001","5","NI","1","CI"),
("CI90001","6","FR","1","CI"),
("CI90002","7","ref","custom-input-custNm","CI"),
("CI90002","8","NI","1","CI"),
("CI90002","9","FR","1","CI"),
("CI90003","10","ref","custom-input-custNm","CI"),
("CI90003","11","NI","1","CI"),
("CI90003","12","FR","1","CI"),
("CI90004","13","ref","custom-input-custNm","CI"),
("CI90004","14","NI","1","CI"),
("CI90004","15","FR","1","CI"),
("CI90005","16","ref","input-cstnm","CI"),
("CI90005","17","NI","1","CI"),
("CI90005","18","FR","1","CI"),
("CI90006","19","ref","custom-selector-crtfTypCd","CI"),
("CI90006","20","NI","1","CI"),
("CI90006","21","FR","","CI"),
("CI90007","22","ref","custom-selector-crtfTypCd","CI"),
("CI90007","23","NI","1","CI"),
("CI90007","24","FR","","CI"),
("CI90008","25","ref","custom-selector-proxy","CI"),
("CI90008","26","NI","1","CI"),
("CI90008","27","FR","","CI"),
("CI90009","28","ref","custom-selector-proxy","CI"),
("CI90009","29","NI","1","CI"),
("CI90009","30","FR","","CI"),
("CI90010","31","ref","custom-selector-proxy","CI"),
("CI90010","32","NI","1","CI"),
("CI90010","33","FR","","CI"),
("CI90011","34","ref","custom-selector-proxy","CI"),
("CI90011","35","NI","1","CI"),
("CI90011","36","FR","","CI"),
("CI90012","37","ref","custom-input-txAmt","CI"),
("CI90012","38","NI","1","CI"),
("CI90012","39","FR","","CI"),
("CI90013","40","ref","custom-selector-proxy","CI"),
("CI90013","41","NI","1","CI"),
("CI90013","42","FR","","CI"),
("CI90014","43","ref","custom-selector-proxy","CI"),
("CI90014","44","NI","1","CI"),
("CI90014","45","FR","","CI"),
("CI90015","46","ref","custom-input-txAmt","CI"),
("CI90015","47","NI","1","CI"),
("CI90015","48","FR","","CI"),
("CI90016","49","ref","custom-selector-proxy","CI"),
("CI90016","50","NI","1","CI"),
("CI90016","51","FR","","CI"),
("CI90017","52","ref","custom-selector-proxy","CI"),
("CI90017","53","NI","1","CI"),
("CI90017","54","FR","","CI"),
("CI90018","55","ref","custom-selector-proxy","CI"),
("CI90018","56","NI","1","CI"),
("CI90018","57","FR","","CI"),
("CI90019","58","ref","custom-selector-proxy","CI"),
("CI90019","59","NI","1","CI"),
("CI90019","60","FR","","CI"),
("CI90020","61","ref","custom-selector-proxy","CI"),
("CI90020","62","NI","1","CI"),
("CI90020","63","FR","","CI"),
("CI90021","64","ref","custom-selector-proxy","CI"),
("CI90021","65","NI","1","CI"),
("CI90021","66","FR","","CI"),
("CI90022","67","ref","custom-input-acctnm1","CI"),
("CI90022","68","NI","1","CI"),
("CI90022","69","FR","","CI"),
("CI90023","70","ref","custom-input-acctnm2","CI"),
("CI90023","71","NI","1","CI"),
("CI90023","72","FR","","CI"),
("CI90024","73","ref","custom-input-targetAcctnm","CI"),
("CI90024","74","NI","1","CI"),
("CI90024","75","FR","","CI"),
("CI90025","76","ref","custom-input-acctnm1","CI"),
("CI90025","77","NI","1","CI"),
("CI90025","78","FR","","CI"),
("CI90026","79","ref","custom-selector_5","CI"),
("CI90026","80","NI","1","CI"),
("CI90026","81","FR","","CI"),
("CI90027","82","ref","custom-selector_5","CI"),
("CI90027","83","NI","1","CI"),
("CI90027","84","FR","","CI"),
("CI90028","85","ref","custom-input_6","CI"),
("CI90028","86","NI","1","CI"),
("CI90028","87","FR","","CI"),
("CI90029","88","ref","custom-selector_agen","CI"),
("CI90029","89","NI","1","CI"),
("CI90029","90","FR","","CI"),
("CI90030","91","ref","custom-selector_agen","CI"),
("CI90030","92","NI","1","CI"),
("CI90030","93","FR","","CI"),
("CI90031","94","ref","支取方式","CI"),
("CI90031","95","NI","1","CI"),
("CI90031","96","FR","","CI"),
("CI90032","97","ref","custom-input_custTypCd","CI"),
("CI90032","98","NI","1","CI"),
("CI90032","99","FR","","CI"),
("CI90033","100","ref","custom-input_custTypCd","CI"),
("CI90033","101","NI","1","CI"),
("CI90033","102","FR","","CI"),
("CI90034","103","ref","custom-input_3","CI"),
("CI90034","104","NI","1","CI"),
("CI90034","105","FR","","CI"),
("CI90035","106","ref","custom-selector_4","CI"),
("CI90035","107","NI","1","CI"),
("CI90035","108","FR","","CI"),
("CI90036","109","ref","custom-selector_4","CI"),
("CI90036","110","NI","1","CI"),
("CI90036","111","FR","","CI"),
("CI90037","112","ref","custom-selector_commissionWay","CI"),
("CI90037","113","NI","1","CI"),
("CI90037","114","FR","","CI"),
("CI90038","115","ref","custom-input_remitAmount","CI"),
("CI90038","116","NI","1","CI"),
("CI90038","117","FR","","CI"),
("CI90039","118","ref","custom-selector_4","CI"),
("CI90039","119","NI","1","CI"),
("CI90039","120","FR","","CI"),
("CI90040","121","ref","custom-input_remitAmount","CI"),
("CI90040","122","NI","1","CI"),
("CI90040","123","FR","","CI"),
("CI90041","124","ref","custom-input-ACCT_NO","CI"),
("CI90041","125","NI","1","CI"),
("CI90041","126","FR","","CI"),
("CI90042","127","ref","custom-selector_x_DE_WA","CI"),
("CI90042","128","NI","1","CI"),
("CI90042","129","FR","","CI"),
("CI90043","130","ref","custom-input_5","CI"),
("CI90043","131","NI","1","CI"),
("CI90043","132","FR","","CI"),
("CI90044","133","ref","custom-input_5","CI"),
("CI90044","134","NI","1","CI"),
("CI90044","135","FR","","CI"),
("CI90045","136","ref","custom-input_6","CI"),
("CI90045","137","NI","1","CI"),
("CI90045","138","FR","","CI"),
("CI90046","139","ref","custom-input_6","CI"),
("CI90046","140","NI","1","CI"),
("CI90046","141","FR","","CI"),
("CI90047","142","ref","custom-selector-agenFlg","CI"),
("CI90047","143","NI","1","CI"),
("CI90047","144","FR","","CI"),
("CI90048","145","ref","custom-selector-agenFlg","CI"),
("CI90048","146","NI","1","CI"),
("CI90048","147","FR","","CI"),
("CI90049","148","ref","custom-input_62","CI"),
("CI90049","149","NI","1","CI"),
("CI90049","150","FR","","CI"),
("CI90050","151","ref","custom-selector_5","CI"),
("CI90050","152","NI","1","CI"),
("CI90050","153","FR","","CI"),
("CI90051","154","ref","custom-selector_5","CI"),
("CI90051","155","NI","1","CI"),
("CI90051","156","FR","","CI"),
("CI90052","157","ref","custom-selector_5","CI"),
("CI90052","158","NI","1","CI"),
("CI90052","159","FR","","CI"),
("CI90053","160","ref","custom-selector_5","CI"),
("CI90053","161","NI","1","CI"),
("CI90053","162","FR","","CI"),
("CI90054","163","ref","custom-selector_5","CI"),
("CI90054","164","NI","1","CI"),
("CI90054","165","FR","","CI"),
("CI90055","166","ref","custom-selector_5","CI"),
("CI90055","167","NI","1","CI"),
("CI90055","168","FR","","CI"),
("CI90056","169","ref","custom-input_2","CI"),
("CI90056","170","NI","1","CI"),
("CI90056","171","FR","","CI"),
("CI90057","172","ref","custom-selector-crtfTypCd","CI"),
("CI90057","173","NI","1","CI"),
("CI90057","174","FR","","CI"),
("CI90058","175","ref","custom-selector-crtfTypCd","CI"),
("CI90058","176","NI","1","CI"),
("CI90058","177","FR","","CI"),
("CI90059","178","ref","custom-selector_5","CI"),
("CI90059","179","NI","1","CI"),
("CI90059","180","FR","","CI"),
("CI90060","181","ref","custom-selector_5","CI"),
("CI90060","182","NI","1","CI"),
("CI90060","183","FR","","CI"),
("CI90061","184","ref","custom-selector_5","CI"),
("CI90061","185","NI","1","CI"),
("CI90061","186","FR","","CI"),
("CI90062","187","ref","custom-selector_5","CI"),
("CI90062","188","NI","1","CI"),
("CI90062","189","FR","","CI"),
("CI90063","190","ref","custom-selector_5","CI"),
("CI90063","191","NI","1","CI"),
("CI90063","192","FR","","CI"),
("CI90064","193","ref","custom-selector-crtfTypCd1","CI"),
("CI90064","194","NI","1","CI"),
("CI90064","195","FR","","CI"),
("CI90065","196","ref","custom-selector-crtfTypCd1","CI"),
("CI90065","197","NI","1","CI"),
("CI90065","198","FR","","CI"),
("CI90066","199","ref","custom-input-cardNo","CI"),
("CI90066","200","NI","1","CI"),
("CI90066","201","FR","","CI"),
("CI90067","202","ref","custom-selector-agenFlg","CI"),
("CI90067","203","NI","1","CI"),
("CI90067","204","FR","","CI"),
("CI90068","205","ref","custom-input-accNo2","CI"),
("CI90068","206","NI","1","CI"),
("CI90068","207","FR","","CI"),
("CI90069","208","ref","custom-selector-acctDrawManrCd3","CI"),
("CI90069","209","NI","1","CI"),
("CI90069","210","FR","","CI"),
("CI90070","211","ref","custom-selector-agenFlg","CI"),
("CI90070","212","NI","1","CI"),
("CI90070","213","FR","","CI"),
("CI90071","214","ref","custom-selector-agenFlg","CI"),
("CI90071","215","NI","1","CI"),
("CI90071","216","FR","","CI"),
("CI90072","217","ref","custom-selector-agenFlg","CI"),
("CI90072","218","NI","1","CI"),
("CI90072","219","FR","","CI"),
("CI90073","220","ref","custom-selector-agenFlg","CI"),
("CI90073","221","NI","1","CI"),
("CI90073","222","FR","","CI"),
("CI90074","223","ref","custom-selector-agenFlg","CI"),
("CI90074","224","NI","1","CI"),
("CI90074","225","FR","","CI"),
("CI90075","226","ref","custom-selector-agenFlg","CI"),
("CI90075","227","NI","1","CI"),
("CI90075","228","FR","","CI"),
("CI90076","229","ref","custom-selector-agenFlg","CI"),
("CI90076","230","NI","1","CI"),
("CI90076","231","FR","","CI"),
("CI90077","232","ref","custom-selector-agenFlg","CI"),
("CI90077","233","NI","1","CI"),
("CI90077","234","FR","","CI"),
("CI90078","235","ref","input-txAmt","CI"),
("CI90078","236","NI","1","CI"),
("CI90078","237","FR","","CI"),
("CI90079","238","ref","custom-selector-agenFlg","CI"),
("CI90079","239","NI","1","CI"),
("CI90079","240","FR","","CI"),
("CI90080","241","ref","selector-proxy","CI"),
("CI90080","242","NI","1","CI"),
("CI90080","243","FR","","CI"),
("CI90081","244","ref","selector-proxy","CI"),
("CI90081","245","NI","1","CI"),
("CI90081","246","FR","","CI"),
("CI90082","247","ref","custom-selector_4","CI"),
("CI90082","248","NI","1","CI"),
("CI90082","249","FR","","CI"),
("CI90083","250","ref","custom-selector_4","CI"),
("CI90083","251","NI","1","CI"),
("CI90083","252","FR","","CI"),
("CI90084","253","ref","custom-selector_4","CI"),
("CI90084","254","NI","1","CI"),
("CI90084","255","FR","","CI"),
("CI90085","256","ref","custom-input_2","CI"),
("CI90085","257","NI","1","CI"),
("CI90085","258","FR","","CI"),
("CI90086","259","ref","custom-input_2","CI"),
("CI90086","260","NI","1","CI"),
("CI90086","261","FR","","CI"),
("CI90087","262","ref","custom-input-acctnm","CI"),
("CI90087","263","NI","1","CI"),
("CI90087","264","FR","","CI"),
("CI90088","265","ref","custom-input-acctnm","CI"),
("CI90088","266","NI","1","CI"),
("CI90088","267","FR","","CI"),
("CI90089","268","ref","custom-input-acctnm","CI"),
("CI90089","269","NI","1","CI"),
("CI90089","270","FR","","CI"),
("CI90090","271","ref","custom-selector-agenFlg","CI"),
("CI90090","272","NI","1","CI"),
("CI90090","273","FR","","CI"),
("CI90091","274","ref","custom-selector-agenFlg","CI"),
("CI90091","275","NI","1","CI"),
("CI90091","276","FR","","CI"),
("CI90092","277","ref","custom-selector-agenFlg","CI"),
("CI90092","278","NI","1","CI"),
("CI90092","279","FR","","CI"),
("CI90093","280","ref","custom-input_txAm","CI"),
("CI90093","281","NI","1","CI"),
("CI90093","282","FR","","CI"),
("CI90094","283","ref","custom-input_proxy","CI"),
("CI90094","284","NI","1","CI"),
("CI90094","285","FR","","CI"),
("CI90095","286","ref","是否代理","CI"),
("CI90095","287","NI","1","CI"),
("CI90095","288","FR","","CI"),
("CI90096","289","ref","是否代理","CI"),
("CI90096","290","NI","1","CI"),
("CI90096","291","FR","","CI"),
("CI90097","292","ref","支取方式","CI"),
("CI90097","293","NI","1","CI"),
("CI90097","294","FR","","CI"),
("CI90098","295","ref","是否代理","CI"),
("CI90098","296","NI","1","CI"),
("CI90098","297","FR","","CI"),
("CI90099","298","ref","custom-input_txAm","CI"),
("CI90099","299","NI","1","CI"),
("CI90099","300","FR","","CI"),
("CI90100","301","ref","custom-sel_handType","CI"),
("CI90100","302","NI","1","CI"),
("CI90100","303","FR","","CI"),
("CI90101","304","ref","custom-sel_handType","CI"),
("CI90101","305","NI","1","CI"),
("CI90101","306","FR","","CI"),
("CI90102","307","ref","custom-input-txAmt","CI"),
("CI90102","308","NI","1","CI"),
("CI90102","309","FR","","CI"),
("CI90103","310","ref","custom-input-txAmt","CI"),
("CI90103","311","NI","1","CI"),
("CI90103","312","FR","","CI"),
("CI90104","313","ref","custom-selector-agenFlg","CI"),
("CI90104","314","NI","1","CI"),
("CI90104","315","FR","","CI"),
("CI90105","316","ref","custom-selector-agenFlg","CI"),
("CI90105","317","NI","1","CI"),
("CI90105","318","FR","","CI"),
("CI90106","319","ref","custom-selector-agenFlg","CI"),
("CI90106","320","NI","1","CI"),
("CI90106","321","FR","","CI"),
("CI90107","322","ref","custom-selector-agenFlg","CI"),
("CI90107","323","NI","1","CI"),
("CI90107","324","FR","","CI"),
("CI90108","325","ref","custom-selector-agenFlg","CI"),
("CI90108","326","NI","1","CI"),
("CI90108","327","FR","","CI"),
("CI90109","328","ref","custom-selector-agenFlg","CI"),
("CI90109","329","NI","1","CI"),
("CI90109","330","FR","","CI"),
("CI90110","331","ref","custom-selector_4","CI"),
("CI90110","332","NI","1","CI"),
("CI90110","333","FR","","CI"),
("CI90111","334","ref","custom-selector_4","CI"),
("CI90111","335","NI","1","CI"),
("CI90111","336","FR","","CI"),
("CI90112","337","ref","custom-selector_4","CI"),
("CI90112","338","NI","1","CI"),
("CI90112","339","FR","","CI"),
("CI90113","340","ref","custom-input_3","CI"),
("CI90113","341","NI","1","CI"),
("CI90113","342","FR","","CI"),
("CI90114","343","ref","custom-selector_6","CI"),
("CI90114","344","NI","1","CI"),
("CI90114","345","FR","","CI"),
("CI90115","346","ref","custom-selector_6","CI"),
("CI90115","347","NI","1","CI"),
("CI90115","348","FR","","CI"),
("CI90116","349","ref","custom-selector_6","CI"),
("CI90116","350","NI","1","CI"),
("CI90116","351","FR","","CI"),
("CI90117","352","ref","custom-input_3","CI"),
("CI90117","353","NI","1","CI"),
("CI90117","354","FR","","CI");
  
COMMIT;