
-- IB_OM_RULE_INFO insert
INSERT INTO IB_OM_RULE_INFO (RULE_NO,RULE_TYP_CD,HOLI_FLG,RULE_TRI_POSITION,SUIT_CHNL_SCP,SUIT_LPR_SCP,SUIT_ORG_SCP,SUIT_TX_SCP,RULE_COMNT,EFFT_FLG,OPER_TELR_NO,OPER_DT,OPER_RSN) VALUES

('090000','CI','N','1','TE','0000','*,','09999999','批量导入','1','900001','2019-10-29','批量新增'),
('090001','CI','N','1','TE','0000','*,','00101002','批量导入','1','900001','2019-10-29','批量新增'),
('090002','CI','N','1','TE','0000','*,','00101002','批量导入','1','900001','2019-10-29','批量新增'),
('090003','CI','N','1','TE','0000','*,','00101002','批量导入','1','900001','2019-10-29','批量新增'),
('090004','CI','N','1','TE','0000','*,','00101002','批量导入','1','900001','2019-10-29','批量新增'),
('090005','CI','N','1','TE','0000','*,','00101002','批量导入','1','900001','2019-10-29','批量新增'),
('090006','CI','N','1','TE','0000','*,','00101002','批量导入','1','900001','2019-10-29','批量新增'),
('090007','CI','N','1','TE','0000','*,','00101002','批量导入','1','900001','2019-10-29','批量新增'),
('090008','CI','N','1','TE','0000','*,','00103001','批量导入','1','900001','2019-10-29','批量新增'),
('090009','CI','N','1','TE','0000','*,','00103003','批量导入','1','900001','2019-10-29','批量新增'),
('090010','CI','N','1','TE','0000','*,','00103003','批量导入','1','900001','2019-10-29','批量新增'),
('090011','CI','N','1','TE','0000','*,','00103004','批量导入','1','900001','2019-10-29','批量新增'),
('090012','CI','N','1','TE','0000','*,','00103004','批量导入','1','900001','2019-10-29','批量新增'),
('090013','CI','N','1','TE','0000','*,','00103002','批量导入','1','900001','2019-10-29','批量新增'),
('090014','CI','N','1','TE','0000','*,','00103002','批量导入','1','900001','2019-10-29','批量新增'),
('090015','CI','N','1','TE','0000','*,','00103005','批量导入','1','900001','2019-10-29','批量新增'),
('090016','CI','N','1','TE','0000','*,','00103005','批量导入','1','900001','2019-10-29','批量新增'),
('090017','CI','N','1','TE','0000','*,','00201014','批量导入','1','900001','2019-10-29','批量新增'),
('090018','CI','N','1','TE','0000','*,','00201014','批量导入','1','900001','2019-10-29','批量新增'),
('090019','CI','N','1','TE','0000','*,','00201011','批量导入','1','900001','2019-10-29','批量新增'),
('090020','CI','N','1','TE','0000','*,','00201011','批量导入','1','900001','2019-10-29','批量新增'),
('090021','CI','N','1','TE','0000','*,','00201011','批量导入','1','900001','2019-10-29','批量新增'),
('090022','CI','N','1','TE','0000','*,','00201012','批量导入','1','900001','2019-10-29','批量新增'),
('090023','CI','N','1','TE','0000','*,','00201018','批量导入','1','900001','2019-10-29','批量新增'),
('090024','CI','N','1','TE','0000','*,','00201022','批量导入','1','900001','2019-10-29','批量新增'),
('090025','CI','N','1','TE','0000','*,','00201022','批量导入','1','900001','2019-10-29','批量新增'),
('090026','CI','N','1','TE','0000','*,','00201009','批量导入','1','900001','2019-10-29','批量新增'),
('090027','CI','N','1','TE','0000','*,','00201009','批量导入','1','900001','2019-10-29','批量新增'),
('090028','CI','N','1','TE','0000','*,','00201009','批量导入','1','900001','2019-10-29','批量新增'),
('090029','CI','N','1','TE','0000','*,','00504003','批量导入','1','900001','2019-10-29','批量新增'),
('090030','CI','N','1','TE','0000','*,','00504003','批量导入','1','900001','2019-10-29','批量新增'),
('090031','CI','N','1','TE','0000','*,','00504001','强制触发','1','900001','2019-10-29','批量新增'),
('090032','CI','N','1','TE','0000','*,','00504009','批量导入','1','900001','2019-10-29','批量新增'),
('090033','CI','N','1','TE','0000','*,','00502008','批量导入','1','900001','2019-10-29','批量新增'),
('090034','CI','N','1','TE','0000','*,','00701001','批量导入','1','900001','2019-10-29','批量新增'),
('090035','CI','N','1','TE','0000','*,','00701002','批量导入','1','900001','2019-10-29','批量新增'),
('090036','CI','N','1','TE','0000','*,','00701003','批量导入','1','900001','2019-10-29','批量新增'),
('090037','CI','N','1','TE','0000','*,','00701004','批量导入','1','900001','2019-10-29','批量新增'),
('090038','CI','N','1','TE','0000','*,','00701005','批量导入','1','900001','2019-10-29','批量新增'),
('090039','CI','N','1','TE','0000','*,','00701007','批量导入','1','900001','2019-10-29','批量新增'),
('090040','CI','N','1','TE','0000','*,','00701008','批量导入','1','900001','2019-10-29','批量新增'),
('090041','CI','N','1','TE','0000','*,','00701009','批量导入','1','900001','2019-10-29','批量新增'),
('090042','CI','N','1','TE','0000','*,','00702003','批量导入','1','900001','2019-10-29','批量新增'),
('090043','CI','N','1','TE','0000','*,','00702004','批量导入','1','900001','2019-10-29','批量新增'),
('090044','CI','N','1','TE','0000','*,','00704001','批量导入','1','900001','2019-10-29','批量新增'),
('090045','CI','N','1','TE','0000','*,','00704002','批量导入','1','900001','2019-10-29','批量新增'),
('090046','CI','N','1','TE','0000','*,','00704003','批量导入','1','900001','2019-10-29','批量新增'),
('090047','CI','N','1','TE','0000','*,','00704004','批量导入','1','900001','2019-10-29','批量新增'),
('090048','CI','N','1','TE','0000','*,','00704005','批量导入','1','900001','2019-10-29','批量新增'),
('090049','CI','N','1','TE','0000','*,','00704013','批量导入','1','900001','2019-10-29','批量新增'),
('090050','CI','N','1','TE','0000','*,','00704009','批量导入','1','900001','2019-10-29','批量新增'),
('090051','CI','N','1','TE','0000','*,','00704010','批量导入','1','900001','2019-10-29','批量新增'),
('090052','CI','N','1','TE','0000','*,','00704011','批量导入','1','900001','2019-10-29','批量新增'),
('090053','CI','N','1','TE','0000','*,','00704012','批量导入','1','900001','2019-10-29','批量新增'),
('090054','CI','N','1','TE','0000','*,','00704007','批量导入','1','900001','2019-10-29','批量新增'),
('090055','CI','N','1','TE','0000','*,','00704008','批量导入','1','900001','2019-10-29','批量新增'),
('090056','CI','N','1','TE','0000','*,','00703001','批量导入','1','900001','2019-10-29','批量新增'),
('090057','CI','N','1','TE','0000','*,','00602003','批量导入','1','900001','2019-10-29','批量新增'),
('090058','CI','N','1','TE','0000','*,','00602003','批量导入','1','900001','2019-10-29','批量新增'),
('090059','CI','N','1','TE','0000','*,','00503002','批量导入','1','900001','2019-10-29','批量新增'),
('090060','CI','N','1','TE','0000','*,','00503012_1','批量导入','1','900001','2019-10-29','批量新增'),
('090061','CI','N','1','TE','0000','*,','00401020','批量导入','1','900001','2019-10-29','批量新增'),
('090062','CI','N','1','TE','0000','*,','00502202','批量导入','1','900001','2019-10-29','批量新增'),
('090063','CI','N','1','TE','0000','*,','00502202','批量导入','1','900001','2019-10-29','批量新增'),
('090064','CI','N','1','TE','0000','*,','00502203','批量导入','1','900001','2019-10-29','批量新增'),
('090065','CI','N','1','TE','0000','*,','00502204','批量导入','1','900001','2019-10-29','批量新增'),
('090066','CI','N','1','TE','0000','*,','00502205','批量导入','1','900001','2019-10-29','批量新增'),
('090067','CI','N','1','TE','0000','*,','00502102','批量导入','1','900001','2019-10-29','批量新增'),
('090068','CI','N','1','TE','0000','*,','00502102','批量导入','1','900001','2019-10-29','批量新增'),
('090069','CI','N','1','TE','0000','*,','00502104','批量导入','1','900001','2019-10-29','批量新增'),
('090070','CI','N','1','TE','0000','*,','00501001','批量导入','1','900001','2019-10-29','批量新增'),
('090071','CI','N','1','TE','0000','*,','00501001','批量导入','1','900001','2019-10-29','批量新增'),
('090072','CI','N','1','TE','0000','*,','00501002','批量导入','1','900001','2019-10-29','批量新增'),
('090073','CI','N','1','TE','0000','*,','00501002','批量导入','1','900001','2019-10-29','批量新增'),
('090074','CI','N','1','TE','0000','*,','00501002','批量导入','1','900001','2019-10-29','批量新增'),
('090075','CI','N','1','TE','0000','*,','00502002','批量导入','1','900001','2019-10-29','批量新增'),
('090076','CI','N','1','TE','0000','*,','00502002','批量导入','1','900001','2019-10-29','批量新增'),
('090077','CI','N','1','TE','0000','*,','00502004','批量导入','1','900001','2019-10-29','批量新增'),
('090078','CI','N','1','TE','0000','*,','00502004','批量导入','1','900001','2019-10-29','批量新增'),
('090079','CI','N','1','TE','0000','*,','00502006','批量导入','1','900001','2019-10-29','批量新增'),
('090080','CI','N','1','TE','0000','*,','00502008','批量导入','1','900001','2019-10-29','批量新增'),
('090081','CI','N','1','TE','0000','*,','00502010','批量导入','1','900001','2019-10-29','批量新增'),
('090082','CI','N','1','TE','0000','*,','00502012','批量导入','1','900001','2019-10-29','批量新增'),
('090083','CI','N','1','TE','0000','*,','00302017','批量导入','1','900001','2019-10-29','批量新增'),
('090084','CI','N','1','TE','0000','*,','00306003','批量导入','1','900001','2019-10-29','批量新增'),
('090085','CI','N','1','TE','0000','*,','00201013','批量导入','1','900001','2019-10-29','批量新增'),
('090086','CI','N','1','TE','0000','*,','00201021','批量导入','1','900001','2019-10-29','批量新增'),
('090087','CI','N','1','TE','0000','*,','00302022','批量导入','1','900001','2019-10-29','批量新增'),
('090088','CI','N','1','TE','0000','*,','00302022','批量导入','1','900001','2019-10-29','批量新增'),
('090089','CI','N','1','TE','0000','*,','00302022','批量导入','1','900001','2019-10-29','批量新增'),
('090090','CI','N','1','TE','0000','*,','00302002','批量导入','1','900001','2019-10-29','批量新增'),
('090091','CI','N','1','TE','0000','*,','00302004','批量导入','1','900001','2019-10-29','批量新增'),
('090092','CI','N','1','TE','0000','*,','00301005','批量导入','1','900001','2019-10-29','批量新增'),
('090093','CI','N','1','TE','0000','*,','00305006','批量导入','1','900001','2019-10-29','批量新增'),
('090094','CI','N','1','TE','0000','*,','00305006','批量导入','1','900001','2019-10-29','批量新增'),
('090095','CI','N','1','TE','0000','*,','00305006','批量导入','1','900001','2019-10-29','批量新增'),
('090096','CI','N','1','TE','0000','*,','00305006','批量导入','1','900001','2019-10-29','批量新增'),
('090097','CI','N','1','TE','0000','*,','00305006','批量导入','1','900001','2019-10-29','批量新增'),
('090098','CI','N','1','TE','0000','*,','00303006','批量导入','1','900001','2019-10-29','批量新增'),
('090099','CI','N','1','TE','0000','*,','00303007','批量导入','1','900001','2019-10-29','批量新增'),
('090100','CI','N','1','TE','0000','*,','00303007','批量导入','1','900001','2019-10-29','批量新增'),
('090101','CI','N','1','TE','0000','*,','00303007','批量导入','1','900001','2019-10-29','批量新增'),
('090102','CI','N','1','TE','0000','*,','00303007','批量导入','1','900001','2019-10-29','批量新增'),
('090103','CI','N','1','TE','0000','*,','00302008','批量导入','1','900001','2019-10-29','批量新增'),
('090104','CI','N','1','TE','0000','*,','00302008','批量导入','1','900001','2019-10-29','批量新增'),
('090105','CI','N','1','TE','0000','*,','00302008','批量导入','1','900001','2019-10-29','批量新增'),
('090106','CI','N','1','TE','0000','*,','00302008','批量导入','1','900001','2019-10-29','批量新增'),
('090107','CI','N','1','TE','0000','*,','00302008','批量导入','1','900001','2019-10-29','批量新增'),
('090108','CI','N','1','TE','0000','*,','00302009','批量导入','1','900001','2019-10-29','批量新增'),
('090109','CI','N','1','TE','0000','*,','00302010','批量导入','1','900001','2019-10-29','批量新增'),
('090110','CI','N','1','TE','0000','*,','00302010','批量导入','1','900001','2019-10-29','批量新增'),
('090111','CI','N','1','TE','0000','*,','00302010','批量导入','1','900001','2019-10-29','批量新增'),
('090112','CI','N','1','TE','0000','*,','00302010','批量导入','1','900001','2019-10-29','批量新增'),
('090113','CI','N','1','TE','0000','*,','00303005','批量导入','1','900001','2019-10-29','批量新增'),
('090114','CI','N','1','TE','0000','*,','00303005','批量导入','1','900001','2019-10-29','批量新增'),
('090115','CI','N','1','TE','0000','*,','00303005','批量导入','1','900001','2019-10-29','批量新增'),
('090116','CI','N','1','TE','0000','*,','00303005','批量导入','1','900001','2019-10-29','批量新增'),
('090117','CI','N','1','TE','0000','*,','00303005','批量导入','1','900001','2019-10-29','批量新增'),
('090118','CI','N','1','TE','0000','*,','00305013','批量导入','1','900001','2019-10-29','批量新增'),
('090119','CI','N','1','TE','0000','*,','00306004','批量导入','1','900001','2019-10-29','批量新增'),
('090120','CI','N','1','TE','0000','*,','00306004','批量导入','1','900001','2019-10-29','批量新增'),
('090121','CI','N','1','TE','0000','*,','00306004','批量导入','1','900001','2019-10-29','批量新增'),
('090122','CI','N','1','TE','0000','*,','00306005','批量导入','1','900001','2019-10-29','批量新增'),
('090123','CI','N','1','TE','0000','*,','00306006','批量导入','1','900001','2019-10-29','批量新增'),
('090124','CI','N','1','TE','0000','*,','00306006','批量导入','1','900001','2019-10-29','批量新增'),
('090125','CI','N','1','TE','0000','*,','00303004_1','批量导入','1','900001','2019-10-29','批量新增'),
('090126','CI','N','1','TE','0000','*,','00303004_2','批量导入','1','900001','2019-10-29','批量新增'),
('090127','CI','N','1','TE','0000','*,','00303004_1','批量导入','1','900001','2019-10-29','批量新增'),
('090128','CI','N','1','TE','0000','*,','00303004_2','批量导入','1','900001','2019-10-29','批量新增'),
('090129','CI','N','1','TE','0000','*,','00303002_3','批量导入','1','900001','2019-10-29','批量新增'),
('090130','CI','N','1','TE','0000','*,','00302014','批量导入','1','900001','2019-10-29','批量新增'),
('090131','CI','N','1','TE','0000','*,','00302014','批量导入','1','900001','2019-10-29','批量新增'),
('090132','CI','N','1','TE','0000','*,','00302014','批量导入','1','900001','2019-10-29','批量新增'),
('090133','CI','N','1','TE','0000','*,','00302016','批量导入','1','900001','2019-10-29','批量新增'),
('090134','CI','N','1','TE','0000','*,','00302016','批量导入','1','900001','2019-10-29','批量新增'),
('090135','CI','N','1','TE','0000','*,','00303003_2','批量导入','1','900001','2019-10-29','批量新增'),
('090136','CI','N','1','TE','0000','*,','00302006','批量导入','1','900001','2019-10-29','批量新增'),
('090137','CI','N','1','TE','0000','*,','00302006','批量导入','1','900001','2019-10-29','批量新增'),
('090138','CI','N','1','TE','0000','*,','00302006','批量导入','1','900001','2019-10-29','批量新增'),
('090139','CI','N','1','TE','0000','*,','00302019','批量导入','1','900001','2019-10-29','批量新增'),
('090140','CI','N','1','TE','0000','*,','00302019','批量导入','1','900001','2019-10-29','批量新增'),
('090141','CI','N','1','TE','0000','*,','00302019','批量导入','1','900001','2019-10-29','批量新增'),
('090142','CI','N','1','TE','0000','*,','00302019','批量导入','1','900001','2019-10-29','批量新增'),
('090143','CI','N','1','TE','0000','*,','00302019','批量导入','1','900001','2019-10-29','批量新增'),
('090144','CI','N','1','TE','0000','*,','00302007','批量导入','1','900001','2019-10-29','批量新增'),
('090145','CI','N','1','TE','0000','*,','00302007','批量导入','1','900001','2019-10-29','批量新增'),
('090146','CI','N','1','TE','0000','*,','00302021','批量导入','1','900001','2019-10-29','批量新增'),
('090147','CI','N','1','TE','0000','*,','00302011','批量导入','1','900001','2019-10-29','批量新增'),
('090148','CI','N','1','TE','0000','*,','00302011','批量导入','1','900001','2019-10-29','批量新增'),
('090149','CI','N','1','TE','0000','*,','00302011','批量导入','1','900001','2019-10-29','批量新增'),
('090150','CI','N','1','TE','0000','*,','00302011','批量导入','1','900001','2019-10-29','批量新增'),
('090151','CI','N','1','TE','0000','*,','00302018','批量导入','1','900001','2019-10-29','批量新增'),
('090152','CI','N','1','TE','0000','*,','00302018','批量导入','1','900001','2019-10-29','批量新增'),
('090153','CI','N','1','TE','0000','*,','00302018','批量导入','1','900001','2019-10-29','批量新增'),
('090154','CI','N','1','TE','0000','*,','00302018','批量导入','1','900001','2019-10-29','批量新增'),
('090155','CI','N','1','TE','0000','*,','00302018','批量导入','1','900001','2019-10-29','批量新增'),
('090156','CI','N','1','TE','0000','*,','00302005','批量导入','1','900001','2019-10-29','批量新增'),
('090157','CI','N','1','TE','0000','*,','00302005','批量导入','1','900001','2019-10-29','批量新增'),
('090158','CI','N','1','TE','0000','*,','00302005','批量导入','1','900001','2019-10-29','批量新增'),
('090159','CI','N','1','TE','0000','*,','00302005','批量导入','1','900001','2019-10-29','批量新增'),
('090160','CI','N','1','TE','0000','*,','00201015','批量导入','1','900001','2019-10-29','批量新增'),
('090161','CI','N','1','TE','0000','*,','00201015','批量导入','1','900001','2019-10-29','批量新增'),
('090162','CI','N','1','TE','0000','*,','00201015','批量导入','1','900001','2019-10-29','批量新增'),
('090163','CI','N','1','TE','0000','*,','00201015','批量导入','1','900001','2019-10-29','批量新增'),
('090164','CI','N','1','TE','0000','*,','00201015','批量导入','1','900001','2019-10-29','批量新增'),
('090165','CI','N','1','TE','0000','*,','00201015','批量导入','1','900001','2019-10-29','批量新增'),
('090166','CI','N','1','TE','0000','*,','00201015','批量导入','1','900001','2019-10-29','批量新增'),
('090167','CI','N','1','TE','0000','*,','00201016','批量导入','1','900001','2019-10-29','批量新增'),
('090168','CI','N','1','TE','0000','*,','00201016','批量导入','1','900001','2019-10-29','批量新增'),
('090169','CI','N','1','TE','0000','*,','00201016','批量导入','1','900001','2019-10-29','批量新增'),
('090170','CI','N','1','TE','0000','*,','00201016','批量导入','1','900001','2019-10-29','批量新增'),
('090171','CI','N','1','TE','0000','*,','00201016','批量导入','1','900001','2019-10-29','批量新增'),
('090172','CI','N','1','TE','0000','*,','00201016','批量导入','1','900001','2019-10-29','批量新增'),
('090173','CI','N','1','TE','0000','*,','00101007','批量导入','1','900001','2019-10-29','批量新增'),
('090174','CI','N','1','TE','0000','*,','00101007','批量导入','1','900001','2019-10-29','批量新增'),
('090175','CI','N','1','TE','0000','*,','00101007','批量导入','1','900001','2019-10-29','批量新增'),
('090176','CI','N','1','TE','0000','*,','00101007','批量导入','1','900001','2019-10-29','批量新增'),
('090177','CI','N','1','TE','0000','*,','00201005','批量导入','1','900001','2019-10-29','批量新增'),
('090178','CI','N','1','TE','0000','*,','00201005','批量导入','1','900001','2019-10-29','批量新增'),
('090179','CI','N','1','TE','0000','*,','00201005','批量导入','1','900001','2019-10-29','批量新增'),
('090180','CI','N','1','TE','0000','*,','00201005','批量导入','1','900001','2019-10-29','批量新增'),
('090181','CI','N','1','TE','0000','*,','00201005','批量导入','1','900001','2019-10-29','批量新增'),
('090182','CI','N','1','TE','0000','*,','00201002','批量导入','1','900001','2019-10-29','批量新增'),
('090183','CI','N','1','TE','0000','*,','00201002','批量导入','1','900001','2019-10-29','批量新增'),
('090184','CI','N','1','TE','0000','*,','00301012','批量导入','1','900001','2019-10-29','批量新增'),
('090185','CI','N','1','TE','0000','*,','00301012','批量导入','1','900001','2019-10-29','批量新增'),
('090186','CI','N','1','TE','0000','*,','00301012','批量导入','1','900001','2019-10-29','批量新增'),
('090187','CI','N','1','TE','0000','*,','00301012','批量导入','1','900001','2019-10-29','批量新增'),
('090188','CI','N','1','TE','0000','*,','00301004','批量导入','1','900001','2019-10-29','批量新增'),
('090189','CI','N','1','TE','0000','*,','00301004','批量导入','1','900001','2019-10-29','批量新增'),
('090190','CI','N','1','TE','0000','*,','00301004','批量导入','1','900001','2019-10-29','批量新增'),
('090191','CI','N','1','TE','0000','*,','00301004','批量导入','1','900001','2019-10-29','批量新增'),
('090192','CI','N','1','TE','0000','*,','00301011','批量导入','1','900001','2019-10-29','批量新增'),
('090193','CI','N','1','TE','0000','*,','00301011','批量导入','1','900001','2019-10-29','批量新增'),
('090194','CI','N','1','TE','0000','*,','00301011','批量导入','1','900001','2019-10-29','批量新增'),
('090195','CI','N','1','TE','0000','*,','00301011','批量导入','1','900001','2019-10-29','批量新增'),
('090196','CI','N','1','TE','0000','*,','00301010','批量导入','1','900001','2019-10-29','批量新增'),
('090197','CI','N','1','TE','0000','*,','00301010','批量导入','1','900001','2019-10-29','批量新增'),
('090198','CI','N','1','TE','0000','*,','00301010','批量导入','1','900001','2019-10-29','批量新增'),
('090199','CI','N','1','TE','0000','*,','00301010','批量导入','1','900001','2019-10-29','批量新增'),
('090200','CI','N','1','TE','0000','*,','00301003','批量导入','1','900001','2019-10-29','批量新增'),
('090201','CI','N','1','TE','0000','*,','00301003','批量导入','1','900001','2019-10-29','批量新增'),
('090202','CI','N','1','TE','0000','*,','00301003','批量导入','1','900001','2019-10-29','批量新增'),
('090203','CI','N','1','TE','0000','*,','00301003','批量导入','1','900001','2019-10-29','批量新增'),
('090204','CI','N','1','TE','0000','*,','00301009','批量导入','1','900001','2019-10-29','批量新增'),
('090205','CI','N','1','TE','0000','*,','00301009','批量导入','1','900001','2019-10-29','批量新增'),
('090206','CI','N','1','TE','0000','*,','00301009','批量导入','1','900001','2019-10-29','批量新增'),
('090207','CI','N','1','TE','0000','*,','00301013','批量导入','1','900001','2019-10-29','批量新增'),
('090208','CI','N','1','TE','0000','*,','00301013','批量导入','1','900001','2019-10-29','批量新增'),
('090209','CI','N','1','TE','0000','*,','00301013','批量导入','1','900001','2019-10-29','批量新增'),
('090210','CI','N','1','TE','0000','*,','00301006','批量导入','1','900001','2019-10-29','批量新增'),
('090211','CI','N','1','TE','0000','*,','00301006','批量导入','1','900001','2019-10-29','批量新增'),
('090212','CI','N','1','TE','0000','*,','00301006','批量导入','1','900001','2019-10-29','批量新增'),
('090213','CI','N','1','TE','0000','*,','00301006','批量导入','1','900001','2019-10-29','批量新增'),
('090214','CI','N','1','TE','0000','*,','00301006','批量导入','1','900001','2019-10-29','批量新增'),
('090215','CI','N','1','TE','0000','*,','00301007','批量导入','1','900001','2019-10-29','批量新增'),
('090216','CI','N','1','TE','0000','*,','00301007','批量导入','1','900001','2019-10-29','批量新增'),
('090217','CI','N','1','TE','0000','*,','00301007','批量导入','1','900001','2019-10-29','批量新增'),
('090218','CI','N','1','TE','0000','*,','00301007','批量导入','1','900001','2019-10-29','批量新增'),
('090219','CI','N','1','TE','0000','*,','00301007','批量导入','1','900001','2019-10-29','批量新增'),
('090220','CI','N','1','TE','0000','*,','00301007','批量导入','1','900001','2019-10-29','批量新增'),
('090221','CI','N','1','TE','0000','*,','00301014','批量导入','1','900001','2019-10-29','批量新增'),
('090222','CI','N','1','TE','0000','*,','00301014','批量导入','1','900001','2019-10-29','批量新增'),
('090223','CI','N','1','TE','0000','*,','00301014','批量导入','1','900001','2019-10-29','批量新增'),
('090224','CI','N','1','TE','0000','*,','00301014','批量导入','1','900001','2019-10-29','批量新增'),
('090225','CI','N','1','TE','0000','*,','00301014','批量导入','1','900001','2019-10-29','批量新增'),
('090226','CI','N','1','TE','0000','*,','00301014','批量导入','1','900001','2019-10-29','批量新增'),
('090227','CI','N','1','TE','0000','*,','00302013','批量导入','1','900001','2019-10-29','批量新增'),
('090228','CI','N','1','TE','0000','*,','00302013','批量导入','1','900001','2019-10-29','批量新增'),
('090229','CI','N','1','TE','0000','*,','00302013','批量导入','1','900001','2019-10-29','批量新增'),
('090230','CI','N','1','TE','0000','*,','00302013','批量导入','1','900001','2019-10-29','批量新增'),
('090231','CI','N','1','TE','0000','*,','00302013','批量导入','1','900001','2019-10-29','批量新增'),
('090232','CI','N','1','TE','0000','*,','00302013','批量导入','1','900001','2019-10-29','批量新增'),
('090233','CI','N','1','TE','0000','*,','00301018','批量导入','1','900001','2019-10-29','批量新增'),
('090234','CI','N','1','TE','0000','*,','00301018','批量导入','1','900001','2019-10-29','批量新增'),
('090235','CI','N','1','TE','0000','*,','00301018','批量导入','1','900001','2019-10-29','批量新增'),
('090236','CI','N','1','TE','0000','*,','00301017','批量导入','1','900001','2019-10-29','批量新增'),
('090237','CI','N','1','TE','0000','*,','00301017','批量导入','1','900001','2019-10-29','批量新增'),
('090238','CI','N','1','TE','0000','*,','00301017','批量导入','1','900001','2019-10-29','批量新增'),
('090239','CI','N','1','TE','0000','*,','00301017','批量导入','1','900001','2019-10-29','批量新增'),
('090240','CI','N','1','TE','0000','*,','00301016','批量导入','1','900001','2019-10-29','批量新增'),
('090241','CI','N','1','TE','0000','*,','00301016','批量导入','1','900001','2019-10-29','批量新增'),
('090242','CI','N','1','TE','0000','*,','00301016','批量导入','1','900001','2019-10-29','批量新增'),
('090243','CI','N','1','TE','0000','*,','00301016','批量导入','1','900001','2019-10-29','批量新增'),
('090244','CI','N','1','TE','0000','*,','00302003','批量导入','1','900001','2019-10-29','批量新增'),
('090245','CI','N','1','TE','0000','*,','00302003','批量导入','1','900001','2019-10-29','批量新增'),
('090246','CI','N','1','TE','0000','*,','00302003','批量导入','1','900001','2019-10-29','批量新增'),
('090247','CI','N','1','TE','0000','*,','00302003','批量导入','1','900001','2019-10-29','批量新增'),
('090248','CI','N','1','TE','0000','*,','00302003','批量导入','1','900001','2019-10-29','批量新增'),
('090249','CI','N','1','TE','0000','*,','00301002','批量导入','1','900001','2019-10-29','批量新增'),
('090250','CI','N','1','TE','0000','*,','00301002','批量导入','1','900001','2019-10-29','批量新增'),
('090251','CI','N','1','TE','0000','*,','00301002','批量导入','1','900001','2019-10-29','批量新增'),
('090252','CI','N','1','TE','0000','*,','00302020','批量导入','1','900001','2019-10-29','批量新增'),
('090253','CI','N','1','TE','0000','*,','00302020','批量导入','1','900001','2019-10-29','批量新增'),
('090254','CI','N','1','TE','0000','*,','00302020','批量导入','1','900001','2019-10-29','批量新增'),
('090255','CI','N','1','TE','0000','*,','00302020','批量导入','1','900001','2019-10-29','批量新增'),
('090256','CI','N','1','TE','0000','*,','00302020','批量导入','1','900001','2019-10-29','批量新增'),
('090257','CI','N','1','TE','0000','*,','00302020','批量导入','1','900001','2019-10-29','批量新增'),
('090258','CI','N','1','TE','0000','*,','00301015','批量导入','1','900001','2019-10-29','批量新增'),
('090259','CI','N','1','TE','0000','*,','00301015','批量导入','1','900001','2019-10-29','批量新增'),
('090260','CI','N','1','TE','0000','*,','00301015','批量导入','1','900001','2019-10-29','批量新增'),
('090261','CI','N','1','TE','0000','*,','00301015','批量导入','1','900001','2019-10-29','批量新增'),
('090262','CI','N','1','TE','0000','*,','00301015','批量导入','1','900001','2019-10-29','批量新增'),
('090263','CI','N','1','TE','0000','*,','00301015','批量导入','1','900001','2019-10-29','批量新增'),
('090264','CI','N','1','TE','0000','*,','00502306','批量导入','1','900001','2019-10-29','批量新增'),
('090265','CI','N','1','TE','0000','*,','00502306','批量导入','1','900001','2019-10-29','批量新增'),
('090266','CI','N','1','TE','0000','*,','00502307','批量导入','1','900001','2019-10-29','批量新增'),
('090267','CI','N','1','TE','0000','*,','00502314_2','批量导入','1','900001','2019-10-29','批量新增'),
('090268','CI','N','1','TE','0000','*,','00502314_2','批量导入','1','900001','2019-10-29','批量新增'),
('090269','CI','N','1','TE','0000','*,','00502314_3','批量导入','1','900001','2019-10-29','批量新增'),
('090270','CI','N','1','TE','0000','*,','00302005','批量导入','1','900001','2019-10-29','批量新增'),
('090271','CI','N','1','TE','0000','*,','00302007','批量导入','1','900001','2019-10-29','批量新增'),
('090272','CI','N','1','TE','0000','*,','00302006','批量导入','1','900001','2019-10-29','批量新增'),
('090273','CI','N','1','TE','0000','*,','00302021','批量导入','1','900001','2019-10-29','批量新增'),
('090274','CI','N','1','TE','0000','*,','00302011','批量导入','1','900001','2019-10-29','批量新增'),
('090275','CI','N','1','TE','0000','*,','00603001','批量导入','1','900001','2019-10-29','批量新增'),
('090276','CI','N','1','TE','0000','*,','00603002','批量导入','1','900001','2019-10-29','批量新增'),
('090277','CI','N','1','TE','0000','*,','00101001_1','批量导入','1','900001','2019-10-29','批量新增'),
('090278','CI','N','1','TE','0000','*,','00101001_1','批量导入','1','900001','2019-10-29','批量新增'),
('090279','CI','N','1','TE','0000','*,','00101003_1','批量导入','1','900001','2019-10-29','批量新增'),
('090280','CI','N','1','TE','0000','*,','00407002','批量导入','1','900001','2019-10-29','批量新增'),
('090281','CI','N','1','TE','0000','*,','00802002','批量导入','1','900001','2019-10-29','批量新增'),
('090282','CI','N','1','TE','0000','*,','00303005','批量导入','1','900001','2019-10-29','批量新增'),
('090283','CI','N','1','TE','0000','*,','00102004','批量导入','1','900001','2019-10-29','批量新增'),
('090284','CI','N','1','TE','0000','*,','00102001_1','批量导入','1','900001','2019-10-29','批量新增'),
('090285','CI','N','1','TE','0000','*,','00102005','批量导入','1','900001','2019-10-29','批量新增'),
('090286','CI','N','1','TE','0000','*,','09908001','批量导入','1','900001','2019-10-29','批量新增'),
('090287','CI','N','1','TE','0000','*,','09908002','批量导入','1','900001','2019-10-29','批量新增'),
('090288','CI','N','1','TE','0000','*,','09908003','批量导入','1','900001','2019-10-29','批量新增'),
('090289','CI','N','1','TE','0000','*,','09908004','批量导入','1','900001','2019-10-29','批量新增'),
('090290','CI','N','1','TE','0000','*,','09908005','批量导入','1','900001','2019-10-29','批量新增'),
('090291','CI','N','1','TE','0000','*,','09908006','批量导入','1','900001','2019-10-29','批量新增'),
('090292','CI','N','1','TE','0000','*,','09908007','批量导入','1','900001','2019-10-29','批量新增'),
('090293','CI','N','1','TE','0000','*,','00802003','批量导入','1','900001','2019-10-29','批量新增');
-- IB_OM_RULECOND_INFO insert
INSERT INTO IB_OM_RULECOND_INFO (OPRTN_COND_NO,DICTRY_NM,OPER_SYM_1,CMPR_VAL,OPER_SYM_2,VALUE2,TRAN_CD,COND_DESCR,OPER_TELR_NO,OPER_DT,OPER_RSN,CMPR_VAL_DATA_DICTRY_FLG,PUB_DICTRY_FLG,DICTRY_DESCR) VALUES

('CI90001','shifdl','==','1','','','00101002','是否代理','900001','2019-10-29','批量新增','1','0','是否代理'),
('CI90002','shifdl','==','0','','','00101002','是否代理','900001','2019-10-29','批量新增','1','0','是否代理'),
('CI90002','yifbxhj','>=','50000','','','00101002','应付本息合计','900001','2019-10-29','批量新增','1','0','应付本息合计'),
('CI90003','shifdl','==','0','','','00101002','是否代理','900001','2019-10-29','批量新增','1','0','是否代理'),
('CI90003','shiftqzq','==','1','','','00101002','提前支取','900001','2019-10-29','批量新增','1','0','提前支取'),
('CI90004','zqfsIDCard','==','1','','','00101002','支取方式','900001','2019-10-29','批量新增','1','0','支取方式'),
('CI90005','acctType','==','A','','','00101002','账户类型','900001','2019-10-29','批量新增','1','0','账户类型'),
('CI90006','shifdl','==','0','','','00101002','是否代理','900001','2019-10-29','批量新增','1','0','是否代理'),
('CI90006','duifczbz','==','0','','','00101002','第二个磁条标志','900001','2019-10-29','批量新增','1','0','第二个磁条标志'),
('CI90006','yifbxhj','>=','10000','','','00101002','应付本息合计','900001','2019-10-29','批量新增','1','0','应付本息合计'),
('CI90007','inActive','==','01','','','00101002','未激活','900001','2019-10-29','批量新增','1','0','未激活'),
('CI90009','crtfTyp','==','0','','','00103003','客户类型','900001','2019-10-29','批量新增','1','0','客户类型'),
('CI90010','crtfTyp','in','1,2','','','00103003','客户类型','900001','2019-10-29','批量新增','1','0','客户类型'),
('CI90011','crtfTyp','==','0','','','00103004','客户类型','900001','2019-10-29','批量新增','1','0','客户类型'),
('CI90012','crtfTyp','in','1,2','','','00103004','客户类型','900001','2019-10-29','批量新增','1','0','客户类型'),
('CI90013','crtfTyp','==','0','','','00103002','客户类型','900001','2019-10-29','批量新增','1','0','客户类型'),
('CI90014','crtfTyp','in','1,2','','','00103002','客户类型','900001','2019-10-29','批量新增','1','0','客户类型'),
('CI90015','cstType','in','1,2','','','00103005','客户类型','900001','2019-10-29','批量新增','1','0','客户类型'),
('CI90016','cstType','==','0','','','00103005','客户类型','900001','2019-10-29','批量新增','1','0','客户类型'),
('CI90017','pubPrivFlgCd','==','0','','','00201014','公私标志','900001','2019-10-29','批量新增','1','0','公私标志'),
('CI90018','pubPrivFlgCd','==','1','','','00201014','公私标志','900001','2019-10-29','批量新增','1','0','公私标志'),
('CI90019','operaFlg','==','1','','','00201011','操作标志','900001','2019-10-29','批量新增','1','0','操作标志'),
('CI90020','operaFlg','==','2','','','00201011','操作标志','900001','2019-10-29','批量新增','1','0','操作标志'),
('CI90021','operaFlg','==','3','','','00201011','操作标志','900001','2019-10-29','批量新增','1','0','操作标志'),
('CI90024','CUST_TYP_CD','==','1','','','00201022','客户类型','900001','2019-10-29','批量新增','1','0','客户类型'),
('CI90025','CUST_TYP_CD','==','0','','','00201022','客户类型','900001','2019-10-29','批量新增','1','0','客户类型'),
('CI90026','pageOperFlgCd','==','1','','','00201009','操作标志','900001','2019-10-29','批量新增','1','0','操作标志'),
('CI90027','pageOperFlgCd','==','2','','','00201009','操作标志','900001','2019-10-29','批量新增','1','0','操作标志'),
('CI90028','pageOperFlgCd','==','3','','','00201009','操作标志','900001','2019-10-29','批量新增','1','0','操作标志'),
('CI90030','ispass','!=','1','','','00504003','是否已核查','900001','2019-10-29','批量新增','1','0','是否已核查'),
('CI90030','amt','>=','50000','','','00504003','金额','900001','2019-10-29','批量新增','1','0','金额'),
('CI90057','custtype','==','0','','','00602003','客户类型','900001','2019-10-29','批量新增','1','0','客户类型'),
('CI90057','txAmt','>=','50000','','','00602003','交易金额','900001','2019-10-29','批量新增','1','0','交易金额'),
('CI90058','custtype','==','0','','','00602003','客户类型','900001','2019-10-29','批量新增','1','0','客户类型'),
('CI90061','CRTF_TYP_CD','==','0','','','00401020','经办人证件类型','900001','2019-10-29','批量新增','1','0','经办人证件类型'),
('CI90062','totlAmt','>=','50000','','','00502202','交易金额','900001','2019-10-29','批量新增','1','0','交易金额'),
('CI90063','CUST_TYP_CD','==','0','','','00502202','客户类型','900001','2019-10-29','批量新增','1','0','客户类型'),
('CI90063','acctDrawManrCd','in','00100000,01100000,10100000,11100000','','','00502202','支取方式','900001','2019-10-29','批量新增','1','0','支取方式'),
('CI90064','aprptAmt','>=','50000','','','00502203','交易金额','900001','2019-10-29','批量新增','1','0','交易金额'),
('CI90065','openAcctAmt','>=','50000','','','00502204','交易金额','900001','2019-10-29','批量新增','1','0','交易金额'),
('CI90066','bal','>=','50000','','','00502205','交易金额','900001','2019-10-29','批量新增','1','0','交易金额'),
('CI90067','totlAmt','>=','50000','','','00502102','交易金额','900001','2019-10-29','批量新增','1','0','交易金额'),
('CI90068','acctDrawManrCd','in','00100000,01100000,10100000,11100000','','','00502102','支取方式','900001','2019-10-29','批量新增','1','0','支取方式'),
('CI90068','CUST_TYP_CD','==','0','','','00502102','客户类型','900001','2019-10-29','批量新增','1','0','客户类型'),
('CI90069','wthmnyTotlAmt','>=','50000','','','00502104','交易金额','900001','2019-10-29','批量新增','1','0','交易金额'),
('CI90070','acctDrawManrCd','==','1','','','00501001','支取方式','900001','2019-10-29','批量新增','1','0','支取方式'),
('CI90071','PAY_FEE_TOTL_AMT','>=','50000','','','00501001','缴费总金额','900001','2019-10-29','批量新增','1','0','缴费总金额'),
('CI90072','custType','==','0','','','00501002','客户类型','900001','2019-10-29','批量新增','1','0','客户类型'),
('CI90073','custType','==','0','','','00501002','客户类型','900001','2019-10-29','批量新增','1','0','客户类型'),
('CI90074','custType','==','0','','','00501002','客户类型','900001','2019-10-29','批量新增','1','0','客户类型'),
('CI90075','Totl_Behv_Pay_Cost_Amt','>=','50000','','','00502002','缴款总金额','900001','2019-10-29','批量新增','1','0','缴款总金额'),
('CI90076','custType','==','0','','','00502002','客户类型','900001','2019-10-29','批量新增','1','0','客户类型'),
('CI90077','Totl_Behv_Pay_Cost_Amt','>=','50000','','','00502004','缴款总金额','900001','2019-10-29','批量新增','1','0','缴款总金额'),
('CI90078','custType','==','0','','','00502004','客户类型','900001','2019-10-29','批量新增','1','0','客户类型'),
('CI90079','Wthd_Amt','>=','50000','','','00502006','取款总金额','900001','2019-10-29','批量新增','1','0','取款总金额'),
('CI90080','actPayAmt','>=','50000','','','00502008','定期增值金额','900001','2019-10-29','批量新增','1','0','定期增值金额'),
('CI90081','DRAW_AMT','>=','50000','','','00502010','取款金额','900001','2019-10-29','批量新增','1','0','取款金额'),
('CI90082','Wthd_Amt','>=','50000','','','00502012','取款总金额','900001','2019-10-29','批量新增','1','0','取款总金额'),
('CI90083','amtSource','==','5','','','00302017','资金来源','900001','2019-10-29','批量新增','1','0','资金来源'),
('CI90087','agencyFlag','==','1','','','00302022','是否代理','900001','2019-10-29','批量新增','1','0','是否代理'),
('CI90088','agencyFlag','==','0','','','00302022','是否代理','900001','2019-10-29','批量新增','1','0','是否代理'),
('CI90088','partAmt','>=','50000','','','00302022','交易金额','900001','2019-10-29','批量新增','1','0','交易金额'),
('CI90088','csttype','==','0','','','00302022','客户类型','900001','2019-10-29','批量新增','1','0','客户类型'),
('CI90089','csttype','==','0','','','00302022','客户类型','900001','2019-10-29','批量新增','1','0','客户类型'),
('CI90090','csttype','in','1,2','','','00302002','客户类型','900001','2019-10-29','批量新增','1','0','客户类型'),
('CI90090','txAmt','>=','50000','','','00302002','交易金额','900001','2019-10-29','批量新增','1','0','交易金额'),
('CI90091','custType','in','1,2','','','00302004','客户类型','900001','2019-10-29','批量新增','1','0','客户类型'),
('CI90091','txAmt','>=','50000','','','00302004','交易金额','900001','2019-10-29','批量新增','1','0','交易金额'),
('CI90092','custType','in','1,2','','','00301005','客户类型','900001','2019-10-29','批量新增','1','0','客户类型'),
('CI90092','txAmt','>=','50000','','','00301005','交易金额','900001','2019-10-29','批量新增','1','0','交易金额'),
('CI90093','isAgency','==','1','','','00305006','是否代理','900001','2019-10-29','批量新增','1','0','是否代理'),
('CI90094','isAgency','==','0','','','00305006','是否代理','900001','2019-10-29','批量新增','1','0','是否代理'),
('CI90094','transAm','>=','50000','','','00305006','交易金额','900001','2019-10-29','批量新增','1','0','交易金额'),
('CI90094','custType','==','0','','','00305006','客户类型','900001','2019-10-29','批量新增','1','0','客户类型'),
('CI90095','paymentMth','in','00100000,01100000,10100000,11100000','','','00305006','支取方式','900001','2019-10-29','批量新增','1','0','支取方式'),
('CI90095','custType','==','0','','','00305006','客户类型','900001','2019-10-29','批量新增','1','0','客户类型'),
('CI90096','custType','!=','0','','','00305006','客户类型','900001','2019-10-29','批量新增','1','0','客户类型'),
('CI90096','capitalType','==','1','','','00305006','资金来源','900001','2019-10-29','批量新增','1','0','资金来源'),
('CI90096','transAm','>=','50000','','','00305006','交易金额','900001','2019-10-29','批量新增','1','0','交易金额'),
('CI90096','isAgency','==','0','','','00305006','是否代理','900001','2019-10-29','批量新增','1','0','是否代理'),
('CI90097','custType','!=','0','','','00305006','客户类型','900001','2019-10-29','批量新增','1','0','客户类型'),
('CI90097','capitalType','!=','1','','','00305006','资金来源','900001','2019-10-29','批量新增','1','0','资金来源'),
('CI90097','transAm','>=','50000','','','00305006','资金来源','900001','2019-10-29','批量新增','1','0','资金来源'),
('CI90098','custType','==','0','','','00303006','客户类型','900001','2019-10-29','批量新增','1','0','客户类型'),
('CI90098','transAm','>=','50000','','','00303006','交易金额','900001','2019-10-29','批量新增','1','0','交易金额'),
('CI90099','isAgency','==','1','','','00303007','是否代理','900001','2019-10-29','批量新增','1','0','是否代理'),
('CI90100','isAgency','==','1','','','00303007','是否代理','900001','2019-10-29','批量新增','1','0','是否代理'),
('CI90100','allAmt','>=','50000','','','00303007','交易总金额','900001','2019-10-29','批量新增','1','0','交易总金额'),
('CI90101','isAgency','==','0','','','00303007','是否代理','900001','2019-10-29','批量新增','1','0','是否代理'),
('CI90101','allAmt','>=','50000','','','00303007','交易总金额','900001','2019-10-29','批量新增','1','0','交易总金额'),
('CI90101','custType','==','0','','','00303007','客户类型','900001','2019-10-29','批量新增','1','0','客户类型'),
('CI90102','paymentMth','in','00100000,01100000,10100000,11100000','','','00303007','支取方式','900001','2019-10-29','批量新增','1','0','支取方式'),
('CI90102','custType','==','0','','','00303007','客户类型','900001','2019-10-29','批量新增','1','0','客户类型'),
('CI90103','where','==','1','','','00302008','是否代理','900001','2019-10-29','批量新增','1','0','是否代理'),
('CI90104','where','==','1','','','00302008','是否代理','900001','2019-10-29','批量新增','1','0','是否代理'),
('CI90104','txAmt','>=','50000','','','00302008','交易金额','900001','2019-10-29','批量新增','1','0','交易金额'),
('CI90105','where','==','0','','','00302008','是否代理','900001','2019-10-29','批量新增','1','0','是否代理'),
('CI90105','txAmt','>=','50000','','','00302008','交易金额','900001','2019-10-29','批量新增','1','0','交易金额'),
('CI90105','csttype','==','0','','','00302008','客户类型','900001','2019-10-29','批量新增','1','0','客户类型'),
('CI90106','csttype','in','1,2','','','00302008','客户类型','900001','2019-10-29','批量新增','1','0','客户类型'),
('CI90106','txAmt','>=','50000','','','00302008','交易金额','900001','2019-10-29','批量新增','1','0','交易金额'),
('CI90107','mode','in','00100000,01100000,10100000,11100000','','','00302008','支取方式','900001','2019-10-29','批量新增','1','0','支取方式'),
('CI90107','csttype','==','0','','','00302008','客户类型','900001','2019-10-29','批量新增','1','0','客户类型'),
('CI90108','csttype','in','1,2','','','00302009','客户类型','900001','2019-10-29','批量新增','1','0','客户类型'),
('CI90108','txAmt','>=','50000','','','00302009','交易金额','900001','2019-10-29','批量新增','1','0','交易金额'),
('CI90109','where1','==','1','','','00302010','是否代理','900001','2019-10-29','批量新增','1','0','是否代理'),
('CI90110','where1','==','1','','','00302010','是否代理','900001','2019-10-29','批量新增','1','0','是否代理'),
('CI90110','txAmt','>=','50000','','','00302010','交易金额','900001','2019-10-29','批量新增','1','0','交易金额'),
('CI90111','where1','==','0','','','00302010','是否代理','900001','2019-10-29','批量新增','1','0','是否代理'),
('CI90111','txAmt','>=','50000','','','00302010','交易金额','900001','2019-10-29','批量新增','1','0','交易金额'),
('CI90111','csttype','==','0','','','00302010','客户类型','900001','2019-10-29','批量新增','1','0','客户类型'),
('CI90112','csttype','in','1,2','','','00302010','客户类型','900001','2019-10-29','批量新增','1','0','客户类型'),
('CI90112','txAmt','>=','50000','','','00302010','交易金额','900001','2019-10-29','批量新增','1','0','交易金额'),
('CI90113','AGEN_FLG','==','1','','','00303005','是否代理','900001','2019-10-29','批量新增','1','0','是否代理'),
('CI90114','AGEN_FLG','==','0','','','00303005','是否代理','900001','2019-10-29','批量新增','1','0','是否代理'),
('CI90114','tran_amt','>=','50000','','','00303005','交易金额','900001','2019-10-29','批量新增','1','0','交易金额'),
('CI90114','custTypCd','==','0','','','00303005','客户类型','900001','2019-10-29','批量新增','1','0','客户类型'),
('CI90115','paymentMth','in','00100000,01100000,10100000,11100000','','','00303005','支取方式','900001','2019-10-29','批量新增','1','0','支取方式'),
('CI90116','custTypCd','==','1','','','00303005','客户类型','900001','2019-10-29','批量新增','1','0','客户类型'),
('CI90116','Cap_Src','==','1','','','00303005','资金来源','900001','2019-10-29','批量新增','1','0','资金来源'),
('CI90116','tran_amt','>=','50000','','','00303005','交易金额','900001','2019-10-29','批量新增','1','0','交易金额'),
('CI90116','AGEN_FLG','==','0','','','00303005','是否代理','900001','2019-10-29','批量新增','1','0','是否代理'),
('CI90117','custTypCd','==','1','','','00303005','客户类型','900001','2019-10-29','批量新增','1','0','客户类型'),
('CI90117','Cap_Src','!=','1','','','00303005','资金来源','900001','2019-10-29','批量新增','1','0','资金来源'),
('CI90117','tran_amt','>=','50000','','','00303005','交易金额','900001','2019-10-29','批量新增','1','0','交易金额'),
('CI90118','dtlSumAmt','>=','50000','','','00305013','交易金额','900001','2019-10-29','批量新增','1','0','交易金额'),
('CI90118','fundSourceCd','in','2,3','','','00305013','资金来源','900001','2019-10-29','批量新增','1','0','资金来源'),
('CI90119','cstmType','in','1,2','','','00306004','客户类型','900001','2019-10-29','批量新增','1','0','客户类型'),
('CI90120','isAgency','==','1','','','00306004','是否代理','900001','2019-10-29','批量新增','1','0','是否代理'),
('CI90121','paymentMth','in','00100000,01100000,10100000,11100000','','','00306004','支取方式','900001','2019-10-29','批量新增','1','0','支取方式'),
('CI90121','cstmType','==','0','','','00306004','客户类型','900001','2019-10-29','批量新增','1','0','客户类型'),
('CI90122','CUST_TYP','!=','2','','','00306005','客户类型','900001','2019-10-29','批量新增','1','0','客户类型'),
('CI90123','custTypCdOut','in','1,2','','','00306006','客户类型','900001','2019-10-29','批量新增','1','0','客户类型'),
('CI90124','custTypCdOut','==','0','','','00306006','客户类型','900001','2019-10-29','批量新增','1','0','客户类型'),
('CI90125','paymtDlwthManrCd','==','04','','','00303004_1','处理方式','900001','2019-10-29','批量新增','1','0','处理方式'),
('CI90126','paymtDlwthManrCd','==','04','','','00303004_2','处理方式','900001','2019-10-29','批量新增','1','0','处理方式'),
('CI90127','paymtDlwthManrCd','==','02','','','00303004_1','处理方式','900001','2019-10-29','批量新增','1','0','处理方式'),
('CI90127','txAmt','>=','50000','','','00303004_1','交易金额','900001','2019-10-29','批量新增','1','0','交易金额'),
('CI90128','paymtDlwthManrCd','==','02','','','00303004_2','处理方式','900001','2019-10-29','批量新增','1','0','处理方式'),
('CI90128','stlAmt','>=','50000','','','00303004_2','交易金额','900001','2019-10-29','批量新增','1','0','交易金额'),
('CI90129','x_DE_WA','==','4','','','00303002_3','处理方式','900001','2019-10-29','批量新增','1','0','处理方式'),
('CI90130','proxy','==','1','','','00302014','是否代理','900001','2019-10-29','批量新增','1','0','是否代理'),
('CI90131','proxy','==','0','','','00302014','是否代理','900001','2019-10-29','批量新增','1','0','是否代理'),
('CI90131','TX_Amt','>=','50000','','','00302014','交易金额','900001','2019-10-29','批量新增','1','0','交易金额'),
('CI90131','custType','==','0','','','00302014','客户类型','900001','2019-10-29','批量新增','1','0','客户类型'),
('CI90132','Cash_Tran_Ind','==','0','','','00302014','现转标志','900001','2019-10-29','批量新增','1','0','现转标志'),
('CI90132','TX_Amt','>=','10000','','','00302014','交易金额','900001','2019-10-29','批量新增','1','0','交易金额'),
('CI90133','Cap_Src','==','1','','','00302016','资金来源','900001','2019-10-29','批量新增','1','0','资金来源'),
('CI90133','isAgency','==','0','','','00302016','是否代理','900001','2019-10-29','批量新增','1','0','是否代理'),
('CI90133','TX_Amt','>=','50000','','','00302016','交易金额','900001','2019-10-29','批量新增','1','0','交易金额'),
('CI90133','custtypcd','!=','0','','','00302016','客户类型','900001','2019-10-29','批量新增','1','0','客户类型'),
('CI90134','custtypcd','!=','0','','','00302016','客户类型','900001','2019-10-29','批量新增','1','0','客户类型'),
('CI90134','Cap_Src','!=','1','','','00302016','资金来源','900001','2019-10-29','批量新增','1','0','资金来源'),
('CI90134','TX_Amt','>=','50000','','','00302016','交易金额','900001','2019-10-29','批量新增','1','0','交易金额'),
('CI90135','handType','==','04','','','00303003_2','处理方式','900001','2019-10-29','批量新增','1','0','处理方式'),
('CI90136','where','==','1','','','00302006','是否代理','900001','2019-10-29','批量新增','1','0','是否代理'),
('CI90137','where','==','0','','','00302006','是否代理','900001','2019-10-29','批量新增','1','0','是否代理'),
('CI90137','txAmt','>=','50000','','','00302006','交易金额','900001','2019-10-29','批量新增','1','0','交易金额'),
('CI90137','csttype','==','0','','','00302006','客户类型','900001','2019-10-29','批量新增','1','0','客户类型'),
('CI90138','mode','in','00100000,01100000,10100000,11100000','','','00302006','支取方式','900001','2019-10-29','批量新增','1','0','支取方式'),
('CI90138','csttype','==','0','','','00302006','客户类型','900001','2019-10-29','批量新增','1','0','客户类型'),
('CI90139','proxy','==','1','','','00302019','是否代理','900001','2019-10-29','批量新增','1','0','是否代理'),
('CI90140','proxy','==','0','','','00302019','是否代理','900001','2019-10-29','批量新增','1','0','是否代理'),
('CI90140','txAmt','>=','50000','','','00302019','交易金额','900001','2019-10-29','批量新增','1','0','交易金额'),
('CI90140','cust_type','==','0','','','00302019','客户类型','900001','2019-10-29','批量新增','1','0','客户类型'),
('CI90141','cust_type','in','1,2','','','00302019','客户类型','900001','2019-10-29','批量新增','1','0','客户类型'),
('CI90141','txAmt','>=','50000','','','00302019','交易金额','900001','2019-10-29','批量新增','1','0','交易金额'),
('CI90142','mode','in','00100000,01100000,10100000,11100000','','','00302019','支取方式','900001','2019-10-29','批量新增','1','0','支取方式'),
('CI90142','cust_type','==','0','','','00302019','客户类型','900001','2019-10-29','批量新增','1','0','客户类型'),
('CI90143','cust_type','==','0','','','00302019','客户类型','900001','2019-10-29','批量新增','1','0','客户类型'),
('CI90144','proxy','==','1','','','00302007','是否代理','900001','2019-10-29','批量新增','1','0','是否代理'),
('CI90145','proxy','==','0','','','00302007','是否代理','900001','2019-10-29','批量新增','1','0','是否代理'),
('CI90145','txAmt','>=','50000','','','00302007','交易金额','900001','2019-10-29','批量新增','1','0','交易金额'),
('CI90145','cust_type','==','0','','','00302007','客户类型','900001','2019-10-29','批量新增','1','0','客户类型'),
('CI90146','csttype','in','1,2','','','00302021','客户类型','900001','2019-10-29','批量新增','1','0','客户类型'),
('CI90146','partAmt','>=','50000','','','00302021','交易金额','900001','2019-10-29','批量新增','1','0','交易金额'),
('CI90147','proxy','==','1','','','00302011','是否代理','900001','2019-10-29','批量新增','1','0','是否代理'),
('CI90148','proxy','==','0','','','00302011','是否代理','900001','2019-10-29','批量新增','1','0','是否代理'),
('CI90148','txAmt','>=','50000','','','00302011','交易金额','900001','2019-10-29','批量新增','1','0','交易金额'),
('CI90148','custTypeCd','==','0','','','00302011','客户类型','900001','2019-10-29','批量新增','1','0','客户类型'),
('CI90149','custTypeCd','in','1,2','','','00302011','客户类型','900001','2019-10-29','批量新增','1','0','客户类型'),
('CI90149','txAmt','>=','50000','','','00302011','交易金额','900001','2019-10-29','批量新增','1','0','交易金额'),
('CI90150','drawType','in','00100000,01100000,10100000,11100000','','','00302011','支取方式','900001','2019-10-29','批量新增','1','0','支取方式'),
('CI90150','custTypeCd','==','0','','','00302011','客户类型','900001','2019-10-29','批量新增','1','0','客户类型'),
('CI90151','proxy','==','1','','','00302018','是否代理','900001','2019-10-29','批量新增','1','0','是否代理'),
('CI90152','proxy','==','0','','','00302018','是否代理','900001','2019-10-29','批量新增','1','0','是否代理'),
('CI90152','txAmt','>=','50000','','','00302018','交易金额','900001','2019-10-29','批量新增','1','0','交易金额'),
('CI90152','cust_type','==','0','','','00302018','客户类型','900001','2019-10-29','批量新增','1','0','客户类型'),
('CI90153','cust_type','in','1,2','','','00302018','客户类型','900001','2019-10-29','批量新增','1','0','客户类型'),
('CI90153','txAmt','>=','50000','','','00302018','交易金额','900001','2019-10-29','批量新增','1','0','交易金额'),
('CI90154','mode','in','00100000,01100000,10100000,11100000','','','00302018','支取方式','900001','2019-10-29','批量新增','1','0','支取方式'),
('CI90154','cust_type','==','0','','','00302018','客户类型','900001','2019-10-29','批量新增','1','0','客户类型'),
('CI90155','cust_type','==','0','','','00302018','客户类型','900001','2019-10-29','批量新增','1','0','客户类型'),
('CI90156','proxy','==','1','','','00302005','是否代理','900001','2019-10-29','批量新增','1','0','是否代理'),
('CI90157','proxy','==','0','','','00302005','是否代理','900001','2019-10-29','批量新增','1','0','是否代理'),
('CI90157','txAmt','>=','50000','','','00302005','交易金额','900001','2019-10-29','批量新增','1','0','交易金额'),
('CI90157','cust_type','==','0','','','00302005','客户类型','900001','2019-10-29','批量新增','1','0','客户类型'),
('CI90158','mode','in','00100000,01100000,10100000,11100000','','','00302005','支取方式','900001','2019-10-29','批量新增','1','0','支取方式'),
('CI90158','cust_type','==','0','','','00302005','客户类型','900001','2019-10-29','批量新增','1','0','客户类型'),
('CI90159','cust_type','==','0','','','00302005','客户类型','900001','2019-10-29','批量新增','1','0','客户类型'),
('CI90160','customerType','==','1','','','00201015','客户类型','900001','2019-10-29','批量新增','1','0','客户类型'),
('CI90161','pageOperFlgCd','in','0,1,2','','','00201015','操作标志','900001','2019-10-29','批量新增','1','0','操作标志'),
('CI90161','chkStat','==','1','','','00201015','共管账户标志','900001','2019-10-29','批量新增','1','0','共管账户标志'),
('CI90161','jointInputFlag','==','1','','','00201015','联名人客户信息录入标志','900001','2019-10-29','批量新增','1','0','联名人客户信息录入标志'),
('CI90162','chkStat','==','1','','','00201015','共管账户标志','900001','2019-10-29','批量新增','1','0','共管账户标志'),
('CI90162','jointInputFlag','==','0','','','00201015','联名人客户信息录入标志','900001','2019-10-29','批量新增','1','0','联名人客户信息录入标志'),
('CI90163','pageOperFlgCd','==','3','','','00201015','操作标志','900001','2019-10-29','批量新增','1','0','操作标志'),
('CI90163','chkStat','==','0','','','00201015','共管账户标志','900001','2019-10-29','批量新增','1','0','共管账户标志'),
('CI90164','customerType','==','0','','','00201015','客户类型','900001','2019-10-29','批量新增','1','0','客户类型'),
('CI90165','pageOperFlgCd','in','0,1,2','','','00201015','操作标志','900001','2019-10-29','批量新增','1','0','操作标志'),
('CI90165','chkStat','==','0','','','00201015','共管账户标志','900001','2019-10-29','批量新增','1','0','共管账户标志'),
('CI90166','pageOperFlgCd','==','3','','','00201015','操作标志','900001','2019-10-29','批量新增','1','0','操作标志'),
('CI90166','chkStat','==','1','','','00201015','共管账户标志','900001','2019-10-29','批量新增','1','0','共管账户标志'),
('CI90166','jointInputFlag','==','1','','','00201015','联名人客户信息录入标志','900001','2019-10-29','批量新增','1','0','联名人客户信息录入标志'),
('CI90167','pageFileOperTypCd','==','1','','','00201016','操作类型','900001','2019-10-29','批量新增','1','0','操作类型'),
('CI90167','custTypeCd2','==','0','','','00201016','客户类型','900001','2019-10-29','批量新增','1','0','客户类型'),
('CI90168','pageFileOperTypCd','==','1','','','00201016','操作类型','900001','2019-10-29','批量新增','1','0','操作类型'),
('CI90168','custTypeCd2','==','1','','','00201016','客户类型','900001','2019-10-29','批量新增','1','0','客户类型'),
('CI90169','pageFileOperTypCd','==','2','','','00201016','操作类型','900001','2019-10-29','批量新增','1','0','操作类型'),
('CI90170','agenFlg','==','1','','','00201016','是否代理','900001','2019-10-29','批量新增','1','0','是否代理'),
('CI90171','custTypeCd1','in','1,2','','','00201016','客户类型','900001','2019-10-29','批量新增','1','0','客户类型'),
('CI90172','acctDrawManrCd1','in','00100000,01100000,10100000,11100000','','','00201016','支取方式','900001','2019-10-29','批量新增','1','0','支取方式'),
('CI90172','custTypeCd1','==','0','','','00201016','客户类型','900001','2019-10-29','批量新增','1','0','客户类型'),
('CI90173','agenFlg','==','1','','','00101007','是否代理','900001','2019-10-29','批量新增','1','0','是否代理'),
('CI90174','agenFlg','==','0','','','00101007','是否代理','900001','2019-10-29','批量新增','1','0','是否代理'),
('CI90174','pyblPrncpintTotAmt','>=','50000','','','00101007','本息合计','900001','2019-10-29','批量新增','1','0','本息合计'),
('CI90175','agenFlg','==','0','','','00101007','是否代理','900001','2019-10-29','批量新增','1','0','是否代理'),
('CI90175','acctDrawManrCd','in','00100000,01100000,10100000,11100000','','','00101007','支取方式','900001','2019-10-29','批量新增','1','0','支取方式'),
('CI90176','agenFlg','==','0','','','00101007','是否代理','900001','2019-10-29','批量新增','1','0','是否代理'),
('CI90176','pageRdcrdOperFlgCd1','==','0','','','00101007','磁条标志','900001','2019-10-29','批量新增','1','0','磁条标志'),
('CI90176','pyblPrncpintTotAmt','>=','10000','','','00101007','本息合计','900001','2019-10-29','批量新增','1','0','本息合计'),
('CI90177','AGEN_FLG','==','1','','','00201005','是否代理','900001','2019-10-29','批量新增','1','0','是否代理'),
('CI90178','PUB_PRIV_FLG_CD','==','1','','','00201005','公私标志','900001','2019-10-29','批量新增','1','0','公私标志'),
('CI90179','AGEN_FLG','==','0','','','00201005','是否代理','900001','2019-10-29','批量新增','1','0','是否代理'),
('CI90180','CUST_TYP_CD','==','0','','','00201005','客户类型','900001','2019-10-29','批量新增','1','0','客户类型'),
('CI90181','CUST_TYP_CD','!=','0','','','00201005','客户类型','900001','2019-10-29','批量新增','1','0','客户类型'),
('CI90182','custType','==','0','','','00201002','客户类型','900001','2019-10-29','批量新增','1','0','客户类型'),
('CI90183','custType','!=','0','','','00201002','客户类型','900001','2019-10-29','批量新增','1','0','客户类型'),
('CI90184','txAmt','>','0','','','00301012','交易金额','900001','2019-10-29','批量新增','1','0','交易金额'),
('CI90184','pageRdcrdOperFlgCd','==','0','','','00301012','磁条标志','900001','2019-10-29','批量新增','1','0','磁条标志'),
('CI90184','pasbNum','empty','NULL','','','00301012','存折号码','900001','2019-10-29','批量新增','1','0','存折号码'),
('CI90185','custtyp','!=','0','','','00301012','客户类型','900001','2019-10-29','批量新增','1','0','客户类型'),
('CI90185','txAmt','>=','50000','','','00301012','交易金额','900001','2019-10-29','批量新增','1','0','交易金额'),
('CI90186','custtyp','==','0','','','00301012','客户类型','900001','2019-10-29','批量新增','1','0','客户类型'),
('CI90186','txAmt','>=','50000','','','00301012','交易金额','900001','2019-10-29','批量新增','1','0','交易金额'),
('CI90187','curCd','!=','156','','','00301012','币种','900001','2019-10-29','批量新增','1','0','币种'),
('CI90188','txAmt','>','0','','','00301004','交易金额','900001','2019-10-29','批量新增','1','0','交易金额'),
('CI90188','flag','==','0','','','00301004','磁条标志','900001','2019-10-29','批量新增','1','0','磁条标志'),
('CI90188','strDepbokNo','empty','NULL','','','00301004','存折号码','900001','2019-10-29','批量新增','1','0','存折号码'),
('CI90189','csttype','==','0','','','00301004','客户类型','900001','2019-10-29','批量新增','1','0','客户类型'),
('CI90189','txAmt','>=','50000','','','00301004','交易金额','900001','2019-10-29','批量新增','1','0','交易金额'),
('CI90190','txAmt','>=','50000','','','00301004','交易金额','900001','2019-10-29','批量新增','1','0','交易金额'),
('CI90191','ccy','!=','156','','','00301004','币种','900001','2019-10-29','批量新增','1','0','币种'),
('CI90192','txAmt','>','0','','','00301011','交易金额','900001','2019-10-29','批量新增','1','0','交易金额'),
('CI90192','pageRdcrdOperFlgCd','==','0','','','00301011','磁条标志','900001','2019-10-29','批量新增','1','0','磁条标志'),
('CI90192','strDepbokNo','empty','NULL','','','00301011','存折号码','900001','2019-10-29','批量新增','1','0','存折号码'),
('CI90193','cust_type','!=','0','','','00301011','客户类型','900001','2019-10-29','批量新增','1','0','客户类型'),
('CI90193','txAmt','>=','50000','','','00301011','交易金额','900001','2019-10-29','批量新增','1','0','交易金额'),
('CI90194','txAmt','>=','50000','','','00301011','交易金额','900001','2019-10-29','批量新增','1','0','交易金额'),
('CI90195','curCd','!=','156','','','00301011','币种','900001','2019-10-29','批量新增','1','0','币种'),
('CI90196','txAmt','>','0','','','00301010','交易金额','900001','2019-10-29','批量新增','1','0','交易金额'),
('CI90196','pageRdcrdOperFlgCd','==','0','','','00301010','磁条标志','900001','2019-10-29','批量新增','1','0','磁条标志'),
('CI90196','strDepbokNo','empty','NULL','','','00301010','存折号码','900001','2019-10-29','批量新增','1','0','存折号码'),
('CI90197','cust_type','==','0','','','00301010','客户类型','900001','2019-10-29','批量新增','1','0','客户类型'),
('CI90197','txAmt','>=','50000','','','00301010','交易金额','900001','2019-10-29','批量新增','1','0','交易金额'),
('CI90198','txAmt','>=','50000','','','00301010','交易金额','900001','2019-10-29','批量新增','1','0','交易金额'),
('CI90199','curCd','!=','156','','','00301010','币种','900001','2019-10-29','批量新增','1','0','币种'),
('CI90200','txAmt','>','0','','','00301003','交易金额','900001','2019-10-29','批量新增','1','0','交易金额'),
('CI90200','pageRdcrdOperFlgCd','==','0','','','00301003','磁条标志','900001','2019-10-29','批量新增','1','0','磁条标志'),
('CI90200','strDepbokNo','empty','NULL','','','00301003','存折号码','900001','2019-10-29','批量新增','1','0','存折号码'),
('CI90201','CUST_TYP_CD','==','0','','','00301003','客户类型','900001','2019-10-29','批量新增','1','0','客户类型'),
('CI90201','txAmt','>=','50000','','','00301003','交易金额','900001','2019-10-29','批量新增','1','0','交易金额'),
('CI90202','txAmt','>=','50000','','','00301003','交易金额','900001','2019-10-29','批量新增','1','0','交易金额'),
('CI90203','curCd','!=','156','','','00301003','币种','900001','2019-10-29','批量新增','1','0','币种'),
('CI90204','CUST_TYP_CD','!=','0','','','00301009','客户类型','900001','2019-10-29','批量新增','1','0','客户类型'),
('CI90204','txAmt','>=','50000','','','00301009','交易金额','900001','2019-10-29','批量新增','1','0','交易金额'),
('CI90205','txAmt','>=','50000','','','00301009','交易金额','900001','2019-10-29','批量新增','1','0','交易金额'),
('CI90206','curCd','!=','156','','','00301009','币种','900001','2019-10-29','批量新增','1','0','币种'),
('CI90207','csttype','!=','0','','','00301013','客户类型','900001','2019-10-29','批量新增','1','0','客户类型'),
('CI90207','totalTxAmt1','>=','50000','','','00301013','交易金额','900001','2019-10-29','批量新增','1','0','交易金额'),
('CI90208','csttype','==','0','','','00301013','客户类型','900001','2019-10-29','批量新增','1','0','客户类型'),
('CI90208','totalTxAmt1','>=','50000','','','00301013','交易金额','900001','2019-10-29','批量新增','1','0','交易金额'),
('CI90209','curCd','!=','156','','','00301013','币种','900001','2019-10-29','批量新增','1','0','币种'),
('CI90210','where','==','1','','','00301006','是否代理','900001','2019-10-29','批量新增','1','0','是否代理'),
('CI90211','where','==','0','','','00301006','是否代理','900001','2019-10-29','批量新增','1','0','是否代理'),
('CI90211','txAmt','>=','50000','','','00301006','交易金额','900001','2019-10-29','批量新增','1','0','交易金额'),
('CI90211','csttype','==','0','','','00301006','客户类型','900001','2019-10-29','批量新增','1','0','客户类型'),
('CI90212','mode','in','00100000,01100000,10100000,11100000','','','00301006','支取方式','900001','2019-10-29','批量新增','1','0','支取方式'),
('CI90212','csttype','==','0','','','00301006','客户类型','900001','2019-10-29','批量新增','1','0','客户类型'),
('CI90213','txAmt','>=','50000','','','00301006','交易金额','900001','2019-10-29','批量新增','1','0','交易金额'),
('CI90214','ccy','!=','156','','','00301006','币种','900001','2019-10-29','批量新增','1','0','币种'),
('CI90215','proxy','==','1','','','00301007','是否代理','900001','2019-10-29','批量新增','1','0','是否代理'),
('CI90216','custtyp','!=','0','','','00301007','客户类型','900001','2019-10-29','批量新增','1','0','客户类型'),
('CI90216','txAmt','>=','50000','','','00301007','交易金额','900001','2019-10-29','批量新增','1','0','交易金额'),
('CI90217','drawType','in','00100000,01100000,10100000,11100000','','','00301007','支取方式','900001','2019-10-29','批量新增','1','0','支取方式'),
('CI90217','custtyp','==','0','','','00301007','客户类型','900001','2019-10-29','批量新增','1','0','客户类型'),
('CI90218','txAmt','>=','50000','','','00301007','交易金额','900001','2019-10-29','批量新增','1','0','交易金额'),
('CI90219','proxy','==','0','','','00301007','是否代理','900001','2019-10-29','批量新增','1','0','是否代理'),
('CI90219','txAmt','>=','50000','','','00301007','交易金额','900001','2019-10-29','批量新增','1','0','交易金额'),
('CI90219','custtyp','==','0','','','00301007','客户类型','900001','2019-10-29','批量新增','1','0','客户类型'),
('CI90220','ccy','!=','156','','','00301007','币种','900001','2019-10-29','批量新增','1','0','币种'),
('CI90221','proxy','==','1','','','00301014','是否代理','900001','2019-10-29','批量新增','1','0','是否代理'),
('CI90222','proxy','==','0','','','00301014','是否代理','900001','2019-10-29','批量新增','1','0','是否代理'),
('CI90222','txAmt','>=','50000','','','00301014','交易金额','900001','2019-10-29','批量新增','1','0','交易金额'),
('CI90222','cust_type','==','0','','','00301014','客户类型','900001','2019-10-29','批量新增','1','0','客户类型'),
('CI90223','mode','in','00100000,01100000,10100000,11100000','','','00301014','支取方式','900001','2019-10-29','批量新增','1','0','支取方式'),
('CI90223','cust_type','==','0','','','00301014','客户类型','900001','2019-10-29','批量新增','1','0','客户类型'),
('CI90224','cust_type','==','0','','','00301014','客户类型','900001','2019-10-29','批量新增','1','0','客户类型'),
('CI90225','txAmt','>=','50000','','','00301014','交易金额','900001','2019-10-29','批量新增','1','0','交易金额'),
('CI90226','ccy','!=','156','','','00301014','币种','900001','2019-10-29','批量新增','1','0','币种'),
('CI90227','proxy','==','1','','','00302013','是否代理','900001','2019-10-29','批量新增','1','0','是否代理'),
('CI90228','proxy','==','0','','','00302013','是否代理','900001','2019-10-29','批量新增','1','0','是否代理'),
('CI90228','partyAmt','>=','50000','','','00302013','交易金额','900001','2019-10-29','批量新增','1','0','交易金额'),
('CI90228','cust_type','==','0','','','00302013','客户类型','900001','2019-10-29','批量新增','1','0','客户类型'),
('CI90229','mode','in','00100000,01100000,10100000,11100000','','','00302013','支取方式','900001','2019-10-29','批量新增','1','0','支取方式'),
('CI90229','cust_type','==','0','','','00302013','客户类型','900001','2019-10-29','批量新增','1','0','客户类型'),
('CI90230','cust_type','==','0','','','00302013','客户类型','900001','2019-10-29','批量新增','1','0','客户类型'),
('CI90231','partyAmt','>=','50000','','','00302013','交易金额','900001','2019-10-29','批量新增','1','0','交易金额'),
('CI90232','ccy','!=','156','','','00302013','币种','900001','2019-10-29','批量新增','1','0','币种'),
('CI90233','custType','!=','0','','','00301018','客户类型','900001','2019-10-29','批量新增','1','0','客户类型'),
('CI90233','txAmt','>=','50000','','','00301018','交易金额','900001','2019-10-29','批量新增','1','0','交易金额'),
('CI90234','txAmt','>=','50000','','','00301018','交易金额','900001','2019-10-29','批量新增','1','0','交易金额'),
('CI90235','currType','!=','156','','','00301018','币种','900001','2019-10-29','批量新增','1','0','币种'),
('CI90236','proxy','==','1','','','00301017','是否代理','900001','2019-10-29','批量新增','1','0','是否代理'),
('CI90237','proxy','==','0','','','00301017','是否代理','900001','2019-10-29','批量新增','1','0','是否代理'),
('CI90237','txAmt','>=','50000','','','00301017','交易金额','900001','2019-10-29','批量新增','1','0','交易金额'),
('CI90237','cust_type','==','0','','','00301017','客户类型','900001','2019-10-29','批量新增','1','0','客户类型'),
('CI90238','txAmt','>=','50000','','','00301017','交易金额','900001','2019-10-29','批量新增','1','0','交易金额'),
('CI90239','ccy','!=','156','','','00301017','币种','900001','2019-10-29','批量新增','1','0','币种'),
('CI90240','agenFlg','==','1','','','00301016','是否代理','900001','2019-10-29','批量新增','1','0','是否代理'),
('CI90241','agenFlg','==','0','','','00301016','是否代理','900001','2019-10-29','批量新增','1','0','是否代理'),
('CI90241','txAmt','>=','50000','','','00301016','交易金额','900001','2019-10-29','批量新增','1','0','交易金额'),
('CI90241','custType','==','0','','','00301016','客户类型','900001','2019-10-29','批量新增','1','0','客户类型'),
('CI90242','txAmt','>=','50000','','','00301016','交易金额','900001','2019-10-29','批量新增','1','0','交易金额'),
('CI90243','currType','!=','156','','','00301016','币种','900001','2019-10-29','批量新增','1','0','币种'),
('CI90244','agencyFlag','==','1','','','00302003','是否代理','900001','2019-10-29','批量新增','1','0','是否代理'),
('CI90245','agencyFlag','==','0','','','00302003','是否代理','900001','2019-10-29','批量新增','1','0','是否代理'),
('CI90245','partAmt','>=','50000','','','00302003','交易金额','900001','2019-10-29','批量新增','1','0','交易金额'),
('CI90245','csttype','==','0','','','00302003','客户类型','900001','2019-10-29','批量新增','1','0','客户类型'),
('CI90246','partAmt','>=','50000','','','00302003','交易金额','900001','2019-10-29','批量新增','1','0','交易金额'),
('CI90247','csttype','==','0','','','00302003','客户类型','900001','2019-10-29','批量新增','1','0','客户类型'),
('CI90248','ccy','!=','156','','','00302003','币种','900001','2019-10-29','批量新增','1','0','币种'),
('CI90249','custType','!=','0','','','00301002','客户类型','900001','2019-10-29','批量新增','1','0','客户类型'),
('CI90249','txAmt','>=','50000','','','00301002','交易金额','900001','2019-10-29','批量新增','1','0','交易金额'),
('CI90250','txAmt','>=','50000','','','00301002','交易金额','900001','2019-10-29','批量新增','1','0','交易金额'),
('CI90251','currType','!=','156','','','00301002','币种','900001','2019-10-29','批量新增','1','0','币种'),
('CI90252','proxy','==','1','','','00302020','是否代理','900001','2019-10-29','批量新增','1','0','是否代理'),
('CI90253','proxy','==','0','','','00302020','是否代理','900001','2019-10-29','批量新增','1','0','是否代理'),
('CI90253','txAmt','>=','50000','','','00302020','交易金额','900001','2019-10-29','批量新增','1','0','交易金额'),
('CI90253','cust_type','==','0','','','00302020','客户类型','900001','2019-10-29','批量新增','1','0','客户类型'),
('CI90254','mode','in','00100000,01100000,10100000,11100000','','','00302020','支取方式','900001','2019-10-29','批量新增','1','0','支取方式'),
('CI90254','cust_type','==','0','','','00302020','客户类型','900001','2019-10-29','批量新增','1','0','客户类型'),
('CI90255','cust_type','==','0','','','00302020','客户类型','900001','2019-10-29','批量新增','1','0','客户类型'),
('CI90256','txAmt','>=','50000','','','00302020','交易金额','900001','2019-10-29','批量新增','1','0','交易金额'),
('CI90257','ccy','!=','156','','','00302020','币种','900001','2019-10-29','批量新增','1','0','币种'),
('CI90258','proxy','==','1','','','00301015','是否代理','900001','2019-10-29','批量新增','1','0','是否代理'),
('CI90259','proxy','==','0','','','00301015','是否代理','900001','2019-10-29','批量新增','1','0','是否代理'),
('CI90259','txAmt','>=','50000','','','00301015','交易金额','900001','2019-10-29','批量新增','1','0','交易金额'),
('CI90259','cust_type','==','0','','','00301015','客户类型','900001','2019-10-29','批量新增','1','0','客户类型'),
('CI90260','cust_type','!=','0','','','00301015','客户类型','900001','2019-10-29','批量新增','1','0','客户类型'),
('CI90260','txAmt','>=','50000','','','00301015','交易金额','900001','2019-10-29','批量新增','1','0','交易金额'),
('CI90261','mode','in','00100000,01100000,10100000,11100000','','','00301015','支取方式','900001','2019-10-29','批量新增','1','0','支取方式'),
('CI90261','cust_type','==','0','','','00301015','客户类型','900001','2019-10-29','批量新增','1','0','客户类型'),
('CI90262','txAmt','>=','50000','','','00301015','交易金额','900001','2019-10-29','批量新增','1','0','交易金额'),
('CI90263','ccy','!=','156','','','00301015','币种','900001','2019-10-29','批量新增','1','0','币种'),
('CI90264','totlAmt','>=','50000','','','00502306','交易金额','900001','2019-10-29','批量新增','1','0','交易金额'),
('CI90265','custType','==','0','','','00502306','客户类型','900001','2019-10-29','批量新增','1','0','客户类型'),
('CI90265','acctDrawManrCd','in','00100000,01100000,10100000,11100000','','','00502306','支取方式','900001','2019-10-29','批量新增','1','0','支取方式'),
('CI90266','totlAmt','>=','50000','','','00502307','交易金额','900001','2019-10-29','批量新增','1','0','交易金额'),
('CI90267','totlAmt','>=','50000','','','00502314_2','交易金额','900001','2019-10-29','批量新增','1','0','交易金额'),
('CI90268','custType','==','0','','','00502314_2','客户类型','900001','2019-10-29','批量新增','1','0','客户类型'),
('CI90268','acctDrawManrCd','in','00100000,01100000,10100000,11100000','','','00502314_2','支取方式','900001','2019-10-29','批量新增','1','0','支取方式'),
('CI90269','totlAmt','>=','50000','','','00502314_3','交易金额','900001','2019-10-29','批量新增','1','0','交易金额'),
('CI90270','txAmt','>=','50000','','','00302005','交易金额','900001','2019-10-29','批量新增','1','0','交易金额'),
('CI90271','txAmt','>=','50000','','','00302007','交易金额','900001','2019-10-29','批量新增','1','0','交易金额'),
('CI90272','txAmt','>=','50000','','','00302006','交易金额','900001','2019-10-29','批量新增','1','0','交易金额'),
('CI90273','partAmt','>=','50000','','','00302021','交易金额','900001','2019-10-29','批量新增','1','0','交易金额'),
('CI90274','txAmt','>=','50000','','','00302011','交易金额','900001','2019-10-29','批量新增','1','0','交易金额'),
('CI90275','agenFlg','==','1','','','00603001','是否代理','900001','2019-10-29','批量新增','1','0','是否代理'),
('CI90276','agenFlg','==','1','','','00603002','是否代理','900001','2019-10-29','批量新增','1','0','是否代理'),
('CI90277','agenFlg','==','0','','','00101001_1','是否代理','900001','2019-10-29','批量新增','1','0','是否代理'),
('CI90278','agenFlg','==','1','','','00101001_1','是否代理','900001','2019-10-29','批量新增','1','0','是否代理'),
('CI90280','crtfTypCd','==','0','','','00407002','证件类型','900001','2019-10-29','批量新增','1','0','证件类型'),
('CI90281','ctfTp','==','0','','','00802002','证件类型','900001','2019-10-29','批量新增','1','0','证件类型'),
('CI90282','PAGE_RDCRD_OPER_FLG_CD','==','0','','','00303005','磁条标志','900001','2019-10-29','批量新增','1','0','磁条标志'),
('CI90282','tran_amt','>=','10000','','','00303005','交易金额','900001','2019-10-29','批量新增','1','0','交易金额');
-- IB_OM_RULECOND_RLT insert
INSERT INTO IB_OM_RULECOND_RLT (RULE_COND_NO,CMPL_MODE_FLG,OPRTN_RULE_NO) VALUES

('CI90000','0','090000'),
('CI90001','1','090001'),
('CI90002','1','090002'),
('CI90003','1','090003'),
('CI90004','1','090004'),
('CI90005','1','090005'),
('CI90006','1','090006'),
('CI90007','1','090007'),
('CI90008','0','090008'),
('CI90009','1','090009'),
('CI90010','1','090010'),
('CI90011','1','090011'),
('CI90012','1','090012'),
('CI90013','1','090013'),
('CI90014','1','090014'),
('CI90015','1','090015'),
('CI90016','1','090016'),
('CI90017','1','090017'),
('CI90018','1','090018'),
('CI90019','1','090019'),
('CI90020','1','090020'),
('CI90021','1','090021'),
('CI90022','0','090022'),
('CI90023','0','090023'),
('CI90024','1','090024'),
('CI90025','1','090025'),
('CI90026','1','090026'),
('CI90027','1','090027'),
('CI90028','1','090028'),
('CI90029','0','090029'),
('CI90030','1','090030'),
('CI90031','0','090031'),
('CI90032','0','090032'),
('CI90033','0','090033'),
('CI90034','0','090034'),
('CI90035','0','090035'),
('CI90036','0','090036'),
('CI90037','0','090037'),
('CI90038','0','090038'),
('CI90039','0','090039'),
('CI90040','0','090040'),
('CI90041','0','090041'),
('CI90042','0','090042'),
('CI90043','0','090043'),
('CI90044','0','090044'),
('CI90045','0','090045'),
('CI90046','0','090046'),
('CI90047','0','090047'),
('CI90048','0','090048'),
('CI90049','0','090049'),
('CI90050','0','090050'),
('CI90051','0','090051'),
('CI90052','0','090052'),
('CI90053','0','090053'),
('CI90054','0','090054'),
('CI90055','0','090055'),
('CI90056','0','090056'),
('CI90057','1','090057'),
('CI90058','1','090058'),
('CI90059','0','090059'),
('CI90060','0','090060'),
('CI90061','1','090061'),
('CI90062','1','090062'),
('CI90063','1','090063'),
('CI90064','1','090064'),
('CI90065','1','090065'),
('CI90066','1','090066'),
('CI90067','1','090067'),
('CI90068','1','090068'),
('CI90069','1','090069'),
('CI90070','1','090070'),
('CI90071','1','090071'),
('CI90072','1','090072'),
('CI90073','1','090073'),
('CI90074','1','090074'),
('CI90075','1','090075'),
('CI90076','1','090076'),
('CI90077','1','090077'),
('CI90078','1','090078'),
('CI90079','1','090079'),
('CI90080','1','090080'),
('CI90081','1','090081'),
('CI90082','1','090082'),
('CI90083','1','090083'),
('CI90084','0','090084'),
('CI90085','0','090085'),
('CI90086','0','090086'),
('CI90087','1','090087'),
('CI90088','1','090088'),
('CI90089','1','090089'),
('CI90090','1','090090'),
('CI90091','1','090091'),
('CI90092','1','090092'),
('CI90093','1','090093'),
('CI90094','1','090094'),
('CI90095','1','090095'),
('CI90096','1','090096'),
('CI90097','1','090097'),
('CI90098','1','090098'),
('CI90099','1','090099'),
('CI90100','1','090100'),
('CI90101','1','090101'),
('CI90102','1','090102'),
('CI90103','1','090103'),
('CI90104','1','090104'),
('CI90105','1','090105'),
('CI90106','1','090106'),
('CI90107','1','090107'),
('CI90108','1','090108'),
('CI90109','1','090109'),
('CI90110','1','090110'),
('CI90111','1','090111'),
('CI90112','1','090112'),
('CI90113','1','090113'),
('CI90114','1','090114'),
('CI90115','1','090115'),
('CI90116','1','090116'),
('CI90117','1','090117'),
('CI90118','1','090118'),
('CI90119','1','090119'),
('CI90120','1','090120'),
('CI90121','1','090121'),
('CI90122','1','090122'),
('CI90123','1','090123'),
('CI90124','1','090124'),
('CI90125','1','090125'),
('CI90126','1','090126'),
('CI90127','1','090127'),
('CI90128','1','090128'),
('CI90129','1','090129'),
('CI90130','1','090130'),
('CI90131','1','090131'),
('CI90132','1','090132'),
('CI90133','1','090133'),
('CI90134','1','090134'),
('CI90135','1','090135'),
('CI90136','1','090136'),
('CI90137','1','090137'),
('CI90138','1','090138'),
('CI90139','1','090139'),
('CI90140','1','090140'),
('CI90141','1','090141'),
('CI90142','1','090142'),
('CI90143','1','090143'),
('CI90144','1','090144'),
('CI90145','1','090145'),
('CI90146','1','090146'),
('CI90147','1','090147'),
('CI90148','1','090148'),
('CI90149','1','090149'),
('CI90150','1','090150'),
('CI90151','1','090151'),
('CI90152','1','090152'),
('CI90153','1','090153'),
('CI90154','1','090154'),
('CI90155','1','090155'),
('CI90156','1','090156'),
('CI90157','1','090157'),
('CI90158','1','090158'),
('CI90159','1','090159'),
('CI90160','1','090160'),
('CI90161','1','090161'),
('CI90162','1','090162'),
('CI90163','1','090163'),
('CI90164','1','090164'),
('CI90165','1','090165'),
('CI90166','1','090166'),
('CI90167','1','090167'),
('CI90168','1','090168'),
('CI90169','1','090169'),
('CI90170','1','090170'),
('CI90171','1','090171'),
('CI90172','1','090172'),
('CI90173','1','090173'),
('CI90174','1','090174'),
('CI90175','1','090175'),
('CI90176','1','090176'),
('CI90177','1','090177'),
('CI90178','1','090178'),
('CI90179','1','090179'),
('CI90180','1','090180'),
('CI90181','1','090181'),
('CI90182','1','090182'),
('CI90183','1','090183'),
('CI90184','1','090184'),
('CI90185','1','090185'),
('CI90186','1','090186'),
('CI90187','1','090187'),
('CI90188','1','090188'),
('CI90189','1','090189'),
('CI90190','1','090190'),
('CI90191','1','090191'),
('CI90192','1','090192'),
('CI90193','1','090193'),
('CI90194','1','090194'),
('CI90195','1','090195'),
('CI90196','1','090196'),
('CI90197','1','090197'),
('CI90198','1','090198'),
('CI90199','1','090199'),
('CI90200','1','090200'),
('CI90201','1','090201'),
('CI90202','1','090202'),
('CI90203','1','090203'),
('CI90204','1','090204'),
('CI90205','1','090205'),
('CI90206','1','090206'),
('CI90207','1','090207'),
('CI90208','1','090208'),
('CI90209','1','090209'),
('CI90210','1','090210'),
('CI90211','1','090211'),
('CI90212','1','090212'),
('CI90213','1','090213'),
('CI90214','1','090214'),
('CI90215','1','090215'),
('CI90216','1','090216'),
('CI90217','1','090217'),
('CI90218','1','090218'),
('CI90219','1','090219'),
('CI90220','1','090220'),
('CI90221','1','090221'),
('CI90222','1','090222'),
('CI90223','1','090223'),
('CI90224','1','090224'),
('CI90225','1','090225'),
('CI90226','1','090226'),
('CI90227','1','090227'),
('CI90228','1','090228'),
('CI90229','1','090229'),
('CI90230','1','090230'),
('CI90231','1','090231'),
('CI90232','1','090232'),
('CI90233','1','090233'),
('CI90234','1','090234'),
('CI90235','1','090235'),
('CI90236','1','090236'),
('CI90237','1','090237'),
('CI90238','1','090238'),
('CI90239','1','090239'),
('CI90240','1','090240'),
('CI90241','1','090241'),
('CI90242','1','090242'),
('CI90243','1','090243'),
('CI90244','1','090244'),
('CI90245','1','090245'),
('CI90246','1','090246'),
('CI90247','1','090247'),
('CI90248','1','090248'),
('CI90249','1','090249'),
('CI90250','1','090250'),
('CI90251','1','090251'),
('CI90252','1','090252'),
('CI90253','1','090253'),
('CI90254','1','090254'),
('CI90255','1','090255'),
('CI90256','1','090256'),
('CI90257','1','090257'),
('CI90258','1','090258'),
('CI90259','1','090259'),
('CI90260','1','090260'),
('CI90261','1','090261'),
('CI90262','1','090262'),
('CI90263','1','090263'),
('CI90264','1','090264'),
('CI90265','1','090265'),
('CI90266','1','090266'),
('CI90267','1','090267'),
('CI90268','1','090268'),
('CI90269','1','090269'),
('CI90270','1','090270'),
('CI90271','1','090271'),
('CI90272','1','090272'),
('CI90273','1','090273'),
('CI90274','1','090274'),
('CI90275','1','090275'),
('CI90276','1','090276'),
('CI90277','1','090277'),
('CI90278','1','090278'),
('CI90279','0','090279'),
('CI90280','1','090280'),
('CI90281','1','090281'),
('CI90282','1','090282'),
('CI90283','0','090283'),
('CI90284','0','090284'),
('CI90285','0','090285'),
('CI90286','0','090286'),
('CI90287','0','090287'),
('CI90288','0','090288'),
('CI90289','0','090289'),
('CI90290','0','090290'),
('CI90291','0','090291'),
('CI90292','0','090292'),
('CI90293','0','090293');
-- IB_OM_MODE_INFO insert
INSERT INTO IB_OM_MODE_INFO (RULE_MODE_NO,FIELD_SEQ_NO,FIELD_NM,FIELD_DICTRY_NM,RULE_MODE_TYP_CD) VALUES

('CI90000','1','ref','aui-row_1','CI'),
('CI90000','2','NI','1','CI'),
('CI90000','3','FR','1','CI'),
('CI90001','4','ref','input-cstnm','CI'),
('CI90001','5','NI','1','CI'),
('CI90001','6','FR','0','CI'),
('CI90002','7','ref','input-cstnm','CI'),
('CI90002','8','NI','1','CI'),
('CI90002','9','FR','1','CI'),
('CI90003','13','ref','input-cstnm','CI'),
('CI90003','14','NI','1','CI'),
('CI90003','15','FR','1','CI'),
('CI90004','19','ref','input-cstnm','CI'),
('CI90004','20','NI','1','CI'),
('CI90004','21','FR','1','CI'),
('CI90005','22','ref','input-cstnm','CI'),
('CI90005','23','NI','1','CI'),
('CI90005','24','FR','0','CI'),
('CI90006','25','ref','input-cstnm','CI'),
('CI90006','26','NI','1','CI'),
('CI90006','27','FR','1','CI'),
('CI90007','34','ref','input-cstnm','CI'),
('CI90007','35','NI','1','CI'),
('CI90007','36','FR','1','CI'),
('CI90008','37','ref','custom-input_2','CI'),
('CI90008','38','NI','1','CI'),
('CI90008','39','FR','1','CI'),
('CI90009','40','ref','custom-input-crtfNbr','CI'),
('CI90009','41','NI','1','CI'),
('CI90009','42','FR','1','CI'),
('CI90010','43','ref','custom-input-crtfNbr','CI'),
('CI90010','44','NI','1','CI'),
('CI90010','45','FR','0','CI'),
('CI90011','46','ref','custom-input-crtfNbr','CI'),
('CI90011','47','NI','1','CI'),
('CI90011','48','FR','1','CI'),
('CI90012','49','ref','custom-input-crtfNbr','CI'),
('CI90012','50','NI','1','CI'),
('CI90012','51','FR','0','CI'),
('CI90013','52','ref','custom-input-custNm','CI'),
('CI90013','53','NI','1','CI'),
('CI90013','54','FR','1','CI'),
('CI90014','55','ref','custom-input-custNm','CI'),
('CI90014','56','NI','1','CI'),
('CI90014','57','FR','0','CI'),
('CI90015','58','ref','input-cstnm','CI'),
('CI90015','59','NI','1','CI'),
('CI90015','60','FR','0','CI'),
('CI90016','61','ref','input-cstnm','CI'),
('CI90016','62','NI','1','CI'),
('CI90016','63','FR','1','CI'),
('CI90017','64','ref','custom-selector-crtfTypCd','CI'),
('CI90017','65','NI','1','CI'),
('CI90017','66','FR','1','CI'),
('CI90018','67','ref','custom-selector-crtfTypCd','CI'),
('CI90018','68','NI','1','CI'),
('CI90018','69','FR','0','CI'),
('CI90019','70','ref','custom-input-acctnm1','CI'),
('CI90019','71','NI','1','CI'),
('CI90019','72','FR','0','CI'),
('CI90020','73','ref','custom-input-acctnm1','CI'),
('CI90020','74','NI','1','CI'),
('CI90020','75','FR','0','CI'),
('CI90021','76','ref','custom-input-acctnm1','CI'),
('CI90021','77','NI','1','CI'),
('CI90021','78','FR','0','CI'),
('CI90022','79','ref','custom-input-acctnm1','CI'),
('CI90022','80','NI','1','CI'),
('CI90022','81','FR','1','CI'),
('CI90023','82','ref','custom-input_3','CI'),
('CI90023','83','NI','1','CI'),
('CI90023','84','FR','1','CI'),
('CI90024','85','ref','custom-input_2','CI'),
('CI90024','86','NI','1','CI'),
('CI90024','87','FR','0','CI'),
('CI90025','88','ref','custom-input_2','CI'),
('CI90025','89','NI','1','CI'),
('CI90025','90','FR','1','CI'),
('CI90026','91','ref','custom-input-acctnm','CI'),
('CI90026','92','NI','1','CI'),
('CI90026','93','FR','0','CI'),
('CI90027','94','ref','custom-input-acctnm','CI'),
('CI90027','95','NI','1','CI'),
('CI90027','96','FR','0','CI'),
('CI90028','97','ref','custom-input-acctnm','CI'),
('CI90028','98','NI','1','CI'),
('CI90028','99','FR','0','CI'),
('CI90029','100','ref','customer','CI'),
('CI90029','101','NI','1','CI'),
('CI90029','102','FR','1','CI'),
('CI90030','103','ref','customer1','CI'),
('CI90030','104','NI','1','CI'),
('CI90030','105','FR','1','CI'),
('CI90031','109','ref','customer','CI'),
('CI90031','110','NI','1','CI'),
('CI90031','111','FR','1','CI'),
('CI90032','112','ref','customer','CI'),
('CI90032','113','NI','1','CI'),
('CI90032','114','FR','1','CI'),
('CI90033','115','ref','customer','CI'),
('CI90033','116','NI','0','CI'),
('CI90033','117','FR','0','CI'),
('CI90034','118','ref','aui-button_query','CI'),
('CI90034','119','NI','1','CI'),
('CI90034','120','FR','0','CI'),
('CI90035','121','ref','aui-button_query','CI'),
('CI90035','122','NI','1','CI'),
('CI90035','123','FR','0','CI'),
('CI90036','124','ref','aui-button_query','CI'),
('CI90036','125','NI','1','CI'),
('CI90036','126','FR','0','CI'),
('CI90037','127','ref','aui-button_query','CI'),
('CI90037','128','NI','1','CI'),
('CI90037','129','FR','0','CI'),
('CI90038','130','ref','aui-button_query','CI'),
('CI90038','131','NI','1','CI'),
('CI90038','132','FR','0','CI'),
('CI90039','133','ref','aui-button_query','CI'),
('CI90039','134','NI','1','CI'),
('CI90039','135','FR','0','CI'),
('CI90040','136','ref','aui-button_check','CI'),
('CI90040','137','NI','1','CI'),
('CI90040','138','FR','0','CI'),
('CI90041','139','ref','aui-button-check','CI'),
('CI90041','140','NI','1','CI'),
('CI90041','141','FR','0','CI'),
('CI90042','142','ref','custom-input-userName','CI'),
('CI90042','143','NI','1','CI'),
('CI90042','144','FR','0','CI'),
('CI90043','145','ref','custom-input-pwd','CI'),
('CI90043','146','NI','1','CI'),
('CI90043','147','FR','0','CI'),
('CI90044','148','ref','aui-queryInfo','CI'),
('CI90044','149','NI','1','CI'),
('CI90044','150','FR','0','CI'),
('CI90045','151','ref','aui-queryInfo','CI'),
('CI90045','152','NI','1','CI'),
('CI90045','153','FR','0','CI'),
('CI90046','154','ref','aui-queryInfo','CI'),
('CI90046','155','NI','1','CI'),
('CI90046','156','FR','0','CI'),
('CI90047','157','ref','aui-button_query','CI'),
('CI90047','158','NI','1','CI'),
('CI90047','159','FR','0','CI'),
('CI90048','160','ref','aui-button_query','CI'),
('CI90048','161','NI','1','CI'),
('CI90048','162','FR','0','CI'),
('CI90049','163','ref','custom-input-name','CI'),
('CI90049','164','NI','1','CI'),
('CI90049','165','FR','0','CI'),
('CI90050','166','ref','custom-input-name','CI'),
('CI90050','167','NI','1','CI'),
('CI90050','168','FR','0','CI'),
('CI90051','169','ref','custom-input-name','CI'),
('CI90051','170','NI','1','CI'),
('CI90051','171','FR','0','CI'),
('CI90052','172','ref','custom-input-name','CI'),
('CI90052','173','NI','1','CI'),
('CI90052','174','FR','0','CI'),
('CI90053','175','ref','custom-input-name','CI'),
('CI90053','176','NI','1','CI'),
('CI90053','177','FR','0','CI'),
('CI90054','178','ref','custom-input-name','CI'),
('CI90054','179','NI','1','CI'),
('CI90054','180','FR','0','CI'),
('CI90055','181','ref','custom-input-name','CI'),
('CI90055','182','NI','1','CI'),
('CI90055','183','FR','0','CI'),
('CI90056','184','ref','custom-table_1','CI'),
('CI90056','185','NI','1','CI'),
('CI90056','186','FR','0','CI'),
('CI90057','187','ref','aui-button_query','CI'),
('CI90057','188','NI','1','CI'),
('CI90057','189','FR','1','CI'),
('CI90058','193','ref','aui-button_query','CI'),
('CI90058','194','NI','0','CI'),
('CI90058','195','FR','0','CI'),
('CI90059','196','ref','custom-input_4','CI'),
('CI90059','197','NI','1','CI'),
('CI90059','198','FR','0','CI'),
('CI90060','199','ref','custom-input_19','CI'),
('CI90060','200','NI','1','CI'),
('CI90060','201','FR','0','CI'),
('CI90061','202','ref','custom-selector-01','CI'),
('CI90061','203','NI','1','CI'),
('CI90061','204','FR','0','CI'),
('CI90062','205','ref','custom-input_4','CI'),
('CI90062','206','NI','1','CI'),
('CI90062','207','FR','0','CI'),
('CI90063','208','ref','custom-input_4','CI'),
('CI90063','209','NI','0','CI'),
('CI90063','210','FR','0','CI'),
('CI90064','214','ref','custom-input_9','CI'),
('CI90064','215','NI','1','CI'),
('CI90064','216','FR','0','CI'),
('CI90065','217','ref','custom-input_7','CI'),
('CI90065','218','NI','1','CI'),
('CI90065','219','FR','0','CI'),
('CI90066','220','ref','custom-input_9','CI'),
('CI90066','221','NI','1','CI'),
('CI90066','222','FR','0','CI'),
('CI90067','223','ref','custom-input_4','CI'),
('CI90067','224','NI','1','CI'),
('CI90067','225','FR','0','CI'),
('CI90068','226','ref','custom-input_4','CI'),
('CI90068','227','NI','0','CI'),
('CI90068','228','FR','0','CI'),
('CI90069','232','ref','custom-selector_3','CI'),
('CI90069','233','NI','1','CI'),
('CI90069','234','FR','0','CI'),
('CI90070','235','ref','custom-input_6','CI'),
('CI90070','236','NI','1','CI'),
('CI90070','237','FR','0','CI'),
('CI90071','238','ref','custom-input_6','CI'),
('CI90071','239','NI','1','CI'),
('CI90071','240','FR','0','CI'),
('CI90072','241','ref','custom-input_1','CI'),
('CI90072','242','NI','1','CI'),
('CI90072','243','FR','1','CI'),
('CI90073','244','ref','custom-input_9','CI'),
('CI90073','245','NI','1','CI'),
('CI90073','246','FR','0','CI'),
('CI90074','247','ref','custom-input_6','CI'),
('CI90074','248','NI','1','CI'),
('CI90074','249','FR','0','CI'),
('CI90075','250','ref','custom-input_4','CI'),
('CI90075','251','NI','1','CI'),
('CI90075','252','FR','1','CI'),
('CI90076','253','ref','custom-input_4','CI'),
('CI90076','254','NI','1','CI'),
('CI90076','255','FR','1','CI'),
('CI90077','256','ref','custom-input_4','CI'),
('CI90077','257','NI','1','CI'),
('CI90077','258','FR','1','CI'),
('CI90078','259','ref','custom-input_4','CI'),
('CI90078','260','NI','1','CI'),
('CI90078','261','FR','1','CI'),
('CI90079','262','ref','custom-selector_2','CI'),
('CI90079','263','NI','1','CI'),
('CI90079','264','FR','1','CI'),
('CI90080','265','ref','custom-selector_6','CI'),
('CI90080','266','NI','1','CI'),
('CI90080','267','FR','1','CI'),
('CI90081','268','ref','custom-selector_7','CI'),
('CI90081','269','NI','1','CI'),
('CI90081','270','FR','1','CI'),
('CI90082','271','ref','custom-selector_2','CI'),
('CI90082','272','NI','1','CI'),
('CI90082','273','FR','1','CI'),
('CI90083','274','ref','custom-input_remitAmount','CI'),
('CI90083','275','NI','1','CI'),
('CI90083','276','FR','0','CI'),
('CI90084','277','ref','custom-selector-bilhldrCrtfTypCd','CI'),
('CI90084','278','NI','1','CI'),
('CI90084','279','FR','0','CI'),
('CI90085','280','ref','custom-input_OldCardNumber','CI'),
('CI90085','281','NI','1','CI'),
('CI90085','282','FR','1','CI'),
('CI90086','283','ref','custom-selector_4','CI'),
('CI90086','284','NI','1','CI'),
('CI90086','285','FR','1','CI'),
('CI90087','286','ref','custom-selector_5','CI'),
('CI90087','287','NI','0','CI'),
('CI90087','288','FR','0','CI'),
('CI90088','289','ref','custom-selector_5','CI'),
('CI90088','290','NI','1','CI'),
('CI90088','291','FR','1','CI'),
('CI90089','298','ref','custom-selector_5','CI'),
('CI90089','299','NI','1','CI'),
('CI90089','300','FR','1','CI'),
('CI90090','301','ref','custom-input-txAmt','CI'),
('CI90090','302','NI','1','CI'),
('CI90090','303','FR','0','CI'),
('CI90091','307','ref','custom-input-txAmt','CI'),
('CI90091','308','NI','1','CI'),
('CI90091','309','FR','0','CI'),
('CI90092','313','ref','custom-input-txAmt','CI'),
('CI90092','314','NI','1','CI'),
('CI90092','315','FR','0','CI'),
('CI90093','319','ref','custom-selector_4','CI'),
('CI90093','320','NI','0','CI'),
('CI90093','321','FR','0','CI'),
('CI90094','322','ref','custom-selector_4','CI'),
('CI90094','323','NI','1','CI'),
('CI90094','324','FR','1','CI'),
('CI90095','331','ref','custom-selector_4','CI'),
('CI90095','332','NI','0','CI'),
('CI90095','333','FR','0','CI'),
('CI90096','337','ref','custom-selector_4','CI'),
('CI90096','338','NI','1','CI'),
('CI90096','339','FR','0','CI'),
('CI90097','349','ref','custom-selector_4','CI'),
('CI90097','350','NI','1','CI'),
('CI90097','351','FR','0','CI'),
('CI90098','358','ref','custom-input_3','CI'),
('CI90098','359','NI','1','CI'),
('CI90098','360','FR','0','CI'),
('CI90099','364','ref','custom-selector_6','CI'),
('CI90099','365','NI','0','CI'),
('CI90099','366','FR','0','CI'),
('CI90100','367','ref','custom-selector_6','CI'),
('CI90100','368','NI','1','CI'),
('CI90100','369','FR','0','CI'),
('CI90101','373','ref','custom-selector_6','CI'),
('CI90101','374','NI','1','CI'),
('CI90101','375','FR','1','CI'),
('CI90102','382','ref','custom-selector_6','CI'),
('CI90102','383','NI','0','CI'),
('CI90102','384','FR','0','CI'),
('CI90103','388','ref','custom-selector_5','CI'),
('CI90103','389','NI','0','CI'),
('CI90103','390','FR','0','CI'),
('CI90104','391','ref','custom-selector_5','CI'),
('CI90104','392','NI','1','CI'),
('CI90104','393','FR','0','CI'),
('CI90105','397','ref','custom-selector_5','CI'),
('CI90105','398','NI','1','CI'),
('CI90105','399','FR','1','CI'),
('CI90106','406','ref','custom-selector_5','CI'),
('CI90106','407','NI','1','CI'),
('CI90106','408','FR','0','CI'),
('CI90107','412','ref','custom-selector_5','CI'),
('CI90107','413','NI','0','CI'),
('CI90107','414','FR','0','CI'),
('CI90108','418','ref','custom-input_6','CI'),
('CI90108','419','NI','1','CI'),
('CI90108','420','FR','0','CI'),
('CI90109','424','ref','custom-selector_6','CI'),
('CI90109','425','NI','0','CI'),
('CI90109','426','FR','0','CI'),
('CI90110','427','ref','custom-selector_6','CI'),
('CI90110','428','NI','1','CI'),
('CI90110','429','FR','0','CI'),
('CI90111','433','ref','custom-selector_6','CI'),
('CI90111','434','NI','1','CI'),
('CI90111','435','FR','1','CI'),
('CI90112','442','ref','custom-selector_6','CI'),
('CI90112','443','NI','1','CI'),
('CI90112','444','FR','0','CI'),
('CI90113','448','ref','custom-selector_agen','CI'),
('CI90113','449','NI','0','CI'),
('CI90113','450','FR','0','CI'),
('CI90114','451','ref','custom-selector_agen','CI'),
('CI90114','452','NI','1','CI'),
('CI90114','453','FR','1','CI'),
('CI90115','460','ref','custom-selector_agen','CI'),
('CI90115','461','NI','1','CI'),
('CI90115','462','FR','1','CI'),
('CI90116','463','ref','custom-selector_agen','CI'),
('CI90116','464','NI','1','CI'),
('CI90116','465','FR','0','CI'),
('CI90117','475','ref','custom-selector_agen','CI'),
('CI90117','476','NI','1','CI'),
('CI90117','477','FR','0','CI'),
('CI90118','484','ref','aui-button_submit','CI'),
('CI90118','485','NI','1','CI'),
('CI90118','486','FR','0','CI'),
('CI90119','490','ref','aui-button_submit','CI'),
('CI90119','491','NI','1','CI'),
('CI90119','492','FR','0','CI'),
('CI90120','493','ref','aui-button_submit','CI'),
('CI90120','494','NI','1','CI'),
('CI90120','495','FR','0','CI'),
('CI90121','496','ref','aui-button_submit','CI'),
('CI90121','497','NI','1','CI'),
('CI90121','498','FR','0','CI'),
('CI90122','502','ref','aui-button_submit','CI'),
('CI90122','503','NI','1','CI'),
('CI90122','504','FR','0','CI'),
('CI90123','505','ref','aui-button_submit','CI'),
('CI90123','506','NI','1','CI'),
('CI90123','507','FR','0','CI'),
('CI90124','508','ref','aui-button_submit','CI'),
('CI90124','509','NI','1','CI'),
('CI90124','510','FR','0','CI'),
('CI90125','511','ref','aui-button_submit','CI'),
('CI90125','512','NI','1','CI'),
('CI90125','513','FR','1','CI'),
('CI90126','514','ref','aui-button_submit','CI'),
('CI90126','515','NI','1','CI'),
('CI90126','516','FR','1','CI'),
('CI90127','517','ref','aui-button_submit','CI'),
('CI90127','518','NI','1','CI'),
('CI90127','519','FR','1','CI'),
('CI90128','523','ref','aui-button_submit','CI'),
('CI90128','524','NI','1','CI'),
('CI90128','525','FR','1','CI'),
('CI90129','529','ref','custom-selector_x_DE_WA','CI'),
('CI90129','530','NI','1','CI'),
('CI90129','531','FR','0','CI'),
('CI90130','532','ref','custom-sel_yesORno','CI'),
('CI90130','533','NI','1','CI'),
('CI90130','534','FR','0','CI'),
('CI90131','535','ref','custom-sel_yesORno','CI'),
('CI90131','536','NI','1','CI'),
('CI90131','537','FR','0','CI'),
('CI90132','544','ref','custom-sel_yesORno','CI'),
('CI90132','545','NI','1','CI'),
('CI90132','546','FR','0','CI'),
('CI90133','550','ref','custom-input_txAm','CI'),
('CI90133','551','NI','1','CI'),
('CI90133','552','FR','0','CI'),
('CI90134','562','ref','custom-input_txAm','CI'),
('CI90134','563','NI','1','CI'),
('CI90134','564','FR','0','CI'),
('CI90135','571','ref','custom-sel_handType','CI'),
('CI90135','572','NI','1','CI'),
('CI90135','573','FR','0','CI'),
('CI90136','574','ref','custom-selector_5','CI'),
('CI90136','575','NI','1','CI'),
('CI90136','576','FR','1','CI'),
('CI90137','577','ref','custom-selector_5','CI'),
('CI90137','578','NI','1','CI'),
('CI90137','579','FR','1','CI'),
('CI90138','586','ref','custom-selector_5','CI'),
('CI90138','587','NI','0','CI'),
('CI90138','588','FR','0','CI'),
('CI90139','592','ref','custom-selector-proxy','CI'),
('CI90139','593','NI','1','CI'),
('CI90139','594','FR','1','CI'),
('CI90140','595','ref','custom-selector-proxy','CI'),
('CI90140','596','NI','1','CI'),
('CI90140','597','FR','1','CI'),
('CI90141','604','ref','input-txAmt','CI'),
('CI90141','605','NI','0','CI'),
('CI90141','606','FR','0','CI'),
('CI90142','610','ref','custom-selector-proxy','CI'),
('CI90142','611','NI','1','CI'),
('CI90142','612','FR','1','CI'),
('CI90143','616','ref','custom-selector-proxy','CI'),
('CI90143','617','NI','1','CI'),
('CI90143','618','FR','1','CI'),
('CI90144','619','ref','custom-selector-proxy','CI'),
('CI90144','620','NI','1','CI'),
('CI90144','621','FR','1','CI'),
('CI90145','622','ref','custom-selector-proxy','CI'),
('CI90145','623','NI','1','CI'),
('CI90145','624','FR','1','CI'),
('CI90146','631','ref','custom-input_6','CI'),
('CI90146','632','NI','0','CI'),
('CI90146','633','FR','0','CI'),
('CI90147','637','ref','custom-selector_8','CI'),
('CI90147','638','NI','1','CI'),
('CI90147','639','FR','1','CI'),
('CI90148','640','ref','custom-selector_8','CI'),
('CI90148','641','NI','1','CI'),
('CI90148','642','FR','1','CI'),
('CI90149','649','ref','custom-input_6','CI'),
('CI90149','650','NI','0','CI'),
('CI90149','651','FR','0','CI'),
('CI90150','655','ref','custom-selector_8','CI'),
('CI90150','656','NI','1','CI'),
('CI90150','657','FR','1','CI'),
('CI90151','661','ref','custom-selector-proxy','CI'),
('CI90151','662','NI','1','CI'),
('CI90151','663','FR','1','CI'),
('CI90152','664','ref','custom-selector-proxy','CI'),
('CI90152','665','NI','1','CI'),
('CI90152','666','FR','1','CI'),
('CI90153','673','ref','custom-input-txAmt','CI'),
('CI90153','674','NI','0','CI'),
('CI90153','675','FR','0','CI'),
('CI90154','679','ref','custom-selector-proxy','CI'),
('CI90154','680','NI','1','CI'),
('CI90154','681','FR','1','CI'),
('CI90155','685','ref','custom-selector-proxy','CI'),
('CI90155','686','NI','1','CI'),
('CI90155','687','FR','1','CI'),
('CI90156','688','ref','custom-selector-proxy','CI'),
('CI90156','689','NI','1','CI'),
('CI90156','690','FR','1','CI'),
('CI90157','691','ref','custom-selector-proxy','CI'),
('CI90157','692','NI','1','CI'),
('CI90157','693','FR','1','CI'),
('CI90158','700','ref','custom-selector-proxy','CI'),
('CI90158','701','NI','1','CI'),
('CI90158','702','FR','1','CI'),
('CI90159','706','ref','custom-selector-proxy','CI'),
('CI90159','707','NI','1','CI'),
('CI90159','708','FR','1','CI'),
('CI90160','709','ref','custom-selector_5','CI'),
('CI90160','710','NI','1','CI'),
('CI90160','711','FR','0','CI'),
('CI90161','712','ref','custom-selector_5','CI'),
('CI90161','713','NI','1','CI'),
('CI90161','714','FR','1','CI'),
('CI90162','721','ref','custom-selector_5','CI'),
('CI90162','722','NI','1','CI'),
('CI90162','723','FR','0','CI'),
('CI90163','727','ref','custom-selector_5','CI'),
('CI90163','728','NI','1','CI'),
('CI90163','729','FR','0','CI'),
('CI90164','733','ref','custom-selector_5','CI'),
('CI90164','734','NI','1','CI'),
('CI90164','735','FR','0','CI'),
('CI90165','736','ref','custom-selector_5','CI'),
('CI90165','737','NI','1','CI'),
('CI90165','738','FR','1','CI'),
('CI90166','742','ref','custom-selector_5','CI'),
('CI90166','743','NI','1','CI'),
('CI90166','744','FR','0','CI'),
('CI90167','751','ref','custom-selector-crtfTypCd1','CI'),
('CI90167','752','NI','1','CI'),
('CI90167','753','FR','1','CI'),
('CI90168','757','ref','custom-selector-crtfTypCd1','CI'),
('CI90168','758','NI','1','CI'),
('CI90168','759','FR','0','CI'),
('CI90169','763','ref','custom-input-cardNo','CI'),
('CI90169','764','NI','1','CI'),
('CI90169','765','FR','1','CI'),
('CI90170','766','ref','custom-selector-agenFlg','CI'),
('CI90170','767','NI','1','CI'),
('CI90170','768','FR','0','CI'),
('CI90171','769','ref','custom-input-accNo1','CI'),
('CI90171','770','NI','1','CI'),
('CI90171','771','FR','0','CI'),
('CI90172','772','ref','custom-selector-agenFlg','CI'),
('CI90172','773','NI','1','CI'),
('CI90172','774','FR','0','CI'),
('CI90173','778','ref','custom-selector-agenFlg','CI'),
('CI90173','779','NI','1','CI'),
('CI90173','780','FR','0','CI'),
('CI90174','781','ref','custom-selector-agenFlg','CI'),
('CI90174','782','NI','1','CI'),
('CI90174','783','FR','1','CI'),
('CI90175','787','ref','custom-selector-agenFlg','CI'),
('CI90175','788','NI','1','CI'),
('CI90175','789','FR','1','CI'),
('CI90176','793','ref','custom-input-inAcctNum','CI'),
('CI90176','794','NI','1','CI'),
('CI90176','795','FR','1','CI'),
('CI90177','802','ref','custom_selector_4','CI'),
('CI90177','803','NI','1','CI'),
('CI90177','804','FR','0','CI'),
('CI90178','805','ref','custom_selector_4','CI'),
('CI90178','806','NI','1','CI'),
('CI90178','807','FR','0','CI'),
('CI90179','808','ref','custom_selector_4','CI'),
('CI90179','809','NI','1','CI'),
('CI90179','810','FR','1','CI'),
('CI90180','811','ref','custom-selector_13','CI'),
('CI90180','812','NI','1','CI'),
('CI90180','813','FR','1','CI'),
('CI90181','814','ref','custom-selector_13','CI'),
('CI90181','815','NI','1','CI'),
('CI90181','816','FR','0','CI'),
('CI90182','817','ref','custom-input_1','CI'),
('CI90182','818','NI','1','CI'),
('CI90182','819','FR','1','CI'),
('CI90183','820','ref','custom-input_3','CI'),
('CI90183','821','NI','1','CI'),
('CI90183','822','FR','0','CI'),
('CI90184','823','ref','custom-input_pasbNum','CI'),
('CI90184','824','NI','0','CI'),
('CI90184','825','FR','0','CI'),
('CI90185','832','ref','custom-input_pasbNum','CI'),
('CI90185','833','NI','1','CI'),
('CI90185','834','FR','0','CI'),
('CI90186','838','ref','custom-input_pasbNum','CI'),
('CI90186','839','NI','1','CI'),
('CI90186','840','FR','0','CI'),
('CI90187','844','ref','custom-input_pasbNum','CI'),
('CI90187','845','NI','1','CI'),
('CI90187','846','FR','0','CI'),
('CI90188','847','ref','custom-input_6','CI'),
('CI90188','848','NI','0','CI'),
('CI90188','849','FR','0','CI'),
('CI90189','856','ref','custom-input_6','CI'),
('CI90189','857','NI','0','CI'),
('CI90189','858','FR','0','CI'),
('CI90190','862','ref','custom-input_6','CI'),
('CI90190','863','NI','1','CI'),
('CI90190','864','FR','0','CI'),
('CI90191','865','ref','custom-input_6','CI'),
('CI90191','866','NI','1','CI'),
('CI90191','867','FR','0','CI'),
('CI90192','868','ref','custom-input_7','CI'),
('CI90192','869','NI','0','CI'),
('CI90192','870','FR','0','CI'),
('CI90193','877','ref','custom-input_7','CI'),
('CI90193','878','NI','0','CI'),
('CI90193','879','FR','0','CI'),
('CI90194','883','ref','custom-input_7','CI'),
('CI90194','884','NI','1','CI'),
('CI90194','885','FR','0','CI'),
('CI90195','886','ref','custom-input_7','CI'),
('CI90195','887','NI','1','CI'),
('CI90195','888','FR','0','CI'),
('CI90196','889','ref','custom-input_5','CI'),
('CI90196','890','NI','0','CI'),
('CI90196','891','FR','0','CI'),
('CI90197','898','ref','custom-input_5','CI'),
('CI90197','899','NI','0','CI'),
('CI90197','900','FR','0','CI'),
('CI90198','904','ref','custom-input_5','CI'),
('CI90198','905','NI','1','CI'),
('CI90198','906','FR','0','CI'),
('CI90199','907','ref','custom-input_5','CI'),
('CI90199','908','NI','1','CI'),
('CI90199','909','FR','0','CI'),
('CI90200','910','ref','custom-input_5','CI'),
('CI90200','911','NI','0','CI'),
('CI90200','912','FR','0','CI'),
('CI90201','919','ref','custom-input_5','CI'),
('CI90201','920','NI','0','CI'),
('CI90201','921','FR','0','CI'),
('CI90202','925','ref','custom-input_5','CI'),
('CI90202','926','NI','1','CI'),
('CI90202','927','FR','0','CI'),
('CI90203','928','ref','custom-input_5','CI'),
('CI90203','929','NI','1','CI'),
('CI90203','930','FR','0','CI'),
('CI90204','931','ref','custom-input_txAmt','CI'),
('CI90204','932','NI','0','CI'),
('CI90204','933','FR','0','CI'),
('CI90205','937','ref','custom-input_txAmt','CI'),
('CI90205','938','NI','1','CI'),
('CI90205','939','FR','0','CI'),
('CI90206','940','ref','custom-input_txAmt','CI'),
('CI90206','941','NI','1','CI'),
('CI90206','942','FR','0','CI'),
('CI90207','943','ref','custom-input_5','CI'),
('CI90207','944','NI','1','CI'),
('CI90207','945','FR','0','CI'),
('CI90208','949','ref','custom-input_5','CI'),
('CI90208','950','NI','1','CI'),
('CI90208','951','FR','0','CI'),
('CI90209','955','ref','custom-input_5','CI'),
('CI90209','956','NI','1','CI'),
('CI90209','957','FR','0','CI'),
('CI90210','958','ref','custom-selector_5','CI'),
('CI90210','959','NI','0','CI'),
('CI90210','960','FR','0','CI'),
('CI90211','961','ref','custom-selector_5','CI'),
('CI90211','962','NI','1','CI'),
('CI90211','963','FR','1','CI'),
('CI90212','970','ref','custom-selector_5','CI'),
('CI90212','971','NI','0','CI'),
('CI90212','972','FR','0','CI'),
('CI90213','976','ref','custom-selector_5','CI'),
('CI90213','977','NI','1','CI'),
('CI90213','978','FR','0','CI'),
('CI90214','979','ref','custom-selector_5','CI'),
('CI90214','980','NI','1','CI'),
('CI90214','981','FR','0','CI'),
('CI90215','982','ref','custom-sel_yesORno','CI'),
('CI90215','983','NI','0','CI'),
('CI90215','984','FR','0','CI'),
('CI90216','985','ref','custom-sel_yesORno','CI'),
('CI90216','986','NI','0','CI'),
('CI90216','987','FR','0','CI'),
('CI90217','991','ref','custom-sel_yesORno','CI'),
('CI90217','992','NI','0','CI'),
('CI90217','993','FR','0','CI'),
('CI90218','997','ref','custom-sel_yesORno','CI'),
('CI90218','998','NI','1','CI'),
('CI90218','999','FR','0','CI'),
('CI90219','1000','ref','custom-sel_yesORno','CI'),
('CI90219','1001','NI','1','CI'),
('CI90219','1002','FR','1','CI'),
('CI90220','1009','ref','custom-sel_yesORno','CI'),
('CI90220','1010','NI','1','CI'),
('CI90220','1011','FR','0','CI'),
('CI90221','1012','ref','custom-selector-proxy','CI'),
('CI90221','1013','NI','0','CI'),
('CI90221','1014','FR','0','CI'),
('CI90222','1015','ref','custom-selector-proxy','CI'),
('CI90222','1016','NI','0','CI'),
('CI90222','1017','FR','0','CI'),
('CI90223','1024','ref','custom-selector-proxy','CI'),
('CI90223','1025','NI','0','CI'),
('CI90223','1026','FR','0','CI'),
('CI90224','1030','ref','custom-selector-proxy','CI'),
('CI90224','1031','NI','1','CI'),
('CI90224','1032','FR','1','CI'),
('CI90225','1033','ref','custom-selector-proxy','CI'),
('CI90225','1034','NI','1','CI'),
('CI90225','1035','FR','0','CI'),
('CI90226','1036','ref','custom-selector-proxy','CI'),
('CI90226','1037','NI','1','CI'),
('CI90226','1038','FR','0','CI'),
('CI90227','1039','ref','custom-selector-proxy','CI'),
('CI90227','1040','NI','0','CI'),
('CI90227','1041','FR','0','CI'),
('CI90228','1042','ref','custom-selector-proxy','CI'),
('CI90228','1043','NI','0','CI'),
('CI90228','1044','FR','0','CI'),
('CI90229','1051','ref','custom-selector-proxy','CI'),
('CI90229','1052','NI','0','CI'),
('CI90229','1053','FR','0','CI'),
('CI90230','1057','ref','custom-selector-proxy','CI'),
('CI90230','1058','NI','1','CI'),
('CI90230','1059','FR','1','CI'),
('CI90231','1060','ref','custom-selector-proxy','CI'),
('CI90231','1061','NI','1','CI'),
('CI90231','1062','FR','0','CI'),
('CI90232','1063','ref','custom-selector-proxy','CI'),
('CI90232','1064','NI','1','CI'),
('CI90232','1065','FR','0','CI'),
('CI90233','1066','ref','custom-input-txAmt','CI'),
('CI90233','1067','NI','0','CI'),
('CI90233','1068','FR','0','CI'),
('CI90234','1072','ref','custom-input-txAmt','CI'),
('CI90234','1073','NI','1','CI'),
('CI90234','1074','FR','0','CI'),
('CI90235','1075','ref','custom-input-txAmt','CI'),
('CI90235','1076','NI','1','CI'),
('CI90235','1077','FR','0','CI'),
('CI90236','1078','ref','custom-selector-proxy','CI'),
('CI90236','1079','NI','0','CI'),
('CI90236','1080','FR','0','CI'),
('CI90237','1081','ref','custom-selector-proxy','CI'),
('CI90237','1082','NI','1','CI'),
('CI90237','1083','FR','1','CI'),
('CI90238','1090','ref','custom-selector-proxy','CI'),
('CI90238','1091','NI','1','CI'),
('CI90238','1092','FR','0','CI'),
('CI90239','1093','ref','custom-selector-proxy','CI'),
('CI90239','1094','NI','1','CI'),
('CI90239','1095','FR','0','CI'),
('CI90240','1096','ref','custom-selector-agenFlg','CI'),
('CI90240','1097','NI','0','CI'),
('CI90240','1098','FR','0','CI'),
('CI90241','1099','ref','custom-selector-agenFlg','CI'),
('CI90241','1100','NI','1','CI'),
('CI90241','1101','FR','1','CI'),
('CI90242','1108','ref','custom-selector-agenFlg','CI'),
('CI90242','1109','NI','1','CI'),
('CI90242','1110','FR','0','CI'),
('CI90243','1111','ref','custom-selector-agenFlg','CI'),
('CI90243','1112','NI','1','CI'),
('CI90243','1113','FR','0','CI'),
('CI90244','1114','ref','custom-selector_5','CI'),
('CI90244','1115','NI','0','CI'),
('CI90244','1116','FR','0','CI'),
('CI90245','1117','ref','custom-selector_5','CI'),
('CI90245','1118','NI','1','CI'),
('CI90245','1119','FR','1','CI'),
('CI90246','1126','ref','custom-selector_5','CI'),
('CI90246','1127','NI','1','CI'),
('CI90246','1128','FR','0','CI'),
('CI90247','1129','ref','custom-selector_5','CI'),
('CI90247','1130','NI','1','CI'),
('CI90247','1131','FR','0','CI'),
('CI90248','1132','ref','custom-selector_5','CI'),
('CI90248','1133','NI','1','CI'),
('CI90248','1134','FR','0','CI'),
('CI90249','1135','ref','custom-input-txAmt','CI'),
('CI90249','1136','NI','0','CI'),
('CI90249','1137','FR','0','CI'),
('CI90250','1141','ref','custom-input-txAmt','CI'),
('CI90250','1142','NI','1','CI'),
('CI90250','1143','FR','0','CI'),
('CI90251','1144','ref','custom-input-txAmt','CI'),
('CI90251','1145','NI','1','CI'),
('CI90251','1146','FR','0','CI'),
('CI90252','1147','ref','custom-selector-proxy','CI'),
('CI90252','1148','NI','0','CI'),
('CI90252','1149','FR','0','CI'),
('CI90253','1150','ref','custom-selector-proxy','CI'),
('CI90253','1151','NI','0','CI'),
('CI90253','1152','FR','0','CI'),
('CI90254','1159','ref','custom-selector-proxy','CI'),
('CI90254','1160','NI','0','CI'),
('CI90254','1161','FR','0','CI'),
('CI90255','1165','ref','custom-selector-proxy','CI'),
('CI90255','1166','NI','1','CI'),
('CI90255','1167','FR','1','CI'),
('CI90256','1168','ref','custom-selector-proxy','CI'),
('CI90256','1169','NI','1','CI'),
('CI90256','1170','FR','0','CI'),
('CI90257','1171','ref','custom-selector-proxy','CI'),
('CI90257','1172','NI','1','CI'),
('CI90257','1173','FR','0','CI'),
('CI90258','1174','ref','custom-selector-proxy','CI'),
('CI90258','1175','NI','0','CI'),
('CI90258','1176','FR','0','CI'),
('CI90259','1177','ref','custom-selector-proxy','CI'),
('CI90259','1178','NI','1','CI'),
('CI90259','1179','FR','1','CI'),
('CI90260','1186','ref','custom-selector-proxy','CI'),
('CI90260','1187','NI','0','CI'),
('CI90260','1188','FR','0','CI'),
('CI90261','1192','ref','custom-selector-proxy','CI'),
('CI90261','1193','NI','0','CI'),
('CI90261','1194','FR','0','CI'),
('CI90262','1198','ref','custom-selector-proxy','CI'),
('CI90262','1199','NI','1','CI'),
('CI90262','1200','FR','0','CI'),
('CI90263','1201','ref','custom-selector-proxy','CI'),
('CI90263','1202','NI','1','CI'),
('CI90263','1203','FR','0','CI'),
('CI90264','1204','ref','custom-input-accOther','CI'),
('CI90264','1205','NI','1','CI'),
('CI90264','1206','FR','1','CI'),
('CI90265','1207','ref','custom-input-accOther','CI'),
('CI90265','1208','NI','0','CI'),
('CI90265','1209','FR','0','CI'),
('CI90266','1213','ref','custom-input-accOther','CI'),
('CI90266','1214','NI','1','CI'),
('CI90266','1215','FR','0','CI'),
('CI90267','1216','ref','custom-input-payFeeCardNoOrAcctNo','CI'),
('CI90267','1217','NI','1','CI'),
('CI90267','1218','FR','0','CI'),
('CI90268','1219','ref','custom-input-payFeeCardNoOrAcctNo','CI'),
('CI90268','1220','NI','0','CI'),
('CI90268','1221','FR','0','CI'),
('CI90269','1225','ref','custom-input-recvrAcctNo','CI'),
('CI90269','1226','NI','1','CI'),
('CI90269','1227','FR','0','CI'),
('CI90270','1228','ref','custom-selector-proxy','CI'),
('CI90270','1229','NI','1','CI'),
('CI90270','1230','FR','0','CI'),
('CI90271','1231','ref','custom-selector-proxy','CI'),
('CI90271','1232','NI','1','CI'),
('CI90271','1233','FR','0','CI'),
('CI90272','1234','ref','custom-selector_5','CI'),
('CI90272','1235','NI','1','CI'),
('CI90272','1236','FR','0','CI'),
('CI90273','1237','ref','custom-input_6','CI'),
('CI90273','1238','NI','1','CI'),
('CI90273','1239','FR','0','CI'),
('CI90274','1240','ref','custom-selector_8','CI'),
('CI90274','1241','NI','1','CI'),
('CI90274','1242','FR','0','CI'),
('CI90275','1243','ref','aui-button-submit','CI'),
('CI90275','1244','NI','1','CI'),
('CI90275','1245','FR','0','CI'),
('CI90276','1246','ref','aui-button-submit','CI'),
('CI90276','1247','NI','1','CI'),
('CI90276','1248','FR','0','CI'),
('CI90277','1249','ref','custom-selector_1','CI'),
('CI90277','1250','NI','1','CI'),
('CI90277','1251','FR','1','CI'),
('CI90278','1252','ref','custom-selector_1','CI'),
('CI90278','1253','NI','1','CI'),
('CI90278','1254','FR','0','CI'),
('CI90279','1255','ref','custom-input_CUST_NO','CI'),
('CI90279','1256','NI','1','CI'),
('CI90279','1257','FR','0','CI'),
('CI90280','1258','ref','custom-selector-crtfTypCd','CI'),
('CI90280','1259','NI','1','CI'),
('CI90280','1260','FR','0','CI'),
('CI90281','1261','ref','custom-selector-ctfTp','CI'),
('CI90281','1262','NI','1','CI'),
('CI90281','1263','FR','0','CI'),
('CI90282','1264','ref','custom-selector_agen','CI'),
('CI90282','1265','NI','1','CI'),
('CI90282','1266','FR','0','CI'),
('CI90283','1270','ref','custom-input-mergeCustNo','CI'),
('CI90283','1271','NI','1','CI'),
('CI90283','1272','FR','0','CI'),
('CI90284','1273','ref','aui-button_submit','CI'),
('CI90284','1274','NI','1','CI'),
('CI90284','1275','FR','0','CI'),
('CI90285','1276','ref','custom-selector_crtfTypCd','CI'),
('CI90285','1277','NI','1','CI'),
('CI90285','1278','FR','1','CI'),
('CI90286','1279','ref','custom-selector_crtfTypCd','CI'),
('CI90286','1280','NI','1','CI'),
('CI90286','1281','FR','1','CI'),
('CI90287','1282','ref','custom-selector-cashTranFlgCd','CI'),
('CI90287','1283','NI','1','CI'),
('CI90287','1284','FR','1','CI'),
('CI90288','1285','ref','aui-button_submit','CI'),
('CI90288','1286','NI','1','CI'),
('CI90288','1287','FR','1','CI'),
('CI90289','1288','ref','custom-input-vouchNo','CI'),
('CI90289','1289','NI','1','CI'),
('CI90289','1290','FR','1','CI'),
('CI90290','1291','ref','custom-input-flgCd','CI'),
('CI90290','1292','NI','1','CI'),
('CI90290','1293','FR','1','CI'),
('CI90291','1294','ref','custom-input-prodCd','CI'),
('CI90291','1295','NI','1','CI'),
('CI90291','1296','FR','1','CI'),
('CI90292','1297','ref','custom-input_1','CI'),
('CI90292','1298','NI','1','CI'),
('CI90292','1299','FR','1','CI'),
('CI90293','1300','ref','custom-input-outAcctNum','CI'),
('CI90293','1301','NI','1','CI'),
('CI90293','1302','FR','0','CI');