
SET AUTOCOMMIT=0;
BEGIN;

  
-- IB_OM_RULE_INFO insert
INSERT INTO IB_OM_RULE_INFO (RULE_NO,RULE_TYP_CD,HOLI_FLG,RULE_TRI_POSITION,SUIT_CHNL_SCP,SUIT_LPR_SCP,SUIT_ORG_SCP,SUIT_TX_SCP,RULE_COMNT,EFFT_FLG,OPER_TELR_NO,OPER_DT,OPER_RSN) VALUES

("020000","CV","N","1","TE","001","*,","09999999","强制触发","1","900001","2019-06-04","批量新增"),
("020001","CV","N","1","TE","001","*,","00302007","强制触发","1","900001","2019-06-04","批量新增"),
("020002","CV","N","1","TE","001","*,","00301002","强制触发","1","900001","2019-06-04","批量新增"),
("020003","CV","N","1","TE","001","*,","00301005","强制触发","1","900001","2019-06-04","批量新增"),
("020004","CV","N","1","TE","001","*,","00302004","强制触发","1","900001","2019-06-04","批量新增"),
("020005","CV","N","1","TE","001","*,","00305006","强制触发","1","900001","2019-06-04","批量新增"),
("020006","CV","N","1","TE","001","*,","00303007","强制触发","1","900001","2019-06-04","批量新增"),
("020007","CV","N","1","TE","001","*,","00503002","强制触发","1","900001","2019-06-04","批量新增"),
("020008","CV","N","1","TE","001","*,","00502002","强制触发","1","900001","2019-06-04","批量新增"),
("020009","CV","N","1","TE","001","*,","00502004","强制触发","1","900001","2019-06-04","批量新增"),
("020010","CV","N","1","TE","001","*,","00501001","强制触发","1","900001","2019-06-04","批量新增"),
("020011","CV","N","1","TE","001","*,","00501002","强制触发","1","900001","2019-06-04","批量新增"),
("020012","CV","N","1","TE","001","*,","00501002","强制触发","1","900001","2019-06-04","批量新增"),
("020013","CV","N","1","TE","001","*,","00501002","强制触发","1","900001","2019-06-04","批量新增"),
("020014","CV","N","1","TE","001","*,","00502102","强制触发","1","900001","2019-06-04","批量新增"),
("020015","CV","N","1","TE","001","*,","00502104","强制触发","1","900001","2019-06-04","批量新增"),
("020016","CV","N","1","TE","001","*,","00502201","强制触发","1","900001","2019-06-04","批量新增"),
("020017","CV","N","1","TE","001","*,","00502008","强制触发","1","900001","2019-06-04","批量新增"),
("020018","CV","N","1","TE","001","*,","00502010","强制触发","1","900001","2019-06-04","批量新增"),
("020019","CV","N","1","TE","001","*,","00302017","强制触发","1","900001","2019-06-04","批量新增"),
("020020","CV","N","1","TE","001","*,","00303006","强制触发","1","900001","2019-06-04","批量新增"),
("020021","CV","N","1","TE","001","*,","00201013","强制触发","1","900001","2019-06-04","批量新增"),
("020022","CV","N","1","TE","001","*,","00201014","强制触发","1","900001","2019-06-04","批量新增"),
("020023","CV","N","1","TE","001","*,","00201014","强制触发","1","900001","2019-06-04","批量新增"),
("020024","CV","N","1","TE","001","*,","00201015","强制触发","1","900001","2019-06-04","批量新增"),
("020025","CV","N","1","TE","001","*,","00201016","强制触发","1","900001","2019-06-04","批量新增"),
("020026","CV","N","1","TE","001","*,","00201016","强制触发","1","900001","2019-06-04","批量新增"),
("020027","CV","N","1","TE","001","*,","00201016","强制触发","1","900001","2019-06-04","批量新增"),
("020028","CV","N","1","TE","001","*,","00301017","强制触发","1","900001","2019-06-04","批量新增"),
("020029","CV","N","1","TE","001","*,","00301015","强制触发","1","900001","2019-06-04","批量新增"),
("020030","CV","N","1","TE","001","*,","00302018","强制触发","1","900001","2019-06-04","批量新增"),
("020031","CV","N","1","TE","001","*,","00302013","强制触发","1","900001","2019-06-04","批量新增"),
("020032","CV","N","1","TE","001","*,","00301007","强制触发","1","900001","2019-06-04","批量新增"),
("020033","CV","N","1","TE","001","*,","00302014","强制触发","1","900001","2019-06-04","批量新增"),
("020034","CV","N","1","TE","001","*,","00301003","强制触发","1","900001","2019-06-04","批量新增"),
("020035","CV","N","1","TE","001","*,","00301004","强制触发","1","900001","2019-06-04","批量新增"),
("020036","CV","N","1","TE","001","*,","00302002","强制触发","1","900001","2019-06-04","批量新增"),
("020037","CV","N","1","TE","001","*,","00302003","强制触发","1","900001","2019-06-04","批量新增"),
("020038","CV","N","1","TE","001","*,","00302006","强制触发","1","900001","2019-06-04","批量新增"),
("020039","CV","N","1","TE","001","*,","00301006","强制触发","1","900001","2019-06-04","批量新增"),
("020040","CV","N","1","TE","001","*,","00301016","强制触发","1","900001","2019-06-04","批量新增"),
("020041","CV","N","1","TE","001","*,","00301018","强制触发","1","900001","2019-06-04","批量新增"),
("020042","CV","N","1","TE","001","*,","00302004","强制触发","1","900001","2019-06-04","批量新增"),
("020043","CV","N","1","TE","001","*,","00201011","强制触发","1","900001","2019-06-04","批量新增"),
("020044","CV","N","1","TE","001","*,","00201011","强制触发","1","900001","2019-06-04","批量新增"),
("020045","CV","N","1","TE","001","*,","00201012","强制触发","1","900001","2019-06-04","批量新增"),
("020046","CV","N","1","TE","001","*,","00201018","强制触发","1","900001","2019-06-04","批量新增"),
("020047","CV","N","1","TE","001","*,","00302021","强制触发","1","900001","2019-06-04","批量新增"),
("020048","CV","N","1","TE","001","*,","00302022","强制触发","1","900001","2019-06-04","批量新增"),
("020049","CV","N","1","TE","001","*,","00303005","强制触发","1","900001","2019-06-04","批量新增"),
("020050","CV","N","1","TE","001","*,","00201021","强制触发","1","900001","2019-06-04","批量新增"),
("020051","CV","N","1","TE","001","*,","00201022","强制触发","1","900001","2019-06-04","批量新增"),
("020052","CV","N","1","TE","001","*,","00301014","强制触发","1","900001","2019-06-04","批量新增"),
("020053","CV","N","1","TE","001","*,","00302005","强制触发","1","900001","2019-06-04","批量新增"),
("020054","CV","N","1","TE","001","*,","00302019","强制触发","1","900001","2019-06-04","批量新增"),
("020055","CV","N","1","TE","001","*,","00302020","强制触发","1","900001","2019-06-04","批量新增"),
("020056","CV","N","1","TE","001","*,","00201002","强制触发","1","900001","2019-06-04","批量新增"),
("020057","CV","N","1","TE","001","*,","00302008","强制触发","1","900001","2019-06-04","批量新增"),
("020058","CV","N","1","TE","001","*,","00302009","强制触发","1","900001","2019-06-04","批量新增"),
("020059","CV","N","1","TE","001","*,","00302010","强制触发","1","900001","2019-06-04","批量新增"),
("020060","CV","N","1","TE","001","*,","00301009","强制触发","1","900001","2019-06-04","批量新增"),
("020061","CV","N","1","TE","001","*,","00301010","强制触发","1","900001","2019-06-04","批量新增"),
("020062","CV","N","1","TE","001","*,","00301012","强制触发","1","900001","2019-06-04","批量新增"),
("020063","CV","N","1","TE","001","*,","00301011","强制触发","1","900001","2019-06-04","批量新增"),
("020064","CV","N","1","TE","001","*,","00301013","强制触发","1","900001","2019-06-04","批量新增"),
("020065","CV","N","1","TE","001","*,","00302011","强制触发","1","900001","2019-06-04","批量新增"),
("020066","CV","N","1","TE","001","*,","00201001","强制触发","1","900001","2019-06-04","批量新增"),
("020067","CV","N","1","TE","001","*,","00201003","强制触发","1","900001","2019-06-04","批量新增"),
("020068","CV","N","1","TE","001","*,","00201005","强制触发","1","900001","2019-06-04","批量新增"),
("020069","CV","N","1","TE","001","*,","00201005","强制触发","1","900001","2019-06-04","批量新增"),
("020070","CV","N","1","TE","001","*,","00201008","强制触发","1","900001","2019-06-04","批量新增"),
("020071","CV","N","1","TE","001","*,","00103001","强制触发","1","900001","2019-06-04","批量新增"),
("020072","CV","N","1","TE","001","*,","00101001","强制触发","1","900001","2019-06-04","批量新增"),
("020073","CV","N","1","TE","001","*,","00101001_1","强制触发","1","900001","2019-06-04","批量新增"),
("020074","CV","N","1","TE","001","*,","00502202","强制触发","1","900001","2019-06-04","批量新增");
-- IB_OM_RULECOND_RLT insert
INSERT INTO IB_OM_RULECOND_RLT (RULE_COND_NO,CMPL_MODE_FLG,OPRTN_RULE_NO) VALUES

("CV20000","0","020000"),
("CV20001","0","020001"),
("CV20002","0","020002"),
("CV20003","0","020003"),
("CV20004","0","020004"),
("CV20005","0","020005"),
("CV20006","0","020006"),
("CV20007","0","020007"),
("CV20008","0","020008"),
("CV20009","0","020009"),
("CV20010","0","020010"),
("CV20011","0","020011"),
("CV20012","0","020012"),
("CV20013","0","020013"),
("CV20014","0","020014"),
("CV20015","0","020015"),
("CV20016","0","020016"),
("CV20017","0","020017"),
("CV20018","0","020018"),
("CV20019","0","020019"),
("CV20020","0","020020"),
("CV20021","0","020021"),
("CV20022","0","020022"),
("CV20023","0","020023"),
("CV20024","0","020024"),
("CV20025","0","020025"),
("CV20026","0","020026"),
("CV20027","0","020027"),
("CV20028","0","020028"),
("CV20029","0","020029"),
("CV20030","0","020030"),
("CV20031","0","020031"),
("CV20032","0","020032"),
("CV20033","0","020033"),
("CV20034","0","020034"),
("CV20035","0","020035"),
("CV20036","0","020036"),
("CV20037","0","020037"),
("CV20038","0","020038"),
("CV20039","0","020039"),
("CV20040","0","020040"),
("CV20041","0","020041"),
("CV20042","0","020042"),
("CV20043","0","020043"),
("CV20044","0","020044"),
("CV20045","0","020045"),
("CV20046","0","020046"),
("CV20047","0","020047"),
("CV20048","0","020048"),
("CV20049","0","020049"),
("CV20050","0","020050"),
("CV20051","0","020051"),
("CV20052","0","020052"),
("CV20053","0","020053"),
("CV20054","0","020054"),
("CV20055","0","020055"),
("CV20056","0","020056"),
("CV20057","0","020057"),
("CV20058","0","020058"),
("CV20059","0","020059"),
("CV20060","0","020060"),
("CV20061","0","020061"),
("CV20062","0","020062"),
("CV20063","0","020063"),
("CV20064","0","020064"),
("CV20065","0","020065"),
("CV20066","0","020066"),
("CV20067","0","020067"),
("CV20068","0","020068"),
("CV20069","0","020069"),
("CV20070","0","020070"),
("CV20071","0","020071"),
("CV20072","0","020072"),
("CV20073","0","020073"),
("CV20074","0","020074");
-- IB_OM_MODE_INFO insert
INSERT INTO IB_OM_MODE_INFO (RULE_MODE_NO,FIELD_SEQ_NO,FIELD_NM,FIELD_DICTRY_NM,RULE_MODE_TYP_CD) VALUES

("CV20000","1","ref","accNo","CV"),
("CV20000","2","CV","1","CV"),
("CV20000","3","CC","1","CV"),
("CV20000","4","CF","1","CV"),
("CV20000","5","IC","1","CV"),
("CV20001","6","ref","custom-input-custAcctNo","CV"),
("CV20001","7","CV","1","CV"),
("CV20001","8","CC","1","CV"),
("CV20001","9","CF","1","CV"),
("CV20001","10","IC","1","CV"),
("CV20002","11","ref","custom-input-custAcctNo","CV"),
("CV20002","12","CV","1","CV"),
("CV20002","13","CC","1","CV"),
("CV20002","14","CF","1","CV"),
("CV20002","15","IC","1","CV"),
("CV20003","16","ref","custom-input-custAcctNo","CV"),
("CV20003","17","CV","1","CV"),
("CV20003","18","CC","1","CV"),
("CV20003","19","CF","1","CV"),
("CV20003","20","IC","1","CV"),
("CV20004","21","ref","custom-input-custAcctNo","CV"),
("CV20004","22","CV","1","CV"),
("CV20004","23","CC","1","CV"),
("CV20004","24","CF","1","CV"),
("CV20004","25","IC","1","CV"),
("CV20005","26","ref","custom-input-1","CV"),
("CV20005","27","CV","1","CV"),
("CV20005","28","CC","1","CV"),
("CV20005","29","CF","1","CV"),
("CV20005","30","IC","1","CV"),
("CV20006","31","ref","custom-input-1","CV"),
("CV20006","32","CV","1","CV"),
("CV20006","33","CC","1","CV"),
("CV20006","34","CF","1","CV"),
("CV20006","35","IC","1","CV"),
("CV20007","36","ref","custom-input_4","CV"),
("CV20007","37","CV","1","CV"),
("CV20007","38","CC","1","CV"),
("CV20007","39","CF","1","CV"),
("CV20007","40","IC","1","CV"),
("CV20008","41","ref","custom-input_4","CV"),
("CV20008","42","CV","1","CV"),
("CV20008","43","CC","1","CV"),
("CV20008","44","CF","1","CV"),
("CV20008","45","IC","1","CV"),
("CV20009","46","ref","custom-input_4","CV"),
("CV20009","47","CV","1","CV"),
("CV20009","48","CC","1","CV"),
("CV20009","49","CF","1","CV"),
("CV20009","50","IC","1","CV"),
("CV20010","51","ref","custom-input_6","CV"),
("CV20010","52","CV","1","CV"),
("CV20010","53","CC","1","CV"),
("CV20010","54","CF","1","CV"),
("CV20010","55","IC","1","CV"),
("CV20011","56","ref","custom-input_1","CV"),
("CV20011","57","CV","1","CV"),
("CV20011","58","CC","1","CV"),
("CV20011","59","CF","1","CV"),
("CV20011","60","IC","1","CV"),
("CV20012","61","ref","custom-input_9","CV"),
("CV20012","62","CV","1","CV"),
("CV20012","63","CC","1","CV"),
("CV20012","64","CF","1","CV"),
("CV20012","65","IC","1","CV"),
("CV20013","66","ref","custom-selector_7","CV"),
("CV20013","67","CV","1","CV"),
("CV20013","68","CC","1","CV"),
("CV20013","69","CF","1","CV"),
("CV20013","70","IC","1","CV"),
("CV20014","71","ref","custom-input_4","CV"),
("CV20014","72","CV","1","CV"),
("CV20014","73","CC","1","CV"),
("CV20014","74","CF","1","CV"),
("CV20014","75","IC","1","CV"),
("CV20015","76","ref","custom-selector_3","CV"),
("CV20015","77","CV","1","CV"),
("CV20015","78","CC","1","CV"),
("CV20015","79","CF","1","CV"),
("CV20015","80","IC","1","CV"),
("CV20016","81","ref","custom-selector_6","CV"),
("CV20016","82","CV","1","CV"),
("CV20016","83","CC","1","CV"),
("CV20016","84","CF","1","CV"),
("CV20016","85","IC","1","CV"),
("CV20017","86","ref","custom-selector_3","CV"),
("CV20017","87","CV","1","CV"),
("CV20017","88","CC","1","CV"),
("CV20017","89","CF","1","CV"),
("CV20017","90","IC","1","CV"),
("CV20018","91","ref","custom-input_2","CV"),
("CV20018","92","CV","1","CV"),
("CV20018","93","CC","1","CV"),
("CV20018","94","CF","1","CV"),
("CV20018","95","IC","1","CV"),
("CV20019","96","ref","custom-input_1","CV"),
("CV20019","97","CV","1","CV"),
("CV20019","98","CC","1","CV"),
("CV20019","99","CF","1","CV"),
("CV20019","100","IC","1","CV"),
("CV20020","101","ref","custom-input-1","CV"),
("CV20020","102","CV","1","CV"),
("CV20020","103","CC","1","CV"),
("CV20020","104","CF","1","CV"),
("CV20020","105","IC","1","CV"),
("CV20021","106","ref","custom-input_4","CV"),
("CV20021","107","CV","1","CV"),
("CV20021","108","CC","1","CV"),
("CV20021","109","CF","1","CV"),
("CV20021","110","IC","1","CV"),
("CV20022","111","ref","custom-input-accNo1","CV"),
("CV20022","112","CV","1","CV"),
("CV20022","113","CC","1","CV"),
("CV20022","114","CF","1","CV"),
("CV20022","115","IC","1","CV"),
("CV20023","116","ref","custom-input-oldCardCardNo","CV"),
("CV20023","117","CV","1","CV"),
("CV20023","118","CC","1","CV"),
("CV20023","119","CF","1","CV"),
("CV20023","120","IC","1","CV"),
("CV20024","121","ref","custom-input_1","CV"),
("CV20024","122","CV","1","CV"),
("CV20024","123","CC","1","CV"),
("CV20024","124","CF","1","CV"),
("CV20024","125","IC","1","CV"),
("CV20025","126","ref","custom-input-accNo1","CV"),
("CV20025","127","CV","1","CV"),
("CV20025","128","CC","1","CV"),
("CV20025","129","CF","1","CV"),
("CV20025","130","IC","1","CV"),
("CV20026","131","ref","custom-input-oldCardCardNo","CV"),
("CV20026","132","CV","1","CV"),
("CV20026","133","CC","1","CV"),
("CV20026","134","CF","1","CV"),
("CV20026","135","IC","1","CV"),
("CV20027","136","ref","custom-input-cardNo","CV"),
("CV20027","137","CV","1","CV"),
("CV20027","138","CC","1","CV"),
("CV20027","139","CF","1","CV"),
("CV20027","140","IC","1","CV"),
("CV20028","141","ref","custom-input-custAcctNo","CV"),
("CV20028","142","CV","1","CV"),
("CV20028","143","CC","1","CV"),
("CV20028","144","CF","1","CV"),
("CV20028","145","IC","1","CV"),
("CV20029","146","ref","custom-input-custAcctNo","CV"),
("CV20029","147","CV","1","CV"),
("CV20029","148","CC","1","CV"),
("CV20029","149","CF","1","CV"),
("CV20029","150","IC","1","CV"),
("CV20030","151","ref","custom-input-custAcctNo","CV"),
("CV20030","152","CV","1","CV"),
("CV20030","153","CC","1","CV"),
("CV20030","154","CF","1","CV"),
("CV20030","155","IC","1","CV"),
("CV20031","156","ref","custom-input-custAcctNo","CV"),
("CV20031","157","CV","1","CV"),
("CV20031","158","CC","1","CV"),
("CV20031","159","CF","1","CV"),
("CV20031","160","IC","1","CV"),
("CV20032","161","ref","custom-input_custAn","CV"),
("CV20032","162","CV","1","CV"),
("CV20032","163","CC","1","CV"),
("CV20032","164","CF","1","CV"),
("CV20032","165","IC","1","CV"),
("CV20033","166","ref","custom-input_Acct_Num","CV"),
("CV20033","167","CV","1","CV"),
("CV20033","168","CC","1","CV"),
("CV20033","169","CF","1","CV"),
("CV20033","170","IC","1","CV"),
("CV20034","171","ref","custom-input_1","CV"),
("CV20034","172","CV","1","CV"),
("CV20034","173","CC","1","CV"),
("CV20034","174","CF","1","CV"),
("CV20034","175","IC","1","CV"),
("CV20035","176","ref","custom-input_1","CV"),
("CV20035","177","CV","1","CV"),
("CV20035","178","CC","1","CV"),
("CV20035","179","CF","1","CV"),
("CV20035","180","IC","1","CV"),
("CV20036","181","ref","custom-input-custAcctNo","CV"),
("CV20036","182","CV","1","CV"),
("CV20036","183","CC","1","CV"),
("CV20036","184","CF","1","CV"),
("CV20036","185","IC","1","CV"),
("CV20037","186","ref","custom-input_1","CV"),
("CV20037","187","CV","1","CV"),
("CV20037","188","CC","1","CV"),
("CV20037","189","CF","1","CV"),
("CV20037","190","IC","1","CV"),
("CV20038","191","ref","custom-input_1","CV"),
("CV20038","192","CV","1","CV"),
("CV20038","193","CC","1","CV"),
("CV20038","194","CF","1","CV"),
("CV20038","195","IC","1","CV"),
("CV20039","196","ref","custom-input_1","CV"),
("CV20039","197","CV","1","CV"),
("CV20039","198","CC","1","CV"),
("CV20039","199","CF","1","CV"),
("CV20039","200","IC","1","CV"),
("CV20040","201","ref","custom-input-custAcctNo","CV"),
("CV20040","202","CV","1","CV"),
("CV20040","203","CC","1","CV"),
("CV20040","204","CF","1","CV"),
("CV20040","205","IC","1","CV"),
("CV20041","206","ref","custom-input-custAcctNo","CV"),
("CV20041","207","CV","1","CV"),
("CV20041","208","CC","1","CV"),
("CV20041","209","CF","1","CV"),
("CV20041","210","IC","1","CV"),
("CV20042","211","ref","custom-input-custAcctNo","CV"),
("CV20042","212","CV","1","CV"),
("CV20042","213","CC","1","CV"),
("CV20042","214","CF","1","CV"),
("CV20042","215","IC","1","CV"),
("CV20043","216","ref","custom-input-accnum","CV"),
("CV20043","217","CV","1","CV"),
("CV20043","218","CC","1","CV"),
("CV20043","219","CF","1","CV"),
("CV20043","220","IC","1","CV"),
("CV20044","221","ref","custom-input-accnum2","CV"),
("CV20044","222","CV","1","CV"),
("CV20044","223","CC","1","CV"),
("CV20044","224","CF","1","CV"),
("CV20044","225","IC","1","CV"),
("CV20045","226","ref","custom-input_1","CV"),
("CV20045","227","CV","1","CV"),
("CV20045","228","CC","1","CV"),
("CV20045","229","CF","1","CV"),
("CV20045","230","IC","1","CV"),
("CV20046","231","ref","custom-input_1","CV"),
("CV20046","232","CV","1","CV"),
("CV20046","233","CC","1","CV"),
("CV20046","234","CF","1","CV"),
("CV20046","235","IC","1","CV"),
("CV20047","236","ref","custom-input_1","CV"),
("CV20047","237","CV","1","CV"),
("CV20047","238","CC","1","CV"),
("CV20047","239","CF","1","CV"),
("CV20047","240","IC","1","CV"),
("CV20048","241","ref","custom-input_1","CV"),
("CV20048","242","CV","1","CV"),
("CV20048","243","CC","1","CV"),
("CV20048","244","CF","1","CV"),
("CV20048","245","IC","1","CV"),
("CV20049","246","ref","custom-input_1","CV"),
("CV20049","247","CV","1","CV"),
("CV20049","248","CC","1","CV"),
("CV20049","249","CF","1","CV"),
("CV20049","250","IC","1","CV"),
("CV20050","251","ref","custom-input_1","CV"),
("CV20050","252","CV","1","CV"),
("CV20050","253","CC","1","CV"),
("CV20050","254","CF","1","CV"),
("CV20050","255","IC","1","CV"),
("CV20051","256","ref","custom-input_1","CV"),
("CV20051","257","CV","1","CV"),
("CV20051","258","CC","1","CV"),
("CV20051","259","CF","1","CV"),
("CV20051","260","IC","1","CV"),
("CV20052","261","ref","custom-input_1","CV"),
("CV20052","262","CV","1","CV"),
("CV20052","263","CC","1","CV"),
("CV20052","264","CF","1","CV"),
("CV20052","265","IC","1","CV"),
("CV20053","266","ref","accNumID","CV"),
("CV20053","267","CV","1","CV"),
("CV20053","268","CC","1","CV"),
("CV20053","269","CF","1","CV"),
("CV20053","270","IC","1","CV"),
("CV20054","271","ref","accNumID","CV"),
("CV20054","272","CV","1","CV"),
("CV20054","273","CC","1","CV"),
("CV20054","274","CF","1","CV"),
("CV20054","275","IC","1","CV"),
("CV20055","276","ref","accNumID","CV"),
("CV20055","277","CV","1","CV"),
("CV20055","278","CC","1","CV"),
("CV20055","279","CF","1","CV"),
("CV20055","280","IC","1","CV"),
("CV20056","281","ref","custom-input-1","CV"),
("CV20056","282","CV","1","CV"),
("CV20056","283","CC","1","CV"),
("CV20056","284","CF","1","CV"),
("CV20056","285","IC","1","CV"),
("CV20057","286","ref","custom-input_1","CV"),
("CV20057","287","CV","1","CV"),
("CV20057","288","CC","1","CV"),
("CV20057","289","CF","1","CV"),
("CV20057","290","IC","1","CV"),
("CV20058","291","ref","custom-input_1","CV"),
("CV20058","292","CV","1","CV"),
("CV20058","293","CC","1","CV"),
("CV20058","294","CF","1","CV"),
("CV20058","295","IC","1","CV"),
("CV20059","296","ref","custom-input_1","CV"),
("CV20059","297","CV","1","CV"),
("CV20059","298","CC","1","CV"),
("CV20059","299","CF","1","CV"),
("CV20059","300","IC","1","CV"),
("CV20060","301","ref","custom-input_accnum","CV"),
("CV20060","302","CV","1","CV"),
("CV20060","303","CC","1","CV"),
("CV20060","304","CF","1","CV"),
("CV20060","305","IC","1","CV"),
("CV20061","306","ref","custom-input_1","CV"),
("CV20061","307","CV","1","CV"),
("CV20061","308","CC","1","CV"),
("CV20061","309","CF","1","CV"),
("CV20061","310","IC","1","CV"),
("CV20062","311","ref","custom-input_custAn","CV"),
("CV20062","312","CV","1","CV"),
("CV20062","313","CC","1","CV"),
("CV20062","314","CF","1","CV"),
("CV20062","315","IC","1","CV"),
("CV20063","316","ref","custom-input_1","CV"),
("CV20063","317","CV","1","CV"),
("CV20063","318","CC","1","CV"),
("CV20063","319","CF","1","CV"),
("CV20063","320","IC","1","CV"),
("CV20064","321","ref","custom-input_1","CV"),
("CV20064","322","CV","1","CV"),
("CV20064","323","CC","1","CV"),
("CV20064","324","CF","1","CV"),
("CV20064","325","IC","1","CV"),
("CV20065","326","ref","custom-input_1","CV"),
("CV20065","327","CV","1","CV"),
("CV20065","328","CC","1","CV"),
("CV20065","329","CF","1","CV"),
("CV20065","330","IC","1","CV"),
("CV20066","331","ref","custom_input_1","CV"),
("CV20066","332","CV","0","CV"),
("CV20066","333","CC","0","CV"),
("CV20066","334","CF","2","CV"),
("CV20066","335","IC","1","CV"),
("CV20067","336","ref","custom_input_1","CV"),
("CV20067","337","CV","0","CV"),
("CV20067","338","CC","0","CV"),
("CV20067","339","CF","1","CV"),
("CV20067","340","IC","1","CV"),
("CV20068","341","ref","custom_input_3","CV"),
("CV20068","342","CV","1","CV"),
("CV20068","343","CC","1","CV"),
("CV20068","344","CF","1","CV"),
("CV20068","345","IC","1","CV"),
("CV20069","346","ref","custom-input_7","CV"),
("CV20069","347","CV","1","CV"),
("CV20069","348","CC","1","CV"),
("CV20069","349","CF","1","CV"),
("CV20069","350","IC","1","CV"),
("CV20070","351","ref","custom_input_1","CV"),
("CV20070","352","CV","1","CV"),
("CV20070","353","CC","1","CV"),
("CV20070","354","CF","1","CV"),
("CV20070","355","IC","1","CV"),
("CV20071","356","ref","custom-input_3","CV"),
("CV20071","357","CV","1","CV"),
("CV20071","358","CC","1","CV"),
("CV20071","359","CF","1","CV"),
("CV20071","360","IC","1","CV"),
("CV20072","361","ref","refref","CV"),
("CV20072","362","CV","1","CV"),
("CV20072","363","CC","1","CV"),
("CV20072","364","CF","1","CV"),
("CV20072","365","IC","1","CV"),
("CV20073","366","ref","refref","CV"),
("CV20073","367","CV","1","CV"),
("CV20073","368","CC","1","CV"),
("CV20073","369","CF","1","CV"),
("CV20073","370","IC","1","CV"),
("CV20074","371","ref","custom-input_4","CV"),
("CV20074","372","CV","1","CV"),
("CV20074","373","CC","1","CV"),
("CV20074","374","CF","1","CV"),
("CV20074","375","IC","1","CV");
  
COMMIT;