
-- IB_OM_RULE_INFO insert
INSERT INTO IB_OM_RULE_INFO (RULE_NO,RULE_TYP_CD,HOLI_FLG,RULE_TRI_POSITION,SUIT_CHNL_SCP,SUIT_LPR_SCP,SUIT_ORG_SCP,SUIT_TX_SCP,RULE_COMNT,EFFT_FLG,OPER_TELR_NO,OPER_DT,OPER_RSN) VALUES

('090000','CI','N','1','TE','9999','*,','09999999','批量导入','1','900001','2019-08-22','批量新增'),
('090001','CI','N','1','TE','9999','*,','00101002','批量导入','1','900001','2019-08-22','批量新增'),
('090002','CI','N','1','TE','9999','*,','00103001','批量导入','1','900001','2019-08-22','批量新增'),
('090003','CI','N','1','TE','9999','*,','00103003','批量导入','1','900001','2019-08-22','批量新增'),
('090004','CI','N','1','TE','9999','*,','00103004','批量导入','1','900001','2019-08-22','批量新增'),
('090005','CI','N','1','TE','9999','*,','00103002','批量导入','1','900001','2019-08-22','批量新增'),
('090006','CI','N','1','TE','9999','*,','00103005','批量导入','1','900001','2019-08-22','批量新增'),
('090007','CI','N','1','TE','9999','*,','00201014','批量导入','1','900001','2019-08-22','批量新增'),
('090008','CI','N','1','TE','9999','*,','00201014','批量导入','1','900001','2019-08-22','批量新增'),
('090009','CI','N','1','TE','9999','*,','00201011','批量导入','1','900001','2019-08-22','批量新增'),
('090010','CI','N','1','TE','9999','*,','00201011','批量导入','1','900001','2019-08-22','批量新增'),
('090011','CI','N','1','TE','9999','*,','00201011','批量导入','1','900001','2019-08-22','批量新增'),
('090012','CI','N','1','TE','9999','*,','00201012','批量导入','1','900001','2019-08-22','批量新增'),
('090013','CI','N','1','TE','9999','*,','00201018','批量导入','1','900001','2019-08-22','批量新增'),
('090014','CI','N','1','TE','9999','*,','00201014','批量导入','1','900001','2019-08-22','批量新增'),
('090015','CI','N','1','TE','9999','*,','00201014','批量导入','1','900001','2019-08-22','批量新增'),
('090016','CI','N','1','TE','9999','*,','00201022','批量导入','1','900001','2019-08-22','批量新增'),
('090017','CI','N','1','TE','9999','*,','00201022','批量导入','1','900001','2019-08-22','批量新增'),
('090018','CI','N','1','TE','9999','*,','00201009','批量导入','1','900001','2019-08-22','批量新增'),
('090019','CI','N','1','TE','9999','*,','00201009','批量导入','1','900001','2019-08-22','批量新增'),
('090020','CI','N','1','TE','9999','*,','00201009','批量导入','1','900001','2019-08-22','批量新增'),
('090021','CI','N','1','TE','9999','*,','00504003','批量导入','1','900001','2019-08-22','批量新增'),
('090022','CI','N','1','TE','9999','*,','00504009','批量导入','1','900001','2019-08-22','批量新增'),
('090023','CI','N','1','TE','9999','*,','00502008','批量导入','1','900001','2019-08-22','批量新增'),
('090024','CI','N','1','TE','9999','*,','00701001','批量导入','1','900001','2019-08-22','批量新增'),
('090025','CI','N','1','TE','9999','*,','00701002','批量导入','1','900001','2019-08-22','批量新增'),
('090026','CI','N','1','TE','9999','*,','00701003','批量导入','1','900001','2019-08-22','批量新增'),
('090027','CI','N','1','TE','9999','*,','00701004','批量导入','1','900001','2019-08-22','批量新增'),
('090028','CI','N','1','TE','9999','*,','00701005','批量导入','1','900001','2019-08-22','批量新增'),
('090029','CI','N','1','TE','9999','*,','00701007','批量导入','1','900001','2019-08-22','批量新增'),
('090030','CI','N','1','TE','9999','*,','00701008','批量导入','1','900001','2019-08-22','批量新增'),
('090031','CI','N','1','TE','9999','*,','00701009','批量导入','1','900001','2019-08-22','批量新增'),
('090032','CI','N','1','TE','9999','*,','00702003','批量导入','1','900001','2019-08-22','批量新增'),
('090033','CI','N','1','TE','9999','*,','00702004','批量导入','1','900001','2019-08-22','批量新增'),
('090034','CI','N','1','TE','9999','*,','00704001','批量导入','1','900001','2019-08-22','批量新增'),
('090035','CI','N','1','TE','9999','*,','00704002','批量导入','1','900001','2019-08-22','批量新增'),
('090036','CI','N','1','TE','9999','*,','00704003','批量导入','1','900001','2019-08-22','批量新增'),
('090037','CI','N','1','TE','9999','*,','00704004','批量导入','1','900001','2019-08-22','批量新增'),
('090038','CI','N','1','TE','9999','*,','00704005','批量导入','1','900001','2019-08-22','批量新增'),
('090039','CI','N','1','TE','9999','*,','00704013','批量导入','1','900001','2019-08-22','批量新增'),
('090040','CI','N','1','TE','9999','*,','00704009','批量导入','1','900001','2019-08-22','批量新增'),
('090041','CI','N','1','TE','9999','*,','00704010','批量导入','1','900001','2019-08-22','批量新增'),
('090042','CI','N','1','TE','9999','*,','00704011','批量导入','1','900001','2019-08-22','批量新增'),
('090043','CI','N','1','TE','9999','*,','00704012','批量导入','1','900001','2019-08-22','批量新增'),
('090044','CI','N','1','TE','9999','*,','00704007','批量导入','1','900001','2019-08-22','批量新增'),
('090045','CI','N','1','TE','9999','*,','00704008','批量导入','1','900001','2019-08-22','批量新增'),
('090046','CI','N','1','TE','9999','*,','00703001','批量导入','1','900001','2019-08-22','批量新增'),
('090047','CI','N','1','TE','9999','*,','00602003','批量导入','1','900001','2019-08-22','批量新增'),
('090048','CI','N','1','TE','9999','*,','00503002','批量导入','1','900001','2019-08-22','批量新增'),
('090049','CI','N','1','TE','9999','*,','00503012_1','批量导入','1','900001','2019-08-22','批量新增'),
('090050','CI','N','1','TE','9999','*,','00401020','批量导入','1','900001','2019-08-22','批量新增'),
('090051','CI','N','1','TE','9999','*,','00502202','批量导入','1','900001','2019-08-22','批量新增'),
('090052','CI','N','1','TE','9999','*,','00502202','批量导入','1','900001','2019-08-22','批量新增'),
('090053','CI','N','1','TE','9999','*,','00502203','批量导入','1','900001','2019-08-22','批量新增'),
('090054','CI','N','1','TE','9999','*,','00502204','批量导入','1','900001','2019-08-22','批量新增'),
('090055','CI','N','1','TE','9999','*,','00502205','批量导入','1','900001','2019-08-22','批量新增'),
('090056','CI','N','1','TE','9999','*,','00502102','批量导入','1','900001','2019-08-22','批量新增'),
('090057','CI','N','1','TE','9999','*,','00502102','批量导入','1','900001','2019-08-22','批量新增'),
('090058','CI','N','1','TE','9999','*,','00502104','批量导入','1','900001','2019-08-22','批量新增'),
('090059','CI','N','1','TE','9999','*,','00502104','批量导入','1','900001','2019-08-22','批量新增'),
('090060','CI','N','1','TE','9999','*,','0050100101','批量导入','1','900001','2019-08-22','批量新增'),
('090061','CI','N','1','TE','9999','*,','0050100102','批量导入','1','900001','2019-08-22','批量新增'),
('090062','CI','N','1','TE','9999','*,','0050100103','批量导入','1','900001','2019-08-22','批量新增'),
('090063','CI','N','1','TE','9999','*,','0050100201','批量导入','1','900001','2019-08-22','批量新增'),
('090064','CI','N','1','TE','9999','*,','0050100202','批量导入','1','900001','2019-08-22','批量新增'),
('090065','CI','N','1','TE','9999','*,','0050100203','批量导入','1','900001','2019-08-22','批量新增'),
('090066','CI','N','1','TE','9999','*,','00502002','批量导入','1','900001','2019-08-22','批量新增'),
('090067','CI','N','1','TE','9999','*,','00502004','批量导入','1','900001','2019-08-22','批量新增'),
('090068','CI','N','1','TE','9999','*,','00502006','批量导入','1','900001','2019-08-22','批量新增'),
('090069','CI','N','1','TE','9999','*,','00502010','批量导入','1','900001','2019-08-22','批量新增'),
('090070','CI','N','1','TE','9999','*,','00502012','批量导入','1','900001','2019-08-22','批量新增'),
('090071','CI','N','1','TE','9999','*,','00302017','批量导入','1','900001','2019-08-22','批量新增'),
('090072','CI','N','1','TE','9999','*,','00302017','批量导入','1','900001','2019-08-22','批量新增'),
('090073','CI','N','1','TE','9999','*,','00302017','批量导入','1','900001','2019-08-22','批量新增'),
('090074','CI','N','1','TE','9999','*,','00306003','批量导入','1','900001','2019-08-22','批量新增'),
('090075','CI','N','1','TE','9999','*,','00201013','批量导入','1','900001','2019-08-22','批量新增'),
('090076','CI','N','1','TE','9999','*,','00201021','批量导入','1','900001','2019-08-22','批量新增'),
('090077','CI','N','1','TE','9999','*,','00201021','批量导入','1','900001','2019-08-22','批量新增'),
('090078','CI','N','1','TE','9999','*,','00201021','批量导入','1','900001','2019-08-22','批量新增'),
('090079','CI','N','1','TE','9999','*,','00201021','批量导入','1','900001','2019-08-22','批量新增'),
('090080','CI','N','1','TE','9999','*,','00201021','批量导入','1','900001','2019-08-22','批量新增'),
('090081','CI','N','1','TE','9999','*,','00302022','批量导入','1','900001','2019-08-22','批量新增'),
('090082','CI','N','1','TE','9999','*,','00302022','批量导入','1','900001','2019-08-22','批量新增'),
('090083','CI','N','1','TE','9999','*,','00302002','批量导入','1','900001','2019-08-22','批量新增'),
('090084','CI','N','1','TE','9999','*,','00302004','批量导入','1','900001','2019-08-22','批量新增'),
('090085','CI','N','1','TE','9999','*,','00301005','批量导入','1','900001','2019-08-22','批量新增'),
('090086','CI','N','1','TE','9999','*,','00305006','批量导入','1','900001','2019-08-22','批量新增'),
('090087','CI','N','1','TE','9999','*,','00305006','批量导入','1','900001','2019-08-22','批量新增'),
('090088','CI','N','1','TE','9999','*,','00305006','批量导入','1','900001','2019-08-22','批量新增'),
('090089','CI','N','1','TE','9999','*,','00303006','批量导入','1','900001','2019-08-22','批量新增'),
('090090','CI','N','1','TE','9999','*,','00303007','批量导入','1','900001','2019-08-22','批量新增'),
('090091','CI','N','1','TE','9999','*,','00303007','批量导入','1','900001','2019-08-22','批量新增'),
('090092','CI','N','1','TE','9999','*,','00303007','批量导入','1','900001','2019-08-22','批量新增'),
('090093','CI','N','1','TE','9999','*,','00302008','批量导入','1','900001','2019-08-22','批量新增'),
('090094','CI','N','1','TE','9999','*,','00302008','批量导入','1','900001','2019-08-22','批量新增'),
('090095','CI','N','1','TE','9999','*,','00302008','批量导入','1','900001','2019-08-22','批量新增'),
('090096','CI','N','1','TE','9999','*,','00302008','批量导入','1','900001','2019-08-22','批量新增'),
('090097','CI','N','1','TE','9999','*,','00302009','批量导入','1','900001','2019-08-22','批量新增'),
('090098','CI','N','1','TE','9999','*,','00302010','批量导入','1','900001','2019-08-22','批量新增'),
('090099','CI','N','1','TE','9999','*,','00302010','批量导入','1','900001','2019-08-22','批量新增'),
('090100','CI','N','1','TE','9999','*,','00302010','批量导入','1','900001','2019-08-22','批量新增'),
('090101','CI','N','1','TE','9999','*,','00303005','批量导入','1','900001','2019-08-22','批量新增'),
('090102','CI','N','1','TE','9999','*,','00303005','批量导入','1','900001','2019-08-22','批量新增'),
('090103','CI','N','1','TE','9999','*,','00303005','批量导入','1','900001','2019-08-22','批量新增'),
('090104','CI','N','1','TE','9999','*,','00303005','批量导入','1','900001','2019-08-22','批量新增'),
('090105','CI','N','1','TE','9999','*,','00305013','批量导入','1','900001','2019-08-22','批量新增'),
('090106','CI','N','1','TE','9999','*,','00306004','批量导入','1','900001','2019-08-22','批量新增'),
('090107','CI','N','1','TE','9999','*,','00306004','批量导入','1','900001','2019-08-22','批量新增'),
('090108','CI','N','1','TE','9999','*,','00306004','批量导入','1','900001','2019-08-22','批量新增'),
('090109','CI','N','1','TE','9999','*,','00306005','批量导入','1','900001','2019-08-22','批量新增'),
('090110','CI','N','1','TE','9999','*,','00306005','批量导入','1','900001','2019-08-22','批量新增'),
('090111','CI','N','1','TE','9999','*,','00306006','批量导入','1','900001','2019-08-22','批量新增'),
('090112','CI','N','1','TE','9999','*,','00306006','批量导入','1','900001','2019-08-22','批量新增'),
('090113','CI','N','1','TE','9999','*,','00303004_1','批量导入','1','900001','2019-08-22','批量新增'),
('090114','CI','N','1','TE','9999','*,','00303004_2','批量导入','1','900001','2019-08-22','批量新增'),
('090115','CI','N','1','TE','9999','*,','00303004_1','批量导入','1','900001','2019-08-22','批量新增'),
('090116','CI','N','1','TE','9999','*,','00303004_2','批量导入','1','900001','2019-08-22','批量新增'),
('090117','CI','N','1','TE','9999','*,','00303002','批量导入','1','900001','2019-08-22','批量新增'),
('090118','CI','N','1','TE','9999','*,','00302014','批量导入','1','900001','2019-08-22','批量新增'),
('090119','CI','N','1','TE','9999','*,','00302014','批量导入','1','900001','2019-08-22','批量新增'),
('090120','CI','N','1','TE','9999','*,','00302014','批量导入','1','900001','2019-08-22','批量新增'),
('090121','CI','N','1','TE','9999','*,','00302016','批量导入','1','900001','2019-08-22','批量新增'),
('090122','CI','N','1','TE','9999','*,','00302016','批量导入','1','900001','2019-08-22','批量新增'),
('090123','CI','N','1','TE','9999','*,','00303003_2','批量导入','1','900001','2019-08-22','批量新增'),
('090124','CI','N','1','TE','9999','*,','00302006','批量导入','1','900001','2019-08-22','批量新增'),
('090125','CI','N','1','TE','9999','*,','00302006','批量导入','1','900001','2019-08-22','批量新增'),
('090126','CI','N','1','TE','9999','*,','00302006','批量导入','1','900001','2019-08-22','批量新增'),
('090127','CI','N','1','TE','9999','*,','00302019','批量导入','1','900001','2019-08-22','批量新增'),
('090128','CI','N','1','TE','9999','*,','00302019','批量导入','1','900001','2019-08-22','批量新增'),
('090129','CI','N','1','TE','9999','*,','00302019','批量导入','1','900001','2019-08-22','批量新增'),
('090130','CI','N','1','TE','9999','*,','00302019','批量导入','1','900001','2019-08-22','批量新增'),
('090131','CI','N','1','TE','9999','*,','00302019','批量导入','1','900001','2019-08-22','批量新增'),
('090132','CI','N','1','TE','9999','*,','00302007','批量导入','1','900001','2019-08-22','批量新增'),
('090133','CI','N','1','TE','9999','*,','00302007','批量导入','1','900001','2019-08-22','批量新增'),
('090134','CI','N','1','TE','9999','*,','00302021','批量导入','1','900001','2019-08-22','批量新增'),
('090135','CI','N','1','TE','9999','*,','00302011','批量导入','1','900001','2019-08-22','批量新增'),
('090136','CI','N','1','TE','9999','*,','00302011','批量导入','1','900001','2019-08-22','批量新增'),
('090137','CI','N','1','TE','9999','*,','00302011','批量导入','1','900001','2019-08-22','批量新增'),
('090138','CI','N','1','TE','9999','*,','00302011','批量导入','1','900001','2019-08-22','批量新增'),
('090139','CI','N','1','TE','9999','*,','00302018','批量导入','1','900001','2019-08-22','批量新增'),
('090140','CI','N','1','TE','9999','*,','00302018','批量导入','1','900001','2019-08-22','批量新增'),
('090141','CI','N','1','TE','9999','*,','00302018','批量导入','1','900001','2019-08-22','批量新增'),
('090142','CI','N','1','TE','9999','*,','00302018','批量导入','1','900001','2019-08-22','批量新增'),
('090143','CI','N','1','TE','9999','*,','00302018','批量导入','1','900001','2019-08-22','批量新增'),
('090144','CI','N','1','TE','9999','*,','00302005','批量导入','1','900001','2019-08-22','批量新增'),
('090145','CI','N','1','TE','9999','*,','00302005','批量导入','1','900001','2019-08-22','批量新增'),
('090146','CI','N','1','TE','9999','*,','00302005','批量导入','1','900001','2019-08-22','批量新增'),
('090147','CI','N','1','TE','9999','*,','00302005','批量导入','1','900001','2019-08-22','批量新增'),
('090148','CI','N','1','TE','9999','*,','00201015','批量导入','1','900001','2019-08-22','批量新增'),
('090149','CI','N','1','TE','9999','*,','00201015','批量导入','1','900001','2019-08-22','批量新增'),
('090150','CI','N','1','TE','9999','*,','00201015','批量导入','1','900001','2019-08-22','批量新增'),
('090151','CI','N','1','TE','9999','*,','00201015','批量导入','1','900001','2019-08-22','批量新增'),
('090152','CI','N','1','TE','9999','*,','00201015','批量导入','1','900001','2019-08-22','批量新增'),
('090153','CI','N','1','TE','9999','*,','00201016','批量导入','1','900001','2019-08-22','批量新增'),
('090154','CI','N','1','TE','9999','*,','00201016','批量导入','1','900001','2019-08-22','批量新增'),
('090155','CI','N','1','TE','9999','*,','00201016','批量导入','1','900001','2019-08-22','批量新增'),
('090156','CI','N','1','TE','9999','*,','00201016','批量导入','1','900001','2019-08-22','批量新增'),
('090157','CI','N','1','TE','9999','*,','00201016','批量导入','1','900001','2019-08-22','批量新增'),
('090158','CI','N','1','TE','9999','*,','00201016','批量导入','1','900001','2019-08-22','批量新增'),
('090159','CI','N','1','TE','9999','*,','00101007','批量导入','1','900001','2019-08-22','批量新增'),
('090160','CI','N','1','TE','9999','*,','00101007','批量导入','1','900001','2019-08-22','批量新增'),
('090161','CI','N','1','TE','9999','*,','00101007','批量导入','1','900001','2019-08-22','批量新增'),
('090162','CI','N','1','TE','9999','*,','00101007','批量导入','1','900001','2019-08-22','批量新增'),
('090163','CI','N','1','TE','9999','*,','00201005','批量导入','1','900001','2019-08-22','批量新增'),
('090164','CI','N','1','TE','9999','*,','00201005','批量导入','1','900001','2019-08-22','批量新增'),
('090165','CI','N','1','TE','9999','*,','00201005','批量导入','1','900001','2019-08-22','批量新增'),
('090166','CI','N','1','TE','9999','*,','00201005','批量导入','1','900001','2019-08-22','批量新增'),
('090167','CI','N','1','TE','9999','*,','00201005','批量导入','1','900001','2019-08-22','批量新增'),
('090168','CI','N','1','TE','9999','*,','00201002','批量导入','1','900001','2019-08-22','批量新增'),
('090169','CI','N','1','TE','9999','*,','00201002','批量导入','1','900001','2019-08-22','批量新增'),
('090170','CI','N','1','TE','9999','*,','00301012','批量导入','1','900001','2019-08-22','批量新增'),
('090171','CI','N','1','TE','9999','*,','00301012','批量导入','1','900001','2019-08-22','批量新增'),
('090172','CI','N','1','TE','9999','*,','00301012','批量导入','1','900001','2019-08-22','批量新增'),
('090173','CI','N','1','TE','9999','*,','00301004','批量导入','1','900001','2019-08-22','批量新增'),
('090174','CI','N','1','TE','9999','*,','00301004','批量导入','1','900001','2019-08-22','批量新增'),
('090175','CI','N','1','TE','9999','*,','00301011','批量导入','1','900001','2019-08-22','批量新增'),
('090176','CI','N','1','TE','9999','*,','00301011','批量导入','1','900001','2019-08-22','批量新增'),
('090177','CI','N','1','TE','9999','*,','00301010','批量导入','1','900001','2019-08-22','批量新增'),
('090178','CI','N','1','TE','9999','*,','00301010','批量导入','1','900001','2019-08-22','批量新增'),
('090179','CI','N','1','TE','9999','*,','00301003','批量导入','1','900001','2019-08-22','批量新增'),
('090180','CI','N','1','TE','9999','*,','00301003','批量导入','1','900001','2019-08-22','批量新增'),
('090181','CI','N','1','TE','9999','*,','00301009','批量导入','1','900001','2019-08-22','批量新增'),
('090182','CI','N','1','TE','9999','*,','00301013','批量导入','1','900001','2019-08-22','批量新增'),
('090183','CI','N','1','TE','9999','*,','00301013','批量导入','1','900001','2019-08-22','批量新增'),
('090184','CI','N','1','TE','9999','*,','00301013','批量导入','1','900001','2019-08-22','批量新增'),
('090185','CI','N','1','TE','9999','*,','00301006','批量导入','1','900001','2019-08-22','批量新增'),
('090186','CI','N','1','TE','9999','*,','00301006','批量导入','1','900001','2019-08-22','批量新增'),
('090187','CI','N','1','TE','9999','*,','00301007','批量导入','1','900001','2019-08-22','批量新增'),
('090188','CI','N','1','TE','9999','*,','00301007','批量导入','1','900001','2019-08-22','批量新增'),
('090189','CI','N','1','TE','9999','*,','00301007','批量导入','1','900001','2019-08-22','批量新增'),
('090190','CI','N','1','TE','9999','*,','00301014','批量导入','1','900001','2019-08-22','批量新增'),
('090191','CI','N','1','TE','9999','*,','00301014','批量导入','1','900001','2019-08-22','批量新增'),
('090192','CI','N','1','TE','9999','*,','00301014','批量导入','1','900001','2019-08-22','批量新增'),
('090193','CI','N','1','TE','9999','*,','00301014','批量导入','1','900001','2019-08-22','批量新增'),
('090194','CI','N','1','TE','9999','*,','00302013','批量导入','1','900001','2019-08-22','批量新增'),
('090195','CI','N','1','TE','9999','*,','00302013','批量导入','1','900001','2019-08-22','批量新增'),
('090196','CI','N','1','TE','9999','*,','00302013','批量导入','1','900001','2019-08-22','批量新增'),
('090197','CI','N','1','TE','9999','*,','00302013','批量导入','1','900001','2019-08-22','批量新增'),
('090198','CI','N','1','TE','9999','*,','00301018','批量导入','1','900001','2019-08-22','批量新增'),
('090199','CI','N','1','TE','9999','*,','00301017','批量导入','1','900001','2019-08-22','批量新增'),
('090200','CI','N','1','TE','9999','*,','00301017','批量导入','1','900001','2019-08-22','批量新增'),
('090201','CI','N','1','TE','9999','*,','00301016','批量导入','1','900001','2019-08-22','批量新增'),
('090202','CI','N','1','TE','9999','*,','00301016','批量导入','1','900001','2019-08-22','批量新增'),
('090203','CI','N','1','TE','9999','*,','00302003','批量导入','1','900001','2019-08-22','批量新增'),
('090204','CI','N','1','TE','9999','*,','00302003','批量导入','1','900001','2019-08-22','批量新增'),
('090205','CI','N','1','TE','9999','*,','00301002','批量导入','1','900001','2019-08-22','批量新增'),
('090206','CI','N','1','TE','9999','*,','00302020','批量导入','1','900001','2019-08-22','批量新增'),
('090207','CI','N','1','TE','9999','*,','00302020','批量导入','1','900001','2019-08-22','批量新增'),
('090208','CI','N','1','TE','9999','*,','00302020','批量导入','1','900001','2019-08-22','批量新增'),
('090209','CI','N','1','TE','9999','*,','00302020','批量导入','1','900001','2019-08-22','批量新增'),
('090210','CI','N','1','TE','9999','*,','00301015','批量导入','1','900001','2019-08-22','批量新增'),
('090211','CI','N','1','TE','9999','*,','00301015','批量导入','1','900001','2019-08-22','批量新增'),
('090212','CI','N','1','TE','9999','*,','00301015','批量导入','1','900001','2019-08-22','批量新增'),
('090213','CI','N','1','TE','9999','*,','00502306','批量导入','1','900001','2019-08-22','批量新增'),
('090214','CI','N','1','TE','9999','*,','00502307','批量导入','1','900001','2019-08-22','批量新增'),
('090215','CI','N','1','TE','9999','*,','00502314_2','批量导入','1','900001','2019-08-22','批量新增'),
('090216','CI','N','1','TE','9999','*,','00502314_3','批量导入','1','900001','2019-08-22','批量新增'),
('090217','CI','N','1','TE','9999','*,','00302019','批量导入','1','900001','2019-08-22','批量新增'),
('090218','CI','N','1','TE','9999','*,','00302005','批量导入','1','900001','2019-08-22','批量新增'),
('090219','CI','N','1','TE','9999','*,','00302007','批量导入','1','900001','2019-08-22','批量新增'),
('090220','CI','N','1','TE','9999','*,','00302006','批量导入','1','900001','2019-08-22','批量新增'),
('090221','CI','N','1','TE','9999','*,','00302021','批量导入','1','900001','2019-08-22','批量新增'),
('090222','CI','N','1','TE','9999','*,','00302011','批量导入','1','900001','2019-08-22','批量新增'),
('090223','CI','N','1','TE','9999','*,','00302018','批量导入','1','900001','2019-08-22','批量新增'),
('090224','CI','N','1','TE','9999','*,','00603001','批量导入','1','900001','2019-08-22','批量新增'),
('090225','CI','N','1','TE','9999','*,','00603002','批量导入','1','900001','2019-08-22','批量新增'),
('090226','CI','N','1','TE','9999','*,','00101001_1','批量导入','1','900001','2019-08-22','批量新增'),
('090227','CI','N','1','TE','9999','*,','00101003_1','批量导入','1','900001','2019-08-22','批量新增');
-- IB_OM_RULECOND_INFO insert
INSERT INTO IB_OM_RULECOND_INFO (OPRTN_COND_NO,DICTRY_NM,OPER_SYM_1,CMPR_VAL,OPER_SYM_2,VALUE2,TRAN_CD,COND_DESCR,OPER_TELR_NO,OPER_DT,OPER_RSN,CMPR_VAL_DATA_DICTRY_FLG,PUB_DICTRY_FLG,DICTRY_DESCR) VALUES

('CI90008','pubPrivFlgCd','==','1','','','00201014','公私标志','900001','2019-08-22','批量新增','1','0','公私标志'),
('CI90009','operaFlg','==','1','','','00201011','操作标志','900001','2019-08-22','批量新增','1','0','操作标志'),
('CI90010','operaFlg','==','2','','','00201011','操作标志','900001','2019-08-22','批量新增','1','0','操作标志'),
('CI90011','operaFlg','==','3','','','00201011','操作标志','900001','2019-08-22','批量新增','1','0','操作标志'),
('CI90014','pubPrivFlgCd','==','1','','','00201014','公私标志','900001','2019-08-22','批量新增','1','0','公私标志'),
('CI90016','CUST_TYP','==','1','','','00201022','客户类型','900001','2019-08-22','批量新增','1','0','客户类型'),
('CI90017','CUST_TYP','==','0','','','00201022','客户类型','900001','2019-08-22','批量新增','1','0','客户类型'),
('CI90018','pageOperFlgCd','==','1','','','00201009','操作标志','900001','2019-08-22','批量新增','1','0','操作标志'),
('CI90019','pageOperFlgCd','==','2','','','00201009','操作标志','900001','2019-08-22','批量新增','1','0','操作标志'),
('CI90020','pageOperFlgCd','==','3','','','00201009','操作标志','900001','2019-08-22','批量新增','1','0','操作标志'),
('CI90023','custType','==','0','','','00502008','客户类型','900001','2019-08-22','批量新增','1','0','客户类型'),
('CI90048','custType','==','0','','','00503002','客户类型','900001','2019-08-22','批量新增','1','0','客户类型'),
('CI90049','custType','==','0','','','00503012_1','客户类型','900001','2019-08-22','批量新增','1','0','客户类型'),
('CI90050','CRTF_TYP_CD','==','0','','','00401020','经办人证件类型','900001','2019-08-22','批量新增','1','0','经办人证件类型'),
('CI90051','totlAmt','>=','50000','','','00502202','交易金额','900001','2019-08-22','批量新增','1','0','交易金额'),
('CI90052','CUST_TYP_CD','==','0','','','00502202','客户类型','900001','2019-08-22','批量新增','1','0','客户类型'),
('CI90053','aprptAmt','>=','50000','','','00502203','交易金额','900001','2019-08-22','批量新增','1','0','交易金额'),
('CI90054','openAcctAmt','>=','50000','','','00502204','交易金额','900001','2019-08-22','批量新增','1','0','交易金额'),
('CI90055','bal','>=','50000','','','00502205','交易金额','900001','2019-08-22','批量新增','1','0','交易金额'),
('CI90056','totlAmt','>=','50000','','','00502102','交易金额','900001','2019-08-22','批量新增','1','0','交易金额'),
('CI90057','CUST_TYP_CD','==','0','','','00502102','客户类型','900001','2019-08-22','批量新增','1','0','客户类型'),
('CI90058','wthmnyTotlAmt','>=','50000','','','00502104','交易金额','900001','2019-08-22','批量新增','1','0','交易金额'),
('CI90059','CUST_TYP_CD','==','0','','','00502104','客户类型','900001','2019-08-22','批量新增','1','0','客户类型'),
('CI90060','custType','==','0','','','0050100101','客户类型','900001','2019-08-22','批量新增','1','0','客户类型'),
('CI90061','acctDrawManrCd','==','1','','','0050100102','支取方式','900001','2019-08-22','批量新增','1','0','支取方式'),
('CI90062','PAY_FEE_TOTL_AMT','>=','50000','','','0050100103','缴费总金额','900001','2019-08-22','批量新增','1','0','缴费总金额'),
('CI90063','custType','==','0','','','0050100201','客户类型','900001','2019-08-22','批量新增','1','0','客户类型'),
('CI90064','custType','==','0','','','0050100202','客户类型','900001','2019-08-22','批量新增','1','0','客户类型'),
('CI90065','custType','==','0','','','0050100203','客户类型','900001','2019-08-22','批量新增','1','0','客户类型'),
('CI90066','custType','==','0','','','00502002','客户类型','900001','2019-08-22','批量新增','1','0','客户类型'),
('CI90067','custType','==','0','','','00502004','客户类型','900001','2019-08-22','批量新增','1','0','客户类型'),
('CI90068','custType','==','0','','','00502006','客户类型','900001','2019-08-22','批量新增','1','0','客户类型'),
('CI90069','custType','==','0','','','00502010','客户类型','900001','2019-08-22','批量新增','1','0','客户类型'),
('CI90070','custType','==','0','','','00502012','客户类型','900001','2019-08-22','批量新增','1','0','客户类型'),
('CI90071','amtSource','==','5','','','00302017','资金来源','900001','2019-08-22','批量新增','1','0','资金来源'),
('CI90072','Payr_Acct_Typ','!=','0','','','00302017','客户类型','900001','2019-08-22','批量新增','1','0','客户类型'),
('CI90072','amtSource','==','1','','','00302017','资金来源','900001','2019-08-22','批量新增','1','0','资金来源'),
('CI90072','remitAmount','>=','50000','','','00302017','交易金额','900001','2019-08-22','批量新增','1','0','交易金额'),
('CI90072','isAgency','==','0','','','00302017','是否代理','900001','2019-08-22','批量新增','1','0','是否代理'),
('CI90073','Payr_Acct_Typ','!=','0','','','00302017','客户类型','900001','2019-08-22','批量新增','1','0','客户类型'),
('CI90073','amtSource','!=','1','','','00302017','资金来源','900001','2019-08-22','批量新增','1','0','资金来源'),
('CI90073','remitAmount','>=','50000','','','00302017','资金来源','900001','2019-08-22','批量新增','1','0','资金来源'),
('CI90076','JOINT_MGMT_ACCT_FLG','==','1','','','00201021','共管账户标志','900001','2019-08-22','批量新增','1','0','共管账户标志'),
('CI90076','sameName','==','1','','','00201021','联名人等于户名','900001','2019-08-22','批量新增','1','0','联名人等于户名'),
('CI90077','CUST_TYP','!=','0','','','00201021','客户类型','900001','2019-08-22','批量新增','1','0','客户类型'),
('CI90078','CUST_TYP','==','0','','','00201021','客户类型','900001','2019-08-22','批量新增','1','0','客户类型'),
('CI90079','JOINT_MGMT_ACCT_FLG','==','1','','','00201021','共管账户标志','900001','2019-08-22','批量新增','1','0','共管账户标志'),
('CI90079','sameName','!=','1','','','00201021','联名人等于户名','900001','2019-08-22','批量新增','1','0','联名人等于户名'),
('CI90080','JOINT_MGMT_ACCT_FLG','==','0','','','00201021','共管账户标志','900001','2019-08-22','批量新增','1','0','共管账户标志'),
('CI90081','agencyFlag','==','1','','','00302022','是否代理','900001','2019-08-22','批量新增','1','0','是否代理'),
('CI90082','agencyFlag','==','0','','','00302022','是否代理','900001','2019-08-22','批量新增','1','0','是否代理'),
('CI90082','partAmt','>=','50000','','','00302022','交易金额','900001','2019-08-22','批量新增','1','0','交易金额'),
('CI90082','csttype','==','0','','','00302022','客户类型','900001','2019-08-22','批量新增','1','0','客户类型'),
('CI90083','csttype','in','1,2','','','00302002','客户类型','900001','2019-08-22','批量新增','1','0','客户类型'),
('CI90083','txAmt','>=','50000','','','00302002','交易金额','900001','2019-08-22','批量新增','1','0','交易金额'),
('CI90084','custType','in','1,2','','','00302004','客户类型','900001','2019-08-22','批量新增','1','0','客户类型'),
('CI90084','txAmt','>=','50000','','','00302004','交易金额','900001','2019-08-22','批量新增','1','0','交易金额'),
('CI90085','custType','in','1,2','','','00301005','客户类型','900001','2019-08-22','批量新增','1','0','客户类型'),
('CI90085','txAmt','>=','50000','','','00301005','交易金额','900001','2019-08-22','批量新增','1','0','交易金额'),
('CI90086','isAgency','==','1','','','00305006','是否代理','900001','2019-08-22','批量新增','1','0','是否代理'),
('CI90087','isAgency','==','0','','','00305006','是否代理','900001','2019-08-22','批量新增','1','0','是否代理'),
('CI90087','transAm','>=','50000','','','00305006','交易金额','900001','2019-08-22','批量新增','1','0','交易金额'),
('CI90087','custType','==','0','','','00305006','客户类型','900001','2019-08-22','批量新增','1','0','客户类型'),
('CI90088','paymentMth','in','00100000,01100000,10100000,11100000','','','00305006','支取方式','900001','2019-08-22','批量新增','1','0','支取方式'),
('CI90088','custType','==','0','','','00305006','客户类型','900001','2019-08-22','批量新增','1','0','客户类型'),
('CI90089','custType','==','0','','','00303006','客户类型','900001','2019-08-22','批量新增','1','0','客户类型'),
('CI90089','transAm','>=','50000','','','00303006','交易金额','900001','2019-08-22','批量新增','1','0','交易金额'),
('CI90090','isAgency','==','1','','','00303007','是否代理','900001','2019-08-22','批量新增','1','0','是否代理'),
('CI90091','isAgency','==','0','','','00303007','是否代理','900001','2019-08-22','批量新增','1','0','是否代理'),
('CI90091','allAmt','>=','50000','','','00303007','交易总金额','900001','2019-08-22','批量新增','1','0','交易总金额'),
('CI90091','custType','==','0','','','00303007','客户类型','900001','2019-08-22','批量新增','1','0','客户类型'),
('CI90092','paymentMth','in','00100000,01100000,10100000,11100000','','','00303007','支取方式','900001','2019-08-22','批量新增','1','0','支取方式'),
('CI90092','custType','==','0','','','00303007','客户类型','900001','2019-08-22','批量新增','1','0','客户类型'),
('CI90093','where','==','1','','','00302008','是否代理','900001','2019-08-22','批量新增','1','0','是否代理'),
('CI90094','where','==','0','','','00302008','是否代理','900001','2019-08-22','批量新增','1','0','是否代理'),
('CI90094','txAmt','>=','50000','','','00302008','交易金额','900001','2019-08-22','批量新增','1','0','交易金额'),
('CI90094','csttype','==','','','','00302008','客户类型','900001','2019-08-22','批量新增','1','0','客户类型'),
('CI90095','csttype','in','1,2','','','00302008','客户类型','900001','2019-08-22','批量新增','1','0','客户类型'),
('CI90095','txAmt','>=','50000','','','00302008','交易金额','900001','2019-08-22','批量新增','1','0','交易金额'),
('CI90096','mode','in','00100000,01100000,10100000,11100000','','','00302008','支取方式','900001','2019-08-22','批量新增','1','0','支取方式'),
('CI90096','csttype','==','','','','00302008','客户类型','900001','2019-08-22','批量新增','1','0','客户类型'),
('CI90097','csttype','in','1,2','','','00302009','客户类型','900001','2019-08-22','批量新增','1','0','客户类型'),
('CI90097','txAmt','>=','50000','','','00302009','交易金额','900001','2019-08-22','批量新增','1','0','交易金额'),
('CI90098','where1','==','1','','','00302010','是否代理','900001','2019-08-22','批量新增','1','0','是否代理'),
('CI90099','where1','==','0','','','00302010','是否代理','900001','2019-08-22','批量新增','1','0','是否代理'),
('CI90099','txAmt','>=','50000','','','00302010','交易金额','900001','2019-08-22','批量新增','1','0','交易金额'),
('CI90099','csttype','==','','','','00302010','客户类型','900001','2019-08-22','批量新增','1','0','客户类型'),
('CI90100','csttype','in','1,2','','','00302010','客户类型','900001','2019-08-22','批量新增','1','0','客户类型'),
('CI90100','txAmt','>=','50000','','','00302010','交易金额','900001','2019-08-22','批量新增','1','0','交易金额'),
('CI90101','AGEN_FLG','==','1','','','00303005','是否代理','900001','2019-08-22','批量新增','1','0','是否代理'),
('CI90102','AGEN_FLG','==','0','','','00303005','是否代理','900001','2019-08-22','批量新增','1','0','是否代理'),
('CI90102','tran_amt','>=','50000','','','00303005','交易金额','900001','2019-08-22','批量新增','1','0','交易金额'),
('CI90102','custTypCd','==','0','','','00303005','客户类型','900001','2019-08-22','批量新增','1','0','客户类型'),
('CI90103','paymentMth','in','00100000,01100000,10100000,11100000','','','00303005','支取方式','900001','2019-08-22','批量新增','1','0','支取方式'),
('CI90104','custTypCd','==','1','','','00303005','客户类型','900001','2019-08-22','批量新增','1','0','客户类型'),
('CI90104','Cap_Src','==','1','','','00303005','资金来源','900001','2019-08-22','批量新增','1','0','资金来源'),
('CI90104','tran_amt','>=','50000','','','00303005','交易金额','900001','2019-08-22','批量新增','1','0','交易金额'),
('CI90104','AGEN_FLG','==','0','','','00303005','是否代理','900001','2019-08-22','批量新增','1','0','是否代理'),
('CI90105','dtlSumAmt','>=','50000','','','00305013','交易金额','900001','2019-08-22','批量新增','1','0','交易金额'),
('CI90105','fundSourceCd','in','2,3','','','00305013','内部账','900001','2019-08-22','批量新增','1','0','内部账'),
('CI90106','cstmType','in','1,2','','','00306004','客户类型','900001','2019-08-22','批量新增','1','0','客户类型'),
('CI90107','isAgency','==','1','','','00306004','是否代理','900001','2019-08-22','批量新增','1','0','是否代理'),
('CI90108','paymentMth','in','00100000,01100000,10100000,11100000','','','00306004','支取方式','900001','2019-08-22','批量新增','1','0','支取方式'),
('CI90108','cstmType','==','0','','','00306004','客户类型','900001','2019-08-22','批量新增','1','0','客户类型'),
('CI90109','CUST_TYP','==','1','','','00306005','客户类型','900001','2019-08-22','批量新增','1','0','客户类型'),
('CI90110','CUST_TYP','==','0','','','00306005','客户类型','900001','2019-08-22','批量新增','1','0','客户类型'),
('CI90111','custTypCdOut','in','1,2','','','00306006','客户类型','900001','2019-08-22','批量新增','1','0','客户类型'),
('CI90112','custTypCdOut','==','0','','','00306006','客户类型','900001','2019-08-22','批量新增','1','0','客户类型'),
('CI90113','paymtDlwthManrCd','==','4','','','00303004_1','处理方式','900001','2019-08-22','批量新增','1','0','处理方式'),
('CI90114','paymtDlwthManrCd','==','4','','','00303004_2','处理方式','900001','2019-08-22','批量新增','1','0','处理方式'),
('CI90115','paymtDlwthManrCd','==','4','','','00303004_1','处理方式','900001','2019-08-22','批量新增','1','0','处理方式'),
('CI90115','amount','>=','50000','','','00303004_1','交易金额','900001','2019-08-22','批量新增','1','0','交易金额'),
('CI90116','paymtDlwthManrCd','==','4','','','00303004_2','处理方式','900001','2019-08-22','批量新增','1','0','处理方式'),
('CI90116','amount','>=','50000','','','00303004_2','交易金额','900001','2019-08-22','批量新增','1','0','交易金额'),
('CI90117','x_DE_WA','==','4','','','00303002','处理方式','900001','2019-08-22','批量新增','1','0','处理方式'),
('CI90118','proxy','==','1','','','00302014','是否代理','900001','2019-08-22','批量新增','1','0','是否代理'),
('CI90119','proxy','==','0','','','00302014','是否代理','900001','2019-08-22','批量新增','1','0','是否代理'),
('CI90119','TX_Amt','>=','50000','','','00302014','交易金额','900001','2019-08-22','批量新增','1','0','交易金额'),
('CI90119','custType','==','0','','','00302014','客户类型','900001','2019-08-22','批量新增','1','0','客户类型'),
('CI90120','Cash_Tran_Ind','==','0','','','00302014','现转标志','900001','2019-08-22','批量新增','1','0','现转标志'),
('CI90120','TX_Amt','>=','10000','','','00302014','交易金额','900001','2019-08-22','批量新增','1','0','交易金额'),
('CI90121','Cap_Src','==','1','','','00302016','资金来源','900001','2019-08-22','批量新增','1','0','资金来源'),
('CI90121','isAgency','==','0','','','00302016','是否代理','900001','2019-08-22','批量新增','1','0','是否代理'),
('CI90121','TX_Amt','>=','50000','','','00302016','交易金额','900001','2019-08-22','批量新增','1','0','交易金额'),
('CI90121','custtypcd','!=','0','','','00302016','客户类型','900001','2019-08-22','批量新增','1','0','客户类型'),
('CI90122','custtypcd','!=','0','','','00302016','客户类型','900001','2019-08-22','批量新增','1','0','客户类型'),
('CI90122','Cap_Src','!=','1','','','00302016','资金来源','900001','2019-08-22','批量新增','1','0','资金来源'),
('CI90122','TX_Amt','>=','50000','','','00302016','交易金额','900001','2019-08-22','批量新增','1','0','交易金额'),
('CI90123','handType','==','04','','','00303003_2','处理方式','900001','2019-08-22','批量新增','1','0','处理方式'),
('CI90124','where','==','1','','','00302006','是否代理','900001','2019-08-22','批量新增','1','0','是否代理'),
('CI90125','where','==','0','','','00302006','是否代理','900001','2019-08-22','批量新增','1','0','是否代理'),
('CI90125','txAmt','>=','50000','','','00302006','交易金额','900001','2019-08-22','批量新增','1','0','交易金额'),
('CI90125','csttype','==','0','','','00302006','客户类型','900001','2019-08-22','批量新增','1','0','客户类型'),
('CI90126','mode','in','00100000,01100000,10100000,11100000','','','00302006','支取方式','900001','2019-08-22','批量新增','1','0','支取方式'),
('CI90126','csttype','==','0','','','00302006','客户类型','900001','2019-08-22','批量新增','1','0','客户类型'),
('CI90127','proxy','==','1','','','00302019','是否代理','900001','2019-08-22','批量新增','1','0','是否代理'),
('CI90128','proxy','==','0','','','00302019','是否代理','900001','2019-08-22','批量新增','1','0','是否代理'),
('CI90128','txAmt','>=','50000','','','00302019','交易金额','900001','2019-08-22','批量新增','1','0','交易金额'),
('CI90128','cust_type','==','0','','','00302019','客户类型','900001','2019-08-22','批量新增','1','0','客户类型'),
('CI90129','cust_type','in','1,2','','','00302019','客户类型','900001','2019-08-22','批量新增','1','0','客户类型'),
('CI90129','txAmt','>=','50000','','','00302019','交易金额','900001','2019-08-22','批量新增','1','0','交易金额'),
('CI90130','mode','in','00100000,01100000,10100000,11100000','','','00302019','支取方式','900001','2019-08-22','批量新增','1','0','支取方式'),
('CI90130','cust_type','==','0','','','00302019','客户类型','900001','2019-08-22','批量新增','1','0','客户类型'),
('CI90131','cust_type','==','0','','','00302019','客户类型','900001','2019-08-22','批量新增','1','0','客户类型'),
('CI90132','proxy','==','1','','','00302007','是否代理','900001','2019-08-22','批量新增','1','0','是否代理'),
('CI90133','proxy','==','0','','','00302007','是否代理','900001','2019-08-22','批量新增','1','0','是否代理'),
('CI90133','txAmt','>=','50000','','','00302007','交易金额','900001','2019-08-22','批量新增','1','0','交易金额'),
('CI90133','cust_type','==','0','','','00302007','客户类型','900001','2019-08-22','批量新增','1','0','客户类型'),
('CI90134','csttype','in','1,2','','','00302021','客户类型','900001','2019-08-22','批量新增','1','0','客户类型'),
('CI90134','partAmt','>=','50000','','','00302021','交易金额','900001','2019-08-22','批量新增','1','0','交易金额'),
('CI90135','proxy','==','1','','','00302011','是否代理','900001','2019-08-22','批量新增','1','0','是否代理'),
('CI90136','proxy','==','0','','','00302011','是否代理','900001','2019-08-22','批量新增','1','0','是否代理'),
('CI90136','txAmt','>=','50000','','','00302011','交易金额','900001','2019-08-22','批量新增','1','0','交易金额'),
('CI90136','custTypeCd','==','0','','','00302011','客户类型','900001','2019-08-22','批量新增','1','0','客户类型'),
('CI90137','custTypeCd','in','1,2','','','00302011','客户类型','900001','2019-08-22','批量新增','1','0','客户类型'),
('CI90137','txAmt','>=','50000','','','00302011','交易金额','900001','2019-08-22','批量新增','1','0','交易金额'),
('CI90138','drawType','in','00100000,01100000,10100000,11100000','','','00302011','支取方式','900001','2019-08-22','批量新增','1','0','支取方式'),
('CI90138','custTypeCd','==','0','','','00302011','客户类型','900001','2019-08-22','批量新增','1','0','客户类型'),
('CI90139','proxy','==','1','','','00302018','是否代理','900001','2019-08-22','批量新增','1','0','是否代理'),
('CI90140','proxy','==','0','','','00302018','是否代理','900001','2019-08-22','批量新增','1','0','是否代理'),
('CI90140','txAmt','>=','50000','','','00302018','交易金额','900001','2019-08-22','批量新增','1','0','交易金额'),
('CI90140','cust_type','==','0','','','00302018','客户类型','900001','2019-08-22','批量新增','1','0','客户类型'),
('CI90141','cust_type','in','1,2','','','00302018','客户类型','900001','2019-08-22','批量新增','1','0','客户类型'),
('CI90141','txAmt','>=','50000','','','00302018','交易金额','900001','2019-08-22','批量新增','1','0','交易金额'),
('CI90142','mode','in','00100000,01100000,10100000,11100000','','','00302018','支取方式','900001','2019-08-22','批量新增','1','0','支取方式'),
('CI90142','cust_type','==','0','','','00302018','客户类型','900001','2019-08-22','批量新增','1','0','客户类型'),
('CI90143','cust_type','==','0','','','00302018','客户类型','900001','2019-08-22','批量新增','1','0','客户类型'),
('CI90144','proxy','==','1','','','00302005','是否代理','900001','2019-08-22','批量新增','1','0','是否代理'),
('CI90145','proxy','==','0','','','00302005','是否代理','900001','2019-08-22','批量新增','1','0','是否代理'),
('CI90145','txAmt','>=','50000','','','00302005','交易金额','900001','2019-08-22','批量新增','1','0','交易金额'),
('CI90145','cust_type','==','0','','','00302005','客户类型','900001','2019-08-22','批量新增','1','0','客户类型'),
('CI90146','mode','in','00100000,01100000,10100000,11100000','','','00302005','支取方式','900001','2019-08-22','批量新增','1','0','支取方式'),
('CI90146','cust_type','==','0','','','00302005','客户类型','900001','2019-08-22','批量新增','1','0','客户类型'),
('CI90147','cust_type','==','0','','','00302005','客户类型','900001','2019-08-22','批量新增','1','0','客户类型'),
('CI90148','customerType','==','1','','','00201015','客户类型','900001','2019-08-22','批量新增','1','0','客户类型'),
('CI90149','chkStat','==','1','','','00201015','共管账户标志','900001','2019-08-22','批量新增','1','0','共管账户标志'),
('CI90149','jointName','==','custNm','','','00201015','联名人姓名','900001','2019-08-22','批量新增','1','0','联名人姓名'),
('CI90150','chkStat','==','1','','','00201015','共管账户标志','900001','2019-08-22','批量新增','1','0','共管账户标志'),
('CI90150','jointName','!=','custNm','','','00201015','联名人姓名','900001','2019-08-22','批量新增','1','0','联名人姓名'),
('CI90151','chkStat','==','0','','','00201015','共管账户标志','900001','2019-08-22','批量新增','1','0','共管账户标志'),
('CI90152','customerType','==','0','','','00201015','客户类型','900001','2019-08-22','批量新增','1','0','客户类型'),
('CI90153','pageFileOperTypCd','!=','0','','','00201016','操作类型','900001','2019-08-22','批量新增','1','0','操作类型'),
('CI90153','custTypeCd1','==','0','','','00201016','客户类型','900001','2019-08-22','批量新增','1','0','客户类型'),
('CI90154','pageFileOperTypCd','!=','0','','','00201016','操作类型','900001','2019-08-22','批量新增','1','0','操作类型'),
('CI90154','custTypeCd1','==','1','','','00201016','客户类型','900001','2019-08-22','批量新增','1','0','客户类型'),
('CI90155','pageFileOperTypCd','==','2','','','00201016','操作类型','900001','2019-08-22','批量新增','1','0','操作类型'),
('CI90156','agenFlg','==','1','','','00201016','是否代理','900001','2019-08-22','批量新增','1','0','是否代理'),
('CI90157','custTypeCdBankBook','!=','0','','','00201016','客户类型','900001','2019-08-22','批量新增','1','0','客户类型'),
('CI90158','acctDrawManrCd3','in','00100000,01100000,10100000,11100000','','','00201016','支取方式','900001','2019-08-22','批量新增','1','0','支取方式'),
('CI90158','custTypeCdBankBook','==','0','','','00201016','客户类型','900001','2019-08-22','批量新增','1','0','客户类型'),
('CI90159','agenFlg','==','1','','','00101007','是否代理','900001','2019-08-22','批量新增','1','0','是否代理'),
('CI90160','agenFlg','==','0','','','00101007','是否代理','900001','2019-08-22','批量新增','1','0','是否代理'),
('CI90160','pyblPrncpintTotAmt','>=','50000','','','00101007','本息合计','900001','2019-08-22','批量新增','1','0','本息合计'),
('CI90161','agenFlg','==','0','','','00101007','是否代理','900001','2019-08-22','批量新增','1','0','是否代理'),
('CI90161','acctDrawManrCd','in','00100000,01100000,10100000,11100000','','','00101007','支取方式','900001','2019-08-22','批量新增','1','0','支取方式'),
('CI90162','agenFlg','==','0','','','00101007','是否代理','900001','2019-08-22','批量新增','1','0','是否代理'),
('CI90162','pageRdcrdOperFlgCd1','==','0','','','00101007','磁条标志','900001','2019-08-22','批量新增','1','0','磁条标志'),
('CI90162','pyblPrncpintTotAmt','>=','10000','','','00101007','本息合计','900001','2019-08-22','批量新增','1','0','本息合计'),
('CI90163','AGEN_FLG','==','1','','','00201005','是否代理','900001','2019-08-22','批量新增','1','0','是否代理'),
('CI90164','PUB_PRIV_FLG_CD','==','1','','','00201005','公私标志','900001','2019-08-22','批量新增','1','0','公私标志'),
('CI90165','AGEN_FLG','==','0','','','00201005','是否代理','900001','2019-08-22','批量新增','1','0','是否代理'),
('CI90166','CUST_TYP_CD','==','0','','','00201005','客户类型','900001','2019-08-22','批量新增','1','0','客户类型'),
('CI90167','CUST_TYP_CD','!=','0','','','00201005','客户类型','900001','2019-08-22','批量新增','1','0','客户类型'),
('CI90168','custType','==','0','','','00201002','客户类型','900001','2019-08-22','批量新增','1','0','客户类型'),
('CI90169','custType','!=','0','','','00201002','客户类型','900001','2019-08-22','批量新增','1','0','客户类型'),
('CI90170','txAmt','>','0','','','00301012','交易金额','900001','2019-08-22','批量新增','1','0','交易金额'),
('CI90170','pageRdcrdOperFlgCd','==','0','','','00301012','磁条标志','900001','2019-08-22','批量新增','1','0','磁条标志'),
('CI90170','pasbNum','empty','NULL','','','00301012','存折号码','900001','2019-08-22','批量新增','1','0','存折号码'),
('CI90171','custtyp','!=','0','','','00301012','客户类型','900001','2019-08-22','批量新增','1','0','客户类型'),
('CI90171','txAmt','>=','50000','','','00301012','交易金额','900001','2019-08-22','批量新增','1','0','交易金额'),
('CI90172','custtyp','==','0','','','00301012','客户类型','900001','2019-08-22','批量新增','1','0','客户类型'),
('CI90172','txAmt','>=','50000','','','00301012','交易金额','900001','2019-08-22','批量新增','1','0','交易金额'),
('CI90173','txAmt','>','0','','','00301004','交易金额','900001','2019-08-22','批量新增','1','0','交易金额'),
('CI90173','flag','==','0','','','00301004','磁条标志','900001','2019-08-22','批量新增','1','0','磁条标志'),
('CI90173','strDepbokNo','empty','NULL','','','00301004','存折号码','900001','2019-08-22','批量新增','1','0','存折号码'),
('CI90174','csttype','==','0','','','00301004','客户类型','900001','2019-08-22','批量新增','1','0','客户类型'),
('CI90174','txAmt','>=','50000','','','00301004','交易金额','900001','2019-08-22','批量新增','1','0','交易金额'),
('CI90175','txAmt','>','0','','','00301011','交易金额','900001','2019-08-22','批量新增','1','0','交易金额'),
('CI90175','pageRdcrdOperFlgCd','==','0','','','00301011','磁条标志','900001','2019-08-22','批量新增','1','0','磁条标志'),
('CI90175','strDepbokNo','empty','NULL','','','00301011','存折号码','900001','2019-08-22','批量新增','1','0','存折号码'),
('CI90176','cust_type','!=','0','','','00301011','客户类型','900001','2019-08-22','批量新增','1','0','客户类型'),
('CI90176','txAmt','>=','50000','','','00301011','交易金额','900001','2019-08-22','批量新增','1','0','交易金额'),
('CI90177','txAmt','>','0','','','00301010','交易金额','900001','2019-08-22','批量新增','1','0','交易金额'),
('CI90177','pageRdcrdOperFlgCd','==','0','','','00301010','磁条标志','900001','2019-08-22','批量新增','1','0','磁条标志'),
('CI90177','strDepbokNo','empty','NULL','','','00301010','存折号码','900001','2019-08-22','批量新增','1','0','存折号码'),
('CI90178','cust_type','==','0','','','00301010','客户类型','900001','2019-08-22','批量新增','1','0','客户类型'),
('CI90178','txAmt','>=','50000','','','00301010','交易金额','900001','2019-08-22','批量新增','1','0','交易金额'),
('CI90179','txAmt','>','0','','','00301003','交易金额','900001','2019-08-22','批量新增','1','0','交易金额'),
('CI90179','pageRdcrdOperFlgCd','==','0','','','00301003','磁条标志','900001','2019-08-22','批量新增','1','0','磁条标志'),
('CI90179','strDepbokNo','empty','NULL','','','00301003','存折号码','900001','2019-08-22','批量新增','1','0','存折号码'),
('CI90180','CUST_TYP_CD','==','0','','','00301003','客户类型','900001','2019-08-22','批量新增','1','0','客户类型'),
('CI90180','txAmt','>=','50000','','','00301003','交易金额','900001','2019-08-22','批量新增','1','0','交易金额'),
('CI90181','CUST_TYP_CD','!=','0','','','00301009','客户类型','900001','2019-08-22','批量新增','1','0','客户类型'),
('CI90181','txAmt','>=','50000','','','00301009','交易金额','900001','2019-08-22','批量新增','1','0','交易金额'),
('CI90182','totalTxAmt1','>','0','','','00301013','交易金额','900001','2019-08-22','批量新增','1','0','交易金额'),
('CI90182','pageRdcrdOperFlgCd','==','0','','','00301013','磁条标志','900001','2019-08-22','批量新增','1','0','磁条标志'),
('CI90182','strDepbokNo','empty','NULL','','','00301013','存折号码','900001','2019-08-22','批量新增','1','0','存折号码'),
('CI90183','csttype','!=','0','','','00301013','客户类型','900001','2019-08-22','批量新增','1','0','客户类型'),
('CI90183','totalTxAmt1','>=','50000','','','00301013','交易金额','900001','2019-08-22','批量新增','1','0','交易金额'),
('CI90184','csttype','==','0','','','00301013','客户类型','900001','2019-08-22','批量新增','1','0','客户类型'),
('CI90184','totalTxAmt1','>=','50000','','','00301013','交易金额','900001','2019-08-22','批量新增','1','0','交易金额'),
('CI90185','where','==','1','','','00301006','是否代理','900001','2019-08-22','批量新增','1','0','是否代理'),
('CI90186','where','==','0','','','00301006','是否代理','900001','2019-08-22','批量新增','1','0','是否代理'),
('CI90186','txAmt','>=','50000','','','00301006','交易金额','900001','2019-08-22','批量新增','1','0','交易金额'),
('CI90186','csttype','==','','','','00301006','客户类型','900001','2019-08-22','批量新增','1','0','客户类型'),
('CI90187','proxy','==','1','','','00301007','是否代理','900001','2019-08-22','批量新增','1','0','是否代理'),
('CI90188','custtyp','!=','0','','','00301007','客户类型','900001','2019-08-22','批量新增','1','0','客户类型'),
('CI90188','txAmt','>=','50000','','','00301007','交易金额','900001','2019-08-22','批量新增','1','0','交易金额'),
('CI90189','drawType','in','00100000,01100000,10100000,11100000','','','00301007','支取方式','900001','2019-08-22','批量新增','1','0','支取方式'),
('CI90189','custtyp','==','0','','','00301007','客户类型','900001','2019-08-22','批量新增','1','0','客户类型'),
('CI90190','proxy','==','1','','','00301014','是否代理','900001','2019-08-22','批量新增','1','0','是否代理'),
('CI90191','proxy','==','0','','','00301014','是否代理','900001','2019-08-22','批量新增','1','0','是否代理'),
('CI90191','txAmt','>=','50000','','','00301014','交易金额','900001','2019-08-22','批量新增','1','0','交易金额'),
('CI90191','cust_type','==','','','','00301014','客户类型','900001','2019-08-22','批量新增','1','0','客户类型'),
('CI90192','mode','in','00100000,01100000,10100000,11100000','','','00301014','支取方式','900001','2019-08-22','批量新增','1','0','支取方式'),
('CI90192','cust_type','==','0','','','00301014','客户类型','900001','2019-08-22','批量新增','1','0','客户类型'),
('CI90193','cust_type','==','0','','','00301014','客户类型','900001','2019-08-22','批量新增','1','0','客户类型'),
('CI90194','proxy','==','1','','','00302013','是否代理','900001','2019-08-22','批量新增','1','0','是否代理'),
('CI90195','proxy','==','0','','','00302013','是否代理','900001','2019-08-22','批量新增','1','0','是否代理'),
('CI90195','partyAmt','>=','50000','','','00302013','交易金额','900001','2019-08-22','批量新增','1','0','交易金额'),
('CI90195','cust_type','==','','','','00302013','客户类型','900001','2019-08-22','批量新增','1','0','客户类型'),
('CI90196','mode','in','00100000,01100000,10100000,11100000','','','00302013','支取方式','900001','2019-08-22','批量新增','1','0','支取方式'),
('CI90196','cust_type','==','0','','','00302013','客户类型','900001','2019-08-22','批量新增','1','0','客户类型'),
('CI90197','cust_type','==','0','','','00302013','客户类型','900001','2019-08-22','批量新增','1','0','客户类型'),
('CI90198','custType','!=','0','','','00301018','客户类型','900001','2019-08-22','批量新增','1','0','客户类型'),
('CI90198','txAmt','>=','50000','','','00301018','交易金额','900001','2019-08-22','批量新增','1','0','交易金额'),
('CI90199','proxy','==','1','','','00301017','是否代理','900001','2019-08-22','批量新增','1','0','是否代理'),
('CI90200','proxy','==','0','','','00301017','是否代理','900001','2019-08-22','批量新增','1','0','是否代理'),
('CI90200','txAmt','>=','50000','','','00301017','交易金额','900001','2019-08-22','批量新增','1','0','交易金额'),
('CI90200','cust_type','==','','','','00301017','客户类型','900001','2019-08-22','批量新增','1','0','客户类型'),
('CI90201','agenFlg','==','1','','','00301016','是否代理','900001','2019-08-22','批量新增','1','0','是否代理'),
('CI90202','agenFlg','==','0','','','00301016','是否代理','900001','2019-08-22','批量新增','1','0','是否代理'),
('CI90202','txAmt','>=','50000','','','00301016','交易金额','900001','2019-08-22','批量新增','1','0','交易金额'),
('CI90202','custType','==','','','','00301016','客户类型','900001','2019-08-22','批量新增','1','0','客户类型'),
('CI90203','agencyFlag','==','1','','','00302003','是否代理','900001','2019-08-22','批量新增','1','0','是否代理'),
('CI90204','agencyFlag','==','0','','','00302003','是否代理','900001','2019-08-22','批量新增','1','0','是否代理'),
('CI90204','partAmt','>=','50000','','','00302003','交易金额','900001','2019-08-22','批量新增','1','0','交易金额'),
('CI90204','csttype','==','','','','00302003','客户类型','900001','2019-08-22','批量新增','1','0','客户类型'),
('CI90205','custType','!=','0','','','00301002','客户类型','900001','2019-08-22','批量新增','1','0','客户类型'),
('CI90205','txAmt','>=','50000','','','00301002','交易金额','900001','2019-08-22','批量新增','1','0','交易金额'),
('CI90206','proxy','==','1','','','00302020','是否代理','900001','2019-08-22','批量新增','1','0','是否代理'),
('CI90207','proxy','==','0','','','00302020','是否代理','900001','2019-08-22','批量新增','1','0','是否代理'),
('CI90207','txAmt','>=','50000','','','00302020','交易金额','900001','2019-08-22','批量新增','1','0','交易金额'),
('CI90207','cust_type','==','','','','00302020','客户类型','900001','2019-08-22','批量新增','1','0','客户类型'),
('CI90208','mode','in','00100000,01100000,10100000,11100000','','','00302020','支取方式','900001','2019-08-22','批量新增','1','0','支取方式'),
('CI90208','cust_type','==','0','','','00302020','客户类型','900001','2019-08-22','批量新增','1','0','客户类型'),
('CI90209','cust_type','==','0','','','00302020','客户类型','900001','2019-08-22','批量新增','1','0','客户类型'),
('CI90210','proxy','==','1','','','00301015','是否代理','900001','2019-08-22','批量新增','1','0','是否代理'),
('CI90211','proxy','==','0','','','00301015','是否代理','900001','2019-08-22','批量新增','1','0','是否代理'),
('CI90211','txAmt','>=','50000','','','00301015','交易金额','900001','2019-08-22','批量新增','1','0','交易金额'),
('CI90211','cust_type','==','','','','00301015','客户类型','900001','2019-08-22','批量新增','1','0','客户类型'),
('CI90212','cust_type','!=','0','','','00301015','客户类型','900001','2019-08-22','批量新增','1','0','客户类型'),
('CI90212','txAmt','>=','50000','','','00301015','交易金额','900001','2019-08-22','批量新增','1','0','交易金额'),
('CI90213','totlAmt','>=','50000','','','00502306','交易金额','900001','2019-08-22','批量新增','1','0','交易金额'),
('CI90213','custType','==','0','','','00502306','客户类型','900001','2019-08-22','批量新增','1','0','客户类型'),
('CI90213','acctDrawManrCd','in','00100000,01100000,10100000,11100000','','','00502306','支取方式','900001','2019-08-22','批量新增','1','0','支取方式'),
('CI90214','totlAmt','>=','50000','','','00502307','交易金额','900001','2019-08-22','批量新增','1','0','交易金额'),
('CI90214','custType','==','0','','','00502307','客户类型','900001','2019-08-22','批量新增','1','0','客户类型'),
('CI90215','totlAmt','>=','50000','','','00502314_2','交易金额','900001','2019-08-22','批量新增','1','0','交易金额'),
('CI90215','custType','==','0','','','00502314_2','客户类型','900001','2019-08-22','批量新增','1','0','客户类型'),
('CI90215','acctDrawManrCd','in','00100000,01100000,10100000,11100000','','','00502314_2','支取方式','900001','2019-08-22','批量新增','1','0','支取方式'),
('CI90216','totlAmt','>=','50000','','','00502314_3','交易金额','900001','2019-08-22','批量新增','1','0','交易金额'),
('CI90216','custType','==','0','','','00502314_3','客户类型','900001','2019-08-22','批量新增','1','0','客户类型'),
('CI90217','txAmt','>=','50000','','','00302019','交易金额','900001','2019-08-22','批量新增','1','0','交易金额'),
('CI90218','txAmt','>=','50000','','','00302005','交易金额','900001','2019-08-22','批量新增','1','0','交易金额'),
('CI90219','txAmt','>=','50000','','','00302007','交易金额','900001','2019-08-22','批量新增','1','0','交易金额'),
('CI90220','txAmt','>=','50000','','','00302006','交易金额','900001','2019-08-22','批量新增','1','0','交易金额'),
('CI90221','partAmt','>=','50000','','','00302021','交易金额','900001','2019-08-22','批量新增','1','0','交易金额'),
('CI90222','txAmt','>=','50000','','','00302011','交易金额','900001','2019-08-22','批量新增','1','0','交易金额'),
('CI90223','txAmt','>=','50000','','','00302018','交易金额','900001','2019-08-22','批量新增','1','0','交易金额'),
('CI90224','agenFlg','==','1','','','00603001','是否代理','900001','2019-08-22','批量新增','1','0','是否代理'),
('CI90225','agenFlg','==','1','','','00603002','是否代理','900001','2019-08-22','批量新增','1','0','是否代理');
-- IB_OM_RULECOND_RLT insert
INSERT INTO IB_OM_RULECOND_RLT (RULE_COND_NO,CMPL_MODE_FLG,OPRTN_RULE_NO) VALUES

('CI90000','0','090000'),
('CI90001','0','090001'),
('CI90002','0','090002'),
('CI90003','0','090003'),
('CI90004','0','090004'),
('CI90005','0','090005'),
('CI90006','0','090006'),
('CI90007','0','090007'),
('CI90008','1','090008'),
('CI90009','1','090009'),
('CI90010','1','090010'),
('CI90011','1','090011'),
('CI90012','0','090012'),
('CI90013','0','090013'),
('CI90014','1','090014'),
('CI90015','0','090015'),
('CI90016','1','090016'),
('CI90017','1','090017'),
('CI90018','1','090018'),
('CI90019','1','090019'),
('CI90020','1','090020'),
('CI90021','0','090021'),
('CI90022','0','090022'),
('CI90023','0','090023'),
('CI90023','1','090023'),
('CI90024','0','090024'),
('CI90025','0','090025'),
('CI90026','0','090026'),
('CI90027','0','090027'),
('CI90028','0','090028'),
('CI90029','0','090029'),
('CI90030','0','090030'),
('CI90031','0','090031'),
('CI90032','0','090032'),
('CI90033','0','090033'),
('CI90034','0','090034'),
('CI90035','0','090035'),
('CI90036','0','090036'),
('CI90037','0','090037'),
('CI90038','0','090038'),
('CI90039','0','090039'),
('CI90040','0','090040'),
('CI90041','0','090041'),
('CI90042','0','090042'),
('CI90043','0','090043'),
('CI90044','0','090044'),
('CI90045','0','090045'),
('CI90046','0','090046'),
('CI90047','0','090047'),
('CI90048','1','090048'),
('CI90049','1','090049'),
('CI90050','1','090050'),
('CI90051','1','090051'),
('CI90052','1','090052'),
('CI90053','1','090053'),
('CI90054','1','090054'),
('CI90055','1','090055'),
('CI90056','1','090056'),
('CI90057','1','090057'),
('CI90058','1','090058'),
('CI90059','1','090059'),
('CI90060','1','090060'),
('CI90061','1','090061'),
('CI90062','1','090062'),
('CI90063','1','090063'),
('CI90064','1','090064'),
('CI90065','1','090065'),
('CI90066','1','090066'),
('CI90067','1','090067'),
('CI90068','1','090068'),
('CI90069','1','090069'),
('CI90070','1','090070'),
('CI90071','1','090071'),
('CI90072','1','090072'),
('CI90073','1','090073'),
('CI90074','0','090074'),
('CI90075','0','090075'),
('CI90076','1','090076'),
('CI90077','1','090077'),
('CI90078','1','090078'),
('CI90079','1','090079'),
('CI90080','1','090080'),
('CI90081','1','090081'),
('CI90082','1','090082'),
('CI90083','1','090083'),
('CI90084','1','090084'),
('CI90085','1','090085'),
('CI90086','1','090086'),
('CI90087','1','090087'),
('CI90088','1','090088'),
('CI90089','1','090089'),
('CI90090','1','090090'),
('CI90091','1','090091'),
('CI90092','1','090092'),
('CI90093','1','090093'),
('CI90094','1','090094'),
('CI90095','1','090095'),
('CI90096','1','090096'),
('CI90097','1','090097'),
('CI90098','1','090098'),
('CI90099','1','090099'),
('CI90100','1','090100'),
('CI90101','1','090101'),
('CI90102','1','090102'),
('CI90103','1','090103'),
('CI90104','1','090104'),
('CI90105','1','090105'),
('CI90106','1','090106'),
('CI90107','1','090107'),
('CI90108','1','090108'),
('CI90109','1','090109'),
('CI90110','1','090110'),
('CI90111','1','090111'),
('CI90112','1','090112'),
('CI90113','1','090113'),
('CI90114','1','090114'),
('CI90115','1','090115'),
('CI90116','1','090116'),
('CI90117','1','090117'),
('CI90118','1','090118'),
('CI90119','1','090119'),
('CI90120','1','090120'),
('CI90121','1','090121'),
('CI90122','1','090122'),
('CI90123','1','090123'),
('CI90124','1','090124'),
('CI90125','1','090125'),
('CI90126','1','090126'),
('CI90127','1','090127'),
('CI90128','1','090128'),
('CI90129','1','090129'),
('CI90130','1','090130'),
('CI90131','1','090131'),
('CI90132','1','090132'),
('CI90133','1','090133'),
('CI90134','1','090134'),
('CI90135','1','090135'),
('CI90136','1','090136'),
('CI90137','1','090137'),
('CI90138','1','090138'),
('CI90139','1','090139'),
('CI90140','1','090140'),
('CI90141','1','090141'),
('CI90142','1','090142'),
('CI90143','1','090143'),
('CI90144','1','090144'),
('CI90145','1','090145'),
('CI90146','1','090146'),
('CI90147','1','090147'),
('CI90148','1','090148'),
('CI90149','1','090149'),
('CI90150','1','090150'),
('CI90151','1','090151'),
('CI90152','1','090152'),
('CI90153','1','090153'),
('CI90154','1','090154'),
('CI90155','1','090155'),
('CI90156','1','090156'),
('CI90157','1','090157'),
('CI90158','1','090158'),
('CI90159','1','090159'),
('CI90160','1','090160'),
('CI90161','1','090161'),
('CI90162','1','090162'),
('CI90163','1','090163'),
('CI90164','1','090164'),
('CI90165','1','090165'),
('CI90166','1','090166'),
('CI90167','1','090167'),
('CI90168','1','090168'),
('CI90169','1','090169'),
('CI90170','1','090170'),
('CI90171','1','090171'),
('CI90172','1','090172'),
('CI90173','1','090173'),
('CI90174','1','090174'),
('CI90175','1','090175'),
('CI90176','1','090176'),
('CI90177','1','090177'),
('CI90178','1','090178'),
('CI90179','1','090179'),
('CI90180','1','090180'),
('CI90181','1','090181'),
('CI90182','1','090182'),
('CI90183','1','090183'),
('CI90184','1','090184'),
('CI90185','1','090185'),
('CI90186','1','090186'),
('CI90187','1','090187'),
('CI90188','1','090188'),
('CI90189','1','090189'),
('CI90190','1','090190'),
('CI90191','1','090191'),
('CI90192','1','090192'),
('CI90193','1','090193'),
('CI90194','1','090194'),
('CI90195','1','090195'),
('CI90196','1','090196'),
('CI90197','1','090197'),
('CI90198','1','090198'),
('CI90199','1','090199'),
('CI90200','1','090200'),
('CI90201','1','090201'),
('CI90202','1','090202'),
('CI90203','1','090203'),
('CI90204','1','090204'),
('CI90205','1','090205'),
('CI90206','1','090206'),
('CI90207','1','090207'),
('CI90208','1','090208'),
('CI90209','1','090209'),
('CI90210','1','090210'),
('CI90211','1','090211'),
('CI90212','1','090212'),
('CI90213','0','090213'),
('CI90213','1','090213'),
('CI90214','1','090214'),
('CI90215','1','090215'),
('CI90216','1','090216'),
('CI90217','1','090217'),
('CI90218','1','090218'),
('CI90219','1','090219'),
('CI90220','1','090220'),
('CI90221','1','090221'),
('CI90222','1','090222'),
('CI90223','1','090223'),
('CI90224','1','090224'),
('CI90225','1','090225'),
('CI90226','0','090226'),
('CI90227','0','090227');
-- IB_OM_MODE_INFO insert
INSERT INTO IB_OM_MODE_INFO (RULE_MODE_NO,FIELD_SEQ_NO,FIELD_NM,FIELD_DICTRY_NM,RULE_MODE_TYP_CD) VALUES

('CI90000','1','ref','aui-row_1','CI'),
('CI90000','2','NI','1','CI'),
('CI90000','3','FR','1','CI'),
('CI90001','4','ref','input-cstnm','CI'),
('CI90001','5','NI','1','CI'),
('CI90001','6','FR','1','CI'),
('CI90002','7','ref','custom-input_2','CI'),
('CI90002','8','NI','1','CI'),
('CI90002','9','FR','1','CI'),
('CI90003','10','ref','custom-input-crtfNbr','CI'),
('CI90003','11','NI','1','CI'),
('CI90003','12','FR','1','CI'),
('CI90004','13','ref','custom-input-crtfNbr','CI'),
('CI90004','14','NI','1','CI'),
('CI90004','15','FR','1','CI'),
('CI90005','16','ref','custom-input-custNm','CI'),
('CI90005','17','NI','1','CI'),
('CI90005','18','FR','1','CI'),
('CI90006','19','ref','input-cstnm','CI'),
('CI90006','20','NI','1','CI'),
('CI90006','21','FR','1','CI'),
('CI90007','22','ref','custom-selector-crtfTypCd','CI'),
('CI90007','23','NI','1','CI'),
('CI90007','24','FR','0','CI'),
('CI90008','25','ref','custom-selector-crtfTypCd','CI'),
('CI90008','26','NI','1','CI'),
('CI90008','27','FR','0','CI'),
('CI90009','28','ref','custom-input-acctnm1','CI'),
('CI90009','29','NI','1','CI'),
('CI90009','30','FR','0','CI'),
('CI90010','31','ref','custom-input-acctnm2','CI'),
('CI90010','32','NI','1','CI'),
('CI90010','33','FR','0','CI'),
('CI90011','34','ref','custom-input-targetAcctnm','CI'),
('CI90011','35','NI','1','CI'),
('CI90011','36','FR','0','CI'),
('CI90012','37','ref','custom-input-acctnm1','CI'),
('CI90012','38','NI','1','CI'),
('CI90012','39','FR','0','CI'),
('CI90013','40','ref','custom-input_3','CI'),
('CI90013','41','NI','1','CI'),
('CI90013','42','FR','0','CI'),
('CI90014','43','ref','custom-selector-crtfTypCd','CI'),
('CI90014','44','NI','1','CI'),
('CI90014','45','FR','0','CI'),
('CI90015','46','ref','custom-selector-crtfTypCd','CI'),
('CI90015','47','NI','1','CI'),
('CI90015','48','FR','0','CI'),
('CI90016','49','ref','custom-input_2','CI'),
('CI90016','50','NI','1','CI'),
('CI90016','51','FR','0','CI'),
('CI90017','52','ref','custom-input_2','CI'),
('CI90017','53','NI','1','CI'),
('CI90017','54','FR','0','CI'),
('CI90018','55','ref','custom-input-acctnm','CI'),
('CI90018','56','NI','1','CI'),
('CI90018','57','FR','0','CI'),
('CI90019','58','ref','custom-input-acctnm','CI'),
('CI90019','59','NI','1','CI'),
('CI90019','60','FR','0','CI'),
('CI90020','61','ref','custom-input-acctnm','CI'),
('CI90020','62','NI','1','CI'),
('CI90020','63','FR','0','CI'),
('CI90021','64','ref','customer','CI'),
('CI90021','65','NI','0','CI'),
('CI90021','66','FR','0','CI'),
('CI90022','67','ref','customer','CI'),
('CI90022','68','NI','1','CI'),
('CI90022','69','FR','1','CI'),
('CI90023','70','ref','customer','CI'),
('CI90023','71','NI','0','CI'),
('CI90023','72','FR','0','CI'),
('CI90024','76','ref','aui-button_query','CI'),
('CI90024','77','NI','1','CI'),
('CI90024','78','FR','0','CI'),
('CI90025','79','ref','aui-button_query','CI'),
('CI90025','80','NI','1','CI'),
('CI90025','81','FR','0','CI'),
('CI90026','82','ref','aui-button_query','CI'),
('CI90026','83','NI','1','CI'),
('CI90026','84','FR','0','CI'),
('CI90027','85','ref','aui-button_query','CI'),
('CI90027','86','NI','1','CI'),
('CI90027','87','FR','0','CI'),
('CI90028','88','ref','aui-button_query','CI'),
('CI90028','89','NI','1','CI'),
('CI90028','90','FR','0','CI'),
('CI90029','91','ref','aui-button_query','CI'),
('CI90029','92','NI','1','CI'),
('CI90029','93','FR','0','CI'),
('CI90030','94','ref','aui-button_check','CI'),
('CI90030','95','NI','1','CI'),
('CI90030','96','FR','0','CI'),
('CI90031','97','ref','aui-button-check','CI'),
('CI90031','98','NI','1','CI'),
('CI90031','99','FR','0','CI'),
('CI90032','100','ref','custom-input-userName','CI'),
('CI90032','101','NI','1','CI'),
('CI90032','102','FR','0','CI'),
('CI90033','103','ref','custom-input-pwd','CI'),
('CI90033','104','NI','1','CI'),
('CI90033','105','FR','0','CI'),
('CI90034','106','ref','aui-queryInfo','CI'),
('CI90034','107','NI','1','CI'),
('CI90034','108','FR','0','CI'),
('CI90035','109','ref','aui-queryInfo','CI'),
('CI90035','110','NI','1','CI'),
('CI90035','111','FR','0','CI'),
('CI90036','112','ref','aui-queryInfo','CI'),
('CI90036','113','NI','1','CI'),
('CI90036','114','FR','0','CI'),
('CI90037','115','ref','aui-button_query','CI'),
('CI90037','116','NI','1','CI'),
('CI90037','117','FR','0','CI'),
('CI90038','118','ref','aui-button_query','CI'),
('CI90038','119','NI','1','CI'),
('CI90038','120','FR','0','CI'),
('CI90039','121','ref','custom-input-name','CI'),
('CI90039','122','NI','1','CI'),
('CI90039','123','FR','0','CI'),
('CI90040','124','ref','custom-input-name','CI'),
('CI90040','125','NI','1','CI'),
('CI90040','126','FR','0','CI'),
('CI90041','127','ref','custom-input-name','CI'),
('CI90041','128','NI','1','CI'),
('CI90041','129','FR','0','CI'),
('CI90042','130','ref','custom-input-name','CI'),
('CI90042','131','NI','1','CI'),
('CI90042','132','FR','0','CI'),
('CI90043','133','ref','custom-input-name','CI'),
('CI90043','134','NI','1','CI'),
('CI90043','135','FR','0','CI'),
('CI90044','136','ref','custom-input-name','CI'),
('CI90044','137','NI','1','CI'),
('CI90044','138','FR','0','CI'),
('CI90045','139','ref','custom-input-name','CI'),
('CI90045','140','NI','1','CI'),
('CI90045','141','FR','0','CI'),
('CI90046','142','ref','custom-table_1','CI'),
('CI90046','143','NI','1','CI'),
('CI90046','144','FR','0','CI'),
('CI90047','145','ref','aui-button_query','CI'),
('CI90047','146','NI','1','CI'),
('CI90047','147','FR','0','CI'),
('CI90048','148','ref','custom-input_4','CI'),
('CI90048','149','NI','1','CI'),
('CI90048','150','FR','0','CI'),
('CI90049','151','ref','custom-input_19','CI'),
('CI90049','152','NI','1','CI'),
('CI90049','153','FR','0','CI'),
('CI90050','154','ref','custom-selector-01','CI'),
('CI90050','155','NI','1','CI'),
('CI90050','156','FR','0','CI'),
('CI90051','157','ref','custom-input_4','CI'),
('CI90051','158','NI','1','CI'),
('CI90051','159','FR','0','CI'),
('CI90052','160','ref','custom-input_4','CI'),
('CI90052','161','NI','0','CI'),
('CI90052','162','FR','0','CI'),
('CI90053','163','ref','custom-input_9','CI'),
('CI90053','164','NI','1','CI'),
('CI90053','165','FR','0','CI'),
('CI90054','166','ref','custom-input_7','CI'),
('CI90054','167','NI','1','CI'),
('CI90054','168','FR','0','CI'),
('CI90055','169','ref','custom-input_9','CI'),
('CI90055','170','NI','1','CI'),
('CI90055','171','FR','0','CI'),
('CI90056','172','ref','custom-input_4','CI'),
('CI90056','173','NI','1','CI'),
('CI90056','174','FR','0','CI'),
('CI90057','175','ref','custom-input_4','CI'),
('CI90057','176','NI','0','CI'),
('CI90057','177','FR','0','CI'),
('CI90058','178','ref','custom-selector_3','CI'),
('CI90058','179','NI','1','CI'),
('CI90058','180','FR','0','CI'),
('CI90059','181','ref','custom-selector_3','CI'),
('CI90059','182','NI','0','CI'),
('CI90059','183','FR','0','CI'),
('CI90060','184','ref','custom-input_6','CI'),
('CI90060','185','NI','0','CI'),
('CI90060','186','FR','1','CI'),
('CI90061','187','ref','custom-input_6','CI'),
('CI90061','188','NI','1','CI'),
('CI90061','189','FR','0','CI'),
('CI90062','190','ref','custom-input_6','CI'),
('CI90062','191','NI','1','CI'),
('CI90062','192','FR','0','CI'),
('CI90063','193','ref','custom-input_1','CI'),
('CI90063','194','NI','1','CI'),
('CI90063','195','FR','1','CI'),
('CI90064','196','ref','custom-input_9','CI'),
('CI90064','197','NI','1','CI'),
('CI90064','198','FR','0','CI'),
('CI90065','199','ref','custom-input_6','CI'),
('CI90065','200','NI','1','CI'),
('CI90065','201','FR','0','CI'),
('CI90066','202','ref','custom-input_4','CI'),
('CI90066','203','NI','1','CI'),
('CI90066','204','FR','0','CI'),
('CI90067','205','ref','custom-input_4','CI'),
('CI90067','206','NI','1','CI'),
('CI90067','207','FR','0','CI'),
('CI90068','208','ref','custom-selector_2','CI'),
('CI90068','209','NI','1','CI'),
('CI90068','210','FR','0','CI'),
('CI90069','211','ref','custom-input_7','CI'),
('CI90069','212','NI','1','CI'),
('CI90069','213','FR','0','CI'),
('CI90070','214','ref','custom-selector_2','CI'),
('CI90070','215','NI','1','CI'),
('CI90070','216','FR','0','CI'),
('CI90071','217','ref','custom-input_remitAmount','CI'),
('CI90071','218','NI','1','CI'),
('CI90071','219','FR','0','CI'),
('CI90072','220','ref','custom-input_remitAmount','CI'),
('CI90072','221','NI','0','CI'),
('CI90072','222','FR','0','CI'),
('CI90073','232','ref','custom-input_remitAmount','CI'),
('CI90073','233','NI','0','CI'),
('CI90073','234','FR','0','CI'),
('CI90074','241','ref','custom-selector-bilhldrCrtfTypCd','CI'),
('CI90074','242','NI','0','CI'),
('CI90074','243','FR','0','CI'),
('CI90075','244','ref','custom-input_4','CI'),
('CI90075','245','NI','0','CI'),
('CI90075','246','FR','0','CI'),
('CI90076','247','ref','custom-selector_4','CI'),
('CI90076','248','NI','0','CI'),
('CI90076','249','FR','0','CI'),
('CI90077','253','ref','custom-selector_4','CI'),
('CI90077','254','NI','0','CI'),
('CI90077','255','FR','0','CI'),
('CI90078','256','ref','custom-selector_4','CI'),
('CI90078','257','NI','0','CI'),
('CI90078','258','FR','0','CI'),
('CI90079','259','ref','custom-selector_4','CI'),
('CI90079','260','NI','0','CI'),
('CI90079','261','FR','0','CI'),
('CI90080','265','ref','custom-selector_4','CI'),
('CI90080','266','NI','0','CI'),
('CI90080','267','FR','0','CI'),
('CI90081','268','ref','custom-selector_5','CI'),
('CI90081','269','NI','0','CI'),
('CI90081','270','FR','0','CI'),
('CI90082','271','ref','custom-selector_5','CI'),
('CI90082','272','NI','1','CI'),
('CI90082','273','FR','1','CI'),
('CI90083','280','ref','custom-input-txAmt','CI'),
('CI90083','281','NI','1','CI'),
('CI90083','282','FR','0','CI'),
('CI90084','286','ref','custom-input-txAmt','CI'),
('CI90084','287','NI','1','CI'),
('CI90084','288','FR','0','CI'),
('CI90085','292','ref','custom-input-txAmt','CI'),
('CI90085','293','NI','1','CI'),
('CI90085','294','FR','0','CI'),
('CI90086','298','ref','custom-selector_4','CI'),
('CI90086','299','NI','0','CI'),
('CI90086','300','FR','0','CI'),
('CI90087','301','ref','custom-selector_4','CI'),
('CI90087','302','NI','1','CI'),
('CI90087','303','FR','1','CI'),
('CI90088','310','ref','custom-selector_4','CI'),
('CI90088','311','NI','0','CI'),
('CI90088','312','FR','0','CI'),
('CI90089','316','ref','custom-input_3','CI'),
('CI90089','317','NI','1','CI'),
('CI90089','318','FR','0','CI'),
('CI90090','322','ref','custom-selector_6','CI'),
('CI90090','323','NI','0','CI'),
('CI90090','324','FR','0','CI'),
('CI90091','325','ref','custom-selector_6','CI'),
('CI90091','326','NI','1','CI'),
('CI90091','327','FR','0','CI'),
('CI90092','334','ref','custom-selector_6','CI'),
('CI90092','335','NI','0','CI'),
('CI90092','336','FR','0','CI'),
('CI90093','340','ref','custom-selector_5','CI'),
('CI90093','341','NI','0','CI'),
('CI90093','342','FR','0','CI'),
('CI90094','343','ref','custom-selector_5','CI'),
('CI90094','344','NI','1','CI'),
('CI90094','345','FR','1','CI'),
('CI90095','352','ref','custom-selector_5','CI'),
('CI90095','353','NI','1','CI'),
('CI90095','354','FR','0','CI'),
('CI90096','358','ref','custom-selector_5','CI'),
('CI90096','359','NI','0','CI'),
('CI90096','360','FR','0','CI'),
('CI90097','364','ref','custom-input_6','CI'),
('CI90097','365','NI','1','CI'),
('CI90097','366','FR','0','CI'),
('CI90098','370','ref','custom-selector_6','CI'),
('CI90098','371','NI','0','CI'),
('CI90098','372','FR','0','CI'),
('CI90099','373','ref','custom-selector_6','CI'),
('CI90099','374','NI','1','CI'),
('CI90099','375','FR','1','CI'),
('CI90100','382','ref','custom-selector_6','CI'),
('CI90100','383','NI','1','CI'),
('CI90100','384','FR','0','CI'),
('CI90101','388','ref','custom-selector_agen','CI'),
('CI90101','389','NI','0','CI'),
('CI90101','390','FR','0','CI'),
('CI90102','391','ref','custom-selector_agen','CI'),
('CI90102','392','NI','0','CI'),
('CI90102','393','FR','0','CI'),
('CI90103','400','ref','custom-selector_agen','CI'),
('CI90103','401','NI','0','CI'),
('CI90103','402','FR','0','CI'),
('CI90104','403','ref','custom-selector_agen','CI'),
('CI90104','404','NI','1','CI'),
('CI90104','405','FR','0','CI'),
('CI90105','415','ref','aui-button_submit','CI'),
('CI90105','416','NI','0','CI'),
('CI90105','417','FR','0','CI'),
('CI90106','421','ref','aui-button_submit','CI'),
('CI90106','422','NI','1','CI'),
('CI90106','423','FR','0','CI'),
('CI90107','424','ref','aui-button_submit','CI'),
('CI90107','425','NI','1','CI'),
('CI90107','426','FR','0','CI'),
('CI90108','427','ref','aui-button_submit','CI'),
('CI90108','428','NI','1','CI'),
('CI90108','429','FR','0','CI'),
('CI90109','433','ref','aui-button_submit','CI'),
('CI90109','434','NI','1','CI'),
('CI90109','435','FR','0','CI'),
('CI90110','436','ref','aui-button_submit','CI'),
('CI90110','437','NI','1','CI'),
('CI90110','438','FR','0','CI'),
('CI90111','439','ref','aui-button_submit','CI'),
('CI90111','440','NI','1','CI'),
('CI90111','441','FR','0','CI'),
('CI90112','442','ref','aui-button_submit','CI'),
('CI90112','443','NI','1','CI'),
('CI90112','444','FR','0','CI'),
('CI90113','445','ref','aui-button_submit','CI'),
('CI90113','446','NI','1','CI'),
('CI90113','447','FR','0','CI'),
('CI90114','448','ref','aui-button_submit','CI'),
('CI90114','449','NI','1','CI'),
('CI90114','450','FR','0','CI'),
('CI90115','451','ref','aui-button_submit','CI'),
('CI90115','452','NI','0','CI'),
('CI90115','453','FR','0','CI'),
('CI90116','457','ref','aui-button_submit','CI'),
('CI90116','458','NI','0','CI'),
('CI90116','459','FR','0','CI'),
('CI90117','463','ref','custom-selector_x_DE_WA','CI'),
('CI90117','464','NI','1','CI'),
('CI90117','465','FR','0','CI'),
('CI90118','466','ref','custom-sel_yesORno','CI'),
('CI90118','467','NI','1','CI'),
('CI90118','468','FR','0','CI'),
('CI90119','469','ref','custom-sel_yesORno','CI'),
('CI90119','470','NI','1','CI'),
('CI90119','471','FR','0','CI'),
('CI90120','478','ref','custom-sel_yesORno','CI'),
('CI90120','479','NI','1','CI'),
('CI90120','480','FR','0','CI'),
('CI90121','484','ref','custom-input_txAm','CI'),
('CI90121','485','NI','1','CI'),
('CI90121','486','FR','0','CI'),
('CI90122','496','ref','custom-input_txAm','CI'),
('CI90122','497','NI','1','CI'),
('CI90122','498','FR','0','CI'),
('CI90123','505','ref','custom-sel_handType','CI'),
('CI90123','506','NI','1','CI'),
('CI90123','507','FR','0','CI'),
('CI90124','508','ref','custom-selector_5','CI'),
('CI90124','509','NI','1','CI'),
('CI90124','510','FR','1','CI'),
('CI90125','511','ref','custom-selector_5','CI'),
('CI90125','512','NI','1','CI'),
('CI90125','513','FR','1','CI'),
('CI90126','520','ref','custom-selector_5','CI'),
('CI90126','521','NI','0','CI'),
('CI90126','522','FR','0','CI'),
('CI90127','526','ref','custom-selector-proxy','CI'),
('CI90127','527','NI','1','CI'),
('CI90127','528','FR','1','CI'),
('CI90128','529','ref','custom-selector-proxy','CI'),
('CI90128','530','NI','1','CI'),
('CI90128','531','FR','1','CI'),
('CI90129','538','ref','input-txAmt','CI'),
('CI90129','539','NI','0','CI'),
('CI90129','540','FR','0','CI'),
('CI90130','544','ref','custom-selector-proxy','CI'),
('CI90130','545','NI','1','CI'),
('CI90130','546','FR','1','CI'),
('CI90131','550','ref','custom-selector-proxy','CI'),
('CI90131','551','NI','1','CI'),
('CI90131','552','FR','1','CI'),
('CI90132','553','ref','custom-selector-proxy','CI'),
('CI90132','554','NI','1','CI'),
('CI90132','555','FR','1','CI'),
('CI90133','556','ref','custom-selector-proxy','CI'),
('CI90133','557','NI','1','CI'),
('CI90133','558','FR','1','CI'),
('CI90134','565','ref','custom-input_6','CI'),
('CI90134','566','NI','0','CI'),
('CI90134','567','FR','0','CI'),
('CI90135','571','ref','custom-selector_8','CI'),
('CI90135','572','NI','1','CI'),
('CI90135','573','FR','1','CI'),
('CI90136','574','ref','custom-selector_8','CI'),
('CI90136','575','NI','1','CI'),
('CI90136','576','FR','1','CI'),
('CI90137','583','ref','custom-input_6','CI'),
('CI90137','584','NI','0','CI'),
('CI90137','585','FR','0','CI'),
('CI90138','589','ref','custom-selector_8','CI'),
('CI90138','590','NI','1','CI'),
('CI90138','591','FR','1','CI'),
('CI90139','595','ref','custom-selector-proxy','CI'),
('CI90139','596','NI','1','CI'),
('CI90139','597','FR','1','CI'),
('CI90140','598','ref','custom-selector-proxy','CI'),
('CI90140','599','NI','1','CI'),
('CI90140','600','FR','1','CI'),
('CI90141','607','ref','custom-input-txAmt','CI'),
('CI90141','608','NI','0','CI'),
('CI90141','609','FR','0','CI'),
('CI90142','613','ref','custom-selector-proxy','CI'),
('CI90142','614','NI','1','CI'),
('CI90142','615','FR','1','CI'),
('CI90143','619','ref','custom-selector-proxy','CI'),
('CI90143','620','NI','1','CI'),
('CI90143','621','FR','1','CI'),
('CI90144','622','ref','custom-selector-proxy','CI'),
('CI90144','623','NI','1','CI'),
('CI90144','624','FR','1','CI'),
('CI90145','625','ref','custom-selector-proxy','CI'),
('CI90145','626','NI','1','CI'),
('CI90145','627','FR','1','CI'),
('CI90146','634','ref','custom-selector-proxy','CI'),
('CI90146','635','NI','1','CI'),
('CI90146','636','FR','1','CI'),
('CI90147','640','ref','custom-selector-proxy','CI'),
('CI90147','641','NI','1','CI'),
('CI90147','642','FR','1','CI'),
('CI90148','643','ref','custom-selector_5','CI'),
('CI90148','644','NI','1','CI'),
('CI90148','645','FR','0','CI'),
('CI90149','646','ref','custom-selector_5','CI'),
('CI90149','647','NI','1','CI'),
('CI90149','648','FR','0','CI'),
('CI90150','652','ref','custom-selector_5','CI'),
('CI90150','653','NI','1','CI'),
('CI90150','654','FR','0','CI'),
('CI90151','658','ref','custom-selector_5','CI'),
('CI90151','659','NI','1','CI'),
('CI90151','660','FR','0','CI'),
('CI90152','661','ref','custom-selector_5','CI'),
('CI90152','662','NI','1','CI'),
('CI90152','663','FR','0','CI'),
('CI90153','664','ref','custom-selector-crtfTypCd1','CI'),
('CI90153','665','NI','1','CI'),
('CI90153','666','FR','0','CI'),
('CI90154','670','ref','custom-selector-crtfTypCd1','CI'),
('CI90154','671','NI','1','CI'),
('CI90154','672','FR','0','CI'),
('CI90155','676','ref','custom-input-cardNo','CI'),
('CI90155','677','NI','1','CI'),
('CI90155','678','FR','0','CI'),
('CI90156','679','ref','custom-selector-agenFlg','CI'),
('CI90156','680','NI','1','CI'),
('CI90156','681','FR','0','CI'),
('CI90157','682','ref','custom-input-accNo2','CI'),
('CI90157','683','NI','1','CI'),
('CI90157','684','FR','0','CI'),
('CI90158','685','ref','custom-selector-acctDrawManrCd3','CI'),
('CI90158','686','NI','1','CI'),
('CI90158','687','FR','0','CI'),
('CI90159','691','ref','custom-selector-agenFlg','CI'),
('CI90159','692','NI','1','CI'),
('CI90159','693','FR','0','CI'),
('CI90160','694','ref','custom-selector-agenFlg','CI'),
('CI90160','695','NI','1','CI'),
('CI90160','696','FR','0','CI'),
('CI90161','700','ref','custom-selector-agenFlg','CI'),
('CI90161','701','NI','1','CI'),
('CI90161','702','FR','0','CI'),
('CI90162','706','ref','custom-input-inAcctNum','CI'),
('CI90162','707','NI','1','CI'),
('CI90162','708','FR','0','CI'),
('CI90163','715','ref','custom_selector_4','CI'),
('CI90163','716','NI','1','CI'),
('CI90163','717','FR','0','CI'),
('CI90164','718','ref','custom_selector_4','CI'),
('CI90164','719','NI','1','CI'),
('CI90164','720','FR','0','CI'),
('CI90165','721','ref','custom_selector_4','CI'),
('CI90165','722','NI','1','CI'),
('CI90165','723','FR','0','CI'),
('CI90166','724','ref','custom-selector_13','CI'),
('CI90166','725','NI','1','CI'),
('CI90166','726','FR','0','CI'),
('CI90167','727','ref','custom-selector_13','CI'),
('CI90167','728','NI','1','CI'),
('CI90167','729','FR','0','CI'),
('CI90168','730','ref','custom-input_1','CI'),
('CI90168','731','NI','1','CI'),
('CI90168','732','FR','1','CI'),
('CI90169','733','ref','custom-input_3','CI'),
('CI90169','734','NI','1','CI'),
('CI90169','735','FR','0','CI'),
('CI90170','736','ref','custom-input_pasbNum','CI'),
('CI90170','737','NI','1','CI'),
('CI90170','738','FR','0','CI'),
('CI90171','745','ref','custom-input_txAm','CI'),
('CI90171','746','NI','1','CI'),
('CI90171','747','FR','0','CI'),
('CI90172','751','ref','custom-input_txAm','CI'),
('CI90172','752','NI','1','CI'),
('CI90172','753','FR','0','CI'),
('CI90173','757','ref','custom-input_6','CI'),
('CI90173','758','NI','1','CI'),
('CI90173','759','FR','0','CI'),
('CI90174','766','ref','custom-input_6','CI'),
('CI90174','767','NI','1','CI'),
('CI90174','768','FR','0','CI'),
('CI90175','772','ref','custom-input_7','CI'),
('CI90175','773','NI','1','CI'),
('CI90175','774','FR','0','CI'),
('CI90176','781','ref','custom-input_7','CI'),
('CI90176','782','NI','1','CI'),
('CI90176','783','FR','0','CI'),
('CI90177','787','ref','custom-input_5','CI'),
('CI90177','788','NI','1','CI'),
('CI90177','789','FR','0','CI'),
('CI90178','796','ref','custom-input_5','CI'),
('CI90178','797','NI','1','CI'),
('CI90178','798','FR','0','CI'),
('CI90179','802','ref','custom-input_5','CI'),
('CI90179','803','NI','1','CI'),
('CI90179','804','FR','0','CI'),
('CI90180','811','ref','custom-input_5','CI'),
('CI90180','812','NI','1','CI'),
('CI90180','813','FR','0','CI'),
('CI90181','817','ref','custom-input_txAmt','CI'),
('CI90181','818','NI','1','CI'),
('CI90181','819','FR','0','CI'),
('CI90182','823','ref','custom-input_5','CI'),
('CI90182','824','NI','1','CI'),
('CI90182','825','FR','0','CI'),
('CI90183','832','ref','custom-input_5','CI'),
('CI90183','833','NI','1','CI'),
('CI90183','834','FR','0','CI'),
('CI90184','838','ref','custom-input_5','CI'),
('CI90184','839','NI','1','CI'),
('CI90184','840','FR','0','CI'),
('CI90185','844','ref','custom-selector_5','CI'),
('CI90185','845','NI','1','CI'),
('CI90185','846','FR','0','CI'),
('CI90186','847','ref','custom-selector_5','CI'),
('CI90186','848','NI','1','CI'),
('CI90186','849','FR','0','CI'),
('CI90187','856','ref','custom-sel_yesORno','CI'),
('CI90187','857','NI','1','CI'),
('CI90187','858','FR','0','CI'),
('CI90188','859','ref','custom-input_txAm','CI'),
('CI90188','860','NI','1','CI'),
('CI90188','861','FR','0','CI'),
('CI90189','865','ref','custom-sel_yesORno','CI'),
('CI90189','866','NI','1','CI'),
('CI90189','867','FR','0','CI'),
('CI90190','871','ref','custom-selector-proxy','CI'),
('CI90190','872','NI','1','CI'),
('CI90190','873','FR','0','CI'),
('CI90191','874','ref','custom-selector-proxy','CI'),
('CI90191','875','NI','1','CI'),
('CI90191','876','FR','0','CI'),
('CI90192','883','ref','custom-selector-proxy','CI'),
('CI90192','884','NI','1','CI'),
('CI90192','885','FR','0','CI'),
('CI90193','889','ref','custom-selector-proxy','CI'),
('CI90193','890','NI','1','CI'),
('CI90193','891','FR','0','CI'),
('CI90194','892','ref','custom-selector-proxy','CI'),
('CI90194','893','NI','1','CI'),
('CI90194','894','FR','0','CI'),
('CI90195','895','ref','custom-selector-proxy','CI'),
('CI90195','896','NI','1','CI'),
('CI90195','897','FR','0','CI'),
('CI90196','904','ref','custom-selector-proxy','CI'),
('CI90196','905','NI','1','CI'),
('CI90196','906','FR','0','CI'),
('CI90197','910','ref','custom-selector-proxy','CI'),
('CI90197','911','NI','1','CI'),
('CI90197','912','FR','0','CI'),
('CI90198','913','ref','custom-input-txAmt','CI'),
('CI90198','914','NI','1','CI'),
('CI90198','915','FR','0','CI'),
('CI90199','919','ref','custom-selector-proxy','CI'),
('CI90199','920','NI','1','CI'),
('CI90199','921','FR','0','CI'),
('CI90200','922','ref','custom-selector-proxy','CI'),
('CI90200','923','NI','1','CI'),
('CI90200','924','FR','0','CI'),
('CI90201','931','ref','custom-selector-agenFlg','CI'),
('CI90201','932','NI','1','CI'),
('CI90201','933','FR','0','CI'),
('CI90202','934','ref','custom-selector-agenFlg','CI'),
('CI90202','935','NI','1','CI'),
('CI90202','936','FR','0','CI'),
('CI90203','943','ref','custom-selector_5','CI'),
('CI90203','944','NI','1','CI'),
('CI90203','945','FR','0','CI'),
('CI90204','946','ref','custom-selector_5','CI'),
('CI90204','947','NI','1','CI'),
('CI90204','948','FR','0','CI'),
('CI90205','955','ref','custom-input-txAmt','CI'),
('CI90205','956','NI','1','CI'),
('CI90205','957','FR','0','CI'),
('CI90206','961','ref','custom-selector-proxy','CI'),
('CI90206','962','NI','1','CI'),
('CI90206','963','FR','0','CI'),
('CI90207','964','ref','custom-selector-proxy','CI'),
('CI90207','965','NI','1','CI'),
('CI90207','966','FR','0','CI'),
('CI90208','973','ref','custom-selector-proxy','CI'),
('CI90208','974','NI','1','CI'),
('CI90208','975','FR','0','CI'),
('CI90209','979','ref','custom-selector-proxy','CI'),
('CI90209','980','NI','1','CI'),
('CI90209','981','FR','0','CI'),
('CI90210','982','ref','custom-selector-proxy','CI'),
('CI90210','983','NI','1','CI'),
('CI90210','984','FR','0','CI'),
('CI90211','985','ref','custom-selector-proxy','CI'),
('CI90211','986','NI','1','CI'),
('CI90211','987','FR','0','CI'),
('CI90212','994','ref','custom-input-txAmt','CI'),
('CI90212','995','NI','1','CI'),
('CI90212','996','FR','0','CI'),
('CI90213','1000','ref','custom-input-accOther','CI'),
('CI90213','1001','NI','0','CI'),
('CI90213','1002','FR','0','CI'),
('CI90214','1012','ref','custom-input-accOther','CI'),
('CI90214','1013','NI','1','CI'),
('CI90214','1014','FR','0','CI'),
('CI90215','1018','ref','custom-input-payFeeCardNoOrAcctNo','CI'),
('CI90215','1019','NI','1','CI'),
('CI90215','1020','FR','0','CI'),
('CI90216','1027','ref','custom-input-recvrAcctNo','CI'),
('CI90216','1028','NI','1','CI'),
('CI90216','1029','FR','0','CI'),
('CI90217','1033','ref','input-txAmt','CI'),
('CI90217','1034','NI','1','CI'),
('CI90217','1035','FR','0','CI'),
('CI90218','1036','ref','custom-selector-proxy','CI'),
('CI90218','1037','NI','1','CI'),
('CI90218','1038','FR','0','CI'),
('CI90219','1039','ref','custom-selector-proxy','CI'),
('CI90219','1040','NI','1','CI'),
('CI90219','1041','FR','0','CI'),
('CI90220','1042','ref','custom-selector_5','CI'),
('CI90220','1043','NI','1','CI'),
('CI90220','1044','FR','0','CI'),
('CI90221','1045','ref','custom-input_6','CI'),
('CI90221','1046','NI','1','CI'),
('CI90221','1047','FR','0','CI'),
('CI90222','1048','ref','custom-selector_8','CI'),
('CI90222','1049','NI','1','CI'),
('CI90222','1050','FR','0','CI'),
('CI90223','1051','ref','custom-input-txAmt','CI'),
('CI90223','1052','NI','1','CI'),
('CI90223','1053','FR','0','CI'),
('CI90224','1054','ref','aui-button-submit','CI'),
('CI90224','1055','NI','1','CI'),
('CI90224','1056','FR','0','CI'),
('CI90225','1057','ref','aui-button-submit','CI'),
('CI90225','1058','NI','1','CI'),
('CI90225','1059','FR','0','CI'),
('CI90226','1060','ref','custom-selector_1','CI'),
('CI90226','1061','NI','1','CI'),
('CI90226','1062','FR','0','CI'),
('CI90227','1063','ref','custom-input_CUST_NO','CI'),
('CI90227','1064','NI','1','CI'),
('CI90227','1065','FR','0','CI');