
-- IB_OM_RULE_INFO insert
INSERT INTO IB_OM_RULE_INFO (RULE_NO,RULE_TYP_CD,HOLI_FLG,RULE_TRI_POSITION,SUIT_CHNL_SCP,SUIT_LPR_SCP,SUIT_ORG_SCP,SUIT_TX_SCP,RULE_COMNT,EFFT_FLG,OPER_TELR_NO,OPER_DT,OPER_RSN) VALUES

('090000','CI','N','1','TE','9999','*,','09999999','批量导入','1','900001','2019-08-30','批量新增'),
('090001','CI','N','1','TE','9999','*,','00101002','批量导入','1','900001','2019-08-30','批量新增'),
('090002','CI','N','1','TE','9999','*,','00101002','批量导入','1','900001','2019-08-30','批量新增'),
('090003','CI','N','1','TE','9999','*,','00101002','批量导入','1','900001','2019-08-30','批量新增'),
('090004','CI','N','1','TE','9999','*,','00101002','批量导入','1','900001','2019-08-30','批量新增'),
('090005','CI','N','1','TE','9999','*,','00101002','批量导入','1','900001','2019-08-30','批量新增'),
('090006','CI','N','1','TE','9999','*,','00101002','批量导入','1','900001','2019-08-30','批量新增'),
('090007','CI','N','1','TE','9999','*,','00101002','批量导入','1','900001','2019-08-30','批量新增'),
('090008','CI','N','1','TE','9999','*,','00103001','批量导入','1','900001','2019-08-30','批量新增'),
('090009','CI','N','1','TE','9999','*,','00103003','批量导入','1','900001','2019-08-30','批量新增'),
('090010','CI','N','1','TE','9999','*,','00103004','批量导入','1','900001','2019-08-30','批量新增'),
('090011','CI','N','1','TE','9999','*,','00103002','批量导入','1','900001','2019-08-30','批量新增'),
('090012','CI','N','1','TE','9999','*,','00103005','批量导入','1','900001','2019-08-30','批量新增'),
('090013','CI','N','1','TE','9999','*,','00201014','批量导入','1','900001','2019-08-30','批量新增'),
('090014','CI','N','1','TE','9999','*,','00201014','批量导入','1','900001','2019-08-30','批量新增'),
('090015','CI','N','1','TE','9999','*,','00201011','批量导入','1','900001','2019-08-30','批量新增'),
('090016','CI','N','1','TE','9999','*,','00201011','批量导入','1','900001','2019-08-30','批量新增'),
('090017','CI','N','1','TE','9999','*,','00201011','批量导入','1','900001','2019-08-30','批量新增'),
('090018','CI','N','1','TE','9999','*,','00201012','批量导入','1','900001','2019-08-30','批量新增'),
('090019','CI','N','1','TE','9999','*,','00201018','批量导入','1','900001','2019-08-30','批量新增'),
('090020','CI','N','1','TE','9999','*,','00201014','批量导入','1','900001','2019-08-30','批量新增'),
('090021','CI','N','1','TE','9999','*,','00201014','批量导入','1','900001','2019-08-30','批量新增'),
('090022','CI','N','1','TE','9999','*,','00201022','批量导入','1','900001','2019-08-30','批量新增'),
('090023','CI','N','1','TE','9999','*,','00201022','批量导入','1','900001','2019-08-30','批量新增'),
('090024','CI','N','1','TE','9999','*,','00201009','批量导入','1','900001','2019-08-30','批量新增'),
('090025','CI','N','1','TE','9999','*,','00201009','批量导入','1','900001','2019-08-30','批量新增'),
('090026','CI','N','1','TE','9999','*,','00201009','批量导入','1','900001','2019-08-30','批量新增'),
('090027','CI','N','1','TE','9999','*,','00504003','批量导入','1','900001','2019-08-30','批量新增'),
('090028','CI','N','1','TE','9999','*,','00504001','强制触发','1','900001','2019-08-30','批量新增'),
('090029','CI','N','1','TE','9999','*,','00504009','批量导入','1','900001','2019-08-30','批量新增'),
('090030','CI','N','1','TE','9999','*,','00502008','批量导入','1','900001','2019-08-30','批量新增'),
('090031','CI','N','1','TE','9999','*,','00701001','批量导入','1','900001','2019-08-30','批量新增'),
('090032','CI','N','1','TE','9999','*,','00701002','批量导入','1','900001','2019-08-30','批量新增'),
('090033','CI','N','1','TE','9999','*,','00701003','批量导入','1','900001','2019-08-30','批量新增'),
('090034','CI','N','1','TE','9999','*,','00701004','批量导入','1','900001','2019-08-30','批量新增'),
('090035','CI','N','1','TE','9999','*,','00701005','批量导入','1','900001','2019-08-30','批量新增'),
('090036','CI','N','1','TE','9999','*,','00701007','批量导入','1','900001','2019-08-30','批量新增'),
('090037','CI','N','1','TE','9999','*,','00701008','批量导入','1','900001','2019-08-30','批量新增'),
('090038','CI','N','1','TE','9999','*,','00701009','批量导入','1','900001','2019-08-30','批量新增'),
('090039','CI','N','1','TE','9999','*,','00702003','批量导入','1','900001','2019-08-30','批量新增'),
('090040','CI','N','1','TE','9999','*,','00702004','批量导入','1','900001','2019-08-30','批量新增'),
('090041','CI','N','1','TE','9999','*,','00704001','批量导入','1','900001','2019-08-30','批量新增'),
('090042','CI','N','1','TE','9999','*,','00704002','批量导入','1','900001','2019-08-30','批量新增'),
('090043','CI','N','1','TE','9999','*,','00704003','批量导入','1','900001','2019-08-30','批量新增'),
('090044','CI','N','1','TE','9999','*,','00704004','批量导入','1','900001','2019-08-30','批量新增'),
('090045','CI','N','1','TE','9999','*,','00704005','批量导入','1','900001','2019-08-30','批量新增'),
('090046','CI','N','1','TE','9999','*,','00704013','批量导入','1','900001','2019-08-30','批量新增'),
('090047','CI','N','1','TE','9999','*,','00704009','批量导入','1','900001','2019-08-30','批量新增'),
('090048','CI','N','1','TE','9999','*,','00704010','批量导入','1','900001','2019-08-30','批量新增'),
('090049','CI','N','1','TE','9999','*,','00704011','批量导入','1','900001','2019-08-30','批量新增'),
('090050','CI','N','1','TE','9999','*,','00704012','批量导入','1','900001','2019-08-30','批量新增'),
('090051','CI','N','1','TE','9999','*,','00704007','批量导入','1','900001','2019-08-30','批量新增'),
('090052','CI','N','1','TE','9999','*,','00704008','批量导入','1','900001','2019-08-30','批量新增'),
('090053','CI','N','1','TE','9999','*,','00703001','批量导入','1','900001','2019-08-30','批量新增'),
('090054','CI','N','1','TE','9999','*,','00602003','批量导入','1','900001','2019-08-30','批量新增'),
('090055','CI','N','1','TE','9999','*,','00503002','批量导入','1','900001','2019-08-30','批量新增'),
('090056','CI','N','1','TE','9999','*,','00503012_1','批量导入','1','900001','2019-08-30','批量新增'),
('090057','CI','N','1','TE','9999','*,','00401020','批量导入','1','900001','2019-08-30','批量新增'),
('090058','CI','N','1','TE','9999','*,','00502202','批量导入','1','900001','2019-08-30','批量新增'),
('090059','CI','N','1','TE','9999','*,','00502202','批量导入','1','900001','2019-08-30','批量新增'),
('090060','CI','N','1','TE','9999','*,','00502203','批量导入','1','900001','2019-08-30','批量新增'),
('090061','CI','N','1','TE','9999','*,','00502204','批量导入','1','900001','2019-08-30','批量新增'),
('090062','CI','N','1','TE','9999','*,','00502205','批量导入','1','900001','2019-08-30','批量新增'),
('090063','CI','N','1','TE','9999','*,','00502102','批量导入','1','900001','2019-08-30','批量新增'),
('090064','CI','N','1','TE','9999','*,','00502102','批量导入','1','900001','2019-08-30','批量新增'),
('090065','CI','N','1','TE','9999','*,','00502104','批量导入','1','900001','2019-08-30','批量新增'),
('090066','CI','N','1','TE','9999','*,','00502104','批量导入','1','900001','2019-08-30','批量新增'),
('090067','CI','N','1','TE','9999','*,','00501001','批量导入','1','900001','2019-08-30','批量新增'),
('090068','CI','N','1','TE','9999','*,','00501001','批量导入','1','900001','2019-08-30','批量新增'),
('090069','CI','N','1','TE','9999','*,','00501002','批量导入','1','900001','2019-08-30','批量新增'),
('090070','CI','N','1','TE','9999','*,','00501002','批量导入','1','900001','2019-08-30','批量新增'),
('090071','CI','N','1','TE','9999','*,','00501002','批量导入','1','900001','2019-08-30','批量新增'),
('090072','CI','N','1','TE','9999','*,','00502002','批量导入','1','900001','2019-08-30','批量新增'),
('090073','CI','N','1','TE','9999','*,','00502004','批量导入','1','900001','2019-08-30','批量新增'),
('090074','CI','N','1','TE','9999','*,','00502006','批量导入','1','900001','2019-08-30','批量新增'),
('090075','CI','N','1','TE','9999','*,','00502010','批量导入','1','900001','2019-08-30','批量新增'),
('090076','CI','N','1','TE','9999','*,','00502012','批量导入','1','900001','2019-08-30','批量新增'),
('090077','CI','N','1','TE','9999','*,','00302017','批量导入','1','900001','2019-08-30','批量新增'),
('090078','CI','N','1','TE','9999','*,','00302017','批量导入','1','900001','2019-08-30','批量新增'),
('090079','CI','N','1','TE','9999','*,','00302017','批量导入','1','900001','2019-08-30','批量新增'),
('090080','CI','N','1','TE','9999','*,','00306003','批量导入','1','900001','2019-08-30','批量新增'),
('090081','CI','N','1','TE','9999','*,','00201013','批量导入','1','900001','2019-08-30','批量新增'),
('090082','CI','N','1','TE','9999','*,','00201021','批量导入','1','900001','2019-08-30','批量新增'),
('090083','CI','N','1','TE','9999','*,','00201021','批量导入','1','900001','2019-08-30','批量新增'),
('090084','CI','N','1','TE','9999','*,','00201021','批量导入','1','900001','2019-08-30','批量新增'),
('090085','CI','N','1','TE','9999','*,','00201021','批量导入','1','900001','2019-08-30','批量新增'),
('090086','CI','N','1','TE','9999','*,','00201021','批量导入','1','900001','2019-08-30','批量新增'),
('090087','CI','N','1','TE','9999','*,','00302022','批量导入','1','900001','2019-08-30','批量新增'),
('090088','CI','N','1','TE','9999','*,','00302022','批量导入','1','900001','2019-08-30','批量新增'),
('090089','CI','N','1','TE','9999','*,','00302002','批量导入','1','900001','2019-08-30','批量新增'),
('090090','CI','N','1','TE','9999','*,','00302004','批量导入','1','900001','2019-08-30','批量新增'),
('090091','CI','N','1','TE','9999','*,','00301005','批量导入','1','900001','2019-08-30','批量新增'),
('090092','CI','N','1','TE','9999','*,','00305006','批量导入','1','900001','2019-08-30','批量新增'),
('090093','CI','N','1','TE','9999','*,','00305006','批量导入','1','900001','2019-08-30','批量新增'),
('090094','CI','N','1','TE','9999','*,','00305006','批量导入','1','900001','2019-08-30','批量新增'),
('090095','CI','N','1','TE','9999','*,','00303006','批量导入','1','900001','2019-08-30','批量新增'),
('090096','CI','N','1','TE','9999','*,','00303007','批量导入','1','900001','2019-08-30','批量新增'),
('090097','CI','N','1','TE','9999','*,','00303007','批量导入','1','900001','2019-08-30','批量新增'),
('090098','CI','N','1','TE','9999','*,','00303007','批量导入','1','900001','2019-08-30','批量新增'),
('090099','CI','N','1','TE','9999','*,','00302008','批量导入','1','900001','2019-08-30','批量新增'),
('090100','CI','N','1','TE','9999','*,','00302008','批量导入','1','900001','2019-08-30','批量新增'),
('090101','CI','N','1','TE','9999','*,','00302008','批量导入','1','900001','2019-08-30','批量新增'),
('090102','CI','N','1','TE','9999','*,','00302008','批量导入','1','900001','2019-08-30','批量新增'),
('090103','CI','N','1','TE','9999','*,','00302009','批量导入','1','900001','2019-08-30','批量新增'),
('090104','CI','N','1','TE','9999','*,','00302010','批量导入','1','900001','2019-08-30','批量新增'),
('090105','CI','N','1','TE','9999','*,','00302010','批量导入','1','900001','2019-08-30','批量新增'),
('090106','CI','N','1','TE','9999','*,','00302010','批量导入','1','900001','2019-08-30','批量新增'),
('090107','CI','N','1','TE','9999','*,','00303005','批量导入','1','900001','2019-08-30','批量新增'),
('090108','CI','N','1','TE','9999','*,','00303005','批量导入','1','900001','2019-08-30','批量新增'),
('090109','CI','N','1','TE','9999','*,','00303005','批量导入','1','900001','2019-08-30','批量新增'),
('090110','CI','N','1','TE','9999','*,','00303005','批量导入','1','900001','2019-08-30','批量新增'),
('090111','CI','N','1','TE','9999','*,','00305013','批量导入','1','900001','2019-08-30','批量新增'),
('090112','CI','N','1','TE','9999','*,','00306004','批量导入','1','900001','2019-08-30','批量新增'),
('090113','CI','N','1','TE','9999','*,','00306004','批量导入','1','900001','2019-08-30','批量新增'),
('090114','CI','N','1','TE','9999','*,','00306004','批量导入','1','900001','2019-08-30','批量新增'),
('090115','CI','N','1','TE','9999','*,','00306005','批量导入','1','900001','2019-08-30','批量新增'),
('090116','CI','N','1','TE','9999','*,','00306005','批量导入','1','900001','2019-08-30','批量新增'),
('090117','CI','N','1','TE','9999','*,','00306006','批量导入','1','900001','2019-08-30','批量新增'),
('090118','CI','N','1','TE','9999','*,','00306006','批量导入','1','900001','2019-08-30','批量新增'),
('090119','CI','N','1','TE','9999','*,','00303004_1','批量导入','1','900001','2019-08-30','批量新增'),
('090120','CI','N','1','TE','9999','*,','00303004_2','批量导入','1','900001','2019-08-30','批量新增'),
('090121','CI','N','1','TE','9999','*,','00303004_1','批量导入','1','900001','2019-08-30','批量新增'),
('090122','CI','N','1','TE','9999','*,','00303004_2','批量导入','1','900001','2019-08-30','批量新增'),
('090123','CI','N','1','TE','9999','*,','00303002','批量导入','1','900001','2019-08-30','批量新增'),
('090124','CI','N','1','TE','9999','*,','00302014','批量导入','1','900001','2019-08-30','批量新增'),
('090125','CI','N','1','TE','9999','*,','00302014','批量导入','1','900001','2019-08-30','批量新增'),
('090126','CI','N','1','TE','9999','*,','00302014','批量导入','1','900001','2019-08-30','批量新增'),
('090127','CI','N','1','TE','9999','*,','00302016','批量导入','1','900001','2019-08-30','批量新增'),
('090128','CI','N','1','TE','9999','*,','00302016','批量导入','1','900001','2019-08-30','批量新增'),
('090129','CI','N','1','TE','9999','*,','00303003_2','批量导入','1','900001','2019-08-30','批量新增'),
('090130','CI','N','1','TE','9999','*,','00302006','批量导入','1','900001','2019-08-30','批量新增'),
('090131','CI','N','1','TE','9999','*,','00302006','批量导入','1','900001','2019-08-30','批量新增'),
('090132','CI','N','1','TE','9999','*,','00302006','批量导入','1','900001','2019-08-30','批量新增'),
('090133','CI','N','1','TE','9999','*,','00302019','批量导入','1','900001','2019-08-30','批量新增'),
('090134','CI','N','1','TE','9999','*,','00302019','批量导入','1','900001','2019-08-30','批量新增'),
('090135','CI','N','1','TE','9999','*,','00302019','批量导入','1','900001','2019-08-30','批量新增'),
('090136','CI','N','1','TE','9999','*,','00302019','批量导入','1','900001','2019-08-30','批量新增'),
('090137','CI','N','1','TE','9999','*,','00302019','批量导入','1','900001','2019-08-30','批量新增'),
('090138','CI','N','1','TE','9999','*,','00302007','批量导入','1','900001','2019-08-30','批量新增'),
('090139','CI','N','1','TE','9999','*,','00302007','批量导入','1','900001','2019-08-30','批量新增'),
('090140','CI','N','1','TE','9999','*,','00302021','批量导入','1','900001','2019-08-30','批量新增'),
('090141','CI','N','1','TE','9999','*,','00302011','批量导入','1','900001','2019-08-30','批量新增'),
('090142','CI','N','1','TE','9999','*,','00302011','批量导入','1','900001','2019-08-30','批量新增'),
('090143','CI','N','1','TE','9999','*,','00302011','批量导入','1','900001','2019-08-30','批量新增'),
('090144','CI','N','1','TE','9999','*,','00302011','批量导入','1','900001','2019-08-30','批量新增'),
('090145','CI','N','1','TE','9999','*,','00302018','批量导入','1','900001','2019-08-30','批量新增'),
('090146','CI','N','1','TE','9999','*,','00302018','批量导入','1','900001','2019-08-30','批量新增'),
('090147','CI','N','1','TE','9999','*,','00302018','批量导入','1','900001','2019-08-30','批量新增'),
('090148','CI','N','1','TE','9999','*,','00302018','批量导入','1','900001','2019-08-30','批量新增'),
('090149','CI','N','1','TE','9999','*,','00302018','批量导入','1','900001','2019-08-30','批量新增'),
('090150','CI','N','1','TE','9999','*,','00302005','批量导入','1','900001','2019-08-30','批量新增'),
('090151','CI','N','1','TE','9999','*,','00302005','批量导入','1','900001','2019-08-30','批量新增'),
('090152','CI','N','1','TE','9999','*,','00302005','批量导入','1','900001','2019-08-30','批量新增'),
('090153','CI','N','1','TE','9999','*,','00302005','批量导入','1','900001','2019-08-30','批量新增'),
('090154','CI','N','1','TE','9999','*,','00201015','批量导入','1','900001','2019-08-30','批量新增'),
('090155','CI','N','1','TE','9999','*,','00201015','批量导入','1','900001','2019-08-30','批量新增'),
('090156','CI','N','1','TE','9999','*,','00201015','批量导入','1','900001','2019-08-30','批量新增'),
('090157','CI','N','1','TE','9999','*,','00201015','批量导入','1','900001','2019-08-30','批量新增'),
('090158','CI','N','1','TE','9999','*,','00201015','批量导入','1','900001','2019-08-30','批量新增'),
('090159','CI','N','1','TE','9999','*,','00201016','批量导入','1','900001','2019-08-30','批量新增'),
('090160','CI','N','1','TE','9999','*,','00201016','批量导入','1','900001','2019-08-30','批量新增'),
('090161','CI','N','1','TE','9999','*,','00201016','批量导入','1','900001','2019-08-30','批量新增'),
('090162','CI','N','1','TE','9999','*,','00201016','批量导入','1','900001','2019-08-30','批量新增'),
('090163','CI','N','1','TE','9999','*,','00201016','批量导入','1','900001','2019-08-30','批量新增'),
('090164','CI','N','1','TE','9999','*,','00201016','批量导入','1','900001','2019-08-30','批量新增'),
('090165','CI','N','1','TE','9999','*,','00101007','批量导入','1','900001','2019-08-30','批量新增'),
('090166','CI','N','1','TE','9999','*,','00101007','批量导入','1','900001','2019-08-30','批量新增'),
('090167','CI','N','1','TE','9999','*,','00101007','批量导入','1','900001','2019-08-30','批量新增'),
('090168','CI','N','1','TE','9999','*,','00101007','批量导入','1','900001','2019-08-30','批量新增'),
('090169','CI','N','1','TE','9999','*,','00201005','批量导入','1','900001','2019-08-30','批量新增'),
('090170','CI','N','1','TE','9999','*,','00201005','批量导入','1','900001','2019-08-30','批量新增'),
('090171','CI','N','1','TE','9999','*,','00201005','批量导入','1','900001','2019-08-30','批量新增'),
('090172','CI','N','1','TE','9999','*,','00201005','批量导入','1','900001','2019-08-30','批量新增'),
('090173','CI','N','1','TE','9999','*,','00201005','批量导入','1','900001','2019-08-30','批量新增'),
('090174','CI','N','1','TE','9999','*,','00201002','批量导入','1','900001','2019-08-30','批量新增'),
('090175','CI','N','1','TE','9999','*,','00201002','批量导入','1','900001','2019-08-30','批量新增'),
('090176','CI','N','1','TE','9999','*,','00301012','批量导入','1','900001','2019-08-30','批量新增'),
('090177','CI','N','1','TE','9999','*,','00301012','批量导入','1','900001','2019-08-30','批量新增'),
('090178','CI','N','1','TE','9999','*,','00301012','批量导入','1','900001','2019-08-30','批量新增'),
('090179','CI','N','1','TE','9999','*,','00301004','批量导入','1','900001','2019-08-30','批量新增'),
('090180','CI','N','1','TE','9999','*,','00301004','批量导入','1','900001','2019-08-30','批量新增'),
('090181','CI','N','1','TE','9999','*,','00301011','批量导入','1','900001','2019-08-30','批量新增'),
('090182','CI','N','1','TE','9999','*,','00301011','批量导入','1','900001','2019-08-30','批量新增'),
('090183','CI','N','1','TE','9999','*,','00301010','批量导入','1','900001','2019-08-30','批量新增'),
('090184','CI','N','1','TE','9999','*,','00301010','批量导入','1','900001','2019-08-30','批量新增'),
('090185','CI','N','1','TE','9999','*,','00301003','批量导入','1','900001','2019-08-30','批量新增'),
('090186','CI','N','1','TE','9999','*,','00301003','批量导入','1','900001','2019-08-30','批量新增'),
('090187','CI','N','1','TE','9999','*,','00301009','批量导入','1','900001','2019-08-30','批量新增'),
('090188','CI','N','1','TE','9999','*,','00301013','批量导入','1','900001','2019-08-30','批量新增'),
('090189','CI','N','1','TE','9999','*,','00301013','批量导入','1','900001','2019-08-30','批量新增'),
('090190','CI','N','1','TE','9999','*,','00301006','批量导入','1','900001','2019-08-30','批量新增'),
('090191','CI','N','1','TE','9999','*,','00301006','批量导入','1','900001','2019-08-30','批量新增'),
('090192','CI','N','1','TE','9999','*,','00301007','批量导入','1','900001','2019-08-30','批量新增'),
('090193','CI','N','1','TE','9999','*,','00301007','批量导入','1','900001','2019-08-30','批量新增'),
('090194','CI','N','1','TE','9999','*,','00301007','批量导入','1','900001','2019-08-30','批量新增'),
('090195','CI','N','1','TE','9999','*,','00301014','批量导入','1','900001','2019-08-30','批量新增'),
('090196','CI','N','1','TE','9999','*,','00301014','批量导入','1','900001','2019-08-30','批量新增'),
('090197','CI','N','1','TE','9999','*,','00301014','批量导入','1','900001','2019-08-30','批量新增'),
('090198','CI','N','1','TE','9999','*,','00301014','批量导入','1','900001','2019-08-30','批量新增'),
('090199','CI','N','1','TE','9999','*,','00302013','批量导入','1','900001','2019-08-30','批量新增'),
('090200','CI','N','1','TE','9999','*,','00302013','批量导入','1','900001','2019-08-30','批量新增'),
('090201','CI','N','1','TE','9999','*,','00302013','批量导入','1','900001','2019-08-30','批量新增'),
('090202','CI','N','1','TE','9999','*,','00302013','批量导入','1','900001','2019-08-30','批量新增'),
('090203','CI','N','1','TE','9999','*,','00301018','批量导入','1','900001','2019-08-30','批量新增'),
('090204','CI','N','1','TE','9999','*,','00301017','批量导入','1','900001','2019-08-30','批量新增'),
('090205','CI','N','1','TE','9999','*,','00301017','批量导入','1','900001','2019-08-30','批量新增'),
('090206','CI','N','1','TE','9999','*,','00301016','批量导入','1','900001','2019-08-30','批量新增'),
('090207','CI','N','1','TE','9999','*,','00301016','批量导入','1','900001','2019-08-30','批量新增'),
('090208','CI','N','1','TE','9999','*,','00302003','批量导入','1','900001','2019-08-30','批量新增'),
('090209','CI','N','1','TE','9999','*,','00302003','批量导入','1','900001','2019-08-30','批量新增'),
('090210','CI','N','1','TE','9999','*,','00301002','批量导入','1','900001','2019-08-30','批量新增'),
('090211','CI','N','1','TE','9999','*,','00302020','批量导入','1','900001','2019-08-30','批量新增'),
('090212','CI','N','1','TE','9999','*,','00302020','批量导入','1','900001','2019-08-30','批量新增'),
('090213','CI','N','1','TE','9999','*,','00302020','批量导入','1','900001','2019-08-30','批量新增'),
('090214','CI','N','1','TE','9999','*,','00302020','批量导入','1','900001','2019-08-30','批量新增'),
('090215','CI','N','1','TE','9999','*,','00301015','批量导入','1','900001','2019-08-30','批量新增'),
('090216','CI','N','1','TE','9999','*,','00301015','批量导入','1','900001','2019-08-30','批量新增'),
('090217','CI','N','1','TE','9999','*,','00301015','批量导入','1','900001','2019-08-30','批量新增'),
('090218','CI','N','1','TE','9999','*,','00502306','批量导入','1','900001','2019-08-30','批量新增'),
('090219','CI','N','1','TE','9999','*,','00502307','批量导入','1','900001','2019-08-30','批量新增'),
('090220','CI','N','1','TE','9999','*,','00502314_2','批量导入','1','900001','2019-08-30','批量新增'),
('090221','CI','N','1','TE','9999','*,','00502314_3','批量导入','1','900001','2019-08-30','批量新增'),
('090222','CI','N','1','TE','9999','*,','00302019','批量导入','1','900001','2019-08-30','批量新增'),
('090223','CI','N','1','TE','9999','*,','00302005','批量导入','1','900001','2019-08-30','批量新增'),
('090224','CI','N','1','TE','9999','*,','00302007','批量导入','1','900001','2019-08-30','批量新增'),
('090225','CI','N','1','TE','9999','*,','00302006','批量导入','1','900001','2019-08-30','批量新增'),
('090226','CI','N','1','TE','9999','*,','00302021','批量导入','1','900001','2019-08-30','批量新增'),
('090227','CI','N','1','TE','9999','*,','00302011','批量导入','1','900001','2019-08-30','批量新增'),
('090228','CI','N','1','TE','9999','*,','00302018','批量导入','1','900001','2019-08-30','批量新增'),
('090229','CI','N','1','TE','9999','*,','00603001','批量导入','1','900001','2019-08-30','批量新增'),
('090230','CI','N','1','TE','9999','*,','00603002','批量导入','1','900001','2019-08-30','批量新增'),
('090231','CI','N','1','TE','9999','*,','00101001_1','批量导入','1','900001','2019-08-30','批量新增'),
('090232','CI','N','1','TE','9999','*,','00101003_1','批量导入','1','900001','2019-08-30','批量新增');
-- IB_OM_RULECOND_INFO insert
INSERT INTO IB_OM_RULECOND_INFO (OPRTN_COND_NO,DICTRY_NM,OPER_SYM_1,CMPR_VAL,OPER_SYM_2,VALUE2,TRAN_CD,COND_DESCR,OPER_TELR_NO,OPER_DT,OPER_RSN,CMPR_VAL_DATA_DICTRY_FLG,PUB_DICTRY_FLG,DICTRY_DESCR) VALUES

('CI90001','shifdl','==','1','','','00101002','是否代理','900001','2019-08-30','批量新增','1','0','是否代理'),
('CI90002','shifdl','==','0','','','00101002','是否代理','900001','2019-08-30','批量新增','1','0','是否代理'),
('CI90002','yifbxhj','>=','50000','','','00101002','应付本息合计','900001','2019-08-30','批量新增','1','0','应付本息合计'),
('CI90003','shifdl','==','0','','','00101002','是否代理','900001','2019-08-30','批量新增','1','0','是否代理'),
('CI90003','shiftqzq','==','1','','','00101002','提前支取','900001','2019-08-30','批量新增','1','0','提前支取'),
('CI90004','zqfsIDCard','==','1','','','00101002','支取方式','900001','2019-08-30','批量新增','1','0','支取方式'),
('CI90005','acctType','==','A','','','00101002','账户类型','900001','2019-08-30','批量新增','1','0','账户类型'),
('CI90006','shifdl','==','0','','','00101002','是否代理','900001','2019-08-30','批量新增','1','0','是否代理'),
('CI90006','duifczbz','==','0','','','00101002','第二个磁条标志','900001','2019-08-30','批量新增','1','0','第二个磁条标志'),
('CI90006','yifbxhj','>=','10000','','','00101002','应付本息合计','900001','2019-08-30','批量新增','1','0','应付本息合计'),
('CI90007','inActive','==','01','','','00101002','未激活','900001','2019-08-30','批量新增','1','0','未激活'),
('CI90014','pubPrivFlgCd','==','1','','','00201014','公私标志','900001','2019-08-30','批量新增','1','0','公私标志'),
('CI90015','operaFlg','==','1','','','00201011','操作标志','900001','2019-08-30','批量新增','1','0','操作标志'),
('CI90016','operaFlg','==','2','','','00201011','操作标志','900001','2019-08-30','批量新增','1','0','操作标志'),
('CI90017','operaFlg','==','3','','','00201011','操作标志','900001','2019-08-30','批量新增','1','0','操作标志'),
('CI90020','pubPrivFlgCd','==','1','','','00201014','公私标志','900001','2019-08-30','批量新增','1','0','公私标志'),
('CI90022','CUST_TYP','==','1','','','00201022','客户类型','900001','2019-08-30','批量新增','1','0','客户类型'),
('CI90023','CUST_TYP','==','0','','','00201022','客户类型','900001','2019-08-30','批量新增','1','0','客户类型'),
('CI90024','pageOperFlgCd','==','1','','','00201009','操作标志','900001','2019-08-30','批量新增','1','0','操作标志'),
('CI90025','pageOperFlgCd','==','2','','','00201009','操作标志','900001','2019-08-30','批量新增','1','0','操作标志'),
('CI90026','pageOperFlgCd','==','3','','','00201009','操作标志','900001','2019-08-30','批量新增','1','0','操作标志'),
('CI90030','custType','==','0','','','00502008','客户类型','900001','2019-08-30','批量新增','1','0','客户类型'),
('CI90055','custType','==','0','','','00503002','客户类型','900001','2019-08-30','批量新增','1','0','客户类型'),
('CI90056','custType','==','0','','','00503012_1','客户类型','900001','2019-08-30','批量新增','1','0','客户类型'),
('CI90057','CRTF_TYP_CD','==','0','','','00401020','经办人证件类型','900001','2019-08-30','批量新增','1','0','经办人证件类型'),
('CI90058','totlAmt','>=','50000','','','00502202','交易金额','900001','2019-08-30','批量新增','1','0','交易金额'),
('CI90059','CUST_TYP_CD','==','0','','','00502202','客户类型','900001','2019-08-30','批量新增','1','0','客户类型'),
('CI90060','aprptAmt','>=','50000','','','00502203','交易金额','900001','2019-08-30','批量新增','1','0','交易金额'),
('CI90061','openAcctAmt','>=','50000','','','00502204','交易金额','900001','2019-08-30','批量新增','1','0','交易金额'),
('CI90062','bal','>=','50000','','','00502205','交易金额','900001','2019-08-30','批量新增','1','0','交易金额'),
('CI90063','totlAmt','>=','50000','','','00502102','交易金额','900001','2019-08-30','批量新增','1','0','交易金额'),
('CI90064','CUST_TYP_CD','==','0','','','00502102','客户类型','900001','2019-08-30','批量新增','1','0','客户类型'),
('CI90065','wthmnyTotlAmt','>=','50000','','','00502104','交易金额','900001','2019-08-30','批量新增','1','0','交易金额'),
('CI90066','CUST_TYP_CD','==','0','','','00502104','客户类型','900001','2019-08-30','批量新增','1','0','客户类型'),
('CI90067','acctDrawManrCd','==','1','','','00501001','支取方式','900001','2019-08-30','批量新增','1','0','支取方式'),
('CI90068','PAY_FEE_TOTL_AMT','>=','50000','','','00501001','缴费总金额','900001','2019-08-30','批量新增','1','0','缴费总金额'),
('CI90069','custType','==','0','','','00501002','客户类型','900001','2019-08-30','批量新增','1','0','客户类型'),
('CI90070','custType','==','0','','','00501002','客户类型','900001','2019-08-30','批量新增','1','0','客户类型'),
('CI90071','custType','==','0','','','00501002','客户类型','900001','2019-08-30','批量新增','1','0','客户类型'),
('CI90072','custType','==','0','','','00502002','客户类型','900001','2019-08-30','批量新增','1','0','客户类型'),
('CI90073','custType','==','0','','','00502004','客户类型','900001','2019-08-30','批量新增','1','0','客户类型'),
('CI90074','custType','==','0','','','00502006','客户类型','900001','2019-08-30','批量新增','1','0','客户类型'),
('CI90075','custType','==','0','','','00502010','客户类型','900001','2019-08-30','批量新增','1','0','客户类型'),
('CI90076','custType','==','0','','','00502012','客户类型','900001','2019-08-30','批量新增','1','0','客户类型'),
('CI90077','amtSource','==','5','','','00302017','资金来源','900001','2019-08-30','批量新增','1','0','资金来源'),
('CI90078','Payr_Acct_Typ','!=','0','','','00302017','客户类型','900001','2019-08-30','批量新增','1','0','客户类型'),
('CI90078','amtSource','==','1','','','00302017','资金来源','900001','2019-08-30','批量新增','1','0','资金来源'),
('CI90078','remitAmount','>=','50000','','','00302017','交易金额','900001','2019-08-30','批量新增','1','0','交易金额'),
('CI90078','isAgency','==','0','','','00302017','是否代理','900001','2019-08-30','批量新增','1','0','是否代理'),
('CI90079','Payr_Acct_Typ','!=','0','','','00302017','客户类型','900001','2019-08-30','批量新增','1','0','客户类型'),
('CI90079','amtSource','!=','1','','','00302017','资金来源','900001','2019-08-30','批量新增','1','0','资金来源'),
('CI90079','remitAmount','>=','50000','','','00302017','资金来源','900001','2019-08-30','批量新增','1','0','资金来源'),
('CI90082','JOINT_MGMT_ACCT_FLG','==','1','','','00201021','共管账户标志','900001','2019-08-30','批量新增','1','0','共管账户标志'),
('CI90082','sameName','==','1','','','00201021','联名人等于户名','900001','2019-08-30','批量新增','1','0','联名人等于户名'),
('CI90083','CUST_TYP','!=','0','','','00201021','客户类型','900001','2019-08-30','批量新增','1','0','客户类型'),
('CI90084','CUST_TYP','==','0','','','00201021','客户类型','900001','2019-08-30','批量新增','1','0','客户类型'),
('CI90085','JOINT_MGMT_ACCT_FLG','==','1','','','00201021','共管账户标志','900001','2019-08-30','批量新增','1','0','共管账户标志'),
('CI90085','sameName','!=','1','','','00201021','联名人等于户名','900001','2019-08-30','批量新增','1','0','联名人等于户名'),
('CI90086','JOINT_MGMT_ACCT_FLG','==','0','','','00201021','共管账户标志','900001','2019-08-30','批量新增','1','0','共管账户标志'),
('CI90087','agencyFlag','==','1','','','00302022','是否代理','900001','2019-08-30','批量新增','1','0','是否代理'),
('CI90088','agencyFlag','==','0','','','00302022','是否代理','900001','2019-08-30','批量新增','1','0','是否代理'),
('CI90088','partAmt','>=','50000','','','00302022','交易金额','900001','2019-08-30','批量新增','1','0','交易金额'),
('CI90088','csttype','==','0','','','00302022','客户类型','900001','2019-08-30','批量新增','1','0','客户类型'),
('CI90089','csttype','in','1,2','','','00302002','客户类型','900001','2019-08-30','批量新增','1','0','客户类型'),
('CI90089','txAmt','>=','50000','','','00302002','交易金额','900001','2019-08-30','批量新增','1','0','交易金额'),
('CI90090','custType','in','1,2','','','00302004','客户类型','900001','2019-08-30','批量新增','1','0','客户类型'),
('CI90090','txAmt','>=','50000','','','00302004','交易金额','900001','2019-08-30','批量新增','1','0','交易金额'),
('CI90091','custType','in','1,2','','','00301005','客户类型','900001','2019-08-30','批量新增','1','0','客户类型'),
('CI90091','txAmt','>=','50000','','','00301005','交易金额','900001','2019-08-30','批量新增','1','0','交易金额'),
('CI90092','isAgency','==','1','','','00305006','是否代理','900001','2019-08-30','批量新增','1','0','是否代理'),
('CI90093','isAgency','==','0','','','00305006','是否代理','900001','2019-08-30','批量新增','1','0','是否代理'),
('CI90093','transAm','>=','50000','','','00305006','交易金额','900001','2019-08-30','批量新增','1','0','交易金额'),
('CI90093','custType','==','0','','','00305006','客户类型','900001','2019-08-30','批量新增','1','0','客户类型'),
('CI90094','paymentMth','in','00100000,01100000,10100000,11100000','','','00305006','支取方式','900001','2019-08-30','批量新增','1','0','支取方式'),
('CI90094','custType','==','0','','','00305006','客户类型','900001','2019-08-30','批量新增','1','0','客户类型'),
('CI90095','custType','==','0','','','00303006','客户类型','900001','2019-08-30','批量新增','1','0','客户类型'),
('CI90095','transAm','>=','50000','','','00303006','交易金额','900001','2019-08-30','批量新增','1','0','交易金额'),
('CI90096','isAgency','==','1','','','00303007','是否代理','900001','2019-08-30','批量新增','1','0','是否代理'),
('CI90097','isAgency','==','0','','','00303007','是否代理','900001','2019-08-30','批量新增','1','0','是否代理'),
('CI90097','allAmt','>=','50000','','','00303007','交易总金额','900001','2019-08-30','批量新增','1','0','交易总金额'),
('CI90097','custType','==','0','','','00303007','客户类型','900001','2019-08-30','批量新增','1','0','客户类型'),
('CI90098','paymentMth','in','00100000,01100000,10100000,11100000','','','00303007','支取方式','900001','2019-08-30','批量新增','1','0','支取方式'),
('CI90098','custType','==','0','','','00303007','客户类型','900001','2019-08-30','批量新增','1','0','客户类型'),
('CI90099','where','==','1','','','00302008','是否代理','900001','2019-08-30','批量新增','1','0','是否代理'),
('CI90100','where','==','0','','','00302008','是否代理','900001','2019-08-30','批量新增','1','0','是否代理'),
('CI90100','txAmt','>=','50000','','','00302008','交易金额','900001','2019-08-30','批量新增','1','0','交易金额'),
('CI90100','csttype','==','0','','','00302008','客户类型','900001','2019-08-30','批量新增','1','0','客户类型'),
('CI90101','csttype','in','1,2','','','00302008','客户类型','900001','2019-08-30','批量新增','1','0','客户类型'),
('CI90101','txAmt','>=','50000','','','00302008','交易金额','900001','2019-08-30','批量新增','1','0','交易金额'),
('CI90102','mode','in','00100000,01100000,10100000,11100000','','','00302008','支取方式','900001','2019-08-30','批量新增','1','0','支取方式'),
('CI90102','csttype','==','0','','','00302008','客户类型','900001','2019-08-30','批量新增','1','0','客户类型'),
('CI90103','csttype','in','1,2','','','00302009','客户类型','900001','2019-08-30','批量新增','1','0','客户类型'),
('CI90103','txAmt','>=','50000','','','00302009','交易金额','900001','2019-08-30','批量新增','1','0','交易金额'),
('CI90104','where1','==','1','','','00302010','是否代理','900001','2019-08-30','批量新增','1','0','是否代理'),
('CI90105','where1','==','0','','','00302010','是否代理','900001','2019-08-30','批量新增','1','0','是否代理'),
('CI90105','txAmt','>=','50000','','','00302010','交易金额','900001','2019-08-30','批量新增','1','0','交易金额'),
('CI90105','csttype','==','0','','','00302010','客户类型','900001','2019-08-30','批量新增','1','0','客户类型'),
('CI90106','csttype','in','1,2','','','00302010','客户类型','900001','2019-08-30','批量新增','1','0','客户类型'),
('CI90106','txAmt','>=','50000','','','00302010','交易金额','900001','2019-08-30','批量新增','1','0','交易金额'),
('CI90107','AGEN_FLG','==','1','','','00303005','是否代理','900001','2019-08-30','批量新增','1','0','是否代理'),
('CI90108','AGEN_FLG','==','0','','','00303005','是否代理','900001','2019-08-30','批量新增','1','0','是否代理'),
('CI90108','tran_amt','>=','50000','','','00303005','交易金额','900001','2019-08-30','批量新增','1','0','交易金额'),
('CI90108','custTypCd','==','0','','','00303005','客户类型','900001','2019-08-30','批量新增','1','0','客户类型'),
('CI90109','paymentMth','in','00100000,01100000,10100000,11100000','','','00303005','支取方式','900001','2019-08-30','批量新增','1','0','支取方式'),
('CI90110','custTypCd','==','1','','','00303005','客户类型','900001','2019-08-30','批量新增','1','0','客户类型'),
('CI90110','Cap_Src','==','1','','','00303005','资金来源','900001','2019-08-30','批量新增','1','0','资金来源'),
('CI90110','tran_amt','>=','50000','','','00303005','交易金额','900001','2019-08-30','批量新增','1','0','交易金额'),
('CI90110','AGEN_FLG','==','0','','','00303005','是否代理','900001','2019-08-30','批量新增','1','0','是否代理'),
('CI90111','dtlSumAmt','>=','50000','','','00305013','交易金额','900001','2019-08-30','批量新增','1','0','交易金额'),
('CI90111','fundSourceCd','in','2,3','','','00305013','内部账','900001','2019-08-30','批量新增','1','0','内部账'),
('CI90112','cstmType','in','1,2','','','00306004','客户类型','900001','2019-08-30','批量新增','1','0','客户类型'),
('CI90113','isAgency','==','1','','','00306004','是否代理','900001','2019-08-30','批量新增','1','0','是否代理'),
('CI90114','paymentMth','in','00100000,01100000,10100000,11100000','','','00306004','支取方式','900001','2019-08-30','批量新增','1','0','支取方式'),
('CI90114','cstmType','==','0','','','00306004','客户类型','900001','2019-08-30','批量新增','1','0','客户类型'),
('CI90115','CUST_TYP','==','1','','','00306005','客户类型','900001','2019-08-30','批量新增','1','0','客户类型'),
('CI90116','CUST_TYP','==','0','','','00306005','客户类型','900001','2019-08-30','批量新增','1','0','客户类型'),
('CI90117','custTypCdOut','in','1,2','','','00306006','客户类型','900001','2019-08-30','批量新增','1','0','客户类型'),
('CI90118','custTypCdOut','==','0','','','00306006','客户类型','900001','2019-08-30','批量新增','1','0','客户类型'),
('CI90119','paymtDlwthManrCd','==','04','','','00303004_1','处理方式','900001','2019-08-30','批量新增','1','0','处理方式'),
('CI90120','paymtDlwthManrCd','==','04','','','00303004_2','处理方式','900001','2019-08-30','批量新增','1','0','处理方式'),
('CI90121','paymtDlwthManrCd','==','04','','','00303004_1','处理方式','900001','2019-08-30','批量新增','1','0','处理方式'),
('CI90121','amount','>=','50000','','','00303004_1','交易金额','900001','2019-08-30','批量新增','1','0','交易金额'),
('CI90122','paymtDlwthManrCd','==','04','','','00303004_2','处理方式','900001','2019-08-30','批量新增','1','0','处理方式'),
('CI90122','amount','>=','50000','','','00303004_2','交易金额','900001','2019-08-30','批量新增','1','0','交易金额'),
('CI90123','x_DE_WA','==','4','','','00303002','处理方式','900001','2019-08-30','批量新增','1','0','处理方式'),
('CI90124','proxy','==','1','','','00302014','是否代理','900001','2019-08-30','批量新增','1','0','是否代理'),
('CI90125','proxy','==','0','','','00302014','是否代理','900001','2019-08-30','批量新增','1','0','是否代理'),
('CI90125','TX_Amt','>=','50000','','','00302014','交易金额','900001','2019-08-30','批量新增','1','0','交易金额'),
('CI90125','custType','==','0','','','00302014','客户类型','900001','2019-08-30','批量新增','1','0','客户类型'),
('CI90126','Cash_Tran_Ind','==','0','','','00302014','现转标志','900001','2019-08-30','批量新增','1','0','现转标志'),
('CI90126','TX_Amt','>=','10000','','','00302014','交易金额','900001','2019-08-30','批量新增','1','0','交易金额'),
('CI90127','Cap_Src','==','1','','','00302016','资金来源','900001','2019-08-30','批量新增','1','0','资金来源'),
('CI90127','isAgency','==','0','','','00302016','是否代理','900001','2019-08-30','批量新增','1','0','是否代理'),
('CI90127','TX_Amt','>=','50000','','','00302016','交易金额','900001','2019-08-30','批量新增','1','0','交易金额'),
('CI90127','custtypcd','!=','0','','','00302016','客户类型','900001','2019-08-30','批量新增','1','0','客户类型'),
('CI90128','custtypcd','!=','0','','','00302016','客户类型','900001','2019-08-30','批量新增','1','0','客户类型'),
('CI90128','Cap_Src','!=','1','','','00302016','资金来源','900001','2019-08-30','批量新增','1','0','资金来源'),
('CI90128','TX_Amt','>=','50000','','','00302016','交易金额','900001','2019-08-30','批量新增','1','0','交易金额'),
('CI90129','handType','==','04','','','00303003_2','处理方式','900001','2019-08-30','批量新增','1','0','处理方式'),
('CI90130','where','==','1','','','00302006','是否代理','900001','2019-08-30','批量新增','1','0','是否代理'),
('CI90131','where','==','0','','','00302006','是否代理','900001','2019-08-30','批量新增','1','0','是否代理'),
('CI90131','txAmt','>=','50000','','','00302006','交易金额','900001','2019-08-30','批量新增','1','0','交易金额'),
('CI90131','csttype','==','0','','','00302006','客户类型','900001','2019-08-30','批量新增','1','0','客户类型'),
('CI90132','mode','in','00100000,01100000,10100000,11100000','','','00302006','支取方式','900001','2019-08-30','批量新增','1','0','支取方式'),
('CI90132','csttype','==','0','','','00302006','客户类型','900001','2019-08-30','批量新增','1','0','客户类型'),
('CI90133','proxy','==','1','','','00302019','是否代理','900001','2019-08-30','批量新增','1','0','是否代理'),
('CI90134','proxy','==','0','','','00302019','是否代理','900001','2019-08-30','批量新增','1','0','是否代理'),
('CI90134','txAmt','>=','50000','','','00302019','交易金额','900001','2019-08-30','批量新增','1','0','交易金额'),
('CI90134','cust_type','==','0','','','00302019','客户类型','900001','2019-08-30','批量新增','1','0','客户类型'),
('CI90135','cust_type','in','1,2','','','00302019','客户类型','900001','2019-08-30','批量新增','1','0','客户类型'),
('CI90135','txAmt','>=','50000','','','00302019','交易金额','900001','2019-08-30','批量新增','1','0','交易金额'),
('CI90136','mode','in','00100000,01100000,10100000,11100000','','','00302019','支取方式','900001','2019-08-30','批量新增','1','0','支取方式'),
('CI90136','cust_type','==','0','','','00302019','客户类型','900001','2019-08-30','批量新增','1','0','客户类型'),
('CI90137','cust_type','==','0','','','00302019','客户类型','900001','2019-08-30','批量新增','1','0','客户类型'),
('CI90138','proxy','==','1','','','00302007','是否代理','900001','2019-08-30','批量新增','1','0','是否代理'),
('CI90139','proxy','==','0','','','00302007','是否代理','900001','2019-08-30','批量新增','1','0','是否代理'),
('CI90139','txAmt','>=','50000','','','00302007','交易金额','900001','2019-08-30','批量新增','1','0','交易金额'),
('CI90139','cust_type','==','0','','','00302007','客户类型','900001','2019-08-30','批量新增','1','0','客户类型'),
('CI90140','csttype','in','1,2','','','00302021','客户类型','900001','2019-08-30','批量新增','1','0','客户类型'),
('CI90140','partAmt','>=','50000','','','00302021','交易金额','900001','2019-08-30','批量新增','1','0','交易金额'),
('CI90141','proxy','==','1','','','00302011','是否代理','900001','2019-08-30','批量新增','1','0','是否代理'),
('CI90142','proxy','==','0','','','00302011','是否代理','900001','2019-08-30','批量新增','1','0','是否代理'),
('CI90142','txAmt','>=','50000','','','00302011','交易金额','900001','2019-08-30','批量新增','1','0','交易金额'),
('CI90142','custTypeCd','==','0','','','00302011','客户类型','900001','2019-08-30','批量新增','1','0','客户类型'),
('CI90143','custTypeCd','in','1,2','','','00302011','客户类型','900001','2019-08-30','批量新增','1','0','客户类型'),
('CI90143','txAmt','>=','50000','','','00302011','交易金额','900001','2019-08-30','批量新增','1','0','交易金额'),
('CI90144','drawType','in','00100000,01100000,10100000,11100000','','','00302011','支取方式','900001','2019-08-30','批量新增','1','0','支取方式'),
('CI90144','custTypeCd','==','0','','','00302011','客户类型','900001','2019-08-30','批量新增','1','0','客户类型'),
('CI90145','proxy','==','1','','','00302018','是否代理','900001','2019-08-30','批量新增','1','0','是否代理'),
('CI90146','proxy','==','0','','','00302018','是否代理','900001','2019-08-30','批量新增','1','0','是否代理'),
('CI90146','txAmt','>=','50000','','','00302018','交易金额','900001','2019-08-30','批量新增','1','0','交易金额'),
('CI90146','cust_type','==','0','','','00302018','客户类型','900001','2019-08-30','批量新增','1','0','客户类型'),
('CI90147','cust_type','in','1,2','','','00302018','客户类型','900001','2019-08-30','批量新增','1','0','客户类型'),
('CI90147','txAmt','>=','50000','','','00302018','交易金额','900001','2019-08-30','批量新增','1','0','交易金额'),
('CI90148','mode','in','00100000,01100000,10100000,11100000','','','00302018','支取方式','900001','2019-08-30','批量新增','1','0','支取方式'),
('CI90148','cust_type','==','0','','','00302018','客户类型','900001','2019-08-30','批量新增','1','0','客户类型'),
('CI90149','cust_type','==','0','','','00302018','客户类型','900001','2019-08-30','批量新增','1','0','客户类型'),
('CI90150','proxy','==','1','','','00302005','是否代理','900001','2019-08-30','批量新增','1','0','是否代理'),
('CI90151','proxy','==','0','','','00302005','是否代理','900001','2019-08-30','批量新增','1','0','是否代理'),
('CI90151','txAmt','>=','50000','','','00302005','交易金额','900001','2019-08-30','批量新增','1','0','交易金额'),
('CI90151','cust_type','==','0','','','00302005','客户类型','900001','2019-08-30','批量新增','1','0','客户类型'),
('CI90152','mode','in','00100000,01100000,10100000,11100000','','','00302005','支取方式','900001','2019-08-30','批量新增','1','0','支取方式'),
('CI90152','cust_type','==','0','','','00302005','客户类型','900001','2019-08-30','批量新增','1','0','客户类型'),
('CI90153','cust_type','==','0','','','00302005','客户类型','900001','2019-08-30','批量新增','1','0','客户类型'),
('CI90154','customerType','==','1','','','00201015','客户类型','900001','2019-08-30','批量新增','1','0','客户类型'),
('CI90155','chkStat','==','1','','','00201015','共管账户标志','900001','2019-08-30','批量新增','1','0','共管账户标志'),
('CI90155','jointName','==','custNm','','','00201015','联名人姓名','900001','2019-08-30','批量新增','1','0','联名人姓名'),
('CI90156','chkStat','==','1','','','00201015','共管账户标志','900001','2019-08-30','批量新增','1','0','共管账户标志'),
('CI90156','jointName','!=','custNm','','','00201015','联名人姓名','900001','2019-08-30','批量新增','1','0','联名人姓名'),
('CI90157','chkStat','==','0','','','00201015','共管账户标志','900001','2019-08-30','批量新增','1','0','共管账户标志'),
('CI90158','customerType','==','0','','','00201015','客户类型','900001','2019-08-30','批量新增','1','0','客户类型'),
('CI90159','pageFileOperTypCd','==','1','','','00201016','操作类型','900001','2019-08-30','批量新增','1','0','操作类型'),
('CI90159','custTypeCd2','==','0','','','00201016','客户类型','900001','2019-08-30','批量新增','1','0','客户类型'),
('CI90160','pageFileOperTypCd','==','1','','','00201016','操作类型','900001','2019-08-30','批量新增','1','0','操作类型'),
('CI90160','custTypeCd2','==','1','','','00201016','客户类型','900001','2019-08-30','批量新增','1','0','客户类型'),
('CI90161','pageFileOperTypCd','==','2','','','00201016','操作类型','900001','2019-08-30','批量新增','1','0','操作类型'),
('CI90162','agenFlg','==','1','','','00201016','是否代理','900001','2019-08-30','批量新增','1','0','是否代理'),
('CI90163','custTypeCd1','in','1,2','','','00201016','客户类型','900001','2019-08-30','批量新增','1','0','客户类型'),
('CI90164','acctDrawManrCd1','in','00100000,01100000,10100000,11100000','','','00201016','支取方式','900001','2019-08-30','批量新增','1','0','支取方式'),
('CI90164','custTypeCd1','==','0','','','00201016','客户类型','900001','2019-08-30','批量新增','1','0','客户类型'),
('CI90165','agenFlg','==','1','','','00101007','是否代理','900001','2019-08-30','批量新增','1','0','是否代理'),
('CI90166','agenFlg','==','0','','','00101007','是否代理','900001','2019-08-30','批量新增','1','0','是否代理'),
('CI90166','pyblPrncpintTotAmt','>=','50000','','','00101007','本息合计','900001','2019-08-30','批量新增','1','0','本息合计'),
('CI90167','agenFlg','==','0','','','00101007','是否代理','900001','2019-08-30','批量新增','1','0','是否代理'),
('CI90167','acctDrawManrCd','in','00100000,01100000,10100000,11100000','','','00101007','支取方式','900001','2019-08-30','批量新增','1','0','支取方式'),
('CI90168','agenFlg','==','0','','','00101007','是否代理','900001','2019-08-30','批量新增','1','0','是否代理'),
('CI90168','pageRdcrdOperFlgCd1','==','0','','','00101007','磁条标志','900001','2019-08-30','批量新增','1','0','磁条标志'),
('CI90168','pyblPrncpintTotAmt','>=','10000','','','00101007','本息合计','900001','2019-08-30','批量新增','1','0','本息合计'),
('CI90169','AGEN_FLG','==','1','','','00201005','是否代理','900001','2019-08-30','批量新增','1','0','是否代理'),
('CI90170','PUB_PRIV_FLG_CD','==','1','','','00201005','公私标志','900001','2019-08-30','批量新增','1','0','公私标志'),
('CI90171','AGEN_FLG','==','0','','','00201005','是否代理','900001','2019-08-30','批量新增','1','0','是否代理'),
('CI90172','CUST_TYP_CD','==','0','','','00201005','客户类型','900001','2019-08-30','批量新增','1','0','客户类型'),
('CI90173','CUST_TYP_CD','!=','0','','','00201005','客户类型','900001','2019-08-30','批量新增','1','0','客户类型'),
('CI90174','custType','==','0','','','00201002','客户类型','900001','2019-08-30','批量新增','1','0','客户类型'),
('CI90175','custType','!=','0','','','00201002','客户类型','900001','2019-08-30','批量新增','1','0','客户类型'),
('CI90176','txAmt','>','0','','','00301012','交易金额','900001','2019-08-30','批量新增','1','0','交易金额'),
('CI90176','pageRdcrdOperFlgCd','==','0','','','00301012','磁条标志','900001','2019-08-30','批量新增','1','0','磁条标志'),
('CI90176','pasbNum','empty','NULL','','','00301012','存折号码','900001','2019-08-30','批量新增','1','0','存折号码'),
('CI90177','custtyp','!=','0','','','00301012','客户类型','900001','2019-08-30','批量新增','1','0','客户类型'),
('CI90177','txAmt','>=','50000','','','00301012','交易金额','900001','2019-08-30','批量新增','1','0','交易金额'),
('CI90178','custtyp','==','0','','','00301012','客户类型','900001','2019-08-30','批量新增','1','0','客户类型'),
('CI90178','txAmt','>=','50000','','','00301012','交易金额','900001','2019-08-30','批量新增','1','0','交易金额'),
('CI90179','txAmt','>','0','','','00301004','交易金额','900001','2019-08-30','批量新增','1','0','交易金额'),
('CI90179','flag','==','0','','','00301004','磁条标志','900001','2019-08-30','批量新增','1','0','磁条标志'),
('CI90179','strDepbokNo','empty','NULL','','','00301004','存折号码','900001','2019-08-30','批量新增','1','0','存折号码'),
('CI90180','csttype','==','0','','','00301004','客户类型','900001','2019-08-30','批量新增','1','0','客户类型'),
('CI90180','txAmt','>=','50000','','','00301004','交易金额','900001','2019-08-30','批量新增','1','0','交易金额'),
('CI90181','txAmt','>','0','','','00301011','交易金额','900001','2019-08-30','批量新增','1','0','交易金额'),
('CI90181','pageRdcrdOperFlgCd','==','0','','','00301011','磁条标志','900001','2019-08-30','批量新增','1','0','磁条标志'),
('CI90181','strDepbokNo','empty','NULL','','','00301011','存折号码','900001','2019-08-30','批量新增','1','0','存折号码'),
('CI90182','cust_type','!=','0','','','00301011','客户类型','900001','2019-08-30','批量新增','1','0','客户类型'),
('CI90182','txAmt','>=','50000','','','00301011','交易金额','900001','2019-08-30','批量新增','1','0','交易金额'),
('CI90183','txAmt','>','0','','','00301010','交易金额','900001','2019-08-30','批量新增','1','0','交易金额'),
('CI90183','pageRdcrdOperFlgCd','==','0','','','00301010','磁条标志','900001','2019-08-30','批量新增','1','0','磁条标志'),
('CI90183','strDepbokNo','empty','NULL','','','00301010','存折号码','900001','2019-08-30','批量新增','1','0','存折号码'),
('CI90184','cust_type','==','0','','','00301010','客户类型','900001','2019-08-30','批量新增','1','0','客户类型'),
('CI90184','txAmt','>=','50000','','','00301010','交易金额','900001','2019-08-30','批量新增','1','0','交易金额'),
('CI90185','txAmt','>','0','','','00301003','交易金额','900001','2019-08-30','批量新增','1','0','交易金额'),
('CI90185','pageRdcrdOperFlgCd','==','0','','','00301003','磁条标志','900001','2019-08-30','批量新增','1','0','磁条标志'),
('CI90185','strDepbokNo','empty','NULL','','','00301003','存折号码','900001','2019-08-30','批量新增','1','0','存折号码'),
('CI90186','CUST_TYP_CD','==','0','','','00301003','客户类型','900001','2019-08-30','批量新增','1','0','客户类型'),
('CI90186','txAmt','>=','50000','','','00301003','交易金额','900001','2019-08-30','批量新增','1','0','交易金额'),
('CI90187','CUST_TYP_CD','!=','0','','','00301009','客户类型','900001','2019-08-30','批量新增','1','0','客户类型'),
('CI90187','txAmt','>=','50000','','','00301009','交易金额','900001','2019-08-30','批量新增','1','0','交易金额'),
('CI90188','csttype','!=','0','','','00301013','客户类型','900001','2019-08-30','批量新增','1','0','客户类型'),
('CI90188','totalTxAmt1','>=','50000','','','00301013','交易金额','900001','2019-08-30','批量新增','1','0','交易金额'),
('CI90189','csttype','==','0','','','00301013','客户类型','900001','2019-08-30','批量新增','1','0','客户类型'),
('CI90189','totalTxAmt1','>=','50000','','','00301013','交易金额','900001','2019-08-30','批量新增','1','0','交易金额'),
('CI90190','where','==','1','','','00301006','是否代理','900001','2019-08-30','批量新增','1','0','是否代理'),
('CI90191','where','==','0','','','00301006','是否代理','900001','2019-08-30','批量新增','1','0','是否代理'),
('CI90191','txAmt','>=','50000','','','00301006','交易金额','900001','2019-08-30','批量新增','1','0','交易金额'),
('CI90191','csttype','==','0','','','00301006','客户类型','900001','2019-08-30','批量新增','1','0','客户类型'),
('CI90192','proxy','==','1','','','00301007','是否代理','900001','2019-08-30','批量新增','1','0','是否代理'),
('CI90193','custtyp','!=','0','','','00301007','客户类型','900001','2019-08-30','批量新增','1','0','客户类型'),
('CI90193','txAmt','>=','50000','','','00301007','交易金额','900001','2019-08-30','批量新增','1','0','交易金额'),
('CI90194','drawType','in','00100000,01100000,10100000,11100000','','','00301007','支取方式','900001','2019-08-30','批量新增','1','0','支取方式'),
('CI90194','custtyp','==','0','','','00301007','客户类型','900001','2019-08-30','批量新增','1','0','客户类型'),
('CI90195','proxy','==','1','','','00301014','是否代理','900001','2019-08-30','批量新增','1','0','是否代理'),
('CI90196','proxy','==','0','','','00301014','是否代理','900001','2019-08-30','批量新增','1','0','是否代理'),
('CI90196','txAmt','>=','50000','','','00301014','交易金额','900001','2019-08-30','批量新增','1','0','交易金额'),
('CI90196','cust_type','==','0','','','00301014','客户类型','900001','2019-08-30','批量新增','1','0','客户类型'),
('CI90197','mode','in','00100000,01100000,10100000,11100000','','','00301014','支取方式','900001','2019-08-30','批量新增','1','0','支取方式'),
('CI90197','cust_type','==','0','','','00301014','客户类型','900001','2019-08-30','批量新增','1','0','客户类型'),
('CI90198','cust_type','==','0','','','00301014','客户类型','900001','2019-08-30','批量新增','1','0','客户类型'),
('CI90199','proxy','==','1','','','00302013','是否代理','900001','2019-08-30','批量新增','1','0','是否代理'),
('CI90200','proxy','==','0','','','00302013','是否代理','900001','2019-08-30','批量新增','1','0','是否代理'),
('CI90200','partyAmt','>=','50000','','','00302013','交易金额','900001','2019-08-30','批量新增','1','0','交易金额'),
('CI90200','cust_type','==','0','','','00302013','客户类型','900001','2019-08-30','批量新增','1','0','客户类型'),
('CI90201','mode','in','00100000,01100000,10100000,11100000','','','00302013','支取方式','900001','2019-08-30','批量新增','1','0','支取方式'),
('CI90201','cust_type','==','0','','','00302013','客户类型','900001','2019-08-30','批量新增','1','0','客户类型'),
('CI90202','cust_type','==','0','','','00302013','客户类型','900001','2019-08-30','批量新增','1','0','客户类型'),
('CI90203','custType','!=','0','','','00301018','客户类型','900001','2019-08-30','批量新增','1','0','客户类型'),
('CI90203','txAmt','>=','50000','','','00301018','交易金额','900001','2019-08-30','批量新增','1','0','交易金额'),
('CI90204','proxy','==','1','','','00301017','是否代理','900001','2019-08-30','批量新增','1','0','是否代理'),
('CI90205','proxy','==','0','','','00301017','是否代理','900001','2019-08-30','批量新增','1','0','是否代理'),
('CI90205','txAmt','>=','50000','','','00301017','交易金额','900001','2019-08-30','批量新增','1','0','交易金额'),
('CI90205','cust_type','==','0','','','00301017','客户类型','900001','2019-08-30','批量新增','1','0','客户类型'),
('CI90206','agenFlg','==','1','','','00301016','是否代理','900001','2019-08-30','批量新增','1','0','是否代理'),
('CI90207','agenFlg','==','0','','','00301016','是否代理','900001','2019-08-30','批量新增','1','0','是否代理'),
('CI90207','txAmt','>=','50000','','','00301016','交易金额','900001','2019-08-30','批量新增','1','0','交易金额'),
('CI90207','custType','==','0','','','00301016','客户类型','900001','2019-08-30','批量新增','1','0','客户类型'),
('CI90208','agencyFlag','==','1','','','00302003','是否代理','900001','2019-08-30','批量新增','1','0','是否代理'),
('CI90209','agencyFlag','==','0','','','00302003','是否代理','900001','2019-08-30','批量新增','1','0','是否代理'),
('CI90209','partAmt','>=','50000','','','00302003','交易金额','900001','2019-08-30','批量新增','1','0','交易金额'),
('CI90209','csttype','==','0','','','00302003','客户类型','900001','2019-08-30','批量新增','1','0','客户类型'),
('CI90210','custType','!=','0','','','00301002','客户类型','900001','2019-08-30','批量新增','1','0','客户类型'),
('CI90210','txAmt','>=','50000','','','00301002','交易金额','900001','2019-08-30','批量新增','1','0','交易金额'),
('CI90211','proxy','==','1','','','00302020','是否代理','900001','2019-08-30','批量新增','1','0','是否代理'),
('CI90212','proxy','==','0','','','00302020','是否代理','900001','2019-08-30','批量新增','1','0','是否代理'),
('CI90212','txAmt','>=','50000','','','00302020','交易金额','900001','2019-08-30','批量新增','1','0','交易金额'),
('CI90212','cust_type','==','0','','','00302020','客户类型','900001','2019-08-30','批量新增','1','0','客户类型'),
('CI90213','mode','in','00100000,01100000,10100000,11100000','','','00302020','支取方式','900001','2019-08-30','批量新增','1','0','支取方式'),
('CI90213','cust_type','==','0','','','00302020','客户类型','900001','2019-08-30','批量新增','1','0','客户类型'),
('CI90214','cust_type','==','0','','','00302020','客户类型','900001','2019-08-30','批量新增','1','0','客户类型'),
('CI90215','proxy','==','1','','','00301015','是否代理','900001','2019-08-30','批量新增','1','0','是否代理'),
('CI90216','proxy','==','0','','','00301015','是否代理','900001','2019-08-30','批量新增','1','0','是否代理'),
('CI90216','txAmt','>=','50000','','','00301015','交易金额','900001','2019-08-30','批量新增','1','0','交易金额'),
('CI90216','cust_type','==','0','','','00301015','客户类型','900001','2019-08-30','批量新增','1','0','客户类型'),
('CI90217','cust_type','!=','0','','','00301015','客户类型','900001','2019-08-30','批量新增','1','0','客户类型'),
('CI90217','txAmt','>=','50000','','','00301015','交易金额','900001','2019-08-30','批量新增','1','0','交易金额'),
('CI90218','totlAmt','>=','50000','','','00502306','交易金额','900001','2019-08-30','批量新增','1','0','交易金额'),
('CI90218','custType','==','0','','','00502306','客户类型','900001','2019-08-30','批量新增','1','0','客户类型'),
('CI90218','acctDrawManrCd','in','00100000,01100000,10100000,11100000','','','00502306','支取方式','900001','2019-08-30','批量新增','1','0','支取方式'),
('CI90219','totlAmt','>=','50000','','','00502307','交易金额','900001','2019-08-30','批量新增','1','0','交易金额'),
('CI90219','custType','==','0','','','00502307','客户类型','900001','2019-08-30','批量新增','1','0','客户类型'),
('CI90220','totlAmt','>=','50000','','','00502314_2','交易金额','900001','2019-08-30','批量新增','1','0','交易金额'),
('CI90220','custType','==','0','','','00502314_2','客户类型','900001','2019-08-30','批量新增','1','0','客户类型'),
('CI90220','acctDrawManrCd','in','00100000,01100000,10100000,11100000','','','00502314_2','支取方式','900001','2019-08-30','批量新增','1','0','支取方式'),
('CI90221','totlAmt','>=','50000','','','00502314_3','交易金额','900001','2019-08-30','批量新增','1','0','交易金额'),
('CI90221','custType','==','0','','','00502314_3','客户类型','900001','2019-08-30','批量新增','1','0','客户类型'),
('CI90222','txAmt','>=','50000','','','00302019','交易金额','900001','2019-08-30','批量新增','1','0','交易金额'),
('CI90223','txAmt','>=','50000','','','00302005','交易金额','900001','2019-08-30','批量新增','1','0','交易金额'),
('CI90224','txAmt','>=','50000','','','00302007','交易金额','900001','2019-08-30','批量新增','1','0','交易金额'),
('CI90225','txAmt','>=','50000','','','00302006','交易金额','900001','2019-08-30','批量新增','1','0','交易金额'),
('CI90226','partAmt','>=','50000','','','00302021','交易金额','900001','2019-08-30','批量新增','1','0','交易金额'),
('CI90227','txAmt','>=','50000','','','00302011','交易金额','900001','2019-08-30','批量新增','1','0','交易金额'),
('CI90228','txAmt','>=','50000','','','00302018','交易金额','900001','2019-08-30','批量新增','1','0','交易金额'),
('CI90229','agenFlg','==','1','','','00603001','是否代理','900001','2019-08-30','批量新增','1','0','是否代理'),
('CI90230','agenFlg','==','1','','','00603002','是否代理','900001','2019-08-30','批量新增','1','0','是否代理');
-- IB_OM_RULECOND_RLT insert
INSERT INTO IB_OM_RULECOND_RLT (RULE_COND_NO,CMPL_MODE_FLG,OPRTN_RULE_NO) VALUES

('CI90000','0','090000'),
('CI90001','1','090001'),
('CI90002','1','090002'),
('CI90003','1','090003'),
('CI90004','1','090004'),
('CI90005','1','090005'),
('CI90006','1','090006'),
('CI90007','1','090007'),
('CI90008','0','090008'),
('CI90009','0','090009'),
('CI90010','0','090010'),
('CI90011','0','090011'),
('CI90012','0','090012'),
('CI90013','0','090013'),
('CI90014','1','090014'),
('CI90015','1','090015'),
('CI90016','1','090016'),
('CI90017','1','090017'),
('CI90018','0','090018'),
('CI90019','0','090019'),
('CI90020','1','090020'),
('CI90021','0','090021'),
('CI90022','1','090022'),
('CI90023','1','090023'),
('CI90024','1','090024'),
('CI90025','1','090025'),
('CI90026','1','090026'),
('CI90027','0','090027'),
('CI90028','0','090028'),
('CI90029','0','090029'),
('CI90030','0','090030'),
('CI90030','1','090030'),
('CI90031','0','090031'),
('CI90032','0','090032'),
('CI90033','0','090033'),
('CI90034','0','090034'),
('CI90035','0','090035'),
('CI90036','0','090036'),
('CI90037','0','090037'),
('CI90038','0','090038'),
('CI90039','0','090039'),
('CI90040','0','090040'),
('CI90041','0','090041'),
('CI90042','0','090042'),
('CI90043','0','090043'),
('CI90044','0','090044'),
('CI90045','0','090045'),
('CI90046','0','090046'),
('CI90047','0','090047'),
('CI90048','0','090048'),
('CI90049','0','090049'),
('CI90050','0','090050'),
('CI90051','0','090051'),
('CI90052','0','090052'),
('CI90053','0','090053'),
('CI90054','0','090054'),
('CI90055','1','090055'),
('CI90056','1','090056'),
('CI90057','1','090057'),
('CI90058','1','090058'),
('CI90059','1','090059'),
('CI90060','1','090060'),
('CI90061','1','090061'),
('CI90062','1','090062'),
('CI90063','1','090063'),
('CI90064','1','090064'),
('CI90065','1','090065'),
('CI90066','1','090066'),
('CI90067','1','090067'),
('CI90068','1','090068'),
('CI90069','1','090069'),
('CI90070','1','090070'),
('CI90071','1','090071'),
('CI90072','1','090072'),
('CI90073','1','090073'),
('CI90074','1','090074'),
('CI90075','1','090075'),
('CI90076','1','090076'),
('CI90077','1','090077'),
('CI90078','1','090078'),
('CI90079','1','090079'),
('CI90080','0','090080'),
('CI90081','0','090081'),
('CI90082','1','090082'),
('CI90083','1','090083'),
('CI90084','1','090084'),
('CI90085','1','090085'),
('CI90086','1','090086'),
('CI90087','1','090087'),
('CI90088','1','090088'),
('CI90089','1','090089'),
('CI90090','1','090090'),
('CI90091','1','090091'),
('CI90092','1','090092'),
('CI90093','1','090093'),
('CI90094','1','090094'),
('CI90095','1','090095'),
('CI90096','1','090096'),
('CI90097','1','090097'),
('CI90098','1','090098'),
('CI90099','1','090099'),
('CI90100','1','090100'),
('CI90101','1','090101'),
('CI90102','1','090102'),
('CI90103','1','090103'),
('CI90104','1','090104'),
('CI90105','1','090105'),
('CI90106','1','090106'),
('CI90107','1','090107'),
('CI90108','1','090108'),
('CI90109','1','090109'),
('CI90110','1','090110'),
('CI90111','1','090111'),
('CI90112','1','090112'),
('CI90113','1','090113'),
('CI90114','1','090114'),
('CI90115','1','090115'),
('CI90116','1','090116'),
('CI90117','1','090117'),
('CI90118','1','090118'),
('CI90119','1','090119'),
('CI90120','1','090120'),
('CI90121','1','090121'),
('CI90122','1','090122'),
('CI90123','1','090123'),
('CI90124','1','090124'),
('CI90125','1','090125'),
('CI90126','1','090126'),
('CI90127','1','090127'),
('CI90128','1','090128'),
('CI90129','1','090129'),
('CI90130','1','090130'),
('CI90131','1','090131'),
('CI90132','1','090132'),
('CI90133','1','090133'),
('CI90134','1','090134'),
('CI90135','1','090135'),
('CI90136','1','090136'),
('CI90137','1','090137'),
('CI90138','1','090138'),
('CI90139','1','090139'),
('CI90140','1','090140'),
('CI90141','1','090141'),
('CI90142','1','090142'),
('CI90143','1','090143'),
('CI90144','1','090144'),
('CI90145','1','090145'),
('CI90146','1','090146'),
('CI90147','1','090147'),
('CI90148','1','090148'),
('CI90149','1','090149'),
('CI90150','1','090150'),
('CI90151','1','090151'),
('CI90152','1','090152'),
('CI90153','1','090153'),
('CI90154','1','090154'),
('CI90155','1','090155'),
('CI90156','1','090156'),
('CI90157','1','090157'),
('CI90158','1','090158'),
('CI90159','1','090159'),
('CI90160','1','090160'),
('CI90161','1','090161'),
('CI90162','1','090162'),
('CI90163','1','090163'),
('CI90164','1','090164'),
('CI90165','1','090165'),
('CI90166','1','090166'),
('CI90167','1','090167'),
('CI90168','1','090168'),
('CI90169','1','090169'),
('CI90170','1','090170'),
('CI90171','1','090171'),
('CI90172','1','090172'),
('CI90173','1','090173'),
('CI90174','1','090174'),
('CI90175','1','090175'),
('CI90176','1','090176'),
('CI90177','1','090177'),
('CI90178','1','090178'),
('CI90179','1','090179'),
('CI90180','1','090180'),
('CI90181','1','090181'),
('CI90182','1','090182'),
('CI90183','1','090183'),
('CI90184','1','090184'),
('CI90185','1','090185'),
('CI90186','1','090186'),
('CI90187','1','090187'),
('CI90188','1','090188'),
('CI90189','1','090189'),
('CI90190','1','090190'),
('CI90191','1','090191'),
('CI90192','1','090192'),
('CI90193','1','090193'),
('CI90194','1','090194'),
('CI90195','1','090195'),
('CI90196','1','090196'),
('CI90197','1','090197'),
('CI90198','1','090198'),
('CI90199','1','090199'),
('CI90200','1','090200'),
('CI90201','1','090201'),
('CI90202','1','090202'),
('CI90203','1','090203'),
('CI90204','1','090204'),
('CI90205','1','090205'),
('CI90206','1','090206'),
('CI90207','1','090207'),
('CI90208','1','090208'),
('CI90209','1','090209'),
('CI90210','1','090210'),
('CI90211','1','090211'),
('CI90212','1','090212'),
('CI90213','1','090213'),
('CI90214','1','090214'),
('CI90215','1','090215'),
('CI90216','1','090216'),
('CI90217','1','090217'),
('CI90218','0','090218'),
('CI90218','1','090218'),
('CI90219','1','090219'),
('CI90220','1','090220'),
('CI90221','1','090221'),
('CI90222','1','090222'),
('CI90223','1','090223'),
('CI90224','1','090224'),
('CI90225','1','090225'),
('CI90226','1','090226'),
('CI90227','1','090227'),
('CI90228','1','090228'),
('CI90229','1','090229'),
('CI90230','1','090230'),
('CI90231','0','090231'),
('CI90232','0','090232');
-- IB_OM_MODE_INFO insert
INSERT INTO IB_OM_MODE_INFO (RULE_MODE_NO,FIELD_SEQ_NO,FIELD_NM,FIELD_DICTRY_NM,RULE_MODE_TYP_CD) VALUES

('CI90000','1','ref','aui-row_1','CI'),
('CI90000','2','NI','1','CI'),
('CI90000','3','FR','1','CI'),
('CI90001','4','ref','input-cstnm','CI'),
('CI90001','5','NI','1','CI'),
('CI90001','6','FR','0','CI'),
('CI90002','7','ref','input-cstnm','CI'),
('CI90002','8','NI','1','CI'),
('CI90002','9','FR','1','CI'),
('CI90003','13','ref','input-cstnm','CI'),
('CI90003','14','NI','1','CI'),
('CI90003','15','FR','1','CI'),
('CI90004','19','ref','input-cstnm','CI'),
('CI90004','20','NI','1','CI'),
('CI90004','21','FR','1','CI'),
('CI90005','22','ref','input-cstnm','CI'),
('CI90005','23','NI','1','CI'),
('CI90005','24','FR','1','CI'),
('CI90006','25','ref','input-cstnm','CI'),
('CI90006','26','NI','1','CI'),
('CI90006','27','FR','1','CI'),
('CI90007','34','ref','input-cstnm','CI'),
('CI90007','35','NI','1','CI'),
('CI90007','36','FR','1','CI'),
('CI90008','37','ref','custom-input_2','CI'),
('CI90008','38','NI','1','CI'),
('CI90008','39','FR','1','CI'),
('CI90009','40','ref','custom-input-crtfNbr','CI'),
('CI90009','41','NI','1','CI'),
('CI90009','42','FR','1','CI'),
('CI90010','43','ref','custom-input-crtfNbr','CI'),
('CI90010','44','NI','1','CI'),
('CI90010','45','FR','1','CI'),
('CI90011','46','ref','custom-input-custNm','CI'),
('CI90011','47','NI','1','CI'),
('CI90011','48','FR','1','CI'),
('CI90012','49','ref','input-cstnm','CI'),
('CI90012','50','NI','1','CI'),
('CI90012','51','FR','1','CI'),
('CI90013','52','ref','custom-selector-crtfTypCd','CI'),
('CI90013','53','NI','1','CI'),
('CI90013','54','FR','0','CI'),
('CI90014','55','ref','custom-selector-crtfTypCd','CI'),
('CI90014','56','NI','1','CI'),
('CI90014','57','FR','0','CI'),
('CI90015','58','ref','custom-input-acctnm1','CI'),
('CI90015','59','NI','1','CI'),
('CI90015','60','FR','0','CI'),
('CI90016','61','ref','custom-input-acctnm2','CI'),
('CI90016','62','NI','1','CI'),
('CI90016','63','FR','0','CI'),
('CI90017','64','ref','custom-input-targetAcctnm','CI'),
('CI90017','65','NI','1','CI'),
('CI90017','66','FR','0','CI'),
('CI90018','67','ref','custom-input-acctnm1','CI'),
('CI90018','68','NI','1','CI'),
('CI90018','69','FR','0','CI'),
('CI90019','70','ref','custom-input_3','CI'),
('CI90019','71','NI','1','CI'),
('CI90019','72','FR','0','CI'),
('CI90020','73','ref','custom-selector-crtfTypCd','CI'),
('CI90020','74','NI','1','CI'),
('CI90020','75','FR','0','CI'),
('CI90021','76','ref','custom-selector-crtfTypCd','CI'),
('CI90021','77','NI','1','CI'),
('CI90021','78','FR','0','CI'),
('CI90022','79','ref','custom-input_2','CI'),
('CI90022','80','NI','1','CI'),
('CI90022','81','FR','0','CI'),
('CI90023','82','ref','custom-input_2','CI'),
('CI90023','83','NI','1','CI'),
('CI90023','84','FR','0','CI'),
('CI90024','85','ref','custom-input-acctnm','CI'),
('CI90024','86','NI','1','CI'),
('CI90024','87','FR','0','CI'),
('CI90025','88','ref','custom-input-acctnm','CI'),
('CI90025','89','NI','1','CI'),
('CI90025','90','FR','0','CI'),
('CI90026','91','ref','custom-input-acctnm','CI'),
('CI90026','92','NI','1','CI'),
('CI90026','93','FR','0','CI'),
('CI90027','94','ref','customer','CI'),
('CI90027','95','NI','1','CI'),
('CI90027','96','FR','1','CI'),
('CI90028','97','ref','customer','CI'),
('CI90028','98','NI','1','CI'),
('CI90028','99','FR','1','CI'),
('CI90029','100','ref','customer','CI'),
('CI90029','101','NI','1','CI'),
('CI90029','102','FR','1','CI'),
('CI90030','103','ref','customer','CI'),
('CI90030','104','NI','0','CI'),
('CI90030','105','FR','0','CI'),
('CI90031','109','ref','aui-button_query','CI'),
('CI90031','110','NI','1','CI'),
('CI90031','111','FR','0','CI'),
('CI90032','112','ref','aui-button_query','CI'),
('CI90032','113','NI','1','CI'),
('CI90032','114','FR','0','CI'),
('CI90033','115','ref','aui-button_query','CI'),
('CI90033','116','NI','1','CI'),
('CI90033','117','FR','0','CI'),
('CI90034','118','ref','aui-button_query','CI'),
('CI90034','119','NI','1','CI'),
('CI90034','120','FR','0','CI'),
('CI90035','121','ref','aui-button_query','CI'),
('CI90035','122','NI','1','CI'),
('CI90035','123','FR','0','CI'),
('CI90036','124','ref','aui-button_query','CI'),
('CI90036','125','NI','1','CI'),
('CI90036','126','FR','0','CI'),
('CI90037','127','ref','aui-button_check','CI'),
('CI90037','128','NI','1','CI'),
('CI90037','129','FR','0','CI'),
('CI90038','130','ref','aui-button-check','CI'),
('CI90038','131','NI','1','CI'),
('CI90038','132','FR','0','CI'),
('CI90039','133','ref','custom-input-userName','CI'),
('CI90039','134','NI','1','CI'),
('CI90039','135','FR','0','CI'),
('CI90040','136','ref','custom-input-pwd','CI'),
('CI90040','137','NI','1','CI'),
('CI90040','138','FR','0','CI'),
('CI90041','139','ref','aui-queryInfo','CI'),
('CI90041','140','NI','1','CI'),
('CI90041','141','FR','0','CI'),
('CI90042','142','ref','aui-queryInfo','CI'),
('CI90042','143','NI','1','CI'),
('CI90042','144','FR','0','CI'),
('CI90043','145','ref','aui-queryInfo','CI'),
('CI90043','146','NI','1','CI'),
('CI90043','147','FR','0','CI'),
('CI90044','148','ref','aui-button_query','CI'),
('CI90044','149','NI','1','CI'),
('CI90044','150','FR','0','CI'),
('CI90045','151','ref','aui-button_query','CI'),
('CI90045','152','NI','1','CI'),
('CI90045','153','FR','0','CI'),
('CI90046','154','ref','custom-input-name','CI'),
('CI90046','155','NI','1','CI'),
('CI90046','156','FR','0','CI'),
('CI90047','157','ref','custom-input-name','CI'),
('CI90047','158','NI','1','CI'),
('CI90047','159','FR','0','CI'),
('CI90048','160','ref','custom-input-name','CI'),
('CI90048','161','NI','1','CI'),
('CI90048','162','FR','0','CI'),
('CI90049','163','ref','custom-input-name','CI'),
('CI90049','164','NI','1','CI'),
('CI90049','165','FR','0','CI'),
('CI90050','166','ref','custom-input-name','CI'),
('CI90050','167','NI','1','CI'),
('CI90050','168','FR','0','CI'),
('CI90051','169','ref','custom-input-name','CI'),
('CI90051','170','NI','1','CI'),
('CI90051','171','FR','0','CI'),
('CI90052','172','ref','custom-input-name','CI'),
('CI90052','173','NI','1','CI'),
('CI90052','174','FR','0','CI'),
('CI90053','175','ref','custom-table_1','CI'),
('CI90053','176','NI','1','CI'),
('CI90053','177','FR','0','CI'),
('CI90054','178','ref','aui-button_query','CI'),
('CI90054','179','NI','1','CI'),
('CI90054','180','FR','0','CI'),
('CI90055','181','ref','custom-input_4','CI'),
('CI90055','182','NI','1','CI'),
('CI90055','183','FR','0','CI'),
('CI90056','184','ref','custom-input_19','CI'),
('CI90056','185','NI','1','CI'),
('CI90056','186','FR','0','CI'),
('CI90057','187','ref','custom-selector-01','CI'),
('CI90057','188','NI','1','CI'),
('CI90057','189','FR','0','CI'),
('CI90058','190','ref','custom-input_4','CI'),
('CI90058','191','NI','1','CI'),
('CI90058','192','FR','0','CI'),
('CI90059','193','ref','custom-input_4','CI'),
('CI90059','194','NI','0','CI'),
('CI90059','195','FR','0','CI'),
('CI90060','196','ref','custom-input_9','CI'),
('CI90060','197','NI','1','CI'),
('CI90060','198','FR','0','CI'),
('CI90061','199','ref','custom-input_7','CI'),
('CI90061','200','NI','1','CI'),
('CI90061','201','FR','0','CI'),
('CI90062','202','ref','custom-input_9','CI'),
('CI90062','203','NI','1','CI'),
('CI90062','204','FR','0','CI'),
('CI90063','205','ref','custom-input_4','CI'),
('CI90063','206','NI','1','CI'),
('CI90063','207','FR','0','CI'),
('CI90064','208','ref','custom-input_4','CI'),
('CI90064','209','NI','0','CI'),
('CI90064','210','FR','0','CI'),
('CI90065','211','ref','custom-selector_3','CI'),
('CI90065','212','NI','1','CI'),
('CI90065','213','FR','0','CI'),
('CI90066','214','ref','custom-selector_3','CI'),
('CI90066','215','NI','0','CI'),
('CI90066','216','FR','0','CI'),
('CI90067','217','ref','custom-input_6','CI'),
('CI90067','218','NI','1','CI'),
('CI90067','219','FR','0','CI'),
('CI90068','220','ref','custom-input_6','CI'),
('CI90068','221','NI','1','CI'),
('CI90068','222','FR','0','CI'),
('CI90069','223','ref','custom-input_1','CI'),
('CI90069','224','NI','1','CI'),
('CI90069','225','FR','1','CI'),
('CI90070','226','ref','custom-input_9','CI'),
('CI90070','227','NI','1','CI'),
('CI90070','228','FR','0','CI'),
('CI90071','229','ref','custom-input_6','CI'),
('CI90071','230','NI','1','CI'),
('CI90071','231','FR','0','CI'),
('CI90072','232','ref','custom-input_4','CI'),
('CI90072','233','NI','1','CI'),
('CI90072','234','FR','0','CI'),
('CI90073','235','ref','custom-input_4','CI'),
('CI90073','236','NI','1','CI'),
('CI90073','237','FR','0','CI'),
('CI90074','238','ref','custom-selector_2','CI'),
('CI90074','239','NI','1','CI'),
('CI90074','240','FR','0','CI'),
('CI90075','241','ref','custom-input_7','CI'),
('CI90075','242','NI','1','CI'),
('CI90075','243','FR','0','CI'),
('CI90076','244','ref','custom-selector_2','CI'),
('CI90076','245','NI','1','CI'),
('CI90076','246','FR','0','CI'),
('CI90077','247','ref','custom-input_remitAmount','CI'),
('CI90077','248','NI','1','CI'),
('CI90077','249','FR','0','CI'),
('CI90078','250','ref','custom-input_remitAmount','CI'),
('CI90078','251','NI','0','CI'),
('CI90078','252','FR','0','CI'),
('CI90079','262','ref','custom-input_remitAmount','CI'),
('CI90079','263','NI','0','CI'),
('CI90079','264','FR','0','CI'),
('CI90080','271','ref','custom-selector-bilhldrCrtfTypCd','CI'),
('CI90080','272','NI','0','CI'),
('CI90080','273','FR','0','CI'),
('CI90081','274','ref','custom-input_4','CI'),
('CI90081','275','NI','0','CI'),
('CI90081','276','FR','0','CI'),
('CI90082','277','ref','custom-selector_4','CI'),
('CI90082','278','NI','0','CI'),
('CI90082','279','FR','0','CI'),
('CI90083','283','ref','custom-selector_4','CI'),
('CI90083','284','NI','0','CI'),
('CI90083','285','FR','0','CI'),
('CI90084','286','ref','custom-selector_4','CI'),
('CI90084','287','NI','0','CI'),
('CI90084','288','FR','0','CI'),
('CI90085','289','ref','custom-selector_4','CI'),
('CI90085','290','NI','0','CI'),
('CI90085','291','FR','0','CI'),
('CI90086','295','ref','custom-selector_4','CI'),
('CI90086','296','NI','0','CI'),
('CI90086','297','FR','0','CI'),
('CI90087','298','ref','custom-selector_5','CI'),
('CI90087','299','NI','0','CI'),
('CI90087','300','FR','0','CI'),
('CI90088','301','ref','custom-selector_5','CI'),
('CI90088','302','NI','1','CI'),
('CI90088','303','FR','1','CI'),
('CI90089','310','ref','custom-input-txAmt','CI'),
('CI90089','311','NI','1','CI'),
('CI90089','312','FR','0','CI'),
('CI90090','316','ref','custom-input-txAmt','CI'),
('CI90090','317','NI','1','CI'),
('CI90090','318','FR','0','CI'),
('CI90091','322','ref','custom-input-txAmt','CI'),
('CI90091','323','NI','1','CI'),
('CI90091','324','FR','0','CI'),
('CI90092','328','ref','custom-selector_4','CI'),
('CI90092','329','NI','0','CI'),
('CI90092','330','FR','0','CI'),
('CI90093','331','ref','custom-selector_4','CI'),
('CI90093','332','NI','1','CI'),
('CI90093','333','FR','1','CI'),
('CI90094','340','ref','custom-selector_4','CI'),
('CI90094','341','NI','0','CI'),
('CI90094','342','FR','0','CI'),
('CI90095','346','ref','custom-input_3','CI'),
('CI90095','347','NI','1','CI'),
('CI90095','348','FR','0','CI'),
('CI90096','352','ref','custom-selector_6','CI'),
('CI90096','353','NI','0','CI'),
('CI90096','354','FR','0','CI'),
('CI90097','355','ref','custom-selector_6','CI'),
('CI90097','356','NI','1','CI'),
('CI90097','357','FR','0','CI'),
('CI90098','364','ref','custom-selector_6','CI'),
('CI90098','365','NI','0','CI'),
('CI90098','366','FR','0','CI'),
('CI90099','370','ref','custom-selector_5','CI'),
('CI90099','371','NI','0','CI'),
('CI90099','372','FR','0','CI'),
('CI90100','373','ref','custom-selector_5','CI'),
('CI90100','374','NI','1','CI'),
('CI90100','375','FR','1','CI'),
('CI90101','382','ref','custom-selector_5','CI'),
('CI90101','383','NI','1','CI'),
('CI90101','384','FR','0','CI'),
('CI90102','388','ref','custom-selector_5','CI'),
('CI90102','389','NI','0','CI'),
('CI90102','390','FR','0','CI'),
('CI90103','394','ref','custom-input_6','CI'),
('CI90103','395','NI','1','CI'),
('CI90103','396','FR','0','CI'),
('CI90104','400','ref','custom-selector_6','CI'),
('CI90104','401','NI','0','CI'),
('CI90104','402','FR','0','CI'),
('CI90105','403','ref','custom-selector_6','CI'),
('CI90105','404','NI','1','CI'),
('CI90105','405','FR','1','CI'),
('CI90106','412','ref','custom-selector_6','CI'),
('CI90106','413','NI','1','CI'),
('CI90106','414','FR','0','CI'),
('CI90107','418','ref','custom-selector_agen','CI'),
('CI90107','419','NI','0','CI'),
('CI90107','420','FR','0','CI'),
('CI90108','421','ref','custom-selector_agen','CI'),
('CI90108','422','NI','1','CI'),
('CI90108','423','FR','1','CI'),
('CI90109','430','ref','custom-selector_agen','CI'),
('CI90109','431','NI','1','CI'),
('CI90109','432','FR','1','CI'),
('CI90110','433','ref','custom-selector_agen','CI'),
('CI90110','434','NI','1','CI'),
('CI90110','435','FR','0','CI'),
('CI90111','445','ref','aui-button_submit','CI'),
('CI90111','446','NI','0','CI'),
('CI90111','447','FR','0','CI'),
('CI90112','451','ref','aui-button_submit','CI'),
('CI90112','452','NI','1','CI'),
('CI90112','453','FR','0','CI'),
('CI90113','454','ref','aui-button_submit','CI'),
('CI90113','455','NI','1','CI'),
('CI90113','456','FR','0','CI'),
('CI90114','457','ref','aui-button_submit','CI'),
('CI90114','458','NI','1','CI'),
('CI90114','459','FR','0','CI'),
('CI90115','463','ref','aui-button_submit','CI'),
('CI90115','464','NI','1','CI'),
('CI90115','465','FR','0','CI'),
('CI90116','466','ref','aui-button_submit','CI'),
('CI90116','467','NI','1','CI'),
('CI90116','468','FR','0','CI'),
('CI90117','469','ref','aui-button_submit','CI'),
('CI90117','470','NI','1','CI'),
('CI90117','471','FR','0','CI'),
('CI90118','472','ref','aui-button_submit','CI'),
('CI90118','473','NI','1','CI'),
('CI90118','474','FR','0','CI'),
('CI90119','475','ref','aui-button_submit','CI'),
('CI90119','476','NI','1','CI'),
('CI90119','477','FR','1','CI'),
('CI90120','478','ref','aui-button_submit','CI'),
('CI90120','479','NI','1','CI'),
('CI90120','480','FR','1','CI'),
('CI90121','481','ref','aui-button_submit','CI'),
('CI90121','482','NI','1','CI'),
('CI90121','483','FR','1','CI'),
('CI90122','487','ref','aui-button_submit','CI'),
('CI90122','488','NI','1','CI'),
('CI90122','489','FR','1','CI'),
('CI90123','493','ref','custom-selector_x_DE_WA','CI'),
('CI90123','494','NI','1','CI'),
('CI90123','495','FR','0','CI'),
('CI90124','496','ref','custom-sel_yesORno','CI'),
('CI90124','497','NI','1','CI'),
('CI90124','498','FR','0','CI'),
('CI90125','499','ref','custom-sel_yesORno','CI'),
('CI90125','500','NI','1','CI'),
('CI90125','501','FR','0','CI'),
('CI90126','508','ref','custom-sel_yesORno','CI'),
('CI90126','509','NI','1','CI'),
('CI90126','510','FR','0','CI'),
('CI90127','514','ref','custom-input_txAm','CI'),
('CI90127','515','NI','1','CI'),
('CI90127','516','FR','0','CI'),
('CI90128','526','ref','custom-input_txAm','CI'),
('CI90128','527','NI','1','CI'),
('CI90128','528','FR','0','CI'),
('CI90129','535','ref','custom-sel_handType','CI'),
('CI90129','536','NI','1','CI'),
('CI90129','537','FR','0','CI'),
('CI90130','538','ref','custom-selector_5','CI'),
('CI90130','539','NI','1','CI'),
('CI90130','540','FR','1','CI'),
('CI90131','541','ref','custom-selector_5','CI'),
('CI90131','542','NI','1','CI'),
('CI90131','543','FR','1','CI'),
('CI90132','550','ref','custom-selector_5','CI'),
('CI90132','551','NI','0','CI'),
('CI90132','552','FR','0','CI'),
('CI90133','556','ref','custom-selector-proxy','CI'),
('CI90133','557','NI','1','CI'),
('CI90133','558','FR','1','CI'),
('CI90134','559','ref','custom-selector-proxy','CI'),
('CI90134','560','NI','1','CI'),
('CI90134','561','FR','1','CI'),
('CI90135','568','ref','input-txAmt','CI'),
('CI90135','569','NI','0','CI'),
('CI90135','570','FR','0','CI'),
('CI90136','574','ref','custom-selector-proxy','CI'),
('CI90136','575','NI','1','CI'),
('CI90136','576','FR','1','CI'),
('CI90137','580','ref','custom-selector-proxy','CI'),
('CI90137','581','NI','1','CI'),
('CI90137','582','FR','1','CI'),
('CI90138','583','ref','custom-selector-proxy','CI'),
('CI90138','584','NI','1','CI'),
('CI90138','585','FR','1','CI'),
('CI90139','586','ref','custom-selector-proxy','CI'),
('CI90139','587','NI','1','CI'),
('CI90139','588','FR','1','CI'),
('CI90140','595','ref','custom-input_6','CI'),
('CI90140','596','NI','0','CI'),
('CI90140','597','FR','0','CI'),
('CI90141','601','ref','custom-selector_8','CI'),
('CI90141','602','NI','1','CI'),
('CI90141','603','FR','1','CI'),
('CI90142','604','ref','custom-selector_8','CI'),
('CI90142','605','NI','1','CI'),
('CI90142','606','FR','1','CI'),
('CI90143','613','ref','custom-input_6','CI'),
('CI90143','614','NI','0','CI'),
('CI90143','615','FR','0','CI'),
('CI90144','619','ref','custom-selector_8','CI'),
('CI90144','620','NI','1','CI'),
('CI90144','621','FR','1','CI'),
('CI90145','625','ref','custom-selector-proxy','CI'),
('CI90145','626','NI','1','CI'),
('CI90145','627','FR','1','CI'),
('CI90146','628','ref','custom-selector-proxy','CI'),
('CI90146','629','NI','1','CI'),
('CI90146','630','FR','1','CI'),
('CI90147','637','ref','custom-input-txAmt','CI'),
('CI90147','638','NI','0','CI'),
('CI90147','639','FR','0','CI'),
('CI90148','643','ref','custom-selector-proxy','CI'),
('CI90148','644','NI','1','CI'),
('CI90148','645','FR','1','CI'),
('CI90149','649','ref','custom-selector-proxy','CI'),
('CI90149','650','NI','1','CI'),
('CI90149','651','FR','1','CI'),
('CI90150','652','ref','custom-selector-proxy','CI'),
('CI90150','653','NI','1','CI'),
('CI90150','654','FR','1','CI'),
('CI90151','655','ref','custom-selector-proxy','CI'),
('CI90151','656','NI','1','CI'),
('CI90151','657','FR','1','CI'),
('CI90152','664','ref','custom-selector-proxy','CI'),
('CI90152','665','NI','1','CI'),
('CI90152','666','FR','1','CI'),
('CI90153','670','ref','custom-selector-proxy','CI'),
('CI90153','671','NI','1','CI'),
('CI90153','672','FR','1','CI'),
('CI90154','673','ref','custom-selector_5','CI'),
('CI90154','674','NI','1','CI'),
('CI90154','675','FR','0','CI'),
('CI90155','676','ref','custom-selector_5','CI'),
('CI90155','677','NI','1','CI'),
('CI90155','678','FR','0','CI'),
('CI90156','682','ref','custom-selector_5','CI'),
('CI90156','683','NI','1','CI'),
('CI90156','684','FR','0','CI'),
('CI90157','688','ref','custom-selector_5','CI'),
('CI90157','689','NI','1','CI'),
('CI90157','690','FR','0','CI'),
('CI90158','691','ref','custom-selector_5','CI'),
('CI90158','692','NI','1','CI'),
('CI90158','693','FR','0','CI'),
('CI90159','694','ref','custom-selector-crtfTypCd1','CI'),
('CI90159','695','NI','1','CI'),
('CI90159','696','FR','0','CI'),
('CI90160','700','ref','custom-selector-crtfTypCd1','CI'),
('CI90160','701','NI','1','CI'),
('CI90160','702','FR','0','CI'),
('CI90161','706','ref','custom-input-cardNo','CI'),
('CI90161','707','NI','1','CI'),
('CI90161','708','FR','0','CI'),
('CI90162','709','ref','custom-selector-agenFlg','CI'),
('CI90162','710','NI','1','CI'),
('CI90162','711','FR','0','CI'),
('CI90163','712','ref','custom-input-accNo1','CI'),
('CI90163','713','NI','1','CI'),
('CI90163','714','FR','0','CI'),
('CI90164','715','ref','custom-selector-agenFlg','CI'),
('CI90164','716','NI','1','CI'),
('CI90164','717','FR','0','CI'),
('CI90165','721','ref','custom-selector-agenFlg','CI'),
('CI90165','722','NI','1','CI'),
('CI90165','723','FR','0','CI'),
('CI90166','724','ref','custom-selector-agenFlg','CI'),
('CI90166','725','NI','1','CI'),
('CI90166','726','FR','0','CI'),
('CI90167','730','ref','custom-selector-agenFlg','CI'),
('CI90167','731','NI','1','CI'),
('CI90167','732','FR','0','CI'),
('CI90168','736','ref','custom-input-inAcctNum','CI'),
('CI90168','737','NI','1','CI'),
('CI90168','738','FR','0','CI'),
('CI90169','745','ref','custom_selector_4','CI'),
('CI90169','746','NI','1','CI'),
('CI90169','747','FR','0','CI'),
('CI90170','748','ref','custom_selector_4','CI'),
('CI90170','749','NI','1','CI'),
('CI90170','750','FR','0','CI'),
('CI90171','751','ref','custom_selector_4','CI'),
('CI90171','752','NI','1','CI'),
('CI90171','753','FR','0','CI'),
('CI90172','754','ref','custom-selector_13','CI'),
('CI90172','755','NI','1','CI'),
('CI90172','756','FR','0','CI'),
('CI90173','757','ref','custom-selector_13','CI'),
('CI90173','758','NI','1','CI'),
('CI90173','759','FR','0','CI'),
('CI90174','760','ref','custom-input_1','CI'),
('CI90174','761','NI','1','CI'),
('CI90174','762','FR','1','CI'),
('CI90175','763','ref','custom-input_3','CI'),
('CI90175','764','NI','1','CI'),
('CI90175','765','FR','0','CI'),
('CI90176','766','ref','custom-input_pasbNum','CI'),
('CI90176','767','NI','1','CI'),
('CI90176','768','FR','0','CI'),
('CI90177','775','ref','custom-input_pasbNum','CI'),
('CI90177','776','NI','1','CI'),
('CI90177','777','FR','0','CI'),
('CI90178','781','ref','custom-input_pasbNum','CI'),
('CI90178','782','NI','1','CI'),
('CI90178','783','FR','0','CI'),
('CI90179','787','ref','custom-input_6','CI'),
('CI90179','788','NI','1','CI'),
('CI90179','789','FR','0','CI'),
('CI90180','796','ref','custom-input_6','CI'),
('CI90180','797','NI','1','CI'),
('CI90180','798','FR','0','CI'),
('CI90181','802','ref','custom-input_7','CI'),
('CI90181','803','NI','1','CI'),
('CI90181','804','FR','0','CI'),
('CI90182','811','ref','custom-input_7','CI'),
('CI90182','812','NI','1','CI'),
('CI90182','813','FR','0','CI'),
('CI90183','817','ref','custom-input_5','CI'),
('CI90183','818','NI','1','CI'),
('CI90183','819','FR','0','CI'),
('CI90184','826','ref','custom-input_5','CI'),
('CI90184','827','NI','1','CI'),
('CI90184','828','FR','0','CI'),
('CI90185','832','ref','custom-input_5','CI'),
('CI90185','833','NI','1','CI'),
('CI90185','834','FR','0','CI'),
('CI90186','841','ref','custom-input_5','CI'),
('CI90186','842','NI','1','CI'),
('CI90186','843','FR','0','CI'),
('CI90187','847','ref','custom-input_txAmt','CI'),
('CI90187','848','NI','1','CI'),
('CI90187','849','FR','0','CI'),
('CI90188','853','ref','custom-input_5','CI'),
('CI90188','854','NI','1','CI'),
('CI90188','855','FR','0','CI'),
('CI90189','859','ref','custom-input_5','CI'),
('CI90189','860','NI','1','CI'),
('CI90189','861','FR','0','CI'),
('CI90190','865','ref','custom-selector_5','CI'),
('CI90190','866','NI','1','CI'),
('CI90190','867','FR','0','CI'),
('CI90191','868','ref','custom-selector_5','CI'),
('CI90191','869','NI','1','CI'),
('CI90191','870','FR','0','CI'),
('CI90192','877','ref','custom-sel_yesORno','CI'),
('CI90192','878','NI','1','CI'),
('CI90192','879','FR','0','CI'),
('CI90193','880','ref','custom-input_txAm','CI'),
('CI90193','881','NI','1','CI'),
('CI90193','882','FR','0','CI'),
('CI90194','886','ref','custom-sel_yesORno','CI'),
('CI90194','887','NI','1','CI'),
('CI90194','888','FR','0','CI'),
('CI90195','892','ref','custom-selector-proxy','CI'),
('CI90195','893','NI','1','CI'),
('CI90195','894','FR','0','CI'),
('CI90196','895','ref','custom-selector-proxy','CI'),
('CI90196','896','NI','1','CI'),
('CI90196','897','FR','0','CI'),
('CI90197','904','ref','custom-selector-proxy','CI'),
('CI90197','905','NI','1','CI'),
('CI90197','906','FR','0','CI'),
('CI90198','910','ref','custom-selector-proxy','CI'),
('CI90198','911','NI','1','CI'),
('CI90198','912','FR','0','CI'),
('CI90199','913','ref','custom-selector-proxy','CI'),
('CI90199','914','NI','1','CI'),
('CI90199','915','FR','0','CI'),
('CI90200','916','ref','custom-selector-proxy','CI'),
('CI90200','917','NI','1','CI'),
('CI90200','918','FR','0','CI'),
('CI90201','925','ref','custom-selector-proxy','CI'),
('CI90201','926','NI','1','CI'),
('CI90201','927','FR','0','CI'),
('CI90202','931','ref','custom-selector-proxy','CI'),
('CI90202','932','NI','1','CI'),
('CI90202','933','FR','0','CI'),
('CI90203','934','ref','custom-input-txAmt','CI'),
('CI90203','935','NI','1','CI'),
('CI90203','936','FR','0','CI'),
('CI90204','940','ref','custom-selector-proxy','CI'),
('CI90204','941','NI','1','CI'),
('CI90204','942','FR','0','CI'),
('CI90205','943','ref','custom-selector-proxy','CI'),
('CI90205','944','NI','1','CI'),
('CI90205','945','FR','0','CI'),
('CI90206','952','ref','custom-selector-agenFlg','CI'),
('CI90206','953','NI','1','CI'),
('CI90206','954','FR','0','CI'),
('CI90207','955','ref','custom-selector-agenFlg','CI'),
('CI90207','956','NI','1','CI'),
('CI90207','957','FR','0','CI'),
('CI90208','964','ref','custom-selector_5','CI'),
('CI90208','965','NI','1','CI'),
('CI90208','966','FR','0','CI'),
('CI90209','967','ref','custom-selector_5','CI'),
('CI90209','968','NI','1','CI'),
('CI90209','969','FR','0','CI'),
('CI90210','976','ref','custom-input-txAmt','CI'),
('CI90210','977','NI','1','CI'),
('CI90210','978','FR','0','CI'),
('CI90211','982','ref','custom-selector-proxy','CI'),
('CI90211','983','NI','1','CI'),
('CI90211','984','FR','0','CI'),
('CI90212','985','ref','custom-selector-proxy','CI'),
('CI90212','986','NI','1','CI'),
('CI90212','987','FR','0','CI'),
('CI90213','994','ref','custom-selector-proxy','CI'),
('CI90213','995','NI','1','CI'),
('CI90213','996','FR','0','CI'),
('CI90214','1000','ref','custom-selector-proxy','CI'),
('CI90214','1001','NI','1','CI'),
('CI90214','1002','FR','0','CI'),
('CI90215','1003','ref','custom-selector-proxy','CI'),
('CI90215','1004','NI','1','CI'),
('CI90215','1005','FR','0','CI'),
('CI90216','1006','ref','custom-selector-proxy','CI'),
('CI90216','1007','NI','1','CI'),
('CI90216','1008','FR','0','CI'),
('CI90217','1015','ref','custom-input-txAmt','CI'),
('CI90217','1016','NI','1','CI'),
('CI90217','1017','FR','0','CI'),
('CI90218','1021','ref','custom-input-accOther','CI'),
('CI90218','1022','NI','0','CI'),
('CI90218','1023','FR','0','CI'),
('CI90219','1033','ref','custom-input-accOther','CI'),
('CI90219','1034','NI','1','CI'),
('CI90219','1035','FR','0','CI'),
('CI90220','1039','ref','custom-input-payFeeCardNoOrAcctNo','CI'),
('CI90220','1040','NI','1','CI'),
('CI90220','1041','FR','0','CI'),
('CI90221','1048','ref','custom-input-recvrAcctNo','CI'),
('CI90221','1049','NI','1','CI'),
('CI90221','1050','FR','0','CI'),
('CI90222','1054','ref','input-txAmt','CI'),
('CI90222','1055','NI','1','CI'),
('CI90222','1056','FR','0','CI'),
('CI90223','1057','ref','custom-selector-proxy','CI'),
('CI90223','1058','NI','1','CI'),
('CI90223','1059','FR','0','CI'),
('CI90224','1060','ref','custom-selector-proxy','CI'),
('CI90224','1061','NI','1','CI'),
('CI90224','1062','FR','0','CI'),
('CI90225','1063','ref','custom-selector_5','CI'),
('CI90225','1064','NI','1','CI'),
('CI90225','1065','FR','0','CI'),
('CI90226','1066','ref','custom-input_6','CI'),
('CI90226','1067','NI','1','CI'),
('CI90226','1068','FR','0','CI'),
('CI90227','1069','ref','custom-selector_8','CI'),
('CI90227','1070','NI','1','CI'),
('CI90227','1071','FR','0','CI'),
('CI90228','1072','ref','custom-input-txAmt','CI'),
('CI90228','1073','NI','1','CI'),
('CI90228','1074','FR','0','CI'),
('CI90229','1075','ref','aui-button-submit','CI'),
('CI90229','1076','NI','1','CI'),
('CI90229','1077','FR','0','CI'),
('CI90230','1078','ref','aui-button-submit','CI'),
('CI90230','1079','NI','1','CI'),
('CI90230','1080','FR','0','CI'),
('CI90231','1081','ref','custom-selector_1','CI'),
('CI90231','1082','NI','1','CI'),
('CI90231','1083','FR','0','CI'),
('CI90232','1084','ref','custom-input_CUST_NO','CI'),
('CI90232','1085','NI','1','CI'),
('CI90232','1086','FR','0','CI');