
SET AUTOCOMMIT=0;
BEGIN;

  
-- IB_OM_RULE_INFO insert
INSERT INTO IB_OM_RULE_INFO (RULE_NO,RULE_TYP_CD,HOLI_FLG,RULE_TRI_POSITION,SUIT_CHNL_SCP,SUIT_LPR_SCP,SUIT_ORG_SCP,SUIT_TX_SCP,RULE_COMNT,EFFT_FLG,OPER_TELR_NO,OPER_DT,OPER_RSN) VALUES

("020000","CV","N","1","TE","9999","*,","09999999","强制触发","1","900001","2019-08-13","批量新增"),
("020001","CV","N","1","TE","9999","*,","00302007","强制触发","1","900001","2019-08-13","批量新增"),
("020002","CV","N","1","TE","9999","*,","00301002","强制触发","1","900001","2019-08-13","批量新增"),
("020003","CV","N","1","TE","9999","*,","00301005","强制触发","1","900001","2019-08-13","批量新增"),
("020004","CV","N","1","TE","9999","*,","00302004","强制触发","1","900001","2019-08-13","批量新增"),
("020005","CV","N","1","TE","9999","*,","00305006","强制触发","1","900001","2019-08-13","批量新增"),
("020006","CV","N","1","TE","9999","*,","00303007","强制触发","1","900001","2019-08-13","批量新增"),
("020007","CV","N","1","TE","9999","*,","00503002","强制触发","1","900001","2019-08-13","批量新增"),
("020008","CV","N","1","TE","9999","*,","00502002","强制触发","1","900001","2019-08-13","批量新增"),
("020009","CV","N","1","TE","9999","*,","00502004","强制触发","1","900001","2019-08-13","批量新增"),
("020010","CV","N","1","TE","9999","*,","00501001","强制触发","1","900001","2019-08-13","批量新增"),
("020011","CV","N","1","TE","9999","*,","00501002","强制触发","1","900001","2019-08-13","批量新增"),
("020012","CV","N","1","TE","9999","*,","00501002","强制触发","1","900001","2019-08-13","批量新增"),
("020013","CV","N","1","TE","9999","*,","00501002","强制触发","1","900001","2019-08-13","批量新增"),
("020014","CV","N","1","TE","9999","*,","00502102","强制触发","1","900001","2019-08-13","批量新增"),
("020015","CV","N","1","TE","9999","*,","00502104","强制触发","1","900001","2019-08-13","批量新增"),
("020016","CV","N","1","TE","9999","*,","00502201","强制触发","1","900001","2019-08-13","批量新增"),
("020017","CV","N","1","TE","9999","*,","00502008","强制触发","1","900001","2019-08-13","批量新增"),
("020018","CV","N","1","TE","9999","*,","00502010","强制触发","1","900001","2019-08-13","批量新增"),
("020019","CV","N","1","TE","9999","*,","00302017","强制触发","1","900001","2019-08-13","批量新增"),
("020020","CV","N","1","TE","9999","*,","00303006","强制触发","1","900001","2019-08-13","批量新增"),
("020021","CV","N","1","TE","9999","*,","00201013","强制触发","1","900001","2019-08-13","批量新增"),
("020022","CV","N","1","TE","9999","*,","00201014","强制触发","1","900001","2019-08-13","批量新增"),
("020023","CV","N","1","TE","9999","*,","00201014","强制触发","1","900001","2019-08-13","批量新增"),
("020024","CV","N","1","TE","9999","*,","00201015","强制触发","1","900001","2019-08-13","批量新增"),
("020025","CV","N","1","TE","9999","*,","00201016","强制触发","1","900001","2019-08-13","批量新增"),
("020026","CV","N","1","TE","9999","*,","00201016","强制触发","1","900001","2019-08-13","批量新增"),
("020027","CV","N","1","TE","9999","*,","00201016","强制触发","1","900001","2019-08-13","批量新增"),
("020028","CV","N","1","TE","9999","*,","00301017","强制触发","1","900001","2019-08-13","批量新增"),
("020029","CV","N","1","TE","9999","*,","00301015","强制触发","1","900001","2019-08-13","批量新增"),
("020030","CV","N","1","TE","9999","*,","00302018","强制触发","1","900001","2019-08-13","批量新增"),
("020031","CV","N","1","TE","9999","*,","00302013","强制触发","1","900001","2019-08-13","批量新增"),
("020032","CV","N","1","TE","9999","*,","00301007","强制触发","1","900001","2019-08-13","批量新增"),
("020033","CV","N","1","TE","9999","*,","00302014","强制触发","1","900001","2019-08-13","批量新增"),
("020034","CV","N","1","TE","9999","*,","00301003","强制触发","1","900001","2019-08-13","批量新增"),
("020035","CV","N","1","TE","9999","*,","00301004","强制触发","1","900001","2019-08-13","批量新增"),
("020036","CV","N","1","TE","9999","*,","00302002","强制触发","1","900001","2019-08-13","批量新增"),
("020037","CV","N","1","TE","9999","*,","00302003","强制触发","1","900001","2019-08-13","批量新增"),
("020038","CV","N","1","TE","9999","*,","00302006","强制触发","1","900001","2019-08-13","批量新增"),
("020039","CV","N","1","TE","9999","*,","00301006","强制触发","1","900001","2019-08-13","批量新增"),
("020040","CV","N","1","TE","9999","*,","00301016","强制触发","1","900001","2019-08-13","批量新增"),
("020041","CV","N","1","TE","9999","*,","00301018","强制触发","1","900001","2019-08-13","批量新增"),
("020042","CV","N","1","TE","9999","*,","00302004","强制触发","1","900001","2019-08-13","批量新增"),
("020043","CV","N","1","TE","9999","*,","00201011","强制触发","1","900001","2019-08-13","批量新增"),
("020044","CV","N","1","TE","9999","*,","00201011","强制触发","1","900001","2019-08-13","批量新增"),
("020045","CV","N","1","TE","9999","*,","00201012","强制触发","1","900001","2019-08-13","批量新增"),
("020046","CV","N","1","TE","9999","*,","00201018","强制触发","1","900001","2019-08-13","批量新增"),
("020047","CV","N","1","TE","9999","*,","00302021","强制触发","1","900001","2019-08-13","批量新增"),
("020048","CV","N","1","TE","9999","*,","00302022","强制触发","1","900001","2019-08-13","批量新增"),
("020049","CV","N","1","TE","9999","*,","00303005","强制触发","1","900001","2019-08-13","批量新增"),
("020050","CV","N","1","TE","9999","*,","00201021","强制触发","1","900001","2019-08-13","批量新增"),
("020051","CV","N","1","TE","9999","*,","00201022","强制触发","1","900001","2019-08-13","批量新增"),
("020052","CV","N","1","TE","9999","*,","00301014","强制触发","1","900001","2019-08-13","批量新增"),
("020053","CV","N","1","TE","9999","*,","00302005","强制触发","1","900001","2019-08-13","批量新增"),
("020054","CV","N","1","TE","9999","*,","00302019","强制触发","1","900001","2019-08-13","批量新增"),
("020055","CV","N","1","TE","9999","*,","00302020","强制触发","1","900001","2019-08-13","批量新增"),
("020056","CV","N","1","TE","9999","*,","00201002","强制触发","1","900001","2019-08-13","批量新增"),
("020057","CV","N","1","TE","9999","*,","00302008","强制触发","1","900001","2019-08-13","批量新增"),
("020058","CV","N","1","TE","9999","*,","00302009","强制触发","1","900001","2019-08-13","批量新增"),
("020059","CV","N","1","TE","9999","*,","00302010","强制触发","1","900001","2019-08-13","批量新增"),
("020060","CV","N","1","TE","9999","*,","00301009","强制触发","1","900001","2019-08-13","批量新增"),
("020061","CV","N","1","TE","9999","*,","00301010","强制触发","1","900001","2019-08-13","批量新增"),
("020062","CV","N","1","TE","9999","*,","00301012","强制触发","1","900001","2019-08-13","批量新增"),
("020063","CV","N","1","TE","9999","*,","00301011","强制触发","1","900001","2019-08-13","批量新增"),
("020064","CV","N","1","TE","9999","*,","00301013","强制触发","1","900001","2019-08-13","批量新增"),
("020065","CV","N","1","TE","9999","*,","00302011","强制触发","1","900001","2019-08-13","批量新增"),
("020066","CV","N","1","TE","9999","*,","00201001","强制触发","1","900001","2019-08-13","批量新增"),
("020067","CV","N","1","TE","9999","*,","00201003","强制触发","1","900001","2019-08-13","批量新增"),
("020068","CV","N","1","TE","9999","*,","00201005","强制触发","1","900001","2019-08-13","批量新增"),
("020069","CV","N","1","TE","9999","*,","00201005","强制触发","1","900001","2019-08-13","批量新增"),
("020070","CV","N","1","TE","9999","*,","00201008","强制触发","1","900001","2019-08-13","批量新增"),
("020071","CV","N","1","TE","9999","*,","00103001","强制触发","1","900001","2019-08-13","批量新增"),
("020072","CV","N","1","TE","9999","*,","00101001","强制触发","1","900001","2019-08-13","批量新增"),
("020073","CV","N","1","TE","9999","*,","00101001_1","强制触发","1","900001","2019-08-13","批量新增"),
("020074","CV","N","1","TE","9999","*,","00103002","强制触发","1","900001","2019-08-13","批量新增"),
("020075","CV","N","1","TE","9999","*,","00503012_1","强制触发","1","900001","2019-08-13","批量新增"),
("020076","CV","N","1","TE","9999","*,","00103005","强制触发","1","900001","2019-08-13","批量新增"),
("020077","CV","N","1","TE","9999","*,","00101002","强制触发","1","900001","2019-08-13","批量新增"),
("020078","CV","N","1","TE","9999","*,","00103003","强制触发","1","900001","2019-08-13","批量新增"),
("020079","CV","N","1","TE","9999","*,","00103004","强制触发","1","900001","2019-08-13","批量新增"),
("020080","CV","N","1","TE","9999","*,","00502202","强制触发","1","900001","2019-08-13","批量新增"),
("020081","CV","N","1","TE","9999","*,","00502306","强制触发","1","900001","2019-08-13","批量新增"),
("020082","CV","N","1","TE","9999","*,","00502307","强制触发","1","900001","2019-08-13","批量新增"),
("020083","CV","N","1","TE","9999","*,","00502314_2","强制触发","1","900001","2019-08-13","批量新增"),
("020084","CV","N","1","TE","9999","*,","00502314_3","强制触发","1","900001","2019-08-13","批量新增"),
("020085","CV","N","1","TE","9999","*,","00101005","强制触发","1","900001","2019-08-13","批量新增"),
("020086","CV","N","1","TE","9999","*,","00101003_1","强制触发","1","900001","2019-08-13","批量新增"),
("020087","CV","N","1","TE","9999","*,","00101007","强制触发","1","900001","2019-08-13","批量新增"),
("020088","CV","N","1","TE","9999","*,","00401020","强制触发","1","900001","2019-08-13","批量新增"),
("020089","CV","N","1","TE","9999","*,","00401021","强制触发","1","900001","2019-08-13","批量新增"),
("020090","CV","N","1","TE","9999","*,","00502203","强制触发","1","900001","2019-08-13","批量新增"),
("020091","CV","N","1","TE","9999","*,","00502204","强制触发","1","900001","2019-08-13","批量新增"),
("020092","CV","N","1","TE","9999","*,","00502205","强制触发","1","900001","2019-08-13","批量新增"),
("020093","CV","N","1","TE","9999","*,","00504009","强制触发","1","900001","2019-08-13","批量新增"),
("020094","CV","N","1","TE","9999","*,","00602004","强制触发","1","900001","2019-08-13","批量新增"),
("020095","CV","N","1","TE","9999","*,","00603002","强制触发","1","900001","2019-08-13","批量新增"),
("020096","CV","N","1","TE","9999","*,","00603001","强制触发","1","900001","2019-08-13","批量新增"),
("020097","CV","N","1","TE","9999","*,","00602001","强制触发","1","900001","2019-08-13","批量新增"),
("020098","CV","N","1","TE","9999","*,","00602003","强制触发","1","900001","2019-08-13","批量新增"),
("020099","CV","N","1","TE","9999","*,","00502301","强制触发","1","900001","2019-08-13","批量新增"),
("020100","CV","N","1","TE","9999","*,","00502302","强制触发","1","900001","2019-08-13","批量新增"),
("020101","CV","N","1","TE","9999","*,","00502303","强制触发","1","900001","2019-08-13","批量新增"),
("020102","CV","N","1","TE","9999","*,","00502304","强制触发","1","900001","2019-08-13","批量新增"),
("020103","CV","N","1","TE","9999","*,","00502305","强制触发","1","900001","2019-08-13","批量新增"),
("020104","CV","N","1","TE","9999","*,","00502308","强制触发","1","900001","2019-08-13","批量新增"),
("020105","CV","N","1","TE","9999","*,","00102004","强制触发","1","900001","2019-08-13","批量新增"),
("020106","CV","N","1","TE","9999","*,","00102007","强制触发","1","900001","2019-08-13","批量新增"),
("020107","CV","N","1","TE","9999","*,","00407002","强制触发","1","900001","2019-08-13","批量新增"),
("020108","CV","N","1","TE","9999","*,","00407001","强制触发","1","900001","2019-08-13","批量新增"),
("020109","CV","N","1","TE","9999","*,","00407002_1","强制触发","1","900001","2019-08-13","批量新增"),
("020110","CV","N","1","TE","9999","*,","00302016","强制触发","1","900001","2019-08-13","批量新增");
-- IB_OM_RULECOND_RLT insert
INSERT INTO IB_OM_RULECOND_RLT (RULE_COND_NO,CMPL_MODE_FLG,OPRTN_RULE_NO) VALUES

("CV20000","0","020000"),
("CV20001","0","020001"),
("CV20002","0","020002"),
("CV20003","0","020003"),
("CV20004","0","020004"),
("CV20005","0","020005"),
("CV20006","0","020006"),
("CV20007","0","020007"),
("CV20008","0","020008"),
("CV20009","0","020009"),
("CV20010","0","020010"),
("CV20011","0","020011"),
("CV20012","0","020012"),
("CV20013","0","020013"),
("CV20014","0","020014"),
("CV20015","0","020015"),
("CV20016","0","020016"),
("CV20017","0","020017"),
("CV20018","0","020018"),
("CV20019","0","020019"),
("CV20020","0","020020"),
("CV20021","0","020021"),
("CV20022","0","020022"),
("CV20023","0","020023"),
("CV20024","0","020024"),
("CV20025","0","020025"),
("CV20026","0","020026"),
("CV20027","0","020027"),
("CV20028","0","020028"),
("CV20029","0","020029"),
("CV20030","0","020030"),
("CV20031","0","020031"),
("CV20032","0","020032"),
("CV20033","0","020033"),
("CV20034","0","020034"),
("CV20035","0","020035"),
("CV20036","0","020036"),
("CV20037","0","020037"),
("CV20038","0","020038"),
("CV20039","0","020039"),
("CV20040","0","020040"),
("CV20041","0","020041"),
("CV20042","0","020042"),
("CV20043","0","020043"),
("CV20044","0","020044"),
("CV20045","0","020045"),
("CV20046","0","020046"),
("CV20047","0","020047"),
("CV20048","0","020048"),
("CV20049","0","020049"),
("CV20050","0","020050"),
("CV20051","0","020051"),
("CV20052","0","020052"),
("CV20053","0","020053"),
("CV20054","0","020054"),
("CV20055","0","020055"),
("CV20056","0","020056"),
("CV20057","0","020057"),
("CV20058","0","020058"),
("CV20059","0","020059"),
("CV20060","0","020060"),
("CV20061","0","020061"),
("CV20062","0","020062"),
("CV20063","0","020063"),
("CV20064","0","020064"),
("CV20065","0","020065"),
("CV20066","0","020066"),
("CV20067","0","020067"),
("CV20068","0","020068"),
("CV20069","0","020069"),
("CV20070","0","020070"),
("CV20071","0","020071"),
("CV20072","0","020072"),
("CV20073","0","020073"),
("CV20074","0","020074"),
("CV20075","0","020075"),
("CV20076","0","020076"),
("CV20077","0","020077"),
("CV20078","0","020078"),
("CV20079","0","020079"),
("CV20080","0","020080"),
("CV20081","0","020081"),
("CV20082","0","020082"),
("CV20083","0","020083"),
("CV20084","0","020084"),
("CV20085","0","020085"),
("CV20086","0","020086"),
("CV20087","0","020087"),
("CV20088","0","020088"),
("CV20089","0","020089"),
("CV20090","0","020090"),
("CV20091","0","020091"),
("CV20092","0","020092"),
("CV20093","0","020093"),
("CV20094","0","020094"),
("CV20095","0","020095"),
("CV20096","0","020096"),
("CV20097","0","020097"),
("CV20098","0","020098"),
("CV20099","0","020099"),
("CV20100","0","020100"),
("CV20101","0","020101"),
("CV20102","0","020102"),
("CV20103","0","020103"),
("CV20104","0","020104"),
("CV20105","0","020105"),
("CV20106","0","020106"),
("CV20107","0","020107"),
("CV20108","0","020108"),
("CV20109","0","020109"),
("CV20110","0","020110");
-- IB_OM_MODE_INFO insert
INSERT INTO IB_OM_MODE_INFO (RULE_MODE_NO,FIELD_SEQ_NO,FIELD_NM,FIELD_DICTRY_NM,RULE_MODE_TYP_CD) VALUES

("CV20000","1","ref","accNo","CV"),
("CV20000","2","CV","1","CV"),
("CV20000","3","CC","1","CV"),
("CV20000","4","CF","1","CV"),
("CV20000","5","IC","1","CV"),
("CV20001","6","ref","custom-input-custAcctNo","CV"),
("CV20001","7","CV","1","CV"),
("CV20001","8","CC","1","CV"),
("CV20001","9","CF","1","CV"),
("CV20001","10","IC","1","CV"),
("CV20002","11","ref","custom-input-custAcctNo","CV"),
("CV20002","12","CV","1","CV"),
("CV20002","13","CC","1","CV"),
("CV20002","14","CF","1","CV"),
("CV20002","15","IC","1","CV"),
("CV20003","16","ref","custom-input-custAcctNo","CV"),
("CV20003","17","CV","1","CV"),
("CV20003","18","CC","1","CV"),
("CV20003","19","CF","1","CV"),
("CV20003","20","IC","1","CV"),
("CV20004","21","ref","custom-input-custAcctNo","CV"),
("CV20004","22","CV","1","CV"),
("CV20004","23","CC","1","CV"),
("CV20004","24","CF","1","CV"),
("CV20004","25","IC","1","CV"),
("CV20005","26","ref","custom-input-1","CV"),
("CV20005","27","CV","1","CV"),
("CV20005","28","CC","1","CV"),
("CV20005","29","CF","1","CV"),
("CV20005","30","IC","1","CV"),
("CV20006","31","ref","custom-input-1","CV"),
("CV20006","32","CV","1","CV"),
("CV20006","33","CC","1","CV"),
("CV20006","34","CF","2","CV"),
("CV20006","35","IC","2","CV"),
("CV20007","36","ref","custom-input_4","CV"),
("CV20007","37","CV","1","CV"),
("CV20007","38","CC","1","CV"),
("CV20007","39","CF","1","CV"),
("CV20007","40","IC","1","CV"),
("CV20008","41","ref","custom-input_4","CV"),
("CV20008","42","CV","1","CV"),
("CV20008","43","CC","1","CV"),
("CV20008","44","CF","1","CV"),
("CV20008","45","IC","1","CV"),
("CV20009","46","ref","custom-input_4","CV"),
("CV20009","47","CV","1","CV"),
("CV20009","48","CC","1","CV"),
("CV20009","49","CF","1","CV"),
("CV20009","50","IC","1","CV"),
("CV20010","51","ref","custom-input_6","CV"),
("CV20010","52","CV","1","CV"),
("CV20010","53","CC","1","CV"),
("CV20010","54","CF","1","CV"),
("CV20010","55","IC","1","CV"),
("CV20011","56","ref","custom-input_1","CV"),
("CV20011","57","CV","1","CV"),
("CV20011","58","CC","1","CV"),
("CV20011","59","CF","1","CV"),
("CV20011","60","IC","1","CV"),
("CV20012","61","ref","custom-input_9","CV"),
("CV20012","62","CV","1","CV"),
("CV20012","63","CC","1","CV"),
("CV20012","64","CF","1","CV"),
("CV20012","65","IC","1","CV"),
("CV20013","66","ref","custom-input_6","CV"),
("CV20013","67","CV","1","CV"),
("CV20013","68","CC","1","CV"),
("CV20013","69","CF","1","CV"),
("CV20013","70","IC","1","CV"),
("CV20014","71","ref","custom-input_4","CV"),
("CV20014","72","CV","1","CV"),
("CV20014","73","CC","1","CV"),
("CV20014","74","CF","1","CV"),
("CV20014","75","IC","1","CV"),
("CV20015","76","ref","custom-selector_3","CV"),
("CV20015","77","CV","1","CV"),
("CV20015","78","CC","1","CV"),
("CV20015","79","CF","1","CV"),
("CV20015","80","IC","1","CV"),
("CV20016","81","ref","custom-selector_6","CV"),
("CV20016","82","CV","1","CV"),
("CV20016","83","CC","1","CV"),
("CV20016","84","CF","1","CV"),
("CV20016","85","IC","1","CV"),
("CV20017","86","ref","customer","CV"),
("CV20017","87","CV","1","CV"),
("CV20017","88","CC","1","CV"),
("CV20017","89","CF","1","CV"),
("CV20017","90","IC","1","CV"),
("CV20018","91","ref","custom-input_2","CV"),
("CV20018","92","CV","1","CV"),
("CV20018","93","CC","1","CV"),
("CV20018","94","CF","1","CV"),
("CV20018","95","IC","1","CV"),
("CV20019","96","ref","custom-input_1","CV"),
("CV20019","97","CV","1","CV"),
("CV20019","98","CC","1","CV"),
("CV20019","99","CF","1","CV"),
("CV20019","100","IC","1","CV"),
("CV20020","101","ref","custom-input-1","CV"),
("CV20020","102","CV","1","CV"),
("CV20020","103","CC","1","CV"),
("CV20020","104","CF","1","CV"),
("CV20020","105","IC","1","CV"),
("CV20021","106","ref","custom-input_4","CV"),
("CV20021","107","CV","1","CV"),
("CV20021","108","CC","1","CV"),
("CV20021","109","CF","1","CV"),
("CV20021","110","IC","1","CV"),
("CV20022","111","ref","custom-input-accNo1","CV"),
("CV20022","112","CV","1","CV"),
("CV20022","113","CC","1","CV"),
("CV20022","114","CF","1","CV"),
("CV20022","115","IC","1","CV"),
("CV20023","116","ref","custom-input-oldCardCardNo","CV"),
("CV20023","117","CV","1","CV"),
("CV20023","118","CC","1","CV"),
("CV20023","119","CF","1","CV"),
("CV20023","120","IC","1","CV"),
("CV20024","121","ref","custom-input_1","CV"),
("CV20024","122","CV","1","CV"),
("CV20024","123","CC","1","CV"),
("CV20024","124","CF","1","CV"),
("CV20024","125","IC","1","CV"),
("CV20025","126","ref","custom-input-accNo1","CV"),
("CV20025","127","CV","1","CV"),
("CV20025","128","CC","1","CV"),
("CV20025","129","CF","1","CV"),
("CV20025","130","IC","1","CV"),
("CV20026","131","ref","custom-input-oldCardCardNo","CV"),
("CV20026","132","CV","1","CV"),
("CV20026","133","CC","1","CV"),
("CV20026","134","CF","1","CV"),
("CV20026","135","IC","1","CV"),
("CV20027","136","ref","custom-input-cardNo","CV"),
("CV20027","137","CV","1","CV"),
("CV20027","138","CC","1","CV"),
("CV20027","139","CF","1","CV"),
("CV20027","140","IC","1","CV"),
("CV20028","141","ref","custom-input-custAcctNo","CV"),
("CV20028","142","CV","1","CV"),
("CV20028","143","CC","1","CV"),
("CV20028","144","CF","1","CV"),
("CV20028","145","IC","1","CV"),
("CV20029","146","ref","custom-input-custAcctNo","CV"),
("CV20029","147","CV","1","CV"),
("CV20029","148","CC","1","CV"),
("CV20029","149","CF","1","CV"),
("CV20029","150","IC","1","CV"),
("CV20030","151","ref","custom-input-custAcctNo","CV"),
("CV20030","152","CV","1","CV"),
("CV20030","153","CC","1","CV"),
("CV20030","154","CF","1","CV"),
("CV20030","155","IC","1","CV"),
("CV20031","156","ref","custom-input-custAcctNo","CV"),
("CV20031","157","CV","1","CV"),
("CV20031","158","CC","1","CV"),
("CV20031","159","CF","1","CV"),
("CV20031","160","IC","1","CV"),
("CV20032","161","ref","custom-input_custAn","CV"),
("CV20032","162","CV","1","CV"),
("CV20032","163","CC","1","CV"),
("CV20032","164","CF","1","CV"),
("CV20032","165","IC","1","CV"),
("CV20033","166","ref","custom-input_Acct_Num","CV"),
("CV20033","167","CV","1","CV"),
("CV20033","168","CC","1","CV"),
("CV20033","169","CF","1","CV"),
("CV20033","170","IC","1","CV"),
("CV20034","171","ref","custom-input_1","CV"),
("CV20034","172","CV","1","CV"),
("CV20034","173","CC","1","CV"),
("CV20034","174","CF","2","CV"),
("CV20034","175","IC","2","CV"),
("CV20035","176","ref","custom-input_1","CV"),
("CV20035","177","CV","1","CV"),
("CV20035","178","CC","1","CV"),
("CV20035","179","CF","2","CV"),
("CV20035","180","IC","2","CV"),
("CV20036","181","ref","custom-input-custAcctNo","CV"),
("CV20036","182","CV","1","CV"),
("CV20036","183","CC","1","CV"),
("CV20036","184","CF","1","CV"),
("CV20036","185","IC","1","CV"),
("CV20037","186","ref","custom-input_1","CV"),
("CV20037","187","CV","1","CV"),
("CV20037","188","CC","1","CV"),
("CV20037","189","CF","1","CV"),
("CV20037","190","IC","1","CV"),
("CV20038","191","ref","custom-input_1","CV"),
("CV20038","192","CV","1","CV"),
("CV20038","193","CC","1","CV"),
("CV20038","194","CF","1","CV"),
("CV20038","195","IC","1","CV"),
("CV20039","196","ref","custom-input_1","CV"),
("CV20039","197","CV","1","CV"),
("CV20039","198","CC","1","CV"),
("CV20039","199","CF","1","CV"),
("CV20039","200","IC","1","CV"),
("CV20040","201","ref","custom-input-custAcctNo","CV"),
("CV20040","202","CV","1","CV"),
("CV20040","203","CC","1","CV"),
("CV20040","204","CF","1","CV"),
("CV20040","205","IC","1","CV"),
("CV20041","206","ref","custom-input-custAcctNo","CV"),
("CV20041","207","CV","1","CV"),
("CV20041","208","CC","1","CV"),
("CV20041","209","CF","1","CV"),
("CV20041","210","IC","1","CV"),
("CV20042","211","ref","custom-input-custAcctNo","CV"),
("CV20042","212","CV","1","CV"),
("CV20042","213","CC","1","CV"),
("CV20042","214","CF","1","CV"),
("CV20042","215","IC","1","CV"),
("CV20043","216","ref","custom-input-accnum","CV"),
("CV20043","217","CV","1","CV"),
("CV20043","218","CC","1","CV"),
("CV20043","219","CF","1","CV"),
("CV20043","220","IC","1","CV"),
("CV20044","221","ref","custom-input-accnum2","CV"),
("CV20044","222","CV","1","CV"),
("CV20044","223","CC","1","CV"),
("CV20044","224","CF","1","CV"),
("CV20044","225","IC","1","CV"),
("CV20045","226","ref","custom-input_1","CV"),
("CV20045","227","CV","1","CV"),
("CV20045","228","CC","1","CV"),
("CV20045","229","CF","1","CV"),
("CV20045","230","IC","1","CV"),
("CV20046","231","ref","custom-input_1","CV"),
("CV20046","232","CV","1","CV"),
("CV20046","233","CC","1","CV"),
("CV20046","234","CF","1","CV"),
("CV20046","235","IC","1","CV"),
("CV20047","236","ref","custom-input_1","CV"),
("CV20047","237","CV","1","CV"),
("CV20047","238","CC","1","CV"),
("CV20047","239","CF","1","CV"),
("CV20047","240","IC","1","CV"),
("CV20048","241","ref","custom-input_1","CV"),
("CV20048","242","CV","1","CV"),
("CV20048","243","CC","1","CV"),
("CV20048","244","CF","1","CV"),
("CV20048","245","IC","1","CV"),
("CV20049","246","ref","custom-input_1","CV"),
("CV20049","247","CV","1","CV"),
("CV20049","248","CC","1","CV"),
("CV20049","249","CF","1","CV"),
("CV20049","250","IC","1","CV"),
("CV20050","251","ref","custom-input_1","CV"),
("CV20050","252","CV","1","CV"),
("CV20050","253","CC","1","CV"),
("CV20050","254","CF","1","CV"),
("CV20050","255","IC","1","CV"),
("CV20051","256","ref","custom-input_1","CV"),
("CV20051","257","CV","1","CV"),
("CV20051","258","CC","1","CV"),
("CV20051","259","CF","1","CV"),
("CV20051","260","IC","1","CV"),
("CV20052","261","ref","custom-input_1","CV"),
("CV20052","262","CV","1","CV"),
("CV20052","263","CC","1","CV"),
("CV20052","264","CF","1","CV"),
("CV20052","265","IC","1","CV"),
("CV20053","266","ref","accNumID","CV"),
("CV20053","267","CV","1","CV"),
("CV20053","268","CC","1","CV"),
("CV20053","269","CF","1","CV"),
("CV20053","270","IC","1","CV"),
("CV20054","271","ref","accNumID","CV"),
("CV20054","272","CV","1","CV"),
("CV20054","273","CC","1","CV"),
("CV20054","274","CF","1","CV"),
("CV20054","275","IC","1","CV"),
("CV20055","276","ref","accNumID","CV"),
("CV20055","277","CV","1","CV"),
("CV20055","278","CC","1","CV"),
("CV20055","279","CF","1","CV"),
("CV20055","280","IC","1","CV"),
("CV20056","281","ref","custom-input_1","CV"),
("CV20056","282","CV","1","CV"),
("CV20056","283","CC","1","CV"),
("CV20056","284","CF","2","CV"),
("CV20056","285","IC","2","CV"),
("CV20057","286","ref","custom-input_1","CV"),
("CV20057","287","CV","1","CV"),
("CV20057","288","CC","1","CV"),
("CV20057","289","CF","1","CV"),
("CV20057","290","IC","1","CV"),
("CV20058","291","ref","custom-input_1","CV"),
("CV20058","292","CV","1","CV"),
("CV20058","293","CC","1","CV"),
("CV20058","294","CF","1","CV"),
("CV20058","295","IC","1","CV"),
("CV20059","296","ref","custom-input_1","CV"),
("CV20059","297","CV","1","CV"),
("CV20059","298","CC","1","CV"),
("CV20059","299","CF","1","CV"),
("CV20059","300","IC","1","CV"),
("CV20060","301","ref","custom-input_accnum","CV"),
("CV20060","302","CV","1","CV"),
("CV20060","303","CC","1","CV"),
("CV20060","304","CF","2","CV"),
("CV20060","305","IC","2","CV"),
("CV20061","306","ref","custom-input_1","CV"),
("CV20061","307","CV","1","CV"),
("CV20061","308","CC","1","CV"),
("CV20061","309","CF","2","CV"),
("CV20061","310","IC","2","CV"),
("CV20062","311","ref","custom-input_custAn","CV"),
("CV20062","312","CV","1","CV"),
("CV20062","313","CC","1","CV"),
("CV20062","314","CF","2","CV"),
("CV20062","315","IC","2","CV"),
("CV20063","316","ref","custom-input_1","CV"),
("CV20063","317","CV","1","CV"),
("CV20063","318","CC","1","CV"),
("CV20063","319","CF","2","CV"),
("CV20063","320","IC","2","CV"),
("CV20064","321","ref","custom-input_1","CV"),
("CV20064","322","CV","1","CV"),
("CV20064","323","CC","1","CV"),
("CV20064","324","CF","2","CV"),
("CV20064","325","IC","2","CV"),
("CV20065","326","ref","custom-input_1","CV"),
("CV20065","327","CV","1","CV"),
("CV20065","328","CC","1","CV"),
("CV20065","329","CF","1","CV"),
("CV20065","330","IC","1","CV"),
("CV20066","331","ref","custom_input_1","CV"),
("CV20066","332","CV","0","CV"),
("CV20066","333","CC","0","CV"),
("CV20066","334","CF","2","CV"),
("CV20066","335","IC","1","CV"),
("CV20067","336","ref","custom_input_1","CV"),
("CV20067","337","CV","0","CV"),
("CV20067","338","CC","0","CV"),
("CV20067","339","CF","1","CV"),
("CV20067","340","IC","1","CV"),
("CV20068","341","ref","custom_input_3","CV"),
("CV20068","342","CV","1","CV"),
("CV20068","343","CC","1","CV"),
("CV20068","344","CF","1","CV"),
("CV20068","345","IC","1","CV"),
("CV20069","346","ref","custom-input_7","CV"),
("CV20069","347","CV","1","CV"),
("CV20069","348","CC","1","CV"),
("CV20069","349","CF","1","CV"),
("CV20069","350","IC","1","CV"),
("CV20070","351","ref","custom_input_1","CV"),
("CV20070","352","CV","1","CV"),
("CV20070","353","CC","1","CV"),
("CV20070","354","CF","1","CV"),
("CV20070","355","IC","1","CV"),
("CV20071","356","ref","custom-input_3","CV"),
("CV20071","357","CV","1","CV"),
("CV20071","358","CC","1","CV"),
("CV20071","359","CF","1","CV"),
("CV20071","360","IC","1","CV"),
("CV20072","361","ref","custom-input_1","CV"),
("CV20072","362","CV","1","CV"),
("CV20072","363","CC","1","CV"),
("CV20072","364","CF","1","CV"),
("CV20072","365","IC","1","CV"),
("CV20073","366","ref","custom-input_1","CV"),
("CV20073","367","CV","1","CV"),
("CV20073","368","CC","1","CV"),
("CV20073","369","CF","1","CV"),
("CV20073","370","IC","1","CV"),
("CV20074","371","ref","custom-input_acctNo","CV"),
("CV20074","372","CV","1","CV"),
("CV20074","373","CC","1","CV"),
("CV20074","374","CF","1","CV"),
("CV20074","375","IC","1","CV"),
("CV20075","376","ref","custom-input_19","CV"),
("CV20075","377","CV","1","CV"),
("CV20075","378","CC","1","CV"),
("CV20075","379","CF","2","CV"),
("CV20075","380","IC","1","CV"),
("CV20076","381","ref","input-cstnm","CV"),
("CV20076","382","CV","1","CV"),
("CV20076","383","CC","1","CV"),
("CV20076","384","CF","1","CV"),
("CV20076","385","IC","1","CV"),
("CV20077","386","ref","custom-input_1","CV"),
("CV20077","387","CV","1","CV"),
("CV20077","388","CC","1","CV"),
("CV20077","389","CF","","CV"),
("CV20077","390","IC","1","CV"),
("CV20078","391","ref","custom-input_acctNo","CV"),
("CV20078","392","CV","1","CV"),
("CV20078","393","CC","1","CV"),
("CV20078","394","CF","1","CV"),
("CV20078","395","IC","1","CV"),
("CV20079","396","ref","custom-input_acctNo","CV"),
("CV20079","397","CV","1","CV"),
("CV20079","398","CC","1","CV"),
("CV20079","399","CF","1","CV"),
("CV20079","400","IC","1","CV"),
("CV20080","401","ref","custom-input_4","CV"),
("CV20080","402","CV","1","CV"),
("CV20080","403","CC","1","CV"),
("CV20080","404","CF","1","CV"),
("CV20080","405","IC","1","CV"),
("CV20081","406","ref","custom-input-accOther","CV"),
("CV20081","407","CV","1","CV"),
("CV20081","408","CC","1","CV"),
("CV20081","409","CF","1","CV"),
("CV20081","410","IC","1","CV"),
("CV20082","411","ref","custom-input-accOther","CV"),
("CV20082","412","CV","1","CV"),
("CV20082","413","CC","1","CV"),
("CV20082","414","CF","1","CV"),
("CV20082","415","IC","1","CV"),
("CV20083","416","ref","custom-input-payFeeCardNoOrAcctNo","CV"),
("CV20083","417","CV","1","CV"),
("CV20083","418","CC","1","CV"),
("CV20083","419","CF","1","CV"),
("CV20083","420","IC","1","CV"),
("CV20084","421","ref","custom-input-spcuseAcctNo","CV"),
("CV20084","422","CV","1","CV"),
("CV20084","423","CC","1","CV"),
("CV20084","424","CF","1","CV"),
("CV20084","425","IC","1","CV"),
("CV20085","426","ref","custom-input-acctno","CV"),
("CV20085","427","CV","1","CV"),
("CV20085","428","CC","1","CV"),
("CV20085","429","CF","1","CV"),
("CV20085","430","IC","1","CV"),
("CV20086","431","ref","custom-selector_1","CV"),
("CV20086","432","CV","1","CV"),
("CV20086","433","CC","1","CV"),
("CV20086","434","CF","1","CV"),
("CV20086","435","IC","1","CV"),
("CV20087","436","ref","custom-input-outAcctNum","CV"),
("CV20087","437","CV","1","CV"),
("CV20087","438","CC","1","CV"),
("CV20087","439","CF","1","CV"),
("CV20087","440","IC","1","CV"),
("CV20088","441","ref","custom-input_01","CV"),
("CV20088","442","CV","1","CV"),
("CV20088","443","CC","1","CV"),
("CV20088","444","CF","1","CV"),
("CV20088","445","IC","1","CV"),
("CV20089","446","ref","custom-input_01","CV"),
("CV20089","447","CV","1","CV"),
("CV20089","448","CC","1","CV"),
("CV20089","449","CF","1","CV"),
("CV20089","450","IC","1","CV"),
("CV20090","451","ref","custom-input_9","CV"),
("CV20090","452","CV","1","CV"),
("CV20090","453","CC","1","CV"),
("CV20090","454","CF","1","CV"),
("CV20090","455","IC","1","CV"),
("CV20091","456","ref","custom-input_7","CV"),
("CV20091","457","CV","1","CV"),
("CV20091","458","CC","1","CV"),
("CV20091","459","CF","1","CV"),
("CV20091","460","IC","1","CV"),
("CV20092","461","ref","custom-input_9","CV"),
("CV20092","462","CV","1","CV"),
("CV20092","463","CC","1","CV"),
("CV20092","464","CF","1","CV"),
("CV20092","465","IC","1","CV"),
("CV20093","466","ref","customer","CV"),
("CV20093","467","CV","1","CV"),
("CV20093","468","CC","1","CV"),
("CV20093","469","CF","1","CV"),
("CV20093","470","IC","1","CV"),
("CV20094","471","ref","custom-input-custNm","CV"),
("CV20094","472","CV","1","CV"),
("CV20094","473","CC","1","CV"),
("CV20094","474","CF","1","CV"),
("CV20094","475","IC","1","CV"),
("CV20095","476","ref","aui-button-submit","CV"),
("CV20095","477","CV","1","CV"),
("CV20095","478","CC","1","CV"),
("CV20095","479","CF","1","CV"),
("CV20095","480","IC","1","CV"),
("CV20096","481","ref","aui-button-submit","CV"),
("CV20096","482","CV","1","CV"),
("CV20096","483","CC","1","CV"),
("CV20096","484","CF","1","CV"),
("CV20096","485","IC","1","CV"),
("CV20097","486","ref","custom-input-lnDubilNo","CV"),
("CV20097","487","CV","1","CV"),
("CV20097","488","CC","1","CV"),
("CV20097","489","CF","1","CV"),
("CV20097","490","IC","1","CV"),
("CV20098","491","ref","aui-button_query","CV"),
("CV20098","492","CV","1","CV"),
("CV20098","493","CC","1","CV"),
("CV20098","494","CF","1","CV"),
("CV20098","495","IC","1","CV"),
("CV20099","496","ref","custom-input-colltnAcctNo","CV"),
("CV20099","497","CV","1","CV"),
("CV20099","498","CC","1","CV"),
("CV20099","499","CF","1","CV"),
("CV20099","500","IC","1","CV"),
("CV20100","501","ref","aui-button_submit","CV"),
("CV20100","502","CV","1","CV"),
("CV20100","503","CC","","CV"),
("CV20100","504","CF","1","CV"),
("CV20100","505","IC","1","CV"),
("CV20101","506","ref","aui-button_submit","CV"),
("CV20101","507","CV","1","CV"),
("CV20101","508","CC","","CV"),
("CV20101","509","CF","1","CV"),
("CV20101","510","IC","1","CV"),
("CV20102","511","ref","aui-button_submit","CV"),
("CV20102","512","CV","1","CV"),
("CV20102","513","CC","","CV"),
("CV20102","514","CF","1","CV"),
("CV20102","515","IC","1","CV"),
("CV20103","516","ref","aui-button_submit","CV"),
("CV20103","517","CV","1","CV"),
("CV20103","518","CC","","CV"),
("CV20103","519","CF","1","CV"),
("CV20103","520","IC","1","CV"),
("CV20104","521","ref","aui-button_submit","CV"),
("CV20104","522","CV","1","CV"),
("CV20104","523","CC","","CV"),
("CV20104","524","CF","1","CV"),
("CV20104","525","IC","1","CV"),
("CV20105","526","ref","custom-input-mergeCustNo","CV"),
("CV20105","527","CV","1","CV"),
("CV20105","528","CC","1","CV"),
("CV20105","529","CF","1","CV"),
("CV20105","530","IC","1","CV"),
("CV20106","531","ref","custom-input-cardNoOrAcctNo","CV"),
("CV20106","532","CV","1","CV"),
("CV20106","533","CC","1","CV"),
("CV20106","534","CF","1","CV"),
("CV20106","535","IC","1","CV"),
("CV20107","536","ref","aui-button_submit","CV"),
("CV20107","537","CV","1","CV"),
("CV20107","538","CC","1","CV"),
("CV20107","539","CF","1","CV"),
("CV20107","540","IC","1","CV"),
("CV20108","541","ref","custom-input-coltfeAcctNo","CV"),
("CV20108","542","CV","1","CV"),
("CV20108","543","CC","1","CV"),
("CV20108","544","CF","1","CV"),
("CV20108","545","IC","1","CV"),
("CV20109","546","ref","custom-input-coltfeAcctNo","CV"),
("CV20109","547","CV","1","CV"),
("CV20109","548","CC","1","CV"),
("CV20109","549","CF","1","CV"),
("CV20109","550","IC","1","CV"),
("CV20110","551","ref","custom-input_pan","CV"),
("CV20110","552","CV","1","CV"),
("CV20110","553","CC","1","CV"),
("CV20110","554","CF","1","CV"),
("CV20110","555","IC","1","CV");
  
COMMIT;