
-- IB_OM_RULE_INFO insert
INSERT INTO   `pub_db`.`IB_OM_RULE_INFO` (`RULE_NO`,`RULE_TYP_CD`,`HOLI_FLG`,`RULE_TRI_POSITION`,`SUIT_CHNL_SCP`,`SUIT_LPR_SCP`,`SUIT_ORG_SCP`,`SUIT_TX_SCP`,`RULE_COMNT`,`EFFT_FLG`,`OPER_TELR_NO`,`OPER_DT`,`OPER_RSN`) VALUES
('095000','CI','N','1','TE','*','*,','00508012','批量导入','1','900001','2020-05-20','批量新增'),
('095001','CI','N','1','TE','*','*,','00508012','批量导入','1','900001','2020-05-20','批量新增'),
('095002','CI','N','1','TE','*','*,','00101013','批量导入','1','900001','2020-05-20','批量新增'),
('095003','CI','N','1','TE','*','*,','00201091','批量导入','1','900001','2020-05-20','批量新增'),
('095004','CI','N','1','TE','*','*,','00201091','批量导入','1','900001','2020-05-20','批量新增'),
('095005','CI','N','1','TE','*','*,','00604001','批量导入','1','900001','2020-05-20','批量新增'),
('095006','CI','N','1','TE','*','*,','00604002','批量导入','1','900001','2020-05-20','批量新增'),
('095007','CI','N','1','TE','*','*,','00604004','批量导入','1','900001','2020-05-20','批量新增'),
('095008','CI','N','1','TE','*','*,','00604005','批量导入','1','900001','2020-05-20','批量新增'),
('095009','CI','N','1','TE','*','*,','00604006','批量导入','1','900001','2020-05-20','批量新增'),
('095010','CI','N','1','TE','*','*,','00604007','批量导入','1','900001','2020-05-20','批量新增'),
('095011','CI','N','1','TE','*','*,','00604015','批量导入','1','900001','2020-05-20','批量新增'),
('095012','CI','N','1','TE','*','*,','00604016','批量导入','1','900001','2020-05-20','批量新增'),
('095013','CI','N','1','TE','*','*,','00201059','批量导入','1','900001','2020-05-20','批量新增'),
('095014','CI','N','1','TE','*','*,','00201060','批量导入','1','900001','2020-05-20','批量新增'),
('095015','CI','N','1','TE','*','*,','00201061','批量导入','1','900001','2020-05-20','批量新增'),
('095016','CI','N','1','TE','*','*,','00201062','批量导入','1','900001','2020-05-20','批量新增'),
('095017','CI','N','1','TE','*','*,','00201063','批量导入','1','900001','2020-05-20','批量新增'),
('095018','CI','N','1','TE','*','*,','00201064','批量导入','1','900001','2020-05-20','批量新增'),
('095019','CI','N','1','TE','*','*,','00201065','批量导入','1','900001','2020-05-20','批量新增'),
('095020','CI','N','1','TE','*','*,','00201066','批量导入','1','900001','2020-05-20','批量新增'),
('095021','CI','N','1','TE','*','*,','00201096','批量导入','1','900001','2020-05-20','批量新增'),
('095022','CI','N','1','TE','*','*,','00201098','批量导入','1','900001','2020-05-20','批量新增'),
('095023','CI','N','1','TE','*','*,','00101012','批量导入','1','900001','2020-05-20','批量新增'),
('095024','CI','N','1','TE','*','*,','00101076','批量导入','1','900001','2020-05-20','批量新增'),
('095025','CI','N','1','TE','*','*,','00101011','批量导入','1','900001','2020-05-20','批量新增'),
('095026','CI','N','1','TE','*','*,','00201027','批量导入','1','900001','2020-05-20','批量新增'),
('095027','CI','N','1','TE','*','*,','00508010','批量导入','1','900001','2020-05-20','批量新增'),
('095028','CI','N','1','TE','*','*,','00508006','批量导入','1','900001','2020-05-20','批量新增'),
('095029','CI','N','1','TE','*','*,','00508007','批量导入','1','900001','2020-05-20','批量新增'),
('095030','CI','N','1','TE','*','*,','00508007','批量导入','1','900001','2020-05-20','批量新增'),
('095031','CI','N','1','TE','*','*,','00301055','批量导入','1','900001','2020-05-20','批量新增'),
('095032','CI','N','1','TE','*','*,','00301055','批量导入','1','900001','2020-05-20','批量新增'),
('095033','CI','N','1','TE','*','*,','00301039_1','批量导入','1','900001','2020-05-20','批量新增'),
('095034','CI','N','1','TE','*','*,','00301039_1','批量导入','1','900001','2020-05-20','批量新增'),
('095035','CI','N','1','TE','*','*,','00301039_2','批量导入','1','900001','2020-05-20','批量新增'),
('095036','CI','N','1','TE','*','*,','00301039_2','批量导入','1','900001','2020-05-20','批量新增'),
('095037','CI','N','1','TE','*','*,','00301030','批量导入','1','900001','2020-05-20','批量新增'),
('095038','CI','N','1','TE','*','*,','00301030','批量导入','1','900001','2020-05-20','批量新增'),
('095039','CI','N','1','TE','*','*,','00301030','批量导入','1','900001','2020-05-20','批量新增'),
('095040','CI','N','1','TE','*','*,','00301041','批量导入','1','900001','2020-05-20','批量新增'),
('095041','CI','N','1','TE','*','*,','00301041','批量导入','1','900001','2020-05-20','批量新增'),
('095042','CI','N','1','TE','*','*,','00301043','批量导入','1','900001','2020-05-20','批量新增'),
('095043','CI','N','1','TE','*','*,','00301028','批量导入','1','900001','2020-05-20','批量新增'),
('095044','CI','N','1','TE','*','*,','00301028','批量导入','1','900001','2020-05-20','批量新增'),
('095045','CI','N','1','TE','*','*,','00301029','批量导入','1','900001','2020-05-20','批量新增'),
('095046','CI','N','1','TE','*','*,','00301029','批量导入','1','900001','2020-05-20','批量新增'),
('095047','CI','N','1','TE','*','*,','00301029','批量导入','1','900001','2020-05-20','批量新增'),
('095048','CI','N','1','TE','*','*,','00301066','批量导入','1','900001','2020-05-20','批量新增'),
('095049','CI','N','1','TE','*','*,','00301066','批量导入','1','900001','2020-05-20','批量新增'),
('095050','CI','N','1','TE','*','*,','00301065','批量导入','1','900001','2020-05-20','批量新增'),
('095051','CI','N','1','TE','*','*,','00401071','批量导入','1','900001','2020-05-20','批量新增'),
('095052','CI','N','1','TE','*','*,','00508004','批量导入','1','900001','2020-05-20','批量新增'),
('095053','CI','N','1','TE','*','*,','00508005','批量导入','1','900001','2020-05-20','批量新增'),
('095054','CI','N','1','TE','*','*,','00509012','批量导入','1','900001','2020-05-20','批量新增'),
('095055','CI','N','1','TE','*','*,','00601001','批量导入','1','900001','2020-05-20','批量新增'),
('095056','CI','N','1','TE','*','*,','00201096','批量导入','1','900001','2020-05-20','批量新增'),
('095057','CI','N','1','TE','*','*,','00201097','批量导入','1','900001','2020-05-20','批量新增'),
('095058','CI','N','1','TE','*','*,','00201098','批量导入','1','900001','2020-05-20','批量新增');

-- IB_OM_RULECOND_INFO insert
INSERT INTO   `pub_db`.`IB_OM_RULECOND_INFO` (`OPRTN_COND_NO`,`DICTRY_NM`,`OPER_SYM_1`,`CMPR_VAL`,`OPER_SYM_2`,`VALUE2`,`TRAN_CD`,`COND_DESCR`,`OPER_TELR_NO`,`OPER_DT`,`OPER_RSN`,`CMPR_VAL_DATA_DICTRY_FLG`,`PUB_DICTRY_FLG`,`DICTRY_DESCR`) VALUES
('CI95000','DRAW_MANR','==','1','','','00508012','支取方式','900001','2020-05-20','批量新增','1','0','支取方式'),
('CI95001','MARGN','>=','50000','','','00508012','保证金','900001','2020-05-20','批量新增','1','0','保证金'),
('CI95003','CUST_TYP_CD','!=','0','','','00201091','客户类型','900001','2020-05-20','批量新增','1','0','客户类型'),
('CI95004','CUST_TYP_CD','==','0','','','00201091','客户类型','900001','2020-05-20','批量新增','1','0','客户类型'),
('CI95013','TradeData.CRTF_TYP','==','0','','','00201059','证件类型','900001','2020-05-20','批量新增','1','0','证件类型'),
('CI95014','TradeData.CRTF_TYP','==','0','','','00201060','证件类型','900001','2020-05-20','批量新增','1','0','证件类型'),
('CI95015','TradeData.CRTF_TYP','==','0','','','00201061','证件类型','900001','2020-05-20','批量新增','1','0','证件类型'),
('CI95016','TradeData.CRTF_TYP','==','0','','','00201062','证件类型','900001','2020-05-20','批量新增','1','0','证件类型'),
('CI95017','TradeData.CRTF_TYP','==','0','','','00201063','证件类型','900001','2020-05-20','批量新增','1','0','证件类型'),
('CI95018','TradeData.CRTF_TYP','==','0','','','00201064','证件类型','900001','2020-05-20','批量新增','1','0','证件类型'),
('CI95019','TradeData.CRTF_TYP','==','0','','','00201065','证件类型','900001','2020-05-20','批量新增','1','0','证件类型'),
('CI95020','TradeData.CRTF_TYP','==','0','','','00201066','证件类型','900001','2020-05-20','批量新增','1','0','证件类型'),
('CI95021','custType','!=','0','','','00201096','客户类型','900001','2020-05-20','批量新增','1','0','客户类型'),
('CI95022','TradeData.CUST_ATTR','!=','0','','','00201098','客户属性','900001','2020-05-20','批量新增','1','0','客户属性'),
('CI95023','TradeData3.WHETHER_AGEN','==','1','','','00101012','是否代理','900001','2020-05-20','批量新增','1','0','是否代理'),
('CI95027','tradeCustomInput','==','1','','','00508010','交易提交','900001','2020-05-20','批量新增','1','0','交易提交'),
('CI95028','tradeCustomInput','==','1','','','00508006','交易提交','900001','2020-05-20','批量新增','1','0','交易提交'),
('CI95031','TradeData.Payr_Acct_Typ','!=','0','','','00301055','客户类型','900001','2020-05-20','批量新增','1','0','客户类型'),
('CI95032','TradeData.Payr_Acct_Typ','==','0','','','00301055','客户类型','900001','2020-05-20','批量新增','1','0','客户类型'),
('CI95032','TradeData.isAgency','==','0','','','00301055','是否代理','900001','2020-05-20','批量新增','1','0','是否代理'),
('CI95033','Payr_Acct_Typ','!=','0','','','00301039_1','客户类型','900001','2020-05-20','批量新增','1','0','客户类型'),
('CI95034','Payr_Acct_Typ','==','0','','','00301039_1','客户类型','900001','2020-05-20','批量新增','1','0','客户类型'),
('CI95035','Payr_Acct_Typ','!=','0','','','00301039_2','客户类型','900001','2020-05-20','批量新增','1','0','客户类型'),
('CI95036','Payr_Acct_Typ','==','0','','','00301039_2','客户类型','900001','2020-05-20','批量新增','1','0','客户类型'),
('CI95037','TradeData.WHETHER_AGEN','==','1','','','00301030','是否代理','900001','2020-05-20','批量新增','1','0','是否代理'),
('CI95038','TradeData.CUR','==','156','','','00301030','币种','900001','2020-05-20','批量新增','1','0','币种'),
('CI95038','TradeData.TX_AMT','>','50000','','','00301030','金额','900001','2020-05-20','批量新增','1','0','金额'),
('CI95039','TradeData.CUR','!=','156','','','00301030','币种','900001','2020-05-20','批量新增','1','0','币种'),
('CI95039','TradeData.TX_AMT','>','50000','','','00301030','金额','900001','2020-05-20','批量新增','1','0','金额'),
('CI95040','TradeData.WHETHER_AGEN','==','1','','','00301041','是否代理','900001','2020-05-20','批量新增','1','0','是否代理'),
('CI95041','TradeData.PRE_CRLOAD_AMT','>=','50000','','','00301041','预圈存金额','900001','2020-05-20','批量新增','1','0','预圈存金额'),
('CI95043','TradeData.MAGN_STRP_FLG','==','0','','','00301028','磁条标志','900001','2020-05-20','批量新增','1','0','磁条标志'),
('CI95043','TradeData.TX_AMT','>=','10000','','','00301028','交易金额','900001','2020-05-20','批量新增','1','0','交易金额'),
('CI95044','TradeData.MAGN_STRP_FLG','==','1','','','00301028','磁条标志','900001','2020-05-20','批量新增','1','0','磁条标志'),
('CI95044','TradeData.TX_AMT','>=','50000','','','00301028','交易金额','900001','2020-05-20','批量新增','1','0','交易金额'),
('CI95045','TradeData.WHETHER_AGEN','==','1','','','00301029','是否代理','900001','2020-05-20','批量新增','1','0','是否代理'),
('CI95046','TradeData.CUR','==','156','','','00301029','币种','900001','2020-05-20','批量新增','1','0','币种'),
('CI95046','TradeData.TX_AMT','>','50000','','','00301029','交易金额','900001','2020-05-20','批量新增','1','0','交易金额'),
('CI95047','TradeData.CUR','!=','156','','','00301029','币种','900001','2020-05-20','批量新增','1','0','币种'),
('CI95047','TradeData.TX_AMT','>','50000','','','00301029','金额','900001','2020-05-20','批量新增','1','0','金额'),
('CI95048','TradeData.WHETHER_AGEN','==','1','','','00301066','是否代理','900001','2020-05-20','批量新增','1','0','是否代理'),
('CI95049','TradeData.TX_AMT','>=','50000','','','00301066','交易金额','900001','2020-05-20','批量新增','1','0','交易金额'),
('CI95050','TradeData.AMT','>=','10000','','','00301065','交易金额','900001','2020-05-20','批量新增','1','0','交易金额'),
('CI95051','AGENT_CRTF_NBR','==','1','','','00401071','是否代理','900001','2020-05-20','批量新增','1','0','是否代理'),
('CI95052','TradeData.OWE_FE_AMT','>','50000','','','00508004','欠费金额','900001','2020-05-20','批量新增','1','0','欠费金额'),
('CI95054','TradeData.WHETHER_AGEN','==','1','','','00509012','是否代理','900001','2020-05-20','批量新增','1','0','是否代理'),
('CI95054','TradeData.DRAW_MANR1','==','1','','','00509012','支取方式','900001','2020-05-20','批量新增','1','0','支取方式'),
('CI95054','TradeData.PAY_FEE_AMT','>=','50000','','','00509012','交易提交','900001','2020-05-20','批量新增','1','0','交易提交'),
('CI95055','WHETHER_AGEN','==','1','','','00601001','是否代理','900001','2020-05-20','批量新增','1','0','是否代理'),
('CI95056','custType','==','0','','','00201096','客户类型','900001','2020-05-20','批量新增','1','0','客户类型'),
('CI95057','TradeData.AGENT_CRTF_TYP','==','0','','','00201097','代理人证件类型','900001','2020-05-20','批量新增','1','0','代理人证件类型'),
('CI95058','TradeData.CUST_ATTR','==','0','','','00201098','客户属性','900001','2020-05-20','批量新增','1','0','客户属性');

-- IB_OM_MODE_INFO insert
INSERT INTO   `pub_db`.`IB_OM_MODE_INFO` (`RULE_MODE_NO`,`FIELD_SEQ_NO`,`FIELD_NM`,`FIELD_DICTRY_NM`,`RULE_MODE_TYP_CD`) VALUES
('CI95000','1','ref','ACCT_NO','CI'),
('CI95000','2','NI','1','CI'),
('CI95000','3','FR','0','CI'),
('CI95001','7','ref','ACCT_NO','CI'),
('CI95001','8','NI','1','CI'),
('CI95001','9','FR','0','CI'),
('CI95002','10','ref','WHETHER_AGEN','CI'),
('CI95002','11','NI','1','CI'),
('CI95002','12','FR','0','CI'),
('CI95003','13','ref','ACCT_NO','CI'),
('CI95003','14','NI','1','CI'),
('CI95003','15','FR','0','CI'),
('CI95004','16','ref','ACCT_NO','CI'),
('CI95004','17','NI','1','CI'),
('CI95004','18','FR','1','CI'),
('CI95005','19','ref','WHETHER_AGEN','CI'),
('CI95005','20','NI','1','CI'),
('CI95005','21','FR','0','CI'),
('CI95006','22','ref','WHETHER_AGEN','CI'),
('CI95006','23','NI','1','CI'),
('CI95006','24','FR','0','CI'),
('CI95007','25','ref','WHETHER_AGEN','CI'),
('CI95007','26','NI','1','CI'),
('CI95007','27','FR','0','CI'),
('CI95008','28','ref','WHETHER_AGEN','CI'),
('CI95008','29','NI','1','CI'),
('CI95008','30','FR','0','CI'),
('CI95009','31','ref','WHETHER_AGEN','CI'),
('CI95009','32','NI','1','CI'),
('CI95009','33','FR','0','CI'),
('CI95010','34','ref','WHETHER_AGEN','CI'),
('CI95010','35','NI','1','CI'),
('CI95010','36','FR','0','CI'),
('CI95011','37','ref','WHETHER_AGEN','CI'),
('CI95011','38','NI','1','CI'),
('CI95011','39','FR','0','CI'),
('CI95012','40','ref','WHETHER_AGEN','CI'),
('CI95012','41','NI','1','CI'),
('CI95012','42','FR','0','CI'),
('CI95013','43','ref','CRTF_TYP','CI'),
('CI95013','44','NI','1','CI'),
('CI95013','45','FR','0','CI'),
('CI95014','46','ref','CRTF_TYP','CI'),
('CI95014','47','NI','1','CI'),
('CI95014','48','FR','0','CI'),
('CI95015','49','ref','CRTF_TYP','CI'),
('CI95015','50','NI','1','CI'),
('CI95015','51','FR','0','CI'),
('CI95016','52','ref','CRTF_TYP','CI'),
('CI95016','53','NI','1','CI'),
('CI95016','54','FR','0','CI'),
('CI95017','55','ref','CRTF_TYP','CI'),
('CI95017','56','NI','1','CI'),
('CI95017','57','FR','0','CI'),
('CI95018','58','ref','CRTF_TYP','CI'),
('CI95018','59','NI','1','CI'),
('CI95018','60','FR','0','CI'),
('CI95019','61','ref','CRTF_TYP','CI'),
('CI95019','62','NI','1','CI'),
('CI95019','63','FR','0','CI'),
('CI95020','64','ref','CRTF_TYP','CI'),
('CI95020','65','NI','1','CI'),
('CI95020','66','FR','0','CI'),
('CI95021','67','ref','CRTF_TYP','CI'),
('CI95021','68','NI','1','CI'),
('CI95021','69','FR','0','CI'),
('CI95021','70','ref','CRTF_NBR','CI'),
('CI95021','71','NI','1','CI'),
('CI95021','72','FR','0','CI'),
('CI95022','73','ref','CRTF_TYP','CI'),
('CI95022','74','NI','1','CI'),
('CI95022','75','FR','0','CI'),
('CI95022','76','ref','CRTF_NBR','CI'),
('CI95022','77','NI','1','CI'),
('CI95022','78','FR','0','CI'),
('CI95023','79','ref','WHETHER_AGEN','CI'),
('CI95023','80','NI','1','CI'),
('CI95023','81','FR','0','CI'),
('CI95024','82','ref','CARD_NO','CI'),
('CI95024','83','NI','1','CI'),
('CI95024','84','FR','1','CI'),
('CI95025','85','ref','WHETHER_AGEN','CI'),
('CI95025','86','NI','1','CI'),
('CI95025','87','FR','0','CI'),
('CI95026','88','ref','CARD_NO','CI'),
('CI95026','89','NI','1','CI'),
('CI95026','90','FR','0','CI'),
('CI95027','91','ref','aui-button-submit','CI'),
('CI95027','92','NI','1','CI'),
('CI95027','93','FR','1','CI'),
('CI95028','94','ref','aui-button-submit','CI'),
('CI95028','95','NI','1','CI'),
('CI95028','96','FR','1','CI'),
('CI95029','97','ref','ADD_ETC_OPEN_ACCT_PERSON_CRTF_TYP','CI'),
('CI95029','98','NI','1','CI'),
('CI95029','99','FR','0','CI'),
('CI95030','100','ref','ADD_UNIT_SPCY_OPRR_CRTF_TYP','CI'),
('CI95030','101','NI','1','CI'),
('CI95030','102','FR','0','CI'),
('CI95031','103','ref','aui_button_submit','CI'),
('CI95031','104','NI','1','CI'),
('CI95031','105','FR','0','CI'),
('CI95032','106','ref','aui_button_submit','CI'),
('CI95032','107','NI','1','CI'),
('CI95032','108','FR','0','CI'),
('CI95033','112','ref','aui-button_7','CI'),
('CI95033','113','NI','1','CI'),
('CI95033','114','FR','0','CI'),
('CI95034','115','ref','aui-button_7','CI'),
('CI95034','116','NI','1','CI'),
('CI95034','117','FR','0','CI'),
('CI95035','118','ref','aui-button_7','CI'),
('CI95035','119','NI','1','CI'),
('CI95035','120','FR','0','CI'),
('CI95036','121','ref','aui-button_7','CI'),
('CI95036','122','NI','1','CI'),
('CI95036','123','FR','0','CI'),
('CI95037','124','ref','WHETHER_AGEN','CI'),
('CI95037','125','NI','1','CI'),
('CI95037','126','FR','1','CI'),
('CI95038','127','ref','WHETHER_AGEN','CI'),
('CI95038','128','NI','1','CI'),
('CI95038','129','FR','1','CI'),
('CI95039','133','ref','WHETHER_AGEN','CI'),
('CI95039','134','NI','1','CI'),
('CI95039','135','FR','1','CI'),
('CI95040','139','ref','PRE_CRLOAD_AMT','CI'),
('CI95040','140','NI','1','CI'),
('CI95040','141','FR','1','CI'),
('CI95041','142','ref','PRE_CRLOAD_AMT','CI'),
('CI95041','143','NI','1','CI'),
('CI95041','144','FR','1','CI'),
('CI95042','145','ref','PRE_CRLOAD_AMT','CI'),
('CI95042','146','NI','1','CI'),
('CI95042','147','FR','1','CI'),
('CI95043','148','ref','TX_AMT','CI'),
('CI95043','149','NI','1','CI'),
('CI95043','150','FR','1','CI'),
('CI95044','154','ref','TX_AMT','CI'),
('CI95044','155','NI','1','CI'),
('CI95044','156','FR','1','CI'),
('CI95045','160','ref','WHETHER_AGEN','CI'),
('CI95045','161','NI','1','CI'),
('CI95045','162','FR','1','CI'),
('CI95046','163','ref','WHETHER_AGEN','CI'),
('CI95046','164','NI','1','CI'),
('CI95046','165','FR','1','CI'),
('CI95047','169','ref','WHETHER_AGEN','CI'),
('CI95047','170','NI','1','CI'),
('CI95047','171','FR','1','CI'),
('CI95048','175','ref','WHETHER_AGEN','CI'),
('CI95048','176','NI','1','CI'),
('CI95048','177','FR','0','CI'),
('CI95049','178','ref','WHETHER_AGEN','CI'),
('CI95049','179','NI','1','CI'),
('CI95049','180','FR','0','CI'),
('CI95050','181','ref','AMT','CI'),
('CI95050','182','NI','1','CI'),
('CI95050','183','FR','0','CI'),
('CI95051','184','ref','CRTF_NBR','CI'),
('CI95051','185','NI','1','CI'),
('CI95051','186','FR','0','CI'),
('CI95051','187','ref','OPRR_CRTF_NBR','CI'),
('CI95051','188','NI','1','CI'),
('CI95051','189','FR','0','CI'),
('CI95051','190','ref','AGENT_CRTF_NBR','CI'),
('CI95051','191','NI','1','CI'),
('CI95051','192','FR','0','CI'),
('CI95052','193','ref','BIND_ACCT','CI'),
('CI95052','194','NI','1','CI'),
('CI95052','195','FR','1','CI'),
('CI95053','199','ref','BIND_DEBT_ACCT','CI'),
('CI95053','200','NI','1','CI'),
('CI95053','201','FR','1','CI'),
('CI95054','202','ref','WHETHER_AGEN','CI'),
('CI95054','203','NI','1','CI'),
('CI95054','204','FR','0','CI'),
('CI95054','205','ref','DRAW_MANR','CI'),
('CI95054','206','NI','1','CI'),
('CI95054','207','FR','0','CI'),
('CI95054','208','ref','aui-button-submit','CI'),
('CI95054','209','NI','1','CI'),
('CI95054','210','FR','1','CI'),
('CI95055','211','ref','WHETHER_AGEN','CI'),
('CI95055','212','NI','1','CI'),
('CI95055','213','FR','0','CI'),
('CI95056','214','ref','CRTF_TYP','CI'),
('CI95056','215','NI','1','CI'),
('CI95056','216','FR','0','CI'),
('CI95057','217','ref','AGENT_CRTF_TYP','CI'),
('CI95057','218','NI','1','CI'),
('CI95057','219','FR','0','CI'),
('CI95058','220','ref','CRTF_TYP','CI'),
('CI95058','221','NI','1','CI'),
('CI95058','222','FR','0','CI');

-- IB_OM_RULECOND_RLT insert
INSERT INTO   `pub_db`.`IB_OM_RULECOND_RLT` (`RULE_COND_NO`,`CMPL_MODE_FLG`,`OPRTN_RULE_NO`) VALUES
('CI95000','1','095000'),
('CI95000','0','095000'),
('CI95001','1','095001'),
('CI95002','0','095002'),
('CI95003','1','095003'),
('CI95004','1','095004'),
('CI95005','0','095005'),
('CI95006','0','095006'),
('CI95007','0','095007'),
('CI95008','0','095008'),
('CI95009','0','095009'),
('CI95010','0','095010'),
('CI95011','0','095011'),
('CI95012','0','095012'),
('CI95013','1','095013'),
('CI95014','1','095014'),
('CI95015','1','095015'),
('CI95016','1','095016'),
('CI95017','1','095017'),
('CI95018','1','095018'),
('CI95019','1','095019'),
('CI95020','1','095020'),
('CI95021','0','095021'),
('CI95021','1','095021'),
('CI95022','0','095022'),
('CI95022','1','095022'),
('CI95023','1','095023'),
('CI95024','0','095024'),
('CI95025','0','095025'),
('CI95026','0','095026'),
('CI95027','1','095027'),
('CI95028','1','095028'),
('CI95029','0','095029'),
('CI95030','0','095030'),
('CI95031','1','095031'),
('CI95032','1','095032'),
('CI95033','1','095033'),
('CI95034','1','095034'),
('CI95035','1','095035'),
('CI95036','1','095036'),
('CI95037','1','095037'),
('CI95038','1','095038'),
('CI95039','1','095039'),
('CI95040','1','095040'),
('CI95041','1','095041'),
('CI95042','0','095042'),
('CI95043','1','095043'),
('CI95044','1','095044'),
('CI95045','1','095045'),
('CI95046','1','095046'),
('CI95047','1','095047'),
('CI95048','1','095048'),
('CI95049','1','095049'),
('CI95050','1','095050'),
('CI95051','1','095051'),
('CI95052','1','095052'),
('CI95053','1','095053'),
('CI95054','1','095054'),
('CI95055','1','095055'),
('CI95056','1','095056'),
('CI95057','1','095057'),
('CI95058','1','095058');

