
SET AUTOCOMMIT=0;
BEGIN;

  
-- IB_OM_RULE_INFO insert
INSERT INTO IB_OM_RULE_INFO (RULE_NO,RULE_TYP_CD,HOLI_FLG,RULE_TRI_POSITION,SUIT_CHNL_SCP,SUIT_LPR_SCP,SUIT_ORG_SCP,SUIT_TX_SCP,RULE_COMNT,EFFT_FLG,OPER_TELR_NO,OPER_DT,OPER_RSN) VALUES

("050000","DH","N","1","TE","9999","*,","00201007","无规则说明","1","900001","2019-07-22","批量新增"),
("050001","DH","N","1","TE","9999","*,","00401020","无规则说明","1","900001","2019-07-22","批量新增"),
("050002","DH","N","1","TE","9999","*,","00302011","客户类型","1","900001","2019-07-22","批量新增"),
("050003","DH","N","1","TE","9999","*,","00201014","公私标志","1","900001","2019-07-22","批量新增"),
("050004","DH","N","1","TE","9999","*,","00201015","操作标志","1","900001","2019-07-22","批量新增"),
("050005","DH","N","1","TE","9999","*,","00201015","操作标志","1","900001","2019-07-22","批量新增"),
("050006","DH","N","1","TE","9999","*,","00301005","客户类型","1","900001","2019-07-22","批量新增"),
("050007","DH","N","1","TE","9999","*,","00201022","无规则说明","1","900001","2019-07-22","批量新增"),
("050008","DH","N","1","TE","9999","*,","00302002","客户类型","1","900001","2019-07-22","批量新增"),
("050009","DH","N","1","TE","9999","*,","00302008","客户类型","1","900001","2019-07-22","批量新增"),
("050010","DH","N","1","TE","9999","*,","00302009","客户类型","1","900001","2019-07-22","批量新增"),
("050011","DH","N","1","TE","9999","*,","00302010","客户类型","1","900001","2019-07-22","批量新增"),
("050012","DH","N","1","TE","9999","*,","00301015","客户类型","1","900001","2019-07-22","批量新增"),
("050013","DH","N","1","TE","9999","*,","00302018","客户类型","1","900001","2019-07-22","批量新增"),
("050014","DH","N","1","TE","9999","*,","00302017","客户类型","1","900001","2019-07-22","批量新增"),
("050015","DH","N","1","TE","9999","*,","00302021","客户类型","1","900001","2019-07-22","批量新增"),
("050016","DH","N","1","TE","9999","*,","00303005","客户类型","1","900001","2019-07-22","批量新增"),
("050017","DH","N","1","TE","9999","*,","00302016","交易金额","1","900001","2019-07-22","批量新增"),
("050018","DH","N","1","TE","9999","*,","00301007","交易金额","1","900001","2019-07-22","批量新增"),
("050019","DH","N","1","TE","9999","*,","00201002","无规则说明","1","900001","2019-07-22","批量新增"),
("050020","DH","N","1","TE","9999","*,","00103003","客户类型","1","900001","2019-07-22","批量新增"),
("050021","DH","N","1","TE","9999","*,","00103004","客户类型","1","900001","2019-07-22","批量新增"),
("050022","DH","N","1","TE","9999","*,","00201021","客户类型","1","900001","2019-07-22","批量新增"),
("050023","DH","N","1","TE","9999","*,","00302019","客户类型","1","900001","2019-07-22","批量新增");
-- IB_OM_RULECOND_INFO insert
INSERT INTO IB_OM_RULECOND_INFO (OPRTN_COND_NO,DICTRY_NM,OPER_SYM_1,CMPR_VAL,OPER_SYM_2,VALUE2,TRAN_CD,COND_DESCR,OPER_TELR_NO,OPER_DT,OPER_RSN,CMPR_VAL_DATA_DICTRY_FLG,PUB_DICTRY_FLG,DICTRY_DESCR) VALUES

("DH50002","custTypeCd","!=","0","","","00302011","转出方账户是对公且交易金额大于等于50万","900001","2019-07-22","批量新增","1","0","0"),
("DH50002","txAmt",">=","500000","","","00302011","转出方账户是对公且交易金额大于等于50万","900001","2019-07-22","批量新增","1","0","500000"),
("DH50003","pubPrivFlgCd","==","1","","","00201014","补开账户对公","900001","2019-07-22","批量新增","1","0","1"),
("DH50004","pageOperFlgCd","==","0","","","00201015","账户对公且设置或重置密码","900001","2019-07-22","批量新增","1","0","0"),
("DH50004","customerType","!=","0","","","00201015","账户对公且设置或重置密码","900001","2019-07-22","批量新增","1","0","0"),
("DH50005","pageOperFlgCd","==","1","","","00201015","账户对公且设置或重置密码","900001","2019-07-22","批量新增","1","0","1"),
("DH50005","customerType","!=","0","","","00201015","账户对公且设置或重置密码","900001","2019-07-22","批量新增","1","0","0"),
("DH50006","custType","!=","0","","","00301005","转出方账户是对公且交易金额大于等于50万","900001","2019-07-22","批量新增","1","0","0"),
("DH50006","txAmt",">=","500000","","","00301005","转出方账户是对公且交易金额大于等于50万","900001","2019-07-22","批量新增","1","0","500000"),
("DH50007","CUST_TYP_CD","!=","0","","","00201022","账号客户类型为对公","900001","2019-07-22","批量新增","1","0","0"),
("DH50008","csttype","!=","0","","","00302002","转出方账户是对公且交易金额大于等于50万","900001","2019-07-22","批量新增","1","0","0"),
("DH50008","txAmt",">=","500000","","","00302002","转出方账户是对公且交易金额大于等于50万","900001","2019-07-22","批量新增","1","0","500000"),
("DH50009","csttype","!=","0","","","00302008","转出方账户是对公且交易金额大于等于50万","900001","2019-07-22","批量新增","1","0","0"),
("DH50009","txAmt",">=","500000","","","00302008","转出方账户是对公且交易金额大于等于50万","900001","2019-07-22","批量新增","1","0","500000"),
("DH50010","csttype","!=","0","","","00302009","转出方账户是对公且交易金额大于等于50万","900001","2019-07-22","批量新增","1","0","0"),
("DH50010","txAmt",">=","500000","","","00302009","转出方账户是对公且交易金额大于等于50万","900001","2019-07-22","批量新增","1","0","500000"),
("DH50011","csttype","!=","0","","","00302010","转出方账户是对公且交易金额大于等于50万","900001","2019-07-22","批量新增","1","0","0"),
("DH50011","txAmt",">=","500000","","","00302010","转出方账户是对公且交易金额大于等于50万","900001","2019-07-22","批量新增","1","0","500000"),
("DH50012","cust_type","!=","0","","","00301015","账户是对公且交易金额大于等于20万","900001","2019-07-22","批量新增","1","0","0"),
("DH50012","txAmt",">=","200000","","","00301015","账户是对公且交易金额大于等于20万","900001","2019-07-22","批量新增","1","0","200000"),
("DH50013","cust_type","!=","0","","","00302018","账户是对公且交易金额大于等于50万","900001","2019-07-22","批量新增","1","0","0"),
("DH50013","txAmt",">=","500000","","","00302018","账户是对公且交易金额大于等于50万","900001","2019-07-22","批量新增","1","0","500000"),
("DH50014","Payr_Acct_Typ","!=","0","","","00302017","账户是对公且交易金额大于等于50万","900001","2019-07-22","批量新增","1","0","0"),
("DH50014","remitAmount",">=","500000","","","00302017","账户是对公且交易金额大于等于50万","900001","2019-07-22","批量新增","1","0","500000"),
("DH50015","csttype","!=","0","","","00302021","账号客户类型为对公且交易金额大于等于50万","900001","2019-07-22","批量新增","1","0","0"),
("DH50015","partAmt",">=","500000","","","00302021","账号客户类型为对公且交易金额大于等于50万","900001","2019-07-22","批量新增","1","0","500000"),
("DH50016","custTypCd","==","1","","","00303005","账号客户类型为对公且交易金额大于等于50万","900001","2019-07-22","批量新增","1","0","1"),
("DH50016","tran_amt",">=","500000","","","00303005","账号客户类型为对公且交易金额大于等于50万","900001","2019-07-22","批量新增","1","0","500000"),
("DH50017","TX_Amt",">=","500000","","","00302016","账号客户类型为对公且交易金额大于等于50万","900001","2019-07-22","批量新增","1","0","500000"),
("DH50018","txAmt",">=","200000","","","00301007","账号客户类型为对公且交易金额大于等于20万","900001","2019-07-22","批量新增","1","0","200000"),
("DH50020","crtfTyp","==","1","","","00103003","账号客户类型为对公","900001","2019-07-22","批量新增","1","0","1"),
("DH50021","crtfTyp","==","1","","","00103004","账号客户类型为对公","900001","2019-07-22","批量新增","1","0","1"),
("DH50022","CUST_TYP","in","1,2","","","00201021","账号客户类型为对公","900001","2019-07-22","批量新增","1","0","1,2"),
("DH50023","cust_type","==","1","","","00302019","账户是对公且交易金额大于等于50万","900001","2019-07-22","批量新增","1","0","1"),
("DH50023","txAmt",">=","500000","","","00302019","账户是对公且交易金额大于等于50万","900001","2019-07-22","批量新增","1","0","500000");
-- IB_OM_RULECOND_RLT insert
INSERT INTO IB_OM_RULECOND_RLT (RULE_COND_NO,CMPL_MODE_FLG,OPRTN_RULE_NO) VALUES

("DH50000","0","050000"),
("DH50001","0","050001"),
("DH50002","1","050002"),
("DH50003","1","050003"),
("DH50004","1","050004"),
("DH50005","1","050005"),
("DH50006","1","050006"),
("DH50007","1","050007"),
("DH50008","1","050008"),
("DH50009","1","050009"),
("DH50010","1","050010"),
("DH50011","1","050011"),
("DH50012","1","050012"),
("DH50013","1","050013"),
("DH50014","1","050014"),
("DH50015","1","050015"),
("DH50016","1","050016"),
("DH50017","1","050017"),
("DH50018","1","050018"),
("DH50019","0","050019"),
("DH50020","1","050020"),
("DH50021","1","050021"),
("DH50022","1","050022"),
("DH50023","1","050023");
-- IB_OM_MODE_INFO insert
INSERT INTO IB_OM_MODE_INFO (RULE_MODE_NO,FIELD_SEQ_NO,FIELD_NM,FIELD_DICTRY_NM,RULE_MODE_TYP_CD) VALUES

("DH50000","1","doubleLineField","doubleLineValue","DH"),
("DH50001","2","doubleLineField","doubleLineValue","DH"),
("DH50002","3","doubleLineField","doubleLineValue","DH"),
("DH50002","4","doubleLineField","doubleLineValue","DH"),
("DH50003","5","doubleLineField","doubleLineValue","DH"),
("DH50004","6","doubleLineField","doubleLineValue","DH"),
("DH50004","7","doubleLineField","doubleLineValue","DH"),
("DH50005","8","doubleLineField","doubleLineValue","DH"),
("DH50005","9","doubleLineField","doubleLineValue","DH"),
("DH50006","10","doubleLineField","doubleLineValue","DH"),
("DH50006","11","doubleLineField","doubleLineValue","DH"),
("DH50007","12","doubleLineField","doubleLineValue","DH"),
("DH50008","13","doubleLineField","doubleLineValue","DH"),
("DH50008","14","doubleLineField","doubleLineValue","DH"),
("DH50009","15","doubleLineField","doubleLineValue","DH"),
("DH50009","16","doubleLineField","doubleLineValue","DH"),
("DH50010","17","doubleLineField","doubleLineValue","DH"),
("DH50010","18","doubleLineField","doubleLineValue","DH"),
("DH50011","19","doubleLineField","doubleLineValue","DH"),
("DH50011","20","doubleLineField","doubleLineValue","DH"),
("DH50012","21","doubleLineField","doubleLineValue","DH"),
("DH50012","22","doubleLineField","doubleLineValue","DH"),
("DH50013","23","doubleLineField","doubleLineValue","DH"),
("DH50013","24","doubleLineField","doubleLineValue","DH"),
("DH50014","25","doubleLineField","doubleLineValue","DH"),
("DH50014","26","doubleLineField","doubleLineValue","DH"),
("DH50015","27","doubleLineField","doubleLineValue","DH"),
("DH50015","28","doubleLineField","doubleLineValue","DH"),
("DH50016","29","doubleLineField","doubleLineValue","DH"),
("DH50016","30","doubleLineField","doubleLineValue","DH"),
("DH50017","31","doubleLineField","doubleLineValue","DH"),
("DH50018","32","doubleLineField","doubleLineValue","DH"),
("DH50019","33","doubleLineField","doubleLineValue","DH"),
("DH50020","34","doubleLineField","doubleLineValue","DH"),
("DH50021","35","doubleLineField","doubleLineValue","DH"),
("DH50022","36","doubleLineField","doubleLineValue","DH"),
("DH50023","37","doubleLineField","doubleLineValue","DH"),
("DH50023","38","doubleLineField","doubleLineValue","DH");
  
COMMIT;