
SET AUTOCOMMIT=0;
BEGIN;

  
-- IB_OM_RULE_INFO insert
INSERT INTO IB_OM_RULE_INFO (RULE_NO,RULE_TYP_CD,HOLI_FLG,RULE_TRI_POSITION,SUIT_CHNL_SCP,SUIT_LPR_SCP,SUIT_ORG_SCP,SUIT_TX_SCP,RULE_COMNT,EFFT_FLG,OPER_TELR_NO,OPER_DT,OPER_RSN) VALUES

("090000","CI","N","1","TE","001","*,","1","","1","900001","2019-06-22","批量新增"),
("090001","CI","N","1","TE","001","*,","1","","1","900001","2019-06-22","批量新增"),
("090002","CI","N","1","TE","001","*,","1","","1","900001","2019-06-22","批量新增"),
("090003","CI","N","1","TE","001","*,","1","","1","900001","2019-06-22","批量新增"),
("090004","CI","N","1","TE","001","*,","1","","1","900001","2019-06-22","批量新增"),
("090005","CI","N","1","TE","001","*,","1","","1","900001","2019-06-22","批量新增"),
("090006","CI","N","1","TE","001","*,","1","","1","900001","2019-06-22","批量新增"),
("090007","CI","N","1","TE","001","*,","1","==","1","900001","2019-06-22","批量新增"),
("090008","CI","N","1","TE","001","*,","1","==","1","900001","2019-06-22","批量新增"),
("090009","CI","N","1","TE","001","*,","1","==","1","900001","2019-06-22","批量新增"),
("090010","CI","N","1","TE","001","*,","1","==","1","900001","2019-06-22","批量新增"),
("090011","CI","N","1","TE","001","*,","1","==","1","900001","2019-06-22","批量新增"),
("090012","CI","N","1","TE","001","*,","1","==","1","900001","2019-06-22","批量新增"),
("090013","CI","N","1","TE","001","*,","1","==","1","900001","2019-06-22","批量新增"),
("090014","CI","N","1","TE","001","*,","1","==","1","900001","2019-06-22","批量新增"),
("090015","CI","N","1","TE","001","*,","1","==","1","900001","2019-06-22","批量新增"),
("090016","CI","N","1","TE","001","*,","1","in","1","900001","2019-06-22","批量新增"),
("090017","CI","N","1","TE","001","*,","1","==","1","900001","2019-06-22","批量新增"),
("090018","CI","N","1","TE","001","*,","1","==","1","900001","2019-06-22","批量新增"),
("090019","CI","N","1","TE","001","*,","1","==","1","900001","2019-06-22","批量新增"),
("090020","CI","N","1","TE","001","*,","1","==","1","900001","2019-06-22","批量新增"),
("090021","CI","N","1","TE","001","*,","1","in","1","900001","2019-06-22","批量新增"),
("090022","CI","N","1","TE","001","*,","1","==","1","900001","2019-06-22","批量新增"),
("090023","CI","N","1","TE","001","*,","1","==","1","900001","2019-06-22","批量新增"),
("090024","CI","N","1","TE","001","*,","1","==","1","900001","2019-06-22","批量新增"),
("090025","CI","N","1","TE","001","*,","1","","1","900001","2019-06-22","批量新增"),
("090026","CI","N","1","TE","001","*,","1","==","1","900001","2019-06-22","批量新增"),
("090027","CI","N","1","TE","001","*,","1","==","1","900001","2019-06-22","批量新增"),
("090028","CI","N","1","TE","001","*,","1","==","1","900001","2019-06-22","批量新增"),
("090029","CI","N","1","TE","001","*,","1","==","1","900001","2019-06-22","批量新增"),
("090030","CI","N","1","TE","001","*,","1","==","1","900001","2019-06-22","批量新增"),
("090031","CI","N","1","TE","001","*,","1","in","1","900001","2019-06-22","批量新增"),
("090032","CI","N","1","TE","001","*,","1","==","1","900001","2019-06-22","批量新增"),
("090033","CI","N","1","TE","001","*,","1","==","1","900001","2019-06-22","批量新增"),
("090034","CI","N","1","TE","001","*,","1","","1","900001","2019-06-22","批量新增"),
("090035","CI","N","1","TE","001","*,","1","==","1","900001","2019-06-22","批量新增"),
("090036","CI","N","1","TE","001","*,","1","==","1","900001","2019-06-22","批量新增"),
("090037","CI","N","1","TE","001","*,","1","in","1","900001","2019-06-22","批量新增"),
("090038","CI","N","1","TE","001","*,","1","==","1","900001","2019-06-22","批量新增"),
("090039","CI","N","1","TE","001","*,","1","==","1","900001","2019-06-22","批量新增"),
("090040","CI","N","1","TE","001","*,","1","==","1","900001","2019-06-22","批量新增"),
("090041","CI","N","1","TE","001","*,","1","==","1","900001","2019-06-22","批量新增"),
("090042","CI","N","1","TE","001","*,","1","==","1","900001","2019-06-22","批量新增"),
("090043","CI","N","1","TE","001","*,","1",">","1","900001","2019-06-22","批量新增"),
("090044","CI","N","1","TE","001","*,","1","==","1","900001","2019-06-22","批量新增"),
("090045","CI","N","1","TE","001","*,","1",">","1","900001","2019-06-22","批量新增"),
("090046","CI","N","1","TE","001","*,","1","==","1","900001","2019-06-22","批量新增"),
("090047","CI","N","1","TE","001","*,","1","==","1","900001","2019-06-22","批量新增"),
("090048","CI","N","1","TE","001","*,","1","==","1","900001","2019-06-22","批量新增"),
("090049","CI","N","1","TE","001","*,","1","==","1","900001","2019-06-22","批量新增"),
("090050","CI","N","1","TE","001","*,","1","==","1","900001","2019-06-22","批量新增"),
("090051","CI","N","1","TE","001","*,","1","==","1","900001","2019-06-22","批量新增"),
("090052","CI","N","1","TE","001","*,","1","==","1","900001","2019-06-22","批量新增"),
("090053","CI","N","1","TE","001","*,","1","in","1","900001","2019-06-22","批量新增"),
("090054","CI","N","1","TE","001","*,","1","==","1","900001","2019-06-22","批量新增"),
("090055","CI","N","1","TE","001","*,","1","==","1","900001","2019-06-22","批量新增"),
("090056","CI","N","1","TE","001","*,","1","","1","900001","2019-06-22","批量新增"),
("090057","CI","N","1","TE","001","*,","1","==","1","900001","2019-06-22","批量新增"),
("090058","CI","N","1","TE","001","*,","1","","1","900001","2019-06-22","批量新增"),
("090059","CI","N","1","TE","001","*,","1","==","1","900001","2019-06-22","批量新增"),
("090060","CI","N","1","TE","001","*,","1","==","1","900001","2019-06-22","批量新增"),
("090061","CI","N","1","TE","001","*,","1","==","1","900001","2019-06-22","批量新增"),
("090062","CI","N","1","TE","001","*,","1","==","1","900001","2019-06-22","批量新增"),
("090063","CI","N","1","TE","001","*,","1","==","1","900001","2019-06-22","批量新增"),
("090064","CI","N","1","TE","001","*,","1","!=","1","900001","2019-06-22","批量新增"),
("090065","CI","N","1","TE","001","*,","1","!=","1","900001","2019-06-22","批量新增"),
("090066","CI","N","1","TE","001","*,","1","==","1","900001","2019-06-22","批量新增"),
("090067","CI","N","1","TE","001","*,","1","==","1","900001","2019-06-22","批量新增"),
("090068","CI","N","1","TE","001","*,","1","==","1","900001","2019-06-22","批量新增"),
("090069","CI","N","1","TE","001","*,","1","in","1","900001","2019-06-22","批量新增"),
("090070","CI","N","1","TE","001","*,","1","==","1","900001","2019-06-22","批量新增"),
("090071","CI","N","1","TE","001","*,","1","==","1","900001","2019-06-22","批量新增"),
("090072","CI","N","1","TE","001","*,","1","in","1","900001","2019-06-22","批量新增"),
("090073","CI","N","1","TE","001","*,","1","==","1","900001","2019-06-22","批量新增"),
("090074","CI","N","1","TE","001","*,","1","==","1","900001","2019-06-22","批量新增"),
("090075","CI","N","1","TE","001","*,","1","in","1","900001","2019-06-22","批量新增"),
("090076","CI","N","1","TE","001","*,","1","==","1","900001","2019-06-22","批量新增"),
("090077","CI","N","1","TE","001","*,","1","==","1","900001","2019-06-22","批量新增"),
("090078","CI","N","1","TE","001","*,","1","==","1","900001","2019-06-22","批量新增"),
("090079","CI","N","1","TE","001","*,","1","in","1","900001","2019-06-22","批量新增"),
("090080","CI","N","1","TE","001","*,","1","in","1","900001","2019-06-22","批量新增"),
("090081","CI","N","1","TE","001","*,","1","==","1","900001","2019-06-22","批量新增"),
("090082","CI","N","1","TE","001","*,","1","==","1","900001","2019-06-22","批量新增"),
("090083","CI","N","1","TE","001","*,","1","==","1","900001","2019-06-22","批量新增"),
("090084","CI","N","1","TE","001","*,","1","==","1","900001","2019-06-22","批量新增"),
("090085","CI","N","1","TE","001","*,","1","==","1","900001","2019-06-22","批量新增"),
("090086","CI","N","1","TE","001","*,","1","==","1","900001","2019-06-22","批量新增"),
("090087","CI","N","1","TE","001","*,","1","==","1","900001","2019-06-22","批量新增"),
("090088","CI","N","1","TE","001","*,","1","==","1","900001","2019-06-22","批量新增"),
("090089","CI","N","1","TE","001","*,","1","==","1","900001","2019-06-22","批量新增"),
("090090","CI","N","1","TE","001","*,","1","==","1","900001","2019-06-22","批量新增"),
("090091","CI","N","1","TE","001","*,","1","==","1","900001","2019-06-22","批量新增"),
("090092","CI","N","1","TE","001","*,","1","in","1","900001","2019-06-22","批量新增"),
("090093","CI","N","1","TE","001","*,","1","==","1","900001","2019-06-22","批量新增"),
("090094","CI","N","1","TE","001","*,","1","in","1","900001","2019-06-22","批量新增"),
("090095","CI","N","1","TE","001","*,","1","==","1","900001","2019-06-22","批量新增"),
("090096","CI","N","1","TE","001","*,","1","==","1","900001","2019-06-22","批量新增"),
("090097","CI","N","1","TE","001","*,","1","in","1","900001","2019-06-22","批量新增"),
("090098","CI","N","1","TE","001","*,","1","==","1","900001","2019-06-22","批量新增"),
("090099","CI","N","1","TE","001","*,","1","==","1","900001","2019-06-22","批量新增"),
("090100","CI","N","1","TE","001","*,","1","==","1","900001","2019-06-22","批量新增"),
("090101","CI","N","1","TE","001","*,","1","","1","900001","2019-06-22","批量新增"),
("090102","CI","N","1","TE","001","*,","1","==","1","900001","2019-06-22","批量新增"),
("090103","CI","N","1","TE","001","*,","1","==","1","900001","2019-06-22","批量新增"),
("090104","CI","N","1","TE","001","*,","1","==","1","900001","2019-06-22","批量新增"),
("090105","CI","N","1","TE","001","*,","1","==","1","900001","2019-06-22","批量新增"),
("090106","CI","N","1","TE","001","*,","1","==","1","900001","2019-06-22","批量新增"),
("090107","CI","N","1","TE","001","*,","1","==","1","900001","2019-06-22","批量新增"),
("090108","CI","N","1","TE","001","*,","1","==","1","900001","2019-06-22","批量新增"),
("090109","CI","N","1","TE","001","*,","1","==","1","900001","2019-06-22","批量新增"),
("090110","CI","N","1","TE","001","*,","1","==","1","900001","2019-06-22","批量新增"),
("090111","CI","N","1","TE","001","*,","1","==","1","900001","2019-06-22","批量新增"),
("090112","CI","N","1","TE","001","*,","1","in","1","900001","2019-06-22","批量新增"),
("090113","CI","N","1","TE","001","*,","1","==","1","900001","2019-06-22","批量新增"),
("090114","CI","N","1","TE","001","*,","1","==","1","900001","2019-06-22","批量新增"),
("090115","CI","N","1","TE","001","*,","1","==","1","900001","2019-06-22","批量新增"),
("090116","CI","N","1","TE","001","*,","1","in","1","900001","2019-06-22","批量新增"),
("090117","CI","N","1","TE","001","*,","1","==","1","900001","2019-06-22","批量新增");
-- IB_OM_RULECOND_INFO insert
INSERT INTO IB_OM_RULECOND_INFO (OPRTN_COND_NO,DICTRY_NM,OPER_SYM_1,CMPR_VAL,OPER_SYM_2,VALUE2,TRAN_CD,COND_DESCR,OPER_TELR_NO,OPER_DT,OPER_RSN,CMPR_VAL_DATA_DICTRY_FLG,PUB_DICTRY_FLG,DICTRY_DESCR) VALUES

("CI90007","pubPrivFlgCd","==","1","","","00201014","公私标志","900001","2019-06-22","批量新增","1","0","公私标志"),
("CI90008","proxy","==","1","","","00301017","是否代理","900001","2019-06-22","批量新增","1","0","是否代理"),
("CI90009","proxy","==","","","","00301017","是否代理","900001","2019-06-22","批量新增","1","0","是否代理"),
("CI90009","txAmt",">=","50000","","","00301017","交易金额","900001","2019-06-22","批量新增","1","0","交易金额"),
("CI90010","proxy","==","1","","","00301015","是否代理","900001","2019-06-22","批量新增","1","0","是否代理"),
("CI90011","proxy","==","","","","00301015","是否代理","900001","2019-06-22","批量新增","1","0","是否代理"),
("CI90011","txAmt",">=","50000","","","00301015","交易金额","900001","2019-06-22","批量新增","1","0","交易金额"),
("CI90011","cust_type","==","","","","00301015","客户类型","900001","2019-06-22","批量新增","1","0","客户类型"),
("CI90012","cust_type","==","1","","","00301015","客户类型","900001","2019-06-22","批量新增","1","0","客户类型"),
("CI90012","txAmt",">=","50000","","","00301015","交易金额","900001","2019-06-22","批量新增","1","0","交易金额"),
("CI90013","proxy","==","1","","","00302018","是否代理","900001","2019-06-22","批量新增","1","0","是否代理"),
("CI90014","proxy","==","","","","00302018","是否代理","900001","2019-06-22","批量新增","1","0","是否代理"),
("CI90014","txAmt",">=","50000","","","00302018","交易金额","900001","2019-06-22","批量新增","1","0","交易金额"),
("CI90014","cust_type","==","","","","00302018","客户类型","900001","2019-06-22","批量新增","1","0","客户类型"),
("CI90015","cust_type","==","1","","","00302018","客户类型","900001","2019-06-22","批量新增","1","0","客户类型"),
("CI90015","txAmt","==","50000","","","00302018","交易金额","900001","2019-06-22","批量新增","1","0","交易金额"),
("CI90016","mode","in","00100000,01100000,10100000,11100000","","","00302018","支取方式","900001","2019-06-22","批量新增","1","0","支取方式"),
("CI90016","cust_type","==","","","","00302018","客户类型","900001","2019-06-22","批量新增","1","0","客户类型"),
("CI90017","proxy","==","1","","","00302007","是否代理","900001","2019-06-22","批量新增","1","0","是否代理"),
("CI90018","proxy","==","0","","","00302007","是否代理","900001","2019-06-22","批量新增","1","0","是否代理"),
("CI90018","txAmt",">=","50000","","","00302007","交易金额","900001","2019-06-22","批量新增","1","0","交易金额"),
("CI90018","cust_type","==","0","","","00302007","客户类型","900001","2019-06-22","批量新增","1","0","客户类型"),
("CI90019","proxy","==","1","","","00302013","是否代理","900001","2019-06-22","批量新增","1","0","是否代理"),
("CI90020","proxy","==","0","","","00302013","是否代理","900001","2019-06-22","批量新增","1","0","是否代理"),
("CI90020","partyAmt",">=","50000","","","00302013","交易金额","900001","2019-06-22","批量新增","1","0","交易金额"),
("CI90020","cust_type","==","0","","","00302013","客户类型","900001","2019-06-22","批量新增","1","0","客户类型"),
("CI90021","mode","in","00100000,01100000,10100000,11100000","","","00302013","支取方式","900001","2019-06-22","批量新增","1","0","支取方式"),
("CI90021","cust_type","==","0","","","00302013","客户类型","900001","2019-06-22","批量新增","1","0","客户类型"),
("CI90022","operaFlg","==","1","","","00201011","操作标志","900001","2019-06-22","批量新增","1","0","操作标志"),
("CI90023","operaFlg","==","2","","","00201011","操作标志","900001","2019-06-22","批量新增","1","0","操作标志"),
("CI90024","operaFlg","==","3","","","00201011","操作标志","900001","2019-06-22","批量新增","1","0","操作标志"),
("CI90026","agencyFlag","==","1","","","00302022","是否代理","900001","2019-06-22","批量新增","1","0","是否代理"),
("CI90027","agencyFlag","==","0","","","00302022","是否代理","900001","2019-06-22","批量新增","1","0","是否代理"),
("CI90027","partAmt",">=","50000","","","00302022","交易金额","900001","2019-06-22","批量新增","1","0","交易金额"),
("CI90027","csttype","==","0","","","00302022","客户类型","900001","2019-06-22","批量新增","1","0","客户类型"),
("CI90028","csttype","==","1","","","00302021","客户类型","900001","2019-06-22","批量新增","1","0","客户类型"),
("CI90028","partAmt",">=","50000","","","00302021","交易金额","900001","2019-06-22","批量新增","1","0","交易金额"),
("CI90029","AGEN_FLG","==","1","","","00303005","是否代理","900001","2019-06-22","批量新增","1","0","是否代理"),
("CI90030","AGEN_FLG","==","0","","","00303005","是否代理","900001","2019-06-22","批量新增","1","0","是否代理"),
("CI90030","tran_amt",">=","50000","","","00303005","交易金额","900001","2019-06-22","批量新增","1","0","交易金额"),
("CI90030","custTypCd","==","对私","","","00303005","客户类型","900001","2019-06-22","批量新增","1","0","客户类型"),
("CI90031","draw_type","in","00100000,01100000,10100000,11100000","","","00303005","支取方式","900001","2019-06-22","批量新增","1","0","支取方式"),
("CI90031","custTypCd","==","0","","","00303005","客户类型","900001","2019-06-22","批量新增","1","0","客户类型"),
("CI90032","custTypCd","==","1","","","00303005","客户类型","900001","2019-06-22","批量新增","1","0","客户类型"),
("CI90032","Cap_Src","==","1","","","00303005","资金来源","900001","2019-06-22","批量新增","1","0","资金来源"),
("CI90032","tran_amt",">=","50000","","","00303005","交易金额","900001","2019-06-22","批量新增","1","0","交易金额"),
("CI90032","AGEN_FLG","==","0","","","00303005","是否代理","900001","2019-06-22","批量新增","1","0","是否代理"),
("CI90033","custTypCd","==","1","","","00303005","客户类型","900001","2019-06-22","批量新增","1","0","客户类型"),
("CI90033","Cap_Src","!=","1","","","00303005","资金来源","900001","2019-06-22","批量新增","1","0","资金来源"),
("CI90033","tran_amt",">=","50000","","","00303005","交易金额","900001","2019-06-22","批量新增","1","0","交易金额"),
("CI90035","isAgency","==","1","","","00302017","是否代理","900001","2019-06-22","批量新增","1","0","是否代理"),
("CI90036","isAgency","==","0","","","00302017","是否代理","900001","2019-06-22","批量新增","1","0","是否代理"),
("CI90036","isAgency",">=","50000","","","00302017","交易金额","900001","2019-06-22","批量新增","1","0","交易金额"),
("CI90036","isAgency","==","0","","","00302017","客户类型","900001","2019-06-22","批量新增","1","0","客户类型"),
("CI90037","commissionWay","in","00100000,01100000,10100000,11100000","","","00302017","支取方式","900001","2019-06-22","批量新增","1","0","支取方式"),
("CI90037","commissionWay","==","0","","","00302017","客户类型","900001","2019-06-22","批量新增","1","0","客户类型"),
("CI90038","remitAmount","==","0","","","00302017","客户类型","900001","2019-06-22","批量新增","1","0","客户类型"),
("CI90038","remitAmount","==","5","","","00302017","资金来源","900001","2019-06-22","批量新增","1","0","资金来源"),
("CI90039","isAgency","==","1","","","00302017","客户类型","900001","2019-06-22","批量新增","1","0","客户类型"),
("CI90039","isAgency","==","1","","","00302017","资金来源","900001","2019-06-22","批量新增","1","0","资金来源"),
("CI90039","isAgency",">=","50000","","","00302017","交易金额","900001","2019-06-22","批量新增","1","0","交易金额"),
("CI90039","isAgency","==","0","","","00302017","是否代理","900001","2019-06-22","批量新增","1","0","是否代理"),
("CI90040","remitAmount","==","1","","","00302017","客户类型","900001","2019-06-22","批量新增","1","0","客户类型"),
("CI90040","remitAmount","!=","1","","","00302017","资金来源","900001","2019-06-22","批量新增","1","0","资金来源"),
("CI90040","remitAmount",">=","50000","","","00302017","交易金额","900001","2019-06-22","批量新增","1","0","交易金额"),
("CI90041","ACCT_NO","==","0","","","00303002","客户类型","900001","2019-06-22","批量新增","1","0","客户类型"),
("CI90041","ACCT_NAME","==","活期储蓄账户","","","00303002","收款人账号","900001","2019-06-22","批量新增","1","0","收款人账号"),
("CI90042","x_DE_WA","==","退回客户现金","","","00303002","处理方式","900001","2019-06-22","批量新增","1","0","处理方式"),
("CI90043","txAmt",">","0","","","00301003","交易金额","900001","2019-06-22","批量新增","1","0","交易金额"),
("CI90043","pageRdcrdOperFlgCd","==","0","","","00301003","磁条标志","900001","2019-06-22","批量新增","1","0","磁条标志"),
("CI90044","csttype","==","0","","","00301003","客户类型","900001","2019-06-22","批量新增","1","0","客户类型"),
("CI90044","txAmt",">=","50000","","","00301003","交易金额","900001","2019-06-22","批量新增","1","0","交易金额"),
("CI90045","txAmt",">","0","","","00301004","交易金额","900001","2019-06-22","批量新增","1","0","交易金额"),
("CI90045","flag","==","0","","","00301004","磁条标志","900001","2019-06-22","批量新增","1","0","磁条标志"),
("CI90045","strDepbokNo","==","NULL","","","00301004","存折号","900001","2019-06-22","批量新增","1","0","存折号"),
("CI90046","csttype","==","0","","","00301004","客户类型","900001","2019-06-22","批量新增","1","0","客户类型"),
("CI90046","txAmt",">=","50000","","","00301004","交易金额","900001","2019-06-22","批量新增","1","0","交易金额"),
("CI90047","agenFlg","==","1","","","00302002","是否代理","900001","2019-06-22","批量新增","1","0","是否代理"),
("CI90048","csttype","==","1","","","00302002","客户类型","900001","2019-06-22","批量新增","1","0","客户类型"),
("CI90048","txAmt",">=","50000","","","00302002","交易金额","900001","2019-06-22","批量新增","1","0","交易金额"),
("CI90049","agencyFlag","==","1","","","00302003","是否代理","900001","2019-06-22","批量新增","1","0","是否代理"),
("CI90050","agencyFlag","==","0","","","00302003","是否代理","900001","2019-06-22","批量新增","1","0","是否代理"),
("CI90050","partAmt",">=","50000","","","00302003","交易金额","900001","2019-06-22","批量新增","1","0","交易金额"),
("CI90050","csttype","==","0","","","00302003","客户类型","900001","2019-06-22","批量新增","1","0","客户类型"),
("CI90051","where","==","1","","","00302006","是否代理","900001","2019-06-22","批量新增","1","0","是否代理"),
("CI90052","where","==","0","","","00302006","是否代理","900001","2019-06-22","批量新增","1","0","是否代理"),
("CI90052","txAmt",">=","50000","","","00302006","交易金额","900001","2019-06-22","批量新增","1","0","交易金额"),
("CI90052","csttype","==","0","","","00302006","客户类型","900001","2019-06-22","批量新增","1","0","客户类型"),
("CI90053","mode","in","00100000,01100000,10100000,11100000","","","00302006","支取方式","900001","2019-06-22","批量新增","1","0","支取方式"),
("CI90053","csttype","==","0","","","00302006","客户类型","900001","2019-06-22","批量新增","1","0","客户类型"),
("CI90054","where","==","1","","","00301006","是否代理","900001","2019-06-22","批量新增","1","0","是否代理"),
("CI90055","where","==","0","","","00301006","是否代理","900001","2019-06-22","批量新增","1","0","是否代理"),
("CI90055","txAmt",">=","50000","","","00301006","交易金额","900001","2019-06-22","批量新增","1","0","交易金额"),
("CI90055","csttype","==","0","","","00301006","客户类型","900001","2019-06-22","批量新增","1","0","客户类型"),
("CI90057","pubPrivFlgCd","==","1","","","00201014","公私标志","900001","2019-06-22","批量新增","1","0","公私标志"),
("CI90059","customerType","==","1","","","00201015","客户类型","900001","2019-06-22","批量新增","1","0","客户类型"),
("CI90060","chkStat","==","1","","","00201015","共管账户标志","900001","2019-06-22","批量新增","1","0","共管账户标志"),
("CI90060","jointName","==","acctnm","","","00201015","联名人姓名","900001","2019-06-22","批量新增","1","0","联名人姓名"),
("CI90061","chkStat","==","1","","","00201015","共管账户标志","900001","2019-06-22","批量新增","1","0","共管账户标志"),
("CI90061","jointName","!=","acctnm","","","00201015","联名人姓名","900001","2019-06-22","批量新增","1","0","联名人姓名"),
("CI90062","chkStat","==","0","","","00201015","共管账户标志","900001","2019-06-22","批量新增","1","0","共管账户标志"),
("CI90063","customerType","==","0","","","00201015","客户类型","900001","2019-06-22","批量新增","1","0","客户类型"),
("CI90064","pageFileOperTypCd","!=","0","","","00201016","操作类型","900001","2019-06-22","批量新增","1","0","操作类型"),
("CI90064","custTypeCd1","==","0","","","00201016","客户类型","900001","2019-06-22","批量新增","1","0","客户类型"),
("CI90065","pageFileOperTypCd","!=","0","","","00201016","操作类型","900001","2019-06-22","批量新增","1","0","操作类型"),
("CI90065","custTypeCd1","==","1","","","00201016","客户类型","900001","2019-06-22","批量新增","1","0","客户类型"),
("CI90066","pageFileOperTypCd","==","2","","","00201016","操作类型","900001","2019-06-22","批量新增","1","0","操作类型"),
("CI90067","agenFlg","==","1","","","00201016","是否代理","900001","2019-06-22","批量新增","1","0","是否代理"),
("CI90068","custTypeCdBankBook","==","1","","","00201016","客户类型","900001","2019-06-22","批量新增","1","0","客户类型"),
("CI90069","acctDrawManrCd3","in","00100000,01100000,10100000,11100000","","","00201016","支取方式","900001","2019-06-22","批量新增","1","0","支取方式"),
("CI90069","custTypeCdBankBook","==","0","","","00201016","客户类型","900001","2019-06-22","批量新增","1","0","客户类型"),
("CI90070","agenFlg","==","1","","","00302005","是否代理","900001","2019-06-22","批量新增","1","0","是否代理"),
("CI90071","agenFlg","==","0","","","00302005","是否代理","900001","2019-06-22","批量新增","1","0","是否代理"),
("CI90071","txAmt",">=","50000","","","00302005","交易金额","900001","2019-06-22","批量新增","1","0","交易金额"),
("CI90071","CUST_TYP_CD","==","0","","","00302005","客户类型","900001","2019-06-22","批量新增","1","0","客户类型"),
("CI90072","mode","in","00100000,01100000,10100000,11100000","","","00302005","支取方式","900001","2019-06-22","批量新增","1","0","支取方式"),
("CI90072","CUST_TYP_CD","==","0","","","00302005","客户类型","900001","2019-06-22","批量新增","1","0","客户类型"),
("CI90073","agenFlg","==","1","","","00301014","是否代理","900001","2019-06-22","批量新增","1","0","是否代理"),
("CI90074","agenFlg","==","0","","","00301014","是否代理","900001","2019-06-22","批量新增","1","0","是否代理"),
("CI90074","txAmt",">=","50000","","","00301014","交易金额","900001","2019-06-22","批量新增","1","0","交易金额"),
("CI90074","CUST_TYP_CD","==","0","","","00301014","客户类型","900001","2019-06-22","批量新增","1","0","客户类型"),
("CI90075","mode","in","00100000,01100000,10100000,11100000","","","00301014","支取方式","900001","2019-06-22","批量新增","1","0","支取方式"),
("CI90075","CUST_TYP_CD","==","0","","","00301014","客户类型","900001","2019-06-22","批量新增","1","0","客户类型"),
("CI90076","agenFlg","==","1","","","00302019","是否代理","900001","2019-06-22","批量新增","1","0","是否代理"),
("CI90077","agenFlg","==","0","","","00302019","是否代理","900001","2019-06-22","批量新增","1","0","是否代理"),
("CI90077","txAmt",">=","50000","","","00302019","交易金额","900001","2019-06-22","批量新增","1","0","交易金额"),
("CI90077","CUST_TYP_CD","==","0","","","00302019","客户类型","900001","2019-06-22","批量新增","1","0","客户类型"),
("CI90078","CUST_TYP_CD","==","1","","","00302019","客户类型","900001","2019-06-22","批量新增","1","0","客户类型"),
("CI90078","txAmt",">=","50000","","","00302019","交易金额","900001","2019-06-22","批量新增","1","0","交易金额"),
("CI90079","mode","in","00100000,01100000,10100000,11100000","","","00302019","支取方式","900001","2019-06-22","批量新增","1","0","支取方式"),
("CI90079","CUST_TYP_CD","==","0","","","00302019","客户类型","900001","2019-06-22","批量新增","1","0","客户类型"),
("CI90080","mode","in","00100000,01100000,10100000,11100000","","","00302020","支取方式","900001","2019-06-22","批量新增","1","0","支取方式"),
("CI90080","CUST_TYP_CD","==","0","","","00302020","客户类型","900001","2019-06-22","批量新增","1","0","客户类型"),
("CI90081","proxy","==","0","","","00302020","是否代理","900001","2019-06-22","批量新增","1","0","是否代理"),
("CI90081","txAmt",">=","50000","","","00302020","交易金额","900001","2019-06-22","批量新增","1","0","交易金额"),
("CI90081","CUST_TYP_CD","==","0","","","00302020","客户类型","900001","2019-06-22","批量新增","1","0","客户类型"),
("CI90082","JOINT_MGMT_ACCT_FLG","==","1","","","00201021","共管账户标志","900001","2019-06-22","批量新增","1","0","共管账户标志"),
("CI90082","CSTM_NAME","==","户名","","","00201021","联名人姓名","900001","2019-06-22","批量新增","1","0","联名人姓名"),
("CI90083","CUST_TYP","==","1","","","00201021","客户类型","900001","2019-06-22","批量新增","1","0","客户类型"),
("CI90084","CUST_TYP","==","0","","","00201021","客户类型","900001","2019-06-22","批量新增","1","0","客户类型"),
("CI90085","CUST_TYP","==","1","","","00201022","客户类型","900001","2019-06-22","批量新增","1","0","客户类型"),
("CI90086","CUST_TYP","==","0","","","00201022","客户类型","900001","2019-06-22","批量新增","1","0","客户类型"),
("CI90087","pageOperFlgCd","==","1","","","00201009","操作标志","900001","2019-06-22","批量新增","1","0","操作标志"),
("CI90088","pageOperFlgCd","==","2","","","00201009","操作标志","900001","2019-06-22","批量新增","1","0","操作标志"),
("CI90089","pageOperFlgCd","==","3","","","00201009","操作标志","900001","2019-06-22","批量新增","1","0","操作标志"),
("CI90090","agenFlg","==","1","","","00302014","是否代理","900001","2019-06-22","批量新增","1","0","是否代理"),
("CI90091","agenFlg","==","0","","","00302014","是否代理","900001","2019-06-22","批量新增","1","0","是否代理"),
("CI90091","txAmt",">=","50000","","","00302014","交易金额","900001","2019-06-22","批量新增","1","0","交易金额"),
("CI90091","CUST_TYP_CD","==","0","","","00302014","客户类型","900001","2019-06-22","批量新增","1","0","客户类型"),
("CI90092","mode","in","00100000,01100000,10100000,11100000","","","00302014","支取方式","900001","2019-06-22","批量新增","1","0","支取方式"),
("CI90092","CUST_TYP_CD","==","0","","","00302014","客户类型","900001","2019-06-22","批量新增","1","0","客户类型"),
("CI90093","CUST_TYP_CD","==","1","","","00301007","客户类型","900001","2019-06-22","批量新增","1","0","客户类型"),
("CI90093","txAmt",">=","50000","","","00301007","交易金额","900001","2019-06-22","批量新增","1","0","交易金额"),
("CI90094","mode","in","00100000,01100000,10100000,11100000","","","00301007","支取方式","900001","2019-06-22","批量新增","1","0","支取方式"),
("CI90094","CUST_TYP_CD","==","0","","","00301007","客户类型","900001","2019-06-22","批量新增","1","0","客户类型"),
("CI90095","agenFlg","==","1","","","00302016","是否代理","900001","2019-06-22","批量新增","1","0","是否代理"),
("CI90096","agenFlg","==","0","","","00302016","是否代理","900001","2019-06-22","批量新增","1","0","是否代理"),
("CI90096","txAmt",">=","50000","","","00302016","交易金额","900001","2019-06-22","批量新增","1","0","交易金额"),
("CI90096","CUST_TYP_CD","==","0","","","00302016","客户类型","900001","2019-06-22","批量新增","1","0","客户类型"),
("CI90097","mode","in","00100000,01100000,10100000,11100000","","","00302016","支取方式","900001","2019-06-22","批量新增","1","0","支取方式"),
("CI90097","CUST_TYP_CD","==","0","","","00302016","客户类型","900001","2019-06-22","批量新增","1","0","客户类型"),
("CI90098","CUST_TYP_CD","==","1","","","00302016","客户类型","900001","2019-06-22","批量新增","1","0","客户类型"),
("CI90098","Cap_Src","==","1","","","00302016","资金来源","900001","2019-06-22","批量新增","1","0","资金来源"),
("CI90098","TX_Amt",">=","50000","","","00302016","交易金额","900001","2019-06-22","批量新增","1","0","交易金额"),
("CI90098","agenFlg","==","0","","","00302016","是否代理","900001","2019-06-22","批量新增","1","0","是否代理"),
("CI90099","custtypcd","==","1","","","00302016","客户类型","900001","2019-06-22","批量新增","1","0","客户类型"),
("CI90099","Cap_Src","!=","1","","","00302016","资金来源","900001","2019-06-22","批量新增","1","0","资金来源"),
("CI90099","TX_Amt",">=","50000","","","00302016","交易金额","900001","2019-06-22","批量新增","1","0","交易金额"),
("CI90100","handType","==","04","","","00303003_1","处理方式","900001","2019-06-22","批量新增","1","0","处理方式"),
("CI90101","handType","","","","","00303003_2","处理方式","900001","2019-06-22","批量新增","1","0","处理方式"),
("CI90102","custType","==","1","","","00302004","客户类型","900001","2019-06-22","批量新增","1","0","客户类型"),
("CI90102","txAmt",">=","50000","","","00302004","交易金额","900001","2019-06-22","批量新增","1","0","交易金额"),
("CI90103","custType","==","1","","","00301002","客户类型","900001","2019-06-22","批量新增","1","0","客户类型"),
("CI90103","txAmt",">=","50000","","","00301002","交易金额","900001","2019-06-22","批量新增","1","0","交易金额"),
("CI90104","custType","==","1","","","00301005","客户类型","900001","2019-06-22","批量新增","1","0","客户类型"),
("CI90104","txAmt",">=","50000","","","00301005","交易金额","900001","2019-06-22","批量新增","1","0","交易金额"),
("CI90105","agenFlg","==","1","","","00301005","是否代理","900001","2019-06-22","批量新增","1","0","是否代理"),
("CI90106","agenFlg","==","1","","","00301016","是否代理","900001","2019-06-22","批量新增","1","0","是否代理"),
("CI90107","agenFlg","==","0","","","00301016","是否代理","900001","2019-06-22","批量新增","1","0","是否代理"),
("CI90107","txAmt",">=","50000","","","00301016","交易金额","900001","2019-06-22","批量新增","1","0","交易金额"),
("CI90107","custType","==","0","","","00301016","客户类型","900001","2019-06-22","批量新增","1","0","客户类型"),
("CI90108","agenFlg","==","1","","","00301018","是否代理","900001","2019-06-22","批量新增","1","0","是否代理"),
("CI90109","custType","==","1","","","00301018","客户类型","900001","2019-06-22","批量新增","1","0","客户类型"),
("CI90109","txAmt",">=","50000","","","00301018","交易金额","900001","2019-06-22","批量新增","1","0","交易金额"),
("CI90110","isAgency","==","1","","","00305006","是否代理","900001","2019-06-22","批量新增","1","0","是否代理"),
("CI90111","isAgency","==","0","","","00305006","是否代理","900001","2019-06-22","批量新增","1","0","是否代理"),
("CI90111","transAm",">=","50000","","","00305006","交易金额","900001","2019-06-22","批量新增","1","0","交易金额"),
("CI90111","custType","==","0","","","00305006","客户类型","900001","2019-06-22","批量新增","1","0","客户类型"),
("CI90112","paymentMth","in","00100000,01100000,10100000,11100000","","","00305006","支取方式","900001","2019-06-22","批量新增","1","0","支取方式"),
("CI90112","custType","==","0","","","00305006","客户类型","900001","2019-06-22","批量新增","1","0","客户类型"),
("CI90113","custType","==","0","","","00303006","客户类型","900001","2019-06-22","批量新增","1","0","客户类型"),
("CI90113","transAm",">=","50000","","","00303006","交易金额","900001","2019-06-22","批量新增","1","0","交易金额"),
("CI90114","isAgency","==","1","","","00303007","是否代理","900001","2019-06-22","批量新增","1","0","是否代理"),
("CI90115","isAgency","==","0","","","00303007","是否代理","900001","2019-06-22","批量新增","1","0","是否代理"),
("CI90115","subaccbal",">=","50000","","","00303007","交易金额","900001","2019-06-22","批量新增","1","0","交易金额"),
("CI90115","custType","==","0","","","00303007","客户类型","900001","2019-06-22","批量新增","1","0","客户类型"),
("CI90116","paymentMth","in","00100000,01100000,10100000,11100000","","","00303007","支取方式","900001","2019-06-22","批量新增","1","0","支取方式"),
("CI90116","custType","==","0","","","00303007","客户类型","900001","2019-06-22","批量新增","1","0","客户类型"),
("CI90117","custType","==","0","","","00201002","客户类型","900001","2019-06-22","批量新增","1","0","客户类型");
-- IB_OM_RULECOND_RLT insert
INSERT INTO IB_OM_RULECOND_RLT (RULE_COND_NO,CMPL_MODE_FLG,OPRTN_RULE_NO) VALUES

("CI90000","0","090000"),
("CI90001","0","090001"),
("CI90002","0","090002"),
("CI90003","0","090003"),
("CI90004","0","090004"),
("CI90005","0","090005"),
("CI90006","0","090006"),
("CI90007","1","090007"),
("CI90008","1","090008"),
("CI90009","1","090009"),
("CI90010","1","090010"),
("CI90011","1","090011"),
("CI90012","1","090012"),
("CI90013","1","090013"),
("CI90014","1","090014"),
("CI90015","1","090015"),
("CI90016","1","090016"),
("CI90017","1","090017"),
("CI90018","1","090018"),
("CI90019","1","090019"),
("CI90020","1","090020"),
("CI90021","1","090021"),
("CI90022","1","090022"),
("CI90023","1","090023"),
("CI90024","1","090024"),
("CI90025","0","090025"),
("CI90026","1","090026"),
("CI90027","1","090027"),
("CI90028","1","090028"),
("CI90029","1","090029"),
("CI90030","1","090030"),
("CI90031","1","090031"),
("CI90032","1","090032"),
("CI90033","1","090033"),
("CI90034","0","090034"),
("CI90035","1","090035"),
("CI90036","1","090036"),
("CI90037","1","090037"),
("CI90038","1","090038"),
("CI90039","1","090039"),
("CI90040","1","090040"),
("CI90041","1","090041"),
("CI90042","1","090042"),
("CI90043","1","090043"),
("CI90043","0","090043"),
("CI90044","1","090044"),
("CI90045","1","090045"),
("CI90046","1","090046"),
("CI90047","1","090047"),
("CI90048","1","090048"),
("CI90049","1","090049"),
("CI90050","1","090050"),
("CI90051","1","090051"),
("CI90052","1","090052"),
("CI90053","1","090053"),
("CI90054","1","090054"),
("CI90055","1","090055"),
("CI90056","0","090056"),
("CI90057","1","090057"),
("CI90058","0","090058"),
("CI90059","1","090059"),
("CI90060","1","090060"),
("CI90061","1","090061"),
("CI90062","1","090062"),
("CI90063","1","090063"),
("CI90064","1","090064"),
("CI90065","1","090065"),
("CI90066","1","090066"),
("CI90067","1","090067"),
("CI90068","1","090068"),
("CI90069","1","090069"),
("CI90070","1","090070"),
("CI90071","1","090071"),
("CI90072","1","090072"),
("CI90073","1","090073"),
("CI90074","1","090074"),
("CI90075","1","090075"),
("CI90076","1","090076"),
("CI90077","1","090077"),
("CI90078","1","090078"),
("CI90079","1","090079"),
("CI90080","1","090080"),
("CI90081","1","090081"),
("CI90082","1","090082"),
("CI90083","1","090083"),
("CI90084","1","090084"),
("CI90085","1","090085"),
("CI90086","1","090086"),
("CI90087","1","090087"),
("CI90088","1","090088"),
("CI90089","1","090089"),
("CI90090","1","090090"),
("CI90091","1","090091"),
("CI90092","1","090092"),
("CI90093","1","090093"),
("CI90094","1","090094"),
("CI90095","1","090095"),
("CI90096","1","090096"),
("CI90097","1","090097"),
("CI90098","1","090098"),
("CI90099","1","090099"),
("CI90100","1","090100"),
("CI90101","1","090101"),
("CI90102","1","090102"),
("CI90103","1","090103"),
("CI90104","1","090104"),
("CI90105","1","090105"),
("CI90106","1","090106"),
("CI90107","1","090107"),
("CI90108","1","090108"),
("CI90109","1","090109"),
("CI90110","1","090110"),
("CI90111","1","090111"),
("CI90112","1","090112"),
("CI90113","1","090113"),
("CI90114","1","090114"),
("CI90115","1","090115"),
("CI90116","1","090116"),
("CI90117","1","090117");
-- IB_OM_MODE_INFO insert
INSERT INTO IB_OM_MODE_INFO (RULE_MODE_NO,FIELD_SEQ_NO,FIELD_NM,FIELD_DICTRY_NM,RULE_MODE_TYP_CD) VALUES

("CI90000","1","ref","aui-row_1","CI"),
("CI90000","2","NI","1","CI"),
("CI90000","3","FR","1","CI"),
("CI90001","4","ref","custom-input_2","CI"),
("CI90001","5","NI","1","CI"),
("CI90001","6","FR","1","CI"),
("CI90002","7","ref","custom-input-custNm","CI"),
("CI90002","8","NI","1","CI"),
("CI90002","9","FR","1","CI"),
("CI90003","10","ref","custom-input-custNm","CI"),
("CI90003","11","NI","1","CI"),
("CI90003","12","FR","1","CI"),
("CI90004","13","ref","custom-input-custNm","CI"),
("CI90004","14","NI","1","CI"),
("CI90004","15","FR","1","CI"),
("CI90005","16","ref","input-cstnm","CI"),
("CI90005","17","NI","1","CI"),
("CI90005","18","FR","1","CI"),
("CI90006","19","ref","custom-selector-crtfTypCd","CI"),
("CI90006","20","NI","1","CI"),
("CI90006","21","FR","","CI"),
("CI90007","22","ref","custom-selector-crtfTypCd","CI"),
("CI90007","23","NI","1","CI"),
("CI90007","24","FR","","CI"),
("CI90008","25","ref","custom-selector-proxy","CI"),
("CI90008","26","NI","1","CI"),
("CI90008","27","FR","","CI"),
("CI90009","28","ref","custom-selector-proxy","CI"),
("CI90009","29","NI","1","CI"),
("CI90009","30","FR","","CI"),
("CI90009","31","ref","custom-selector-proxy","CI"),
("CI90009","32","NI","1","CI"),
("CI90009","33","FR","","CI"),
("CI90010","34","ref","custom-selector-proxy","CI"),
("CI90010","35","NI","1","CI"),
("CI90010","36","FR","","CI"),
("CI90011","37","ref","custom-selector-proxy","CI"),
("CI90011","38","NI","1","CI"),
("CI90011","39","FR","","CI"),
("CI90011","40","ref","custom-selector-proxy","CI"),
("CI90011","41","NI","1","CI"),
("CI90011","42","FR","","CI"),
("CI90011","43","ref","custom-selector-proxy","CI"),
("CI90011","44","NI","1","CI"),
("CI90011","45","FR","","CI"),
("CI90012","46","ref","custom-input-txAmt","CI"),
("CI90012","47","NI","1","CI"),
("CI90012","48","FR","","CI"),
("CI90012","49","ref","custom-input-txAmt","CI"),
("CI90012","50","NI","1","CI"),
("CI90012","51","FR","","CI"),
("CI90013","52","ref","custom-selector-proxy","CI"),
("CI90013","53","NI","1","CI"),
("CI90013","54","FR","","CI"),
("CI90014","55","ref","custom-selector-proxy","CI"),
("CI90014","56","NI","1","CI"),
("CI90014","57","FR","","CI"),
("CI90014","58","ref","custom-selector-proxy","CI"),
("CI90014","59","NI","1","CI"),
("CI90014","60","FR","","CI"),
("CI90014","61","ref","custom-selector-proxy","CI"),
("CI90014","62","NI","1","CI"),
("CI90014","63","FR","","CI"),
("CI90015","64","ref","custom-input-txAmt","CI"),
("CI90015","65","NI","1","CI"),
("CI90015","66","FR","","CI"),
("CI90015","67","ref","custom-selector-proxy","CI"),
("CI90015","68","NI","1","CI"),
("CI90015","69","FR","","CI"),
("CI90016","70","ref","custom-selector-proxy","CI"),
("CI90016","71","NI","1","CI"),
("CI90016","72","FR","","CI"),
("CI90016","73","ref","custom-selector-proxy","CI"),
("CI90016","74","NI","1","CI"),
("CI90016","75","FR","","CI"),
("CI90017","76","ref","custom-selector-proxy","CI"),
("CI90017","77","NI","1","CI"),
("CI90017","78","FR","","CI"),
("CI90018","79","ref","custom-selector-proxy","CI"),
("CI90018","80","NI","1","CI"),
("CI90018","81","FR","","CI"),
("CI90018","82","ref","custom-selector-proxy","CI"),
("CI90018","83","NI","1","CI"),
("CI90018","84","FR","","CI"),
("CI90018","85","ref","custom-selector-proxy","CI"),
("CI90018","86","NI","1","CI"),
("CI90018","87","FR","","CI"),
("CI90019","88","ref","custom-selector-proxy","CI"),
("CI90019","89","NI","1","CI"),
("CI90019","90","FR","","CI"),
("CI90020","91","ref","custom-selector-proxy","CI"),
("CI90020","92","NI","1","CI"),
("CI90020","93","FR","","CI"),
("CI90020","94","ref","custom-selector-proxy","CI"),
("CI90020","95","NI","1","CI"),
("CI90020","96","FR","","CI"),
("CI90020","97","ref","custom-selector-proxy","CI"),
("CI90020","98","NI","1","CI"),
("CI90020","99","FR","","CI"),
("CI90021","100","ref","custom-selector-proxy","CI"),
("CI90021","101","NI","1","CI"),
("CI90021","102","FR","","CI"),
("CI90021","103","ref","custom-selector-proxy","CI"),
("CI90021","104","NI","1","CI"),
("CI90021","105","FR","","CI"),
("CI90022","106","ref","custom-input-acctnm1","CI"),
("CI90022","107","NI","1","CI"),
("CI90022","108","FR","","CI"),
("CI90023","109","ref","custom-input-acctnm2","CI"),
("CI90023","110","NI","1","CI"),
("CI90023","111","FR","","CI"),
("CI90024","112","ref","custom-input-targetAcctnm","CI"),
("CI90024","113","NI","1","CI"),
("CI90024","114","FR","","CI"),
("CI90025","115","ref","custom-input-acctnm1","CI"),
("CI90025","116","NI","1","CI"),
("CI90025","117","FR","","CI"),
("CI90026","118","ref","custom-selector_5","CI"),
("CI90026","119","NI","1","CI"),
("CI90026","120","FR","","CI"),
("CI90027","121","ref","custom-selector_5","CI"),
("CI90027","122","NI","1","CI"),
("CI90027","123","FR","","CI"),
("CI90027","124","ref","custom-selector_5","CI"),
("CI90027","125","NI","1","CI"),
("CI90027","126","FR","","CI"),
("CI90027","127","ref","custom-selector_5","CI"),
("CI90027","128","NI","1","CI"),
("CI90027","129","FR","","CI"),
("CI90028","130","ref","custom-input_6","CI"),
("CI90028","131","NI","1","CI"),
("CI90028","132","FR","","CI"),
("CI90028","133","ref","custom-input_6","CI"),
("CI90028","134","NI","1","CI"),
("CI90028","135","FR","","CI"),
("CI90029","136","ref","custom-selector_agen","CI"),
("CI90029","137","NI","1","CI"),
("CI90029","138","FR","","CI"),
("CI90030","139","ref","custom-selector_agen","CI"),
("CI90030","140","NI","1","CI"),
("CI90030","141","FR","","CI"),
("CI90030","142","ref","custom-input_amt","CI"),
("CI90030","143","NI","1","CI"),
("CI90030","144","FR","","CI"),
("CI90030","145","ref","custom-input_custTypCd","CI"),
("CI90030","146","NI","1","CI"),
("CI90030","147","FR","","CI"),
("CI90031","148","ref","支取方式","CI"),
("CI90031","149","NI","1","CI"),
("CI90031","150","FR","","CI"),
("CI90031","151","ref","custom-input_custTypCd","CI"),
("CI90031","152","NI","1","CI"),
("CI90031","153","FR","","CI"),
("CI90032","154","ref","custom-input_custTypCd","CI"),
("CI90032","155","NI","1","CI"),
("CI90032","156","FR","","CI"),
("CI90032","157","ref","custom-selector_Cap_Src","CI"),
("CI90032","158","NI","1","CI"),
("CI90032","159","FR","","CI"),
("CI90032","160","ref","custom-input_amt","CI"),
("CI90032","161","NI","1","CI"),
("CI90032","162","FR","","CI"),
("CI90032","163","ref","custom-selector_agen","CI"),
("CI90032","164","NI","1","CI"),
("CI90032","165","FR","","CI"),
("CI90033","166","ref","custom-input_custTypCd","CI"),
("CI90033","167","NI","1","CI"),
("CI90033","168","FR","","CI"),
("CI90033","169","ref","custom-selector_Cap_Src","CI"),
("CI90033","170","NI","1","CI"),
("CI90033","171","FR","","CI"),
("CI90033","172","ref","custom-input_amt","CI"),
("CI90033","173","NI","1","CI"),
("CI90033","174","FR","","CI"),
("CI90034","175","ref","custom-input_3","CI"),
("CI90034","176","NI","1","CI"),
("CI90034","177","FR","","CI"),
("CI90035","178","ref","custom-selector_4","CI"),
("CI90035","179","NI","1","CI"),
("CI90035","180","FR","","CI"),
("CI90036","181","ref","custom-selector_4","CI"),
("CI90036","182","NI","1","CI"),
("CI90036","183","FR","","CI"),
("CI90036","184","ref","custom-selector_4","CI"),
("CI90036","185","NI","1","CI"),
("CI90036","186","FR","","CI"),
("CI90036","187","ref","custom-selector_4","CI"),
("CI90036","188","NI","1","CI"),
("CI90036","189","FR","","CI"),
("CI90037","190","ref","custom-selector_commissionWay","CI"),
("CI90037","191","NI","1","CI"),
("CI90037","192","FR","","CI"),
("CI90037","193","ref","custom-selector_commissionWay","CI"),
("CI90037","194","NI","1","CI"),
("CI90037","195","FR","","CI"),
("CI90038","196","ref","custom-input_remitAmount","CI"),
("CI90038","197","NI","1","CI"),
("CI90038","198","FR","","CI"),
("CI90038","199","ref","custom-input_remitAmount","CI"),
("CI90038","200","NI","1","CI"),
("CI90038","201","FR","","CI"),
("CI90039","202","ref","custom-selector_4","CI"),
("CI90039","203","NI","1","CI"),
("CI90039","204","FR","","CI"),
("CI90039","205","ref","custom-selector_4","CI"),
("CI90039","206","NI","1","CI"),
("CI90039","207","FR","","CI"),
("CI90039","208","ref","custom-selector_4","CI"),
("CI90039","209","NI","1","CI"),
("CI90039","210","FR","","CI"),
("CI90039","211","ref","custom-selector_4","CI"),
("CI90039","212","NI","1","CI"),
("CI90039","213","FR","","CI"),
("CI90040","214","ref","custom-input_remitAmount","CI"),
("CI90040","215","NI","1","CI"),
("CI90040","216","FR","","CI"),
("CI90040","217","ref","custom-input_remitAmount","CI"),
("CI90040","218","NI","1","CI"),
("CI90040","219","FR","","CI"),
("CI90040","220","ref","custom-input_remitAmount","CI"),
("CI90040","221","NI","1","CI"),
("CI90040","222","FR","","CI"),
("CI90041","223","ref","custom-input-ACCT_NO","CI"),
("CI90041","224","NI","1","CI"),
("CI90041","225","FR","","CI"),
("CI90041","226","ref","custom-input-ACCT_NAME","CI"),
("CI90041","227","NI","1","CI"),
("CI90041","228","FR","","CI"),
("CI90042","229","ref","custom-selector_x_DE_WA","CI"),
("CI90042","230","NI","1","CI"),
("CI90042","231","FR","","CI"),
("CI90043","232","ref","custom-input_5","CI"),
("CI90043","233","NI","1","CI"),
("CI90043","234","FR","","CI"),
("CI90043","235","ref","custom-input_5","CI"),
("CI90043","236","NI","1","CI"),
("CI90043","237","FR","","CI"),
("CI90043","238","ref","custom-input_5","CI"),
("CI90043","239","NI","1","CI"),
("CI90043","240","FR","","CI"),
("CI90044","241","ref","custom-input_5","CI"),
("CI90044","242","NI","1","CI"),
("CI90044","243","FR","","CI"),
("CI90044","244","ref","custom-input_5","CI"),
("CI90044","245","NI","1","CI"),
("CI90044","246","FR","","CI"),
("CI90045","247","ref","custom-input_6","CI"),
("CI90045","248","NI","1","CI"),
("CI90045","249","FR","","CI"),
("CI90045","250","ref","custom-input_6","CI"),
("CI90045","251","NI","1","CI"),
("CI90045","252","FR","","CI"),
("CI90045","253","ref","custom-input_6","CI"),
("CI90045","254","NI","1","CI"),
("CI90045","255","FR","","CI"),
("CI90046","256","ref","custom-input_6","CI"),
("CI90046","257","NI","1","CI"),
("CI90046","258","FR","","CI"),
("CI90046","259","ref","custom-input_6","CI"),
("CI90046","260","NI","1","CI"),
("CI90046","261","FR","","CI"),
("CI90047","262","ref","custom-selector-agenFlg","CI"),
("CI90047","263","NI","1","CI"),
("CI90047","264","FR","","CI"),
("CI90048","265","ref","custom-selector-agenFlg","CI"),
("CI90048","266","NI","1","CI"),
("CI90048","267","FR","","CI"),
("CI90048","268","ref","custom-selector-agenFlg","CI"),
("CI90048","269","NI","1","CI"),
("CI90048","270","FR","","CI"),
("CI90049","271","ref","custom-input_62","CI"),
("CI90049","272","NI","1","CI"),
("CI90049","273","FR","","CI"),
("CI90050","274","ref","custom-selector_5","CI"),
("CI90050","275","NI","1","CI"),
("CI90050","276","FR","","CI"),
("CI90050","277","ref","custom-selector_5","CI"),
("CI90050","278","NI","1","CI"),
("CI90050","279","FR","","CI"),
("CI90050","280","ref","custom-selector_5","CI"),
("CI90050","281","NI","1","CI"),
("CI90050","282","FR","","CI"),
("CI90051","283","ref","custom-selector_5","CI"),
("CI90051","284","NI","1","CI"),
("CI90051","285","FR","","CI"),
("CI90052","286","ref","custom-selector_5","CI"),
("CI90052","287","NI","1","CI"),
("CI90052","288","FR","","CI"),
("CI90052","289","ref","custom-selector_5","CI"),
("CI90052","290","NI","1","CI"),
("CI90052","291","FR","","CI"),
("CI90052","292","ref","custom-selector_5","CI"),
("CI90052","293","NI","1","CI"),
("CI90052","294","FR","","CI"),
("CI90053","295","ref","custom-selector_5","CI"),
("CI90053","296","NI","1","CI"),
("CI90053","297","FR","","CI"),
("CI90053","298","ref","custom-selector_5","CI"),
("CI90053","299","NI","1","CI"),
("CI90053","300","FR","","CI"),
("CI90054","301","ref","custom-selector_5","CI"),
("CI90054","302","NI","1","CI"),
("CI90054","303","FR","","CI"),
("CI90055","304","ref","custom-selector_5","CI"),
("CI90055","305","NI","1","CI"),
("CI90055","306","FR","","CI"),
("CI90055","307","ref","custom-selector_5","CI"),
("CI90055","308","NI","1","CI"),
("CI90055","309","FR","","CI"),
("CI90055","310","ref","custom-selector_5","CI"),
("CI90055","311","NI","1","CI"),
("CI90055","312","FR","","CI"),
("CI90056","313","ref","custom-input_2","CI"),
("CI90056","314","NI","1","CI"),
("CI90056","315","FR","","CI"),
("CI90057","316","ref","custom-selector-crtfTypCd","CI"),
("CI90057","317","NI","1","CI"),
("CI90057","318","FR","","CI"),
("CI90058","319","ref","custom-selector-crtfTypCd","CI"),
("CI90058","320","NI","1","CI"),
("CI90058","321","FR","","CI"),
("CI90059","322","ref","custom-selector_5","CI"),
("CI90059","323","NI","1","CI"),
("CI90059","324","FR","","CI"),
("CI90060","325","ref","custom-selector_5","CI"),
("CI90060","326","NI","1","CI"),
("CI90060","327","FR","","CI"),
("CI90060","328","ref","custom-selector_5","CI"),
("CI90060","329","NI","1","CI"),
("CI90060","330","FR","","CI"),
("CI90061","331","ref","custom-selector_5","CI"),
("CI90061","332","NI","1","CI"),
("CI90061","333","FR","","CI"),
("CI90061","334","ref","custom-selector_5","CI"),
("CI90061","335","NI","1","CI"),
("CI90061","336","FR","","CI"),
("CI90062","337","ref","custom-selector_5","CI"),
("CI90062","338","NI","1","CI"),
("CI90062","339","FR","","CI"),
("CI90063","340","ref","custom-selector_5","CI"),
("CI90063","341","NI","1","CI"),
("CI90063","342","FR","","CI"),
("CI90064","343","ref","custom-selector-crtfTypCd1","CI"),
("CI90064","344","NI","1","CI"),
("CI90064","345","FR","","CI"),
("CI90064","346","ref","custom-selector-crtfTypCd1","CI"),
("CI90064","347","NI","1","CI"),
("CI90064","348","FR","","CI"),
("CI90065","349","ref","custom-selector-crtfTypCd1","CI"),
("CI90065","350","NI","1","CI"),
("CI90065","351","FR","","CI"),
("CI90065","352","ref","custom-selector-crtfTypCd1","CI"),
("CI90065","353","NI","1","CI"),
("CI90065","354","FR","","CI"),
("CI90066","355","ref","custom-input-cardNo","CI"),
("CI90066","356","NI","1","CI"),
("CI90066","357","FR","","CI"),
("CI90067","358","ref","custom-selector-agenFlg","CI"),
("CI90067","359","NI","1","CI"),
("CI90067","360","FR","","CI"),
("CI90068","361","ref","custom-input-accNo2","CI"),
("CI90068","362","NI","1","CI"),
("CI90068","363","FR","","CI"),
("CI90069","364","ref","custom-selector-acctDrawManrCd3","CI"),
("CI90069","365","NI","1","CI"),
("CI90069","366","FR","","CI"),
("CI90069","367","ref","custom-selector-acctDrawManrCd3","CI"),
("CI90069","368","NI","1","CI"),
("CI90069","369","FR","","CI"),
("CI90070","370","ref","custom-selector-agenFlg","CI"),
("CI90070","371","NI","1","CI"),
("CI90070","372","FR","","CI"),
("CI90071","373","ref","custom-selector-agenFlg","CI"),
("CI90071","374","NI","1","CI"),
("CI90071","375","FR","","CI"),
("CI90071","376","ref","custom-selector-agenFlg","CI"),
("CI90071","377","NI","1","CI"),
("CI90071","378","FR","","CI"),
("CI90071","379","ref","custom-selector-agenFlg","CI"),
("CI90071","380","NI","1","CI"),
("CI90071","381","FR","","CI"),
("CI90072","382","ref","custom-selector-agenFlg","CI"),
("CI90072","383","NI","1","CI"),
("CI90072","384","FR","","CI"),
("CI90072","385","ref","custom-selector-agenFlg","CI"),
("CI90072","386","NI","1","CI"),
("CI90072","387","FR","","CI"),
("CI90073","388","ref","custom-selector-agenFlg","CI"),
("CI90073","389","NI","1","CI"),
("CI90073","390","FR","","CI"),
("CI90074","391","ref","custom-selector-agenFlg","CI"),
("CI90074","392","NI","1","CI"),
("CI90074","393","FR","","CI"),
("CI90074","394","ref","custom-selector-agenFlg","CI"),
("CI90074","395","NI","1","CI"),
("CI90074","396","FR","","CI"),
("CI90074","397","ref","custom-selector-agenFlg","CI"),
("CI90074","398","NI","1","CI"),
("CI90074","399","FR","","CI"),
("CI90075","400","ref","custom-selector-agenFlg","CI"),
("CI90075","401","NI","1","CI"),
("CI90075","402","FR","","CI"),
("CI90075","403","ref","custom-selector-agenFlg","CI"),
("CI90075","404","NI","1","CI"),
("CI90075","405","FR","","CI"),
("CI90076","406","ref","custom-selector-agenFlg","CI"),
("CI90076","407","NI","1","CI"),
("CI90076","408","FR","","CI"),
("CI90077","409","ref","custom-selector-agenFlg","CI"),
("CI90077","410","NI","1","CI"),
("CI90077","411","FR","","CI"),
("CI90077","412","ref","custom-selector-agenFlg","CI"),
("CI90077","413","NI","1","CI"),
("CI90077","414","FR","","CI"),
("CI90077","415","ref","custom-selector-agenFlg","CI"),
("CI90077","416","NI","1","CI"),
("CI90077","417","FR","","CI"),
("CI90078","418","ref","input-txAmt","CI"),
("CI90078","419","NI","1","CI"),
("CI90078","420","FR","","CI"),
("CI90078","421","ref","input-txAmt","CI"),
("CI90078","422","NI","1","CI"),
("CI90078","423","FR","","CI"),
("CI90079","424","ref","custom-selector-agenFlg","CI"),
("CI90079","425","NI","1","CI"),
("CI90079","426","FR","","CI"),
("CI90079","427","ref","custom-selector-agenFlg","CI"),
("CI90079","428","NI","1","CI"),
("CI90079","429","FR","","CI"),
("CI90080","430","ref","selector-proxy","CI"),
("CI90080","431","NI","1","CI"),
("CI90080","432","FR","","CI"),
("CI90080","433","ref","selector-proxy","CI"),
("CI90080","434","NI","1","CI"),
("CI90080","435","FR","","CI"),
("CI90081","436","ref","selector-proxy","CI"),
("CI90081","437","NI","1","CI"),
("CI90081","438","FR","","CI"),
("CI90081","439","ref","selector-proxy","CI"),
("CI90081","440","NI","1","CI"),
("CI90081","441","FR","","CI"),
("CI90081","442","ref","selector-proxy","CI"),
("CI90081","443","NI","1","CI"),
("CI90081","444","FR","","CI"),
("CI90082","445","ref","custom-selector_4","CI"),
("CI90082","446","NI","1","CI"),
("CI90082","447","FR","","CI"),
("CI90082","448","ref","custom-selector_4","CI"),
("CI90082","449","NI","1","CI"),
("CI90082","450","FR","","CI"),
("CI90083","451","ref","custom-selector_4","CI"),
("CI90083","452","NI","1","CI"),
("CI90083","453","FR","","CI"),
("CI90084","454","ref","custom-selector_4","CI"),
("CI90084","455","NI","1","CI"),
("CI90084","456","FR","","CI"),
("CI90085","457","ref","custom-input_2","CI"),
("CI90085","458","NI","1","CI"),
("CI90085","459","FR","","CI"),
("CI90086","460","ref","custom-input_2","CI"),
("CI90086","461","NI","1","CI"),
("CI90086","462","FR","","CI"),
("CI90087","463","ref","custom-input-acctnm","CI"),
("CI90087","464","NI","1","CI"),
("CI90087","465","FR","","CI"),
("CI90088","466","ref","custom-input-acctnm","CI"),
("CI90088","467","NI","1","CI"),
("CI90088","468","FR","","CI"),
("CI90089","469","ref","custom-input-acctnm","CI"),
("CI90089","470","NI","1","CI"),
("CI90089","471","FR","","CI"),
("CI90090","472","ref","custom-selector-agenFlg","CI"),
("CI90090","473","NI","1","CI"),
("CI90090","474","FR","","CI"),
("CI90091","475","ref","custom-selector-agenFlg","CI"),
("CI90091","476","NI","1","CI"),
("CI90091","477","FR","","CI"),
("CI90091","478","ref","custom-selector-agenFlg","CI"),
("CI90091","479","NI","1","CI"),
("CI90091","480","FR","","CI"),
("CI90091","481","ref","custom-selector-agenFlg","CI"),
("CI90091","482","NI","1","CI"),
("CI90091","483","FR","","CI"),
("CI90092","484","ref","custom-selector-agenFlg","CI"),
("CI90092","485","NI","1","CI"),
("CI90092","486","FR","","CI"),
("CI90092","487","ref","custom-selector-agenFlg","CI"),
("CI90092","488","NI","1","CI"),
("CI90092","489","FR","","CI"),
("CI90093","490","ref","custom-input_txAm","CI"),
("CI90093","491","NI","1","CI"),
("CI90093","492","FR","","CI"),
("CI90093","493","ref","custom-input_txAm","CI"),
("CI90093","494","NI","1","CI"),
("CI90093","495","FR","","CI"),
("CI90094","496","ref","custom-input_proxy","CI"),
("CI90094","497","NI","1","CI"),
("CI90094","498","FR","","CI"),
("CI90094","499","ref","custom-input_proxy","CI"),
("CI90094","500","NI","1","CI"),
("CI90094","501","FR","","CI"),
("CI90095","502","ref","是否代理","CI"),
("CI90095","503","NI","1","CI"),
("CI90095","504","FR","","CI"),
("CI90096","505","ref","是否代理","CI"),
("CI90096","506","NI","1","CI"),
("CI90096","507","FR","","CI"),
("CI90096","508","ref","是否代理","CI"),
("CI90096","509","NI","1","CI"),
("CI90096","510","FR","","CI"),
("CI90096","511","ref","是否代理","CI"),
("CI90096","512","NI","1","CI"),
("CI90096","513","FR","","CI"),
("CI90097","514","ref","支取方式","CI"),
("CI90097","515","NI","1","CI"),
("CI90097","516","FR","","CI"),
("CI90097","517","ref","支取方式","CI"),
("CI90097","518","NI","1","CI"),
("CI90097","519","FR","","CI"),
("CI90098","520","ref","是否代理","CI"),
("CI90098","521","NI","1","CI"),
("CI90098","522","FR","","CI"),
("CI90098","523","ref","是否代理","CI"),
("CI90098","524","NI","1","CI"),
("CI90098","525","FR","","CI"),
("CI90098","526","ref","是否代理","CI"),
("CI90098","527","NI","1","CI"),
("CI90098","528","FR","","CI"),
("CI90098","529","ref","是否代理","CI"),
("CI90098","530","NI","1","CI"),
("CI90098","531","FR","","CI"),
("CI90099","532","ref","custom-input_txAm","CI"),
("CI90099","533","NI","1","CI"),
("CI90099","534","FR","","CI"),
("CI90099","535","ref","custom-input_txAm","CI"),
("CI90099","536","NI","1","CI"),
("CI90099","537","FR","","CI"),
("CI90099","538","ref","custom-input_txAm","CI"),
("CI90099","539","NI","1","CI"),
("CI90099","540","FR","","CI"),
("CI90100","541","ref","custom-sel_handType","CI"),
("CI90100","542","NI","1","CI"),
("CI90100","543","FR","","CI"),
("CI90101","544","ref","custom-sel_handType","CI"),
("CI90101","545","NI","1","CI"),
("CI90101","546","FR","","CI"),
("CI90102","547","ref","custom-input-txAmt","CI"),
("CI90102","548","NI","1","CI"),
("CI90102","549","FR","","CI"),
("CI90102","550","ref","custom-input-txAmt","CI"),
("CI90102","551","NI","1","CI"),
("CI90102","552","FR","","CI"),
("CI90103","553","ref","custom-input-txAmt","CI"),
("CI90103","554","NI","1","CI"),
("CI90103","555","FR","","CI"),
("CI90103","556","ref","custom-input-txAmt","CI"),
("CI90103","557","NI","1","CI"),
("CI90103","558","FR","","CI"),
("CI90104","559","ref","custom-selector-agenFlg","CI"),
("CI90104","560","NI","1","CI"),
("CI90104","561","FR","","CI"),
("CI90104","562","ref","custom-selector-agenFlg","CI"),
("CI90104","563","NI","1","CI"),
("CI90104","564","FR","","CI"),
("CI90105","565","ref","custom-selector-agenFlg","CI"),
("CI90105","566","NI","1","CI"),
("CI90105","567","FR","","CI"),
("CI90106","568","ref","custom-selector-agenFlg","CI"),
("CI90106","569","NI","1","CI"),
("CI90106","570","FR","","CI"),
("CI90107","571","ref","custom-selector-agenFlg","CI"),
("CI90107","572","NI","1","CI"),
("CI90107","573","FR","","CI"),
("CI90107","574","ref","custom-selector-agenFlg","CI"),
("CI90107","575","NI","1","CI"),
("CI90107","576","FR","","CI"),
("CI90107","577","ref","custom-selector-agenFlg","CI"),
("CI90107","578","NI","1","CI"),
("CI90107","579","FR","","CI"),
("CI90108","580","ref","custom-selector-agenFlg","CI"),
("CI90108","581","NI","1","CI"),
("CI90108","582","FR","","CI"),
("CI90109","583","ref","custom-selector-agenFlg","CI"),
("CI90109","584","NI","1","CI"),
("CI90109","585","FR","","CI"),
("CI90109","586","ref","custom-selector-agenFlg","CI"),
("CI90109","587","NI","1","CI"),
("CI90109","588","FR","","CI"),
("CI90110","589","ref","custom-selector_4","CI"),
("CI90110","590","NI","1","CI"),
("CI90110","591","FR","","CI"),
("CI90111","592","ref","custom-selector_4","CI"),
("CI90111","593","NI","1","CI"),
("CI90111","594","FR","","CI"),
("CI90111","595","ref","custom-selector_4","CI"),
("CI90111","596","NI","1","CI"),
("CI90111","597","FR","","CI"),
("CI90111","598","ref","custom-selector_4","CI"),
("CI90111","599","NI","1","CI"),
("CI90111","600","FR","","CI"),
("CI90112","601","ref","custom-selector_4","CI"),
("CI90112","602","NI","1","CI"),
("CI90112","603","FR","","CI"),
("CI90112","604","ref","custom-selector_4","CI"),
("CI90112","605","NI","1","CI"),
("CI90112","606","FR","","CI"),
("CI90113","607","ref","custom-input_3","CI"),
("CI90113","608","NI","1","CI"),
("CI90113","609","FR","","CI"),
("CI90113","610","ref","custom-input_3","CI"),
("CI90113","611","NI","1","CI"),
("CI90113","612","FR","","CI"),
("CI90114","613","ref","custom-selector_6","CI"),
("CI90114","614","NI","1","CI"),
("CI90114","615","FR","","CI"),
("CI90115","616","ref","custom-selector_6","CI"),
("CI90115","617","NI","1","CI"),
("CI90115","618","FR","","CI"),
("CI90115","619","ref","custom-selector_6","CI"),
("CI90115","620","NI","1","CI"),
("CI90115","621","FR","","CI"),
("CI90115","622","ref","custom-selector_6","CI"),
("CI90115","623","NI","1","CI"),
("CI90115","624","FR","","CI"),
("CI90116","625","ref","custom-selector_6","CI"),
("CI90116","626","NI","1","CI"),
("CI90116","627","FR","","CI"),
("CI90116","628","ref","custom-selector_6","CI"),
("CI90116","629","NI","1","CI"),
("CI90116","630","FR","","CI"),
("CI90117","631","ref","custom-input_3","CI"),
("CI90117","632","NI","1","CI"),
("CI90117","633","FR","","CI");
  
COMMIT;