
-- IB_OM_RULE_INFO insert
INSERT INTO IB_OM_RULE_INFO (RULE_NO,RULE_TYP_CD,HOLI_FLG,RULE_TRI_POSITION,SUIT_CHNL_SCP,SUIT_LPR_SCP,SUIT_ORG_SCP,SUIT_TX_SCP,RULE_COMNT,EFFT_FLG,OPER_TELR_NO,OPER_DT,OPER_RSN) VALUES

('060000','BN','N','1','TE','0000','*,','00101001','强制黑名单校验','1','900001','2019-11-16','批量新增'),
('060001','BN','N','1','TE','0000','*,','00101001','强制黑名单校验','1','900001','2019-11-16','批量新增'),
('060002','BN','N','1','TE','0000','*,','00101001','强制黑名单校验','1','900001','2019-11-16','批量新增'),
('060003','BN','N','1','TE','0000','*,','00101001','强制黑名单校验','1','900001','2019-11-16','批量新增'),
('060004','BN','N','1','TE','0000','*,','00101001_1','强制黑名单校验','1','900001','2019-11-16','批量新增'),
('060005','BN','N','1','TE','0000','*,','00101002','强制黑名单校验','1','900001','2019-11-16','批量新增'),
('060006','BN','N','1','TE','0000','*,','00101002','强制黑名单校验','1','900001','2019-11-16','批量新增'),
('060007','BN','N','1','TE','0000','*,','00101003','强制黑名单校验','1','900001','2019-11-16','批量新增'),
('060008','BN','N','1','TE','0000','*,','00101003','强制黑名单校验','1','900001','2019-11-16','批量新增'),
('060009','BN','N','1','TE','0000','*,','00101004','强制黑名单校验','1','900001','2019-11-16','批量新增'),
('060010','BN','N','1','TE','0000','*,','00101004','强制黑名单校验','1','900001','2019-11-16','批量新增'),
('060011','BN','N','1','TE','0000','*,','00303006','强制黑名单校验','1','900001','2019-11-16','批量新增'),
('060012','BN','N','1','TE','0000','*,','00303006','强制黑名单校验','1','900001','2019-11-16','批量新增'),
('060013','BN','N','1','TE','0000','*,','00303007','强制黑名单校验','1','900001','2019-11-16','批量新增'),
('060014','BN','N','1','TE','0000','*,','00303007','强制黑名单校验','1','900001','2019-11-16','批量新增'),
('060015','BN','N','1','TE','0000','*,','00303007','强制黑名单校验','1','900001','2019-11-16','批量新增'),
('060016','BN','N','1','TE','0000','*,','00101007','强制黑名单校验','1','900001','2019-11-16','批量新增'),
('060017','BN','N','1','TE','0000','*,','00101007','强制黑名单校验','1','900001','2019-11-16','批量新增'),
('060018','BN','N','1','TE','0000','*,','00102001','强制黑名单校验','1','900001','2019-11-16','批量新增'),
('060019','BN','N','1','TE','0000','*,','00102001_1','强制黑名单校验','1','900001','2019-11-16','批量新增'),
('060020','BN','N','1','TE','0000','*,','00102001_1','强制黑名单校验','1','900001','2019-11-16','批量新增'),
('060021','BN','N','1','TE','0000','*,','00102002_1','强制黑名单校验','1','900001','2019-11-16','批量新增'),
('060022','BN','N','1','TE','0000','*,','00102002','强制黑名单校验','1','900001','2019-11-16','批量新增'),
('060023','BN','N','1','TE','0000','*,','00102005','黑名单条件一','1','900001','2019-11-16','批量新增'),
('060024','BN','N','1','TE','0000','*,','00102005','黑名单条件二','1','900001','2019-11-16','批量新增'),
('060025','BN','N','1','TE','0000','*,','00102004','强制黑名单校验','1','900001','2019-11-16','批量新增'),
('060026','BN','N','1','TE','0000','*,','00102004','强制黑名单校验','1','900001','2019-11-16','批量新增'),
('060027','BN','N','1','TE','0000','*,','00407002','黑名单校验','1','900001','2019-11-16','批量新增'),
('060028','BN','N','1','TE','0000','*,','00201018','强制黑名单校验','1','900001','2019-11-16','批量新增'),
('060029','BN','N','1','TE','0000','*,','00201016','强制黑名单校验','1','900001','2019-11-16','批量新增'),
('060030','BN','N','1','TE','0000','*,','00201016','强制黑名单校验','1','900001','2019-11-16','批量新增'),
('060031','BN','N','1','TE','0000','*,','00201007','强制黑名单校验','1','900001','2019-11-16','批量新增'),
('060032','BN','N','1','TE','0000','*,','00201009','强制黑名单校验','1','900001','2019-11-16','批量新增'),
('060033','BN','N','1','TE','0000','*,','00201011','强制黑名单校验','1','900001','2019-11-16','批量新增'),
('060034','BN','N','1','TE','0000','*,','00201012','强制黑名单校验','1','900001','2019-11-16','批量新增'),
('060035','BN','N','1','TE','0000','*,','00201012','强制黑名单校验','1','900001','2019-11-16','批量新增'),
('060036','BN','N','1','TE','0000','*,','00201013','强制黑名单校验','1','900001','2019-11-16','批量新增'),
('060037','BN','N','1','TE','0000','*,','00201013','强制黑名单校验','1','900001','2019-11-16','批量新增'),
('060038','BN','N','1','TE','0000','*,','00201002','强制黑名单校验','1','900001','2019-11-16','批量新增'),
('060039','BN','N','1','TE','0000','*,','00201002','强制黑名单校验','1','900001','2019-11-16','批量新增'),
('060040','BN','N','1','TE','0000','*,','00103005','强制黑名单校验','1','900001','2019-11-16','批量新增'),
('060041','BN','N','1','TE','0000','*,','00103005','强制黑名单校验','1','900001','2019-11-16','批量新增'),
('060042','BN','N','1','TE','0000','*,','00103005','强制黑名单校验','1','900001','2019-11-16','批量新增'),
('060043','BN','N','1','TE','0000','*,','00103005','强制黑名单校验','1','900001','2019-11-16','批量新增'),
('060044','BN','N','1','TE','0000','*,','00103005','强制黑名单校验','1','900001','2019-11-16','批量新增'),
('060045','BN','N','1','TE','0000','*,','00103005','强制黑名单校验','1','900001','2019-11-16','批量新增'),
('060046','BN','N','1','TE','0000','*,','00103003','强制黑名单校验','1','900001','2019-11-16','批量新增'),
('060047','BN','N','1','TE','0000','*,','00103004','强制黑名单校验','1','900001','2019-11-16','批量新增'),
('060048','BN','N','1','TE','0000','*,','00103001','强制黑名单校验','1','900001','2019-11-16','批量新增'),
('060049','BN','N','1','TE','0000','*,','00103002','强制黑名单校验','1','900001','2019-11-16','批量新增'),
('060050','BN','N','1','TE','0000','*,','00201017','强制黑名单校验','1','900001','2019-11-16','批量新增'),
('060051','BN','N','1','TE','0000','*,','00201017','强制黑名单校验','1','900001','2019-11-16','批量新增'),
('060052','BN','N','1','TE','0000','*,','00201005','强制黑名单校验','1','900001','2019-11-16','批量新增'),
('060053','BN','N','1','TE','0000','*,','00201005','强制黑名单校验','1','900001','2019-11-16','批量新增'),
('060054','BN','N','1','TE','0000','*,','00201014','强制黑名单校验','1','900001','2019-11-16','批量新增'),
('060055','BN','N','1','TE','0000','*,','00201014','强制黑名单校验','1','900001','2019-11-16','批量新增'),
('060056','BN','N','1','TE','0000','*,','00201015','强制黑名单校验','1','900001','2019-11-16','批量新增'),
('060057','BN','N','1','TE','0000','*,','00201015','强制黑名单校验','1','900001','2019-11-16','批量新增'),
('060058','BN','N','1','TE','0000','*,','00201021','强制黑名单校验','1','900001','2019-11-16','批量新增'),
('060059','BN','N','1','TE','0000','*,','00201021','强制黑名单校验','1','900001','2019-11-16','批量新增'),
('060060','BN','N','1','TE','0000','*,','00302016','强制黑名单校验','1','900001','2019-11-16','批量新增'),
('060061','BN','N','1','TE','0000','*,','00302016','强制黑名单校验','1','900001','2019-11-16','批量新增'),
('060062','BN','N','1','TE','0000','*,','00302016','强制黑名单校验','1','900001','2019-11-16','批量新增'),
('060063','BN','N','1','TE','0000','*,','00303005','强制黑名单校验','1','900001','2019-11-16','批量新增'),
('060064','BN','N','1','TE','0000','*,','00303005','强制黑名单校验','1','900001','2019-11-16','批量新增'),
('060065','BN','N','1','TE','0000','*,','00303005','强制黑名单校验','1','900001','2019-11-16','批量新增'),
('060066','BN','N','1','TE','0000','*,','00302014','强制黑名单校验','1','900001','2019-11-16','批量新增'),
('060067','BN','N','1','TE','0000','*,','00302014','强制黑名单校验','1','900001','2019-11-16','批量新增'),
('060068','BN','N','1','TE','0000','*,','00302017','强制黑名单校验','1','900001','2019-11-16','批量新增'),
('060069','BN','N','1','TE','0000','*,','00302017','强制黑名单校验','1','900001','2019-11-16','批量新增'),
('060070','BN','N','1','TE','0000','*,','00305013','强制黑名单校验','1','900001','2019-11-16','批量新增'),
('060071','BN','N','1','TE','0000','*,','00305013','强制黑名单校验','1','900001','2019-11-16','批量新增'),
('060072','BN','N','1','TE','0000','*,','00305014','强制黑名单校验','1','900001','2019-11-16','批量新增'),
('060073','BN','N','1','TE','0000','*,','00305014','强制黑名单校验','1','900001','2019-11-16','批量新增'),
('060074','BN','N','1','TE','0000','*,','00303002_3','强制黑名单校验','1','900001','2019-11-16','批量新增'),
('060075','BN','N','1','TE','0000','*,','00303003_2','强制黑名单校验','1','900001','2019-11-16','批量新增'),
('060076','BN','N','1','TE','0000','*,','00303003_2','强制黑名单校验','1','900001','2019-11-16','批量新增'),
('060077','BN','N','1','TE','0000','*,','00303004','强制黑名单校验','1','900001','2019-11-16','批量新增'),
('060078','BN','N','1','TE','0000','*,','00303004','强制黑名单校验','1','900001','2019-11-16','批量新增'),
('060079','BN','N','1','TE','0000','*,','00303004','强制黑名单校验','1','900001','2019-11-16','批量新增'),
('060080','BN','N','1','TE','0000','*,','00305012','强制黑名单校验','1','900001','2019-11-16','批量新增'),
('060081','BN','N','1','TE','0000','*,','00303010','强制黑名单校验','1','900001','2019-11-16','批量新增'),
('060082','BN','N','1','TE','0000','*,','00303011','强制黑名单校验','1','900001','2019-11-16','批量新增'),
('060083','BN','N','1','TE','0000','*,','00306004','强制黑名单校验','1','900001','2019-11-16','批量新增'),
('060084','BN','N','1','TE','0000','*,','00306004','强制黑名单校验','1','900001','2019-11-16','批量新增'),
('060085','BN','N','1','TE','0000','*,','00306004','强制黑名单校验','1','900001','2019-11-16','批量新增'),
('060086','BN','N','1','TE','0000','*,','00306005','强制黑名单校验','1','900001','2019-11-16','批量新增'),
('060087','BN','N','1','TE','0000','*,','00306005','强制黑名单校验','1','900001','2019-11-16','批量新增'),
('060088','BN','N','1','TE','0000','*,','00306005','强制黑名单校验','1','900001','2019-11-16','批量新增'),
('060089','BN','N','1','TE','0000','*,','00306005','强制黑名单校验','1','900001','2019-11-16','批量新增'),
('060090','BN','N','1','TE','0000','*,','00306006','强制黑名单校验','1','900001','2019-11-16','批量新增'),
('060091','BN','N','1','TE','0000','*,','00306006','强制黑名单校验','1','900001','2019-11-16','批量新增'),
('060092','BN','N','1','TE','0000','*,','00306006','强制黑名单校验','1','900001','2019-11-16','批量新增'),
('060093','BN','N','1','TE','0000','*,','00306006','强制黑名单校验','1','900001','2019-11-16','批量新增'),
('060094','BN','N','1','TE','0000','*,','00306001','强制黑名单校验','1','900001','2019-11-16','批量新增'),
('060095','BN','N','1','TE','0000','*,','00306003','强制黑名单校验','1','900001','2019-11-16','批量新增'),
('060096','BN','N','1','TE','0000','*,','00306003','强制黑名单校验','1','900001','2019-11-16','批量新增'),
('060097','BN','N','1','TE','0000','*,','00306003','强制黑名单校验','1','900001','2019-11-16','批量新增'),
('060098','BN','N','1','TE','0000','*,','00602001','强制黑名单校验','1','900001','2019-11-16','批量新增'),
('060099','BN','N','1','TE','0000','*,','00602003','强制黑名单校验','1','900001','2019-11-16','批量新增'),
('060100','BN','N','1','TE','0000','*,','00602003','强制黑名单校验','1','900001','2019-11-16','批量新增'),
('060101','BN','N','1','TE','0000','*,','00201001','强制黑名单校验','1','900001','2019-11-16','批量新增'),
('060102','BN','N','1','TE','0000','*,','00201010','强制黑名单校验','1','900001','2019-11-16','批量新增'),
('060103','BN','N','1','TE','0000','*,','00201008','强制黑名单校验','1','900001','2019-11-16','批量新增'),
('060104','BN','N','1','TE','0000','*,','00305011','强制黑名单校验','1','900001','2019-11-16','批量新增'),
('060105','BN','N','1','TE','0000','*,','00305009','强制黑名单校验','1','900001','2019-11-16','批量新增'),
('060106','BN','N','1','TE','0000','*,','00504001','强制黑名单校验','1','900001','2019-11-16','批量新增'),
('060107','BN','N','1','TE','0000','*,','00504009','强制黑名单校验','1','900001','2019-11-16','批量新增'),
('060108','BN','N','1','TE','0000','*,','00503002','强制黑名单校验','1','900001','2019-11-16','批量新增'),
('060109','BN','N','1','TE','0000','*,','00503002','强制黑名单校验','1','900001','2019-11-16','批量新增'),
('060110','BN','N','1','TE','0000','*,','00503012_1','强制黑名单校验','1','900001','2019-11-16','批量新增'),
('060111','BN','N','1','TE','0000','*,','00503012_1','强制黑名单校验','1','900001','2019-11-16','批量新增'),
('060112','BN','N','1','TE','0000','*,','00502203','强制黑名单校验','1','900001','2019-11-16','批量新增'),
('060113','BN','N','1','TE','0000','*,','00502204','强制黑名单校验','1','900001','2019-11-16','批量新增'),
('060114','BN','N','1','TE','0000','*,','00502205','强制黑名单校验','1','900001','2019-11-16','批量新增'),
('060115','BN','N','1','TE','0000','*,','00502104','强制黑名单校验','1','900001','2019-11-16','批量新增'),
('060116','BN','N','1','TE','0000','*,','00502006','强制黑名单校验','1','900001','2019-11-16','批量新增'),
('060117','BN','N','1','TE','0000','*,','00502012','强制黑名单校验','1','900001','2019-11-16','批量新增'),
('060118','BN','N','1','TE','0000','*,','00502008','强制黑名单校验','1','900001','2019-11-16','批量新增'),
('060119','BN','N','1','TE','0000','*,','00502010','强制黑名单校验','1','900001','2019-11-16','批量新增'),
('060120','BN','N','1','TE','0000','*,','00501002','强制黑名单校验','1','900001','2019-11-16','批量新增'),
('060121','BN','N','1','TE','0000','*,','00504003','强制黑名单校验','1','900001','2019-11-16','批量新增'),
('060122','BN','N','1','TE','0000','*,','00504002','强制黑名单校验','1','900001','2019-11-16','批量新增'),
('060123','BN','N','1','TE','0000','*,','00502306','强制黑名单校验','1','900001','2019-11-16','批量新增'),
('060124','BN','N','1','TE','0000','*,','00502307','强制黑名单校验','1','900001','2019-11-16','批量新增'),
('060125','BN','N','1','TE','0000','*,','00502202','强制黑名单校验','1','900001','2019-11-16','批量新增'),
('060126','BN','N','1','TE','0000','*,','00502102','强制黑名单校验','1','900001','2019-11-16','批量新增'),
('060127','BN','N','1','TE','0000','*,','00502108','强制黑名单校验','1','900001','2019-11-16','批量新增'),
('060128','BN','N','1','TE','0000','*,','00502002','强制黑名单校验','1','900001','2019-11-16','批量新增'),
('060129','BN','N','1','TE','0000','*,','00502004','强制黑名单校验','1','900001','2019-11-16','批量新增'),
('060130','BN','N','1','TE','0000','*,','00502314_2','强制黑名单校验','1','900001','2019-11-16','批量新增'),
('060131','BN','N','1','TE','0000','*,','00502314_3','强制黑名单校验','1','900001','2019-11-16','批量新增'),
('060132','BN','N','1','TE','0000','*,','00501001','强制黑名单校验','1','900001','2019-11-16','批量新增'),
('060133','BN','N','1','TE','0000','*,','00301012','强制黑名单校验','1','900001','2019-11-16','批量新增'),
('060134','BN','N','1','TE','0000','*,','00301012','强制黑名单校验','1','900001','2019-11-16','批量新增'),
('060135','BN','N','1','TE','0000','*,','00301004','强制黑名单校验','1','900001','2019-11-16','批量新增'),
('060136','BN','N','1','TE','0000','*,','00301004','强制黑名单校验','1','900001','2019-11-16','批量新增'),
('060137','BN','N','1','TE','0000','*,','00301011','强制黑名单校验','1','900001','2019-11-16','批量新增'),
('060138','BN','N','1','TE','0000','*,','00301011','强制黑名单校验','1','900001','2019-11-16','批量新增'),
('060139','BN','N','1','TE','0000','*,','00301010','强制黑名单校验','1','900001','2019-11-16','批量新增'),
('060140','BN','N','1','TE','0000','*,','00301010','强制黑名单校验','1','900001','2019-11-16','批量新增'),
('060141','BN','N','1','TE','0000','*,','00301003','强制黑名单校验','1','900001','2019-11-16','批量新增'),
('060142','BN','N','1','TE','0000','*,','00301003','强制黑名单校验','1','900001','2019-11-16','批量新增'),
('060143','BN','N','1','TE','0000','*,','00301009','强制黑名单校验','1','900001','2019-11-16','批量新增'),
('060144','BN','N','1','TE','0000','*,','00301009','强制黑名单校验','1','900001','2019-11-16','批量新增'),
('060145','BN','N','1','TE','0000','*,','00301013','强制黑名单校验','1','900001','2019-11-16','批量新增'),
('060146','BN','N','1','TE','0000','*,','00301013','强制黑名单校验','1','900001','2019-11-16','批量新增'),
('060147','BN','N','1','TE','0000','*,','00301006','强制黑名单校验','1','900001','2019-11-16','批量新增'),
('060148','BN','N','1','TE','0000','*,','00301006','强制黑名单校验','1','900001','2019-11-16','批量新增'),
('060149','BN','N','1','TE','0000','*,','00301007','强制黑名单校验','1','900001','2019-11-16','批量新增'),
('060150','BN','N','1','TE','0000','*,','00301007','强制黑名单校验','1','900001','2019-11-16','批量新增'),
('060151','BN','N','1','TE','0000','*,','00301014','强制黑名单校验','1','900001','2019-11-16','批量新增'),
('060152','BN','N','1','TE','0000','*,','00301014','强制黑名单校验','1','900001','2019-11-16','批量新增'),
('060153','BN','N','1','TE','0000','*,','00302013','强制黑名单校验','1','900001','2019-11-16','批量新增'),
('060154','BN','N','1','TE','0000','*,','00302013','强制黑名单校验','1','900001','2019-11-16','批量新增'),
('060155','BN','N','1','TE','0000','*,','00301018','强制黑名单校验','1','900001','2019-11-16','批量新增'),
('060156','BN','N','1','TE','0000','*,','00301018','强制黑名单校验','1','900001','2019-11-16','批量新增'),
('060157','BN','N','1','TE','0000','*,','00301017','强制黑名单校验','1','900001','2019-11-16','批量新增'),
('060158','BN','N','1','TE','0000','*,','00301017','强制黑名单校验','1','900001','2019-11-16','批量新增'),
('060159','BN','N','1','TE','0000','*,','00301016','强制黑名单校验','1','900001','2019-11-16','批量新增'),
('060160','BN','N','1','TE','0000','*,','00301016','强制黑名单校验','1','900001','2019-11-16','批量新增'),
('060161','BN','N','1','TE','0000','*,','00302003','强制黑名单校验','1','900001','2019-11-16','批量新增'),
('060162','BN','N','1','TE','0000','*,','00302003','强制黑名单校验','1','900001','2019-11-16','批量新增'),
('060163','BN','N','1','TE','0000','*,','00301002','强制黑名单校验','1','900001','2019-11-16','批量新增'),
('060164','BN','N','1','TE','0000','*,','00301002','强制黑名单校验','1','900001','2019-11-16','批量新增'),
('060165','BN','N','1','TE','0000','*,','00302020','强制黑名单校验','1','900001','2019-11-16','批量新增'),
('060166','BN','N','1','TE','0000','*,','00302020','强制黑名单校验','1','900001','2019-11-16','批量新增'),
('060167','BN','N','1','TE','0000','*,','00301015','强制黑名单校验','1','900001','2019-11-16','批量新增'),
('060168','BN','N','1','TE','0000','*,','00301015','强制黑名单校验','1','900001','2019-11-16','批量新增'),
('060169','BN','N','1','TE','0000','*,','00302006','强制黑名单校验','1','900001','2019-11-16','批量新增'),
('060170','BN','N','1','TE','0000','*,','00302006','强制黑名单校验','1','900001','2019-11-16','批量新增'),
('060171','BN','N','1','TE','0000','*,','00302019','强制黑名单校验','1','900001','2019-11-16','批量新增'),
('060172','BN','N','1','TE','0000','*,','00302019','强制黑名单校验','1','900001','2019-11-16','批量新增'),
('060173','BN','N','1','TE','0000','*,','00302019','强制黑名单校验','1','900001','2019-11-16','批量新增'),
('060174','BN','N','1','TE','0000','*,','00301005','强制黑名单校验','1','900001','2019-11-16','批量新增'),
('060175','BN','N','1','TE','0000','*,','00301005','强制黑名单校验','1','900001','2019-11-16','批量新增'),
('060176','BN','N','1','TE','0000','*,','00301005','强制黑名单校验','1','900001','2019-11-16','批量新增'),
('060177','BN','N','1','TE','0000','*,','00302007','强制黑名单校验','1','900001','2019-11-16','批量新增'),
('060178','BN','N','1','TE','0000','*,','00302007','强制黑名单校验','1','900001','2019-11-16','批量新增'),
('060179','BN','N','1','TE','0000','*,','00302007','强制黑名单校验','1','900001','2019-11-16','批量新增'),
('060180','BN','N','1','TE','0000','*,','00302010','强制黑名单校验','1','900001','2019-11-16','批量新增'),
('060181','BN','N','1','TE','0000','*,','00302010','强制黑名单校验','1','900001','2019-11-16','批量新增'),
('060182','BN','N','1','TE','0000','*,','00302010','强制黑名单校验','1','900001','2019-11-16','批量新增'),
('060183','BN','N','1','TE','0000','*,','00302022','强制黑名单校验','1','900001','2019-11-16','批量新增'),
('060184','BN','N','1','TE','0000','*,','00302022','强制黑名单校验','1','900001','2019-11-16','批量新增'),
('060185','BN','N','1','TE','0000','*,','00302022','强制黑名单校验','1','900001','2019-11-16','批量新增'),
('060186','BN','N','1','TE','0000','*,','00302004','强制黑名单校验','1','900001','2019-11-16','批量新增'),
('060187','BN','N','1','TE','0000','*,','00302004','强制黑名单校验','1','900001','2019-11-16','批量新增'),
('060188','BN','N','1','TE','0000','*,','00302004','强制黑名单校验','1','900001','2019-11-16','批量新增'),
('060189','BN','N','1','TE','0000','*,','00302009','强制黑名单校验','1','900001','2019-11-16','批量新增'),
('060190','BN','N','1','TE','0000','*,','00302009','强制黑名单校验','1','900001','2019-11-16','批量新增'),
('060191','BN','N','1','TE','0000','*,','00302009','强制黑名单校验','1','900001','2019-11-16','批量新增'),
('060192','BN','N','1','TE','0000','*,','00302021','强制黑名单校验','1','900001','2019-11-16','批量新增'),
('060193','BN','N','1','TE','0000','*,','00302021','强制黑名单校验','1','900001','2019-11-16','批量新增'),
('060194','BN','N','1','TE','0000','*,','00302021','强制黑名单校验','1','900001','2019-11-16','批量新增'),
('060195','BN','N','1','TE','0000','*,','00302021','强制黑名单校验','1','900001','2019-11-16','批量新增'),
('060196','BN','N','1','TE','0000','*,','00302011','强制黑名单校验','1','900001','2019-11-16','批量新增'),
('060197','BN','N','1','TE','0000','*,','00302011','强制黑名单校验','1','900001','2019-11-16','批量新增'),
('060198','BN','N','1','TE','0000','*,','00302011','强制黑名单校验','1','900001','2019-11-16','批量新增'),
('060199','BN','N','1','TE','0000','*,','00302008','强制黑名单校验','1','900001','2019-11-16','批量新增'),
('060200','BN','N','1','TE','0000','*,','00302008','强制黑名单校验','1','900001','2019-11-16','批量新增'),
('060201','BN','N','1','TE','0000','*,','00302008','强制黑名单校验','1','900001','2019-11-16','批量新增'),
('060202','BN','N','1','TE','0000','*,','00302018','强制黑名单校验','1','900001','2019-11-16','批量新增'),
('060203','BN','N','1','TE','0000','*,','00302018','强制黑名单校验','1','900001','2019-11-16','批量新增'),
('060204','BN','N','1','TE','0000','*,','00302018','强制黑名单校验','1','900001','2019-11-16','批量新增'),
('060205','BN','N','1','TE','0000','*,','00302005','强制黑名单校验','1','900001','2019-11-16','批量新增'),
('060206','BN','N','1','TE','0000','*,','00302005','强制黑名单校验','1','900001','2019-11-16','批量新增'),
('060207','BN','N','1','TE','0000','*,','00302005','强制黑名单校验','1','900001','2019-11-16','批量新增'),
('060208','BN','N','1','TE','0000','*,','00302002','强制黑名单校验','1','900001','2019-11-16','批量新增'),
('060209','BN','N','1','TE','0000','*,','00302002','强制黑名单校验','1','900001','2019-11-16','批量新增'),
('060210','BN','N','1','TE','0000','*,','00302002','强制黑名单校验','1','900001','2019-11-16','批量新增'),
('060211','BN','N','1','TE','0000','*,','00302002','强制黑名单校验','1','900001','2019-11-16','批量新增'),
('060212','BN','N','1','TE','0000','*,','00201004','强制黑名单校验','1','900001','2019-11-16','批量新增'),
('060213','BN','N','1','TE','0000','*,','00303001','强制黑名单校验','1','900001','2019-11-16','批量新增'),
('060214','BN','N','1','TE','0000','*,','00303001','强制黑名单校验','1','900001','2019-11-16','批量新增'),
('060215','BN','N','1','TE','0000','*,','00305006','强制黑名单校验','1','900001','2019-11-16','批量新增'),
('060216','BN','N','1','TE','0000','*,','00305006','强制黑名单校验','1','900001','2019-11-16','批量新增');
-- IB_OM_RULECOND_INFO insert
INSERT INTO IB_OM_RULECOND_INFO (OPRTN_COND_NO,DICTRY_NM,OPER_SYM_1,CMPR_VAL,OPER_SYM_2,VALUE2,TRAN_CD,COND_DESCR,OPER_TELR_NO,OPER_DT,OPER_RSN,CMPR_VAL_DATA_DICTRY_FLG,PUB_DICTRY_FLG,DICTRY_DESCR) VALUES

('BN60009','blackList','==','1','','','00101004','强制黑名单校验','900001','2019-11-16','批量新增','1','0','强制黑名单校验'),
('BN60010','blackList','==','2','','','00101004','强制黑名单校验','900001','2019-11-16','批量新增','1','0','强制黑名单校验'),
('BN60023','whitchBlackCond','==','1','','','00102005','黑名单条件一','900001','2019-11-16','批量新增','1','0','黑名单条件一'),
('BN60024','whitchBlackCond','==','2','','','00102005','黑名单条件二','900001','2019-11-16','批量新增','1','0','黑名单条件二'),
('BN60027','PROD_CD_APP_ID','!=','IN','','','00407002','黑名单校验','900001','2019-11-16','批量新增','1','0','黑名单校验');
-- IB_OM_RULECOND_RLT insert
INSERT INTO IB_OM_RULECOND_RLT (RULE_COND_NO,CMPL_MODE_FLG,OPRTN_RULE_NO) VALUES

('BN60000','0','060000'),
('BN60001','0','060001'),
('BN60002','0','060002'),
('BN60003','0','060003'),
('BN60004','0','060004'),
('BN60005','0','060005'),
('BN60006','0','060006'),
('BN60007','0','060007'),
('BN60008','0','060008'),
('BN60009','1','060009'),
('BN60010','1','060010'),
('BN60011','0','060011'),
('BN60012','0','060012'),
('BN60013','0','060013'),
('BN60014','0','060014'),
('BN60015','0','060015'),
('BN60016','0','060016'),
('BN60017','0','060017'),
('BN60018','0','060018'),
('BN60019','0','060019'),
('BN60020','0','060020'),
('BN60021','0','060021'),
('BN60022','0','060022'),
('BN60023','1','060023'),
('BN60024','1','060024'),
('BN60025','0','060025'),
('BN60026','0','060026'),
('BN60027','1','060027'),
('BN60028','0','060028'),
('BN60029','0','060029'),
('BN60030','0','060030'),
('BN60031','0','060031'),
('BN60032','0','060032'),
('BN60033','0','060033'),
('BN60034','0','060034'),
('BN60035','0','060035'),
('BN60036','0','060036'),
('BN60037','0','060037'),
('BN60038','0','060038'),
('BN60039','0','060039'),
('BN60040','0','060040'),
('BN60041','0','060041'),
('BN60042','0','060042'),
('BN60043','0','060043'),
('BN60044','0','060044'),
('BN60045','0','060045'),
('BN60046','0','060046'),
('BN60047','0','060047'),
('BN60048','0','060048'),
('BN60049','0','060049'),
('BN60050','0','060050'),
('BN60051','0','060051'),
('BN60052','0','060052'),
('BN60053','0','060053'),
('BN60054','0','060054'),
('BN60055','0','060055'),
('BN60056','0','060056'),
('BN60057','0','060057'),
('BN60058','0','060058'),
('BN60059','0','060059'),
('BN60060','0','060060'),
('BN60061','0','060061'),
('BN60062','0','060062'),
('BN60063','0','060063'),
('BN60064','0','060064'),
('BN60065','0','060065'),
('BN60066','0','060066'),
('BN60067','0','060067'),
('BN60068','0','060068'),
('BN60069','0','060069'),
('BN60070','0','060070'),
('BN60071','0','060071'),
('BN60072','0','060072'),
('BN60073','0','060073'),
('BN60074','0','060074'),
('BN60075','0','060075'),
('BN60076','0','060076'),
('BN60077','0','060077'),
('BN60078','0','060078'),
('BN60079','0','060079'),
('BN60080','0','060080'),
('BN60081','0','060081'),
('BN60082','0','060082'),
('BN60083','0','060083'),
('BN60084','0','060084'),
('BN60085','0','060085'),
('BN60086','0','060086'),
('BN60087','0','060087'),
('BN60088','0','060088'),
('BN60089','0','060089'),
('BN60090','0','060090'),
('BN60091','0','060091'),
('BN60092','0','060092'),
('BN60093','0','060093'),
('BN60094','0','060094'),
('BN60095','0','060095'),
('BN60096','0','060096'),
('BN60097','0','060097'),
('BN60098','0','060098'),
('BN60099','0','060099'),
('BN60100','0','060100'),
('BN60101','0','060101'),
('BN60102','0','060102'),
('BN60103','0','060103'),
('BN60104','0','060104'),
('BN60105','0','060105'),
('BN60106','0','060106'),
('BN60107','0','060107'),
('BN60108','0','060108'),
('BN60109','0','060109'),
('BN60110','0','060110'),
('BN60111','0','060111'),
('BN60112','0','060112'),
('BN60113','0','060113'),
('BN60114','0','060114'),
('BN60115','0','060115'),
('BN60116','0','060116'),
('BN60117','0','060117'),
('BN60118','0','060118'),
('BN60119','0','060119'),
('BN60120','0','060120'),
('BN60121','0','060121'),
('BN60122','0','060122'),
('BN60123','0','060123'),
('BN60124','0','060124'),
('BN60125','0','060125'),
('BN60126','0','060126'),
('BN60127','0','060127'),
('BN60128','0','060128'),
('BN60129','0','060129'),
('BN60130','0','060130'),
('BN60131','0','060131'),
('BN60132','0','060132'),
('BN60133','0','060133'),
('BN60134','0','060134'),
('BN60135','0','060135'),
('BN60136','0','060136'),
('BN60137','0','060137'),
('BN60138','0','060138'),
('BN60139','0','060139'),
('BN60140','0','060140'),
('BN60141','0','060141'),
('BN60142','0','060142'),
('BN60143','0','060143'),
('BN60144','0','060144'),
('BN60145','0','060145'),
('BN60146','0','060146'),
('BN60147','0','060147'),
('BN60148','0','060148'),
('BN60149','0','060149'),
('BN60150','0','060150'),
('BN60151','0','060151'),
('BN60152','0','060152'),
('BN60153','0','060153'),
('BN60154','0','060154'),
('BN60155','0','060155'),
('BN60156','0','060156'),
('BN60157','0','060157'),
('BN60158','0','060158'),
('BN60159','0','060159'),
('BN60160','0','060160'),
('BN60161','0','060161'),
('BN60162','0','060162'),
('BN60163','0','060163'),
('BN60164','0','060164'),
('BN60165','0','060165'),
('BN60166','0','060166'),
('BN60167','0','060167'),
('BN60168','0','060168'),
('BN60169','0','060169'),
('BN60170','0','060170'),
('BN60171','0','060171'),
('BN60172','0','060172'),
('BN60173','0','060173'),
('BN60174','0','060174'),
('BN60175','0','060175'),
('BN60176','0','060176'),
('BN60177','0','060177'),
('BN60178','0','060178'),
('BN60179','0','060179'),
('BN60180','0','060180'),
('BN60181','0','060181'),
('BN60182','0','060182'),
('BN60183','0','060183'),
('BN60184','0','060184'),
('BN60185','0','060185'),
('BN60186','0','060186'),
('BN60187','0','060187'),
('BN60188','0','060188'),
('BN60189','0','060189'),
('BN60190','0','060190'),
('BN60191','0','060191'),
('BN60192','0','060192'),
('BN60193','0','060193'),
('BN60194','0','060194'),
('BN60195','0','060195'),
('BN60196','0','060196'),
('BN60197','0','060197'),
('BN60198','0','060198'),
('BN60199','0','060199'),
('BN60200','0','060200'),
('BN60201','0','060201'),
('BN60202','0','060202'),
('BN60203','0','060203'),
('BN60204','0','060204'),
('BN60205','0','060205'),
('BN60206','0','060206'),
('BN60207','0','060207'),
('BN60208','0','060208'),
('BN60209','0','060209'),
('BN60210','0','060210'),
('BN60211','0','060211'),
('BN60212','0','060212'),
('BN60213','0','060213'),
('BN60214','0','060214'),
('BN60215','0','060215'),
('BN60216','0','060216');
-- IB_OM_MODE_INFO insert
INSERT INTO IB_OM_MODE_INFO (RULE_MODE_NO,FIELD_SEQ_NO,FIELD_NM,FIELD_DICTRY_NM,RULE_MODE_TYP_CD) VALUES

('BN60000','60000','blockCodeStr','1042000027,1042000028,1042000032,1042000033,1042000034,1042000040,1042000041','BN'),
('BN60000','60001','checkFields','','BN'),
('BN60001','60002','blockCodeStr','1042000027,1042000028,1042000032,1042000033,1042000034,1042000040,1042000041','BN'),
('BN60001','60003','checkFields','','BN'),
('BN60002','60004','blockCodeStr','1042000027,1042000028,1042000032,1042000033,1042000034,1042000040,1042000041','BN'),
('BN60002','60005','checkFields','','BN'),
('BN60003','60006','blockCodeStr','1042000027,1042000028,1042000032,1042000033,1042000034,1042000040,1042000041','BN'),
('BN60003','60007','checkFields','','BN'),
('BN60004','60008','blockCodeStr','1042000027,1042000028,1042000032,1042000033,1042000034,1042000040,1042000041','BN'),
('BN60004','60009','checkFields','','BN'),
('BN60005','60010','blockCodeStr','1042000027,1042000028,1042000032,1042000033,1042000034,1042000040,1042000041','BN'),
('BN60005','60011','checkFields','','BN'),
('BN60006','60012','blockCodeStr','1042000027,1042000028,1042000032,1042000033,1042000034,1042000040,1042000041','BN'),
('BN60006','60013','checkFields','','BN'),
('BN60007','60014','blockCodeStr','1042000027,1042000028,1042000032,1042000033,1042000034,1042000040,1042000041','BN'),
('BN60007','60015','checkFields','','BN'),
('BN60008','60016','blockCodeStr','1042000027,1042000028,1042000032,1042000033,1042000034,1042000040,1042000041','BN'),
('BN60008','60017','checkFields','','BN'),
('BN60009','60018','blockCodeStr','1042000027,1042000028,1042000032,1042000033,1042000034,1042000035,1042000036,1042000040,1042000041','BN'),
('BN60009','60019','checkFields','','BN'),
('BN60010','60020','blockCodeStr','1042000027,1042000028,1042000032,1042000033,1042000034,1042000035,1042000036,1042000040,1042000041','BN'),
('BN60010','60021','checkFields','','BN'),
('BN60011','60022','blockCodeStr','1042000027,1042000028,1042000032,1042000033,1042000034,1042000040,1042000041','BN'),
('BN60011','60023','checkFields','','BN'),
('BN60012','60024','blockCodeStr','1042000027,1042000028,1042000032,1042000033,1042000034,1042000040,1042000041','BN'),
('BN60012','60025','checkFields','','BN'),
('BN60013','60026','blockCodeStr','1042000027,1042000028,1042000032,1042000033,1042000034,1042000040,1042000041','BN'),
('BN60013','60027','checkFields','','BN'),
('BN60014','60028','blockCodeStr','1042000027,1042000028,1042000032,1042000033,1042000034,1042000040,1042000041','BN'),
('BN60014','60029','checkFields','','BN'),
('BN60015','60030','blockCodeStr','1042000027,1042000028,1042000032,1042000033,1042000034,1042000040,1042000041','BN'),
('BN60015','60031','checkFields','','BN'),
('BN60016','60032','blockCodeStr','1042000027,1042000028,1042000032,1042000033,1042000034,1042000040,1042000041','BN'),
('BN60016','60033','checkFields','','BN'),
('BN60017','60034','blockCodeStr','1042000027,1042000028,1042000032,1042000033,1042000034,1042000040,1042000041','BN'),
('BN60017','60035','checkFields','','BN'),
('BN60018','60036','blockCodeStr','1042000027,1042000028,1042000032,1042000033,1042000034,1042000040,1042000041','BN'),
('BN60018','60037','checkFields','','BN'),
('BN60019','60038','blockCodeStr','1042000027,1042000028,1042000032,1042000033,1042000034,1042000040,1042000041','BN'),
('BN60019','60039','checkFields','','BN'),
('BN60020','60040','blockCodeStr','1042000027,1042000028,1042000032,1042000033,1042000034,1042000040,1042000041','BN'),
('BN60020','60041','checkFields','','BN'),
('BN60021','60042','blockCodeStr','1042000027,1042000028,1042000032,1042000033,1042000034,1042000040,1042000041','BN'),
('BN60021','60043','checkFields','','BN'),
('BN60022','60044','blockCodeStr','1042000027,1042000028,1042000032,1042000033,1042000034,1042000040,1042000041','BN'),
('BN60022','60045','checkFields','','BN'),
('BN60023','60046','blockCodeStr','','BN'),
('BN60023','60047','checkFields','this.cardNo','BN'),
('BN60024','60048','blockCodeStr','','BN'),
('BN60024','60049','checkFields','this.crtfNbr','BN'),
('BN60025','60050','blockCodeStr','','BN'),
('BN60025','60051','checkFields','','BN'),
('BN60026','60052','blockCodeStr','','BN'),
('BN60026','60053','checkFields','','BN'),
('BN60027','60054','blockCodeStr','1042000027,1042000028,1042000032,1042000033,1042000034,1042000040,1042000041','BN'),
('BN60027','60055','checkFields','','BN'),
('BN60028','60056','blockCodeStr','1042000027,1042000028,1042000032,1042000033,1042000034,1042000040,1042000041','BN'),
('BN60028','60057','checkFields','','BN'),
('BN60029','60060','blockCodeStr','','BN'),
('BN60029','60061','checkFields','','BN'),
('BN60030','60062','blockCodeStr','','BN'),
('BN60030','60063','checkFields','','BN'),
('BN60031','60064','blockCodeStr','','BN'),
('BN60031','60065','checkFields','','BN'),
('BN60032','60066','blockCodeStr','','BN'),
('BN60032','60067','checkFields','','BN'),
('BN60033','60068','blockCodeStr','','BN'),
('BN60033','60069','checkFields','','BN'),
('BN60034','60070','blockCodeStr','1042000027,1042000028,1042000032,1042000033,1042000034,1042000040,1042000041','BN'),
('BN60034','60071','checkFields','','BN'),
('BN60035','60072','blockCodeStr','1042000027,1042000028,1042000032,1042000033,1042000034,1042000040,1042000041','BN'),
('BN60035','60073','checkFields','','BN'),
('BN60036','60074','blockCodeStr','1042000027,1042000028,1042000032,1042000033,1042000034,1042000040,1042000041','BN'),
('BN60036','60075','checkFields','','BN'),
('BN60037','60076','blockCodeStr','1042000027,1042000028,1042000032,1042000033,1042000034,1042000040,1042000041','BN'),
('BN60037','60077','checkFields','','BN'),
('BN60038','60078','blockCodeStr','','BN'),
('BN60038','60079','checkFields','','BN'),
('BN60039','60080','blockCodeStr','','BN'),
('BN60039','60081','checkFields','','BN'),
('BN60040','60082','blockCodeStr','1042000022,1042000023,1042000024,1042000025,1042000026,1042000027,1042000028,1042000032,1042000033,1042000034,1042000040,1042000041','BN'),
('BN60040','60083','checkFields','','BN'),
('BN60041','60084','blockCodeStr','1042000022,1042000023,1042000024,1042000025,1042000026,1042000027,1042000028,1042000032,1042000033,1042000034,1042000040,1042000041','BN'),
('BN60041','60085','checkFields','','BN'),
('BN60042','60086','blockCodeStr','1042000022,1042000023,1042000024,1042000025,1042000026,1042000027,1042000028,1042000032,1042000033,1042000034,1042000040,1042000041','BN'),
('BN60042','60087','checkFields','','BN'),
('BN60043','60088','blockCodeStr','1042000022,1042000023,1042000024,1042000025,1042000026,1042000027,1042000028,1042000032,1042000033,1042000034,1042000040,1042000041','BN'),
('BN60043','60089','checkFields','','BN'),
('BN60044','60090','blockCodeStr','1042000022,1042000023,1042000024,1042000025,1042000026,1042000027,1042000028,1042000032,1042000033,1042000034,1042000040,1042000041','BN'),
('BN60044','60091','checkFields','','BN'),
('BN60045','60092','blockCodeStr','1042000022,1042000023,1042000024,1042000025,1042000026,1042000027,1042000028,1042000032,1042000033,1042000034,1042000040,1042000041','BN'),
('BN60045','60093','checkFields','','BN'),
('BN60046','60094','blockCodeStr','1042000022,1042000023,1042000024,1042000025,1042000026,1042000027,1042000028,1042000032,1042000033,1042000034,1042000040,1042000041','BN'),
('BN60046','60095','checkFields','','BN'),
('BN60047','60096','blockCodeStr','1042000022,1042000023,1042000024,1042000025,1042000026,1042000027,1042000028,1042000032,1042000033,1042000034,1042000040,1042000041','BN'),
('BN60047','60097','checkFields','','BN'),
('BN60048','60098','blockCodeStr','1042000022,1042000023,1042000024,1042000025,1042000026,1042000027,1042000028,1042000032,1042000033,1042000034,1042000040,1042000041','BN'),
('BN60048','60099','checkFields','','BN'),
('BN60049','60100','blockCodeStr','1042000022,1042000023,1042000024,1042000025,1042000026,1042000027,1042000028,1042000032,1042000033,1042000034,1042000040,1042000041','BN'),
('BN60049','60101','checkFields','','BN'),
('BN60050','60102','blockCodeStr','','BN'),
('BN60050','60103','checkFields','','BN'),
('BN60051','60104','blockCodeStr','','BN'),
('BN60051','60105','checkFields','','BN'),
('BN60052','60106','blockCodeStr','','BN'),
('BN60052','60107','checkFields','','BN'),
('BN60053','60108','blockCodeStr','','BN'),
('BN60053','60109','checkFields','','BN'),
('BN60054','60110','blockCodeStr','','BN'),
('BN60054','60111','checkFields','','BN'),
('BN60055','60112','blockCodeStr','','BN'),
('BN60055','60113','checkFields','','BN'),
('BN60056','60114','blockCodeStr','','BN'),
('BN60056','60115','checkFields','','BN'),
('BN60057','60116','blockCodeStr','','BN'),
('BN60057','60117','checkFields','','BN'),
('BN60058','60118','blockCodeStr','','BN'),
('BN60058','60119','checkFields','','BN'),
('BN60059','60120','blockCodeStr','','BN'),
('BN60059','60121','checkFields','','BN'),
('BN60060','60122','blockCodeStr','1042000027,1042000028,1042000032,1042000033,1042000034,1042000040,1042000041','BN'),
('BN60060','60123','checkFields','','BN'),
('BN60061','60124','blockCodeStr','1042000027,1042000028,1042000032,1042000033,1042000034,1042000040,1042000041','BN'),
('BN60061','60125','checkFields','','BN'),
('BN60062','60126','blockCodeStr','1042000027,1042000028,1042000032,1042000033,1042000034,1042000040,1042000041','BN'),
('BN60062','60127','checkFields','','BN'),
('BN60063','60128','blockCodeStr','1042000027,1042000028,1042000032,1042000033,1042000034,1042000040,1042000041','BN'),
('BN60063','60129','checkFields','','BN'),
('BN60064','60130','blockCodeStr','1042000027,1042000028,1042000032,1042000033,1042000034,1042000040,1042000041','BN'),
('BN60064','60131','checkFields','','BN'),
('BN60065','60132','blockCodeStr','1042000027,1042000028,1042000032,1042000033,1042000034,1042000040,1042000041','BN'),
('BN60065','60133','checkFields','','BN'),
('BN60066','60134','blockCodeStr','1042000027,1042000028,1042000032,1042000033,1042000034,1042000040,1042000041','BN'),
('BN60066','60135','checkFields','','BN'),
('BN60067','60136','blockCodeStr','1042000027,1042000028,1042000032,1042000033,1042000034,1042000040,1042000041','BN'),
('BN60067','60137','checkFields','','BN'),
('BN60068','60138','blockCodeStr','1042000027,1042000028,1042000032,1042000033,1042000034,1042000040,1042000041','BN'),
('BN60068','60139','checkFields','','BN'),
('BN60069','60140','blockCodeStr','1042000027,1042000028,1042000032,1042000033,1042000034,1042000040,1042000041','BN'),
('BN60069','60141','checkFields','','BN'),
('BN60070','60142','blockCodeStr','1042000027,1042000028,1042000032,1042000033,1042000034,1042000040,1042000041','BN'),
('BN60070','60143','checkFields','','BN'),
('BN60071','60144','blockCodeStr','1042000027,1042000028,1042000032,1042000033,1042000034,1042000040,1042000041','BN'),
('BN60071','60145','checkFields','','BN'),
('BN60072','60146','blockCodeStr','1042000027,1042000028,1042000032,1042000033,1042000034,1042000040,1042000041','BN'),
('BN60072','60147','checkFields','','BN'),
('BN60073','60148','blockCodeStr','1042000027,1042000028,1042000032,1042000033,1042000034,1042000040,1042000041','BN'),
('BN60073','60149','checkFields','','BN'),
('BN60074','60150','blockCodeStr','1042000027,1042000028,1042000032,1042000033,1042000034,1042000040,1042000041','BN'),
('BN60074','60151','checkFields','','BN'),
('BN60075','60152','blockCodeStr','1042000027,1042000028,1042000032,1042000033,1042000034,1042000040,1042000041','BN'),
('BN60075','60153','checkFields','','BN'),
('BN60076','60154','blockCodeStr','1042000027,1042000028,1042000032,1042000033,1042000034,1042000040,1042000041','BN'),
('BN60076','60155','checkFields','','BN'),
('BN60077','60156','blockCodeStr','1042000027,1042000028,1042000032,1042000033,1042000034,1042000040,1042000041','BN'),
('BN60077','60157','checkFields','','BN'),
('BN60078','60158','blockCodeStr','1042000027,1042000028,1042000032,1042000033,1042000034,1042000040,1042000041','BN'),
('BN60078','60159','checkFields','','BN'),
('BN60079','60160','blockCodeStr','1042000027,1042000028,1042000032,1042000033,1042000034,1042000040,1042000041','BN'),
('BN60079','60161','checkFields','','BN'),
('BN60080','60162','blockCodeStr','','BN'),
('BN60080','60163','checkFields','','BN'),
('BN60081','60164','blockCodeStr','','BN'),
('BN60081','60165','checkFields','','BN'),
('BN60082','60166','blockCodeStr','','BN'),
('BN60082','60167','checkFields','','BN'),
('BN60083','60168','blockCodeStr','1042000027,1042000028,1042000032,1042000033,1042000034,1042000040,1042000041','BN'),
('BN60083','60169','checkFields','','BN'),
('BN60084','60170','blockCodeStr','1042000027,1042000028,1042000032,1042000033,1042000034,1042000040,1042000041','BN'),
('BN60084','60171','checkFields','','BN'),
('BN60085','60172','blockCodeStr','1042000027,1042000028,1042000032,1042000033,1042000034,1042000040,1042000041','BN'),
('BN60085','60173','checkFields','','BN'),
('BN60086','60174','blockCodeStr','1042000027,1042000028,1042000032,1042000033,1042000034,1042000040,1042000041','BN'),
('BN60086','60175','checkFields','','BN'),
('BN60087','60176','blockCodeStr','1042000027,1042000028,1042000032,1042000033,1042000034,1042000040,1042000041','BN'),
('BN60087','60177','checkFields','','BN'),
('BN60088','60178','blockCodeStr','1042000027,1042000028,1042000032,1042000033,1042000034,1042000040,1042000041','BN'),
('BN60088','60179','checkFields','','BN'),
('BN60089','60180','blockCodeStr','1042000027,1042000028,1042000032,1042000033,1042000034,1042000040,1042000041','BN'),
('BN60089','60181','checkFields','','BN'),
('BN60090','60182','blockCodeStr','1042000027,1042000028,1042000032,1042000033,1042000034,1042000040,1042000041','BN'),
('BN60090','60183','checkFields','','BN'),
('BN60091','60184','blockCodeStr','1042000027,1042000028,1042000032,1042000033,1042000034,1042000040,1042000041','BN'),
('BN60091','60185','checkFields','','BN'),
('BN60092','60186','blockCodeStr','1042000027,1042000028,1042000032,1042000033,1042000034,1042000040,1042000041','BN'),
('BN60092','60187','checkFields','','BN'),
('BN60093','60188','blockCodeStr','1042000027,1042000028,1042000032,1042000033,1042000034,1042000040,1042000041','BN'),
('BN60093','60189','checkFields','','BN'),
('BN60094','60190','blockCodeStr','1042000027,1042000028,1042000032,1042000033,1042000034,1042000040,1042000041','BN'),
('BN60094','60191','checkFields','','BN'),
('BN60095','60192','blockCodeStr','1042000027,1042000028,1042000032,1042000033,1042000034,1042000040,1042000041','BN'),
('BN60095','60193','checkFields','','BN'),
('BN60096','60194','blockCodeStr','1042000027,1042000028,1042000032,1042000033,1042000034,1042000040,1042000041','BN'),
('BN60096','60195','checkFields','','BN'),
('BN60097','60196','blockCodeStr','1042000027,1042000028,1042000032,1042000033,1042000034,1042000040,1042000041','BN'),
('BN60097','60197','checkFields','','BN'),
('BN60098','60198','blockCodeStr','1042000027,1042000028,1042000032,1042000033,1042000034,1042000040,1042000041','BN'),
('BN60098','60199','checkFields','','BN'),
('BN60099','60200','blockCodeStr','1042000027,1042000028,1042000032,1042000033,1042000034,1042000040,1042000041','BN'),
('BN60099','60201','checkFields','','BN'),
('BN60100','60202','blockCodeStr','1042000027,1042000028,1042000032,1042000033,1042000034,1042000040,1042000041','BN'),
('BN60100','60203','checkFields','','BN'),
('BN60101','60204','blockCodeStr','','BN'),
('BN60101','60205','checkFields','','BN'),
('BN60102','60206','blockCodeStr','','BN'),
('BN60102','60207','checkFields','','BN'),
('BN60103','60208','blockCodeStr','','BN'),
('BN60103','60209','checkFields','','BN'),
('BN60104','60210','blockCodeStr','','BN'),
('BN60104','60211','checkFields','','BN'),
('BN60105','60212','blockCodeStr','','BN'),
('BN60105','60213','checkFields','','BN'),
('BN60106','60214','blockCodeStr','1042000001,1042000002,1042000003,1042000023,1042000024,1042000025,
1042000026,1042000027,1042000028,1042000032,1042000033,1042000034,1042000035,1042000036,1042000038,1042000040,1042000041','BN'),
('BN60106','60215','checkFields','','BN'),
('BN60107','60216','blockCodeStr','1042000001,1042000002,1042000003,1042000023,1042000024,1042000025,
1042000026,1042000027,1042000028,1042000032,1042000033,1042000034,1042000035,1042000036,1042000038,1042000040,1042000041','BN'),
('BN60107','60217','checkFields','','BN'),
('BN60108','60218','blockCodeStr','1042000001,1042000002,1042000003,1042000023,1042000024,1042000025,
1042000026,1042000027,1042000028,1042000032,1042000033,1042000034,1042000035,1042000036,1042000038,1042000040,1042000041','BN'),
('BN60108','60219','checkFields','','BN'),
('BN60109','60220','blockCodeStr','1042000001,1042000002,1042000003,1042000023,1042000024,1042000025,
1042000026,1042000027,1042000028,1042000032,1042000033,1042000034,1042000035,1042000036,1042000038,1042000040,1042000041','BN'),
('BN60109','60221','checkFields','','BN'),
('BN60110','60222','blockCodeStr','1042000001,1042000002,1042000003,1042000023,1042000024,1042000025,
1042000026,1042000027,1042000028,1042000032,1042000033,1042000034,1042000035,1042000036,1042000038,1042000040,1042000041','BN'),
('BN60110','60223','checkFields','','BN'),
('BN60111','60224','blockCodeStr','1042000001,1042000002,1042000003,1042000023,1042000024,1042000025,
1042000026,1042000027,1042000028,1042000032,1042000033,1042000034,1042000035,1042000036,1042000038,1042000040,1042000041','BN'),
('BN60111','60225','checkFields','','BN'),
('BN60112','60226','blockCodeStr','1042000001,1042000002,1042000003,1042000023,1042000024,1042000025,
1042000026,1042000027,1042000028,1042000032,1042000033,1042000034,1042000035,1042000036,1042000038,1042000040,1042000041','BN'),
('BN60112','60227','checkFields','','BN'),
('BN60113','60228','blockCodeStr','1042000001,1042000002,1042000003,1042000023,1042000024,1042000025,
1042000026,1042000027,1042000028,1042000032,1042000033,1042000034,1042000035,1042000036,1042000038,1042000040,1042000041','BN'),
('BN60113','60229','checkFields','','BN'),
('BN60114','60230','blockCodeStr','1042000001,1042000002,1042000003,1042000023,1042000024,1042000025,
1042000026,1042000027,1042000028,1042000032,1042000033,1042000034,1042000035,1042000036,1042000038,1042000040,1042000041','BN'),
('BN60114','60231','checkFields','','BN'),
('BN60115','60232','blockCodeStr','1042000001,1042000002,1042000003,1042000023,1042000024,1042000025,
1042000026,1042000027,1042000028,1042000032,1042000033,1042000034,1042000035,1042000036,1042000038,1042000040,1042000041','BN'),
('BN60115','60233','checkFields','','BN'),
('BN60116','60234','blockCodeStr','1042000001,1042000002,1042000003,1042000023,1042000024,1042000025,
1042000026,1042000027,1042000028,1042000032,1042000033,1042000034,1042000035,1042000036,1042000038,1042000040,1042000041','BN'),
('BN60116','60235','checkFields','','BN'),
('BN60117','60236','blockCodeStr','1042000001,1042000002,1042000003,1042000023,1042000024,1042000025,
1042000026,1042000027,1042000028,1042000032,1042000033,1042000034,1042000035,1042000036,1042000038,1042000040,1042000041','BN'),
('BN60117','60237','checkFields','','BN'),
('BN60118','60238','blockCodeStr','1042000001,1042000002,1042000003,1042000023,1042000024,1042000025,
1042000026,1042000027,1042000028,1042000032,1042000033,1042000034,1042000035,1042000036,1042000038,1042000040,1042000041','BN'),
('BN60118','60239','checkFields','','BN'),
('BN60119','60240','blockCodeStr','1042000001,1042000002,1042000003,1042000023,1042000024,1042000025,
1042000026,1042000027,1042000028,1042000032,1042000033,1042000034,1042000035,1042000036,1042000038,1042000040,1042000041','BN'),
('BN60119','60241','checkFields','','BN'),
('BN60120','60242','blockCodeStr','1042000001,1042000002,1042000003,1042000023,1042000024,1042000025,
1042000026,1042000027,1042000028,1042000032,1042000033,1042000034,1042000035,1042000036,1042000038,1042000040,1042000041','BN'),
('BN60120','60243','checkFields','','BN'),
('BN60121','60244','blockCodeStr','1042000001,1042000002,1042000003,1042000023,1042000024,1042000025,
1042000026,1042000027,1042000028,1042000032,1042000033,1042000034,1042000035,1042000036,1042000038,1042000040,1042000041','BN'),
('BN60121','60245','checkFields','','BN'),
('BN60122','60246','blockCodeStr','1042000001,1042000002,1042000003,1042000023,1042000024,1042000025,
1042000026,1042000027,1042000028,1042000032,1042000033,1042000034,1042000035,1042000036,1042000038,1042000040,1042000041','BN'),
('BN60122','60247','checkFields','','BN'),
('BN60123','60248','blockCodeStr','1042000001,1042000002,1042000003,1042000023,1042000024,1042000025,
1042000026,1042000027,1042000028,1042000032,1042000033,1042000034,1042000035,1042000036,1042000038,1042000040,1042000041','BN'),
('BN60123','60249','checkFields','','BN'),
('BN60124','60250','blockCodeStr','1042000001,1042000002,1042000003,1042000023,1042000024,1042000025,
1042000026,1042000027,1042000028,1042000032,1042000033,1042000034,1042000035,1042000036,1042000038,1042000040,1042000041','BN'),
('BN60124','60251','checkFields','','BN'),
('BN60125','60252','blockCodeStr','1042000001,1042000002,1042000003,1042000023,1042000024,1042000025,
1042000026,1042000027,1042000028,1042000032,1042000033,1042000034,1042000035,1042000036,1042000038,1042000040,1042000041','BN'),
('BN60125','60253','checkFields','','BN'),
('BN60126','60254','blockCodeStr','1042000001,1042000002,1042000003,1042000023,1042000024,1042000025,
1042000026,1042000027,1042000028,1042000032,1042000033,1042000034,1042000035,1042000036,1042000038,1042000040,1042000041','BN'),
('BN60126','60255','checkFields','','BN'),
('BN60127','60256','blockCodeStr','1042000001,1042000002,1042000003,1042000023,1042000024,1042000025,
1042000026,1042000027,1042000028,1042000032,1042000033,1042000034,1042000035,1042000036,1042000038,1042000040,1042000041','BN'),
('BN60127','60257','checkFields','','BN'),
('BN60128','60258','blockCodeStr','1042000001,1042000002,1042000003,1042000023,1042000024,1042000025,
1042000026,1042000027,1042000028,1042000032,1042000033,1042000034,1042000035,1042000036,1042000038,1042000040,1042000041','BN'),
('BN60128','60259','checkFields','','BN'),
('BN60129','60260','blockCodeStr','1042000001,1042000002,1042000003,1042000023,1042000024,1042000025,
1042000026,1042000027,1042000028,1042000032,1042000033,1042000034,1042000035,1042000036,1042000038,1042000040,1042000041','BN'),
('BN60129','60261','checkFields','','BN'),
('BN60130','60262','blockCodeStr','1042000001,1042000002,1042000003,1042000023,1042000024,1042000025,
1042000026,1042000027,1042000028,1042000032,1042000033,1042000034,1042000035,1042000036,1042000038,1042000040,1042000041','BN'),
('BN60130','60263','checkFields','','BN'),
('BN60131','60264','blockCodeStr','1042000001,1042000002,1042000003,1042000023,1042000024,1042000025,
1042000026,1042000027,1042000028,1042000032,1042000033,1042000034,1042000035,1042000036,1042000038,1042000040,1042000041','BN'),
('BN60131','60265','checkFields','','BN'),
('BN60132','60266','blockCodeStr','1042000001,1042000002,1042000003,1042000023,1042000024,1042000025,
1042000026,1042000027,1042000028,1042000032,1042000033,1042000034,1042000035,1042000036,1042000038,1042000040,1042000041','BN'),
('BN60132','60267','checkFields','','BN'),
('BN60133','60268','blockCodeStr','1042000027,1042000028,1042000032,1042000033,1042000034,1042000040,1042000041','BN'),
('BN60133','60269','checkFields','','BN'),
('BN60134','60270','blockCodeStr','1042000027,1042000028,1042000032,1042000033,1042000034,1042000040,1042000041','BN'),
('BN60134','60271','checkFields','','BN'),
('BN60135','60272','blockCodeStr','1042000027,1042000028,1042000032,1042000033,1042000034,1042000040,1042000041','BN'),
('BN60135','60273','checkFields','','BN'),
('BN60136','60274','blockCodeStr','1042000027,1042000028,1042000032,1042000033,1042000034,1042000040,1042000041','BN'),
('BN60136','60275','checkFields','','BN'),
('BN60137','60276','blockCodeStr','1042000027,1042000028,1042000032,1042000033,1042000034,1042000040,1042000041','BN'),
('BN60137','60277','checkFields','','BN'),
('BN60138','60278','blockCodeStr','1042000027,1042000028,1042000032,1042000033,1042000034,1042000040,1042000041','BN'),
('BN60138','60279','checkFields','','BN'),
('BN60139','60280','blockCodeStr','1042000027,1042000028,1042000032,1042000033,1042000034,1042000040,1042000041','BN'),
('BN60139','60281','checkFields','','BN'),
('BN60140','60282','blockCodeStr','1042000027,1042000028,1042000032,1042000033,1042000034,1042000040,1042000041','BN'),
('BN60140','60283','checkFields','','BN'),
('BN60141','60284','blockCodeStr','1042000027,1042000028,1042000032,1042000033,1042000034,1042000040,1042000041','BN'),
('BN60141','60285','checkFields','','BN'),
('BN60142','60286','blockCodeStr','1042000027,1042000028,1042000032,1042000033,1042000034,1042000040,1042000041','BN'),
('BN60142','60287','checkFields','','BN'),
('BN60143','60288','blockCodeStr','1042000027,1042000028,1042000032,1042000033,1042000034,1042000040,1042000041','BN'),
('BN60143','60289','checkFields','','BN'),
('BN60144','60290','blockCodeStr','1042000027,1042000028,1042000032,1042000033,1042000034,1042000040,1042000041','BN'),
('BN60144','60291','checkFields','','BN'),
('BN60145','60292','blockCodeStr','1042000027,1042000028,1042000032,1042000033,1042000034,1042000040,1042000041','BN'),
('BN60145','60293','checkFields','','BN'),
('BN60146','60294','blockCodeStr','1042000027,1042000028,1042000032,1042000033,1042000034,1042000040,1042000041','BN'),
('BN60146','60295','checkFields','','BN'),
('BN60147','60296','blockCodeStr','1042000027,1042000028,1042000032,1042000033,1042000034,1042000040,1042000041','BN'),
('BN60147','60297','checkFields','','BN'),
('BN60148','60298','blockCodeStr','1042000027,1042000028,1042000032,1042000033,1042000034,1042000040,1042000041','BN'),
('BN60148','60299','checkFields','','BN'),
('BN60149','60300','blockCodeStr','1042000027,1042000028,1042000032,1042000033,1042000034,1042000040,1042000041','BN'),
('BN60149','60301','checkFields','','BN'),
('BN60150','60302','blockCodeStr','1042000027,1042000028,1042000032,1042000033,1042000034,1042000040,1042000041','BN'),
('BN60150','60303','checkFields','','BN'),
('BN60151','60304','blockCodeStr','1042000027,1042000028,1042000032,1042000033,1042000034,1042000040,1042000041','BN'),
('BN60151','60305','checkFields','','BN'),
('BN60152','60306','blockCodeStr','1042000027,1042000028,1042000032,1042000033,1042000034,1042000040,1042000041','BN'),
('BN60152','60307','checkFields','','BN'),
('BN60153','60308','blockCodeStr','1042000027,1042000028,1042000032,1042000033,1042000034,1042000040,1042000041','BN'),
('BN60153','60309','checkFields','','BN'),
('BN60154','60310','blockCodeStr','1042000027,1042000028,1042000032,1042000033,1042000034,1042000040,1042000041','BN'),
('BN60154','60311','checkFields','','BN'),
('BN60155','60312','blockCodeStr','1042000027,1042000028,1042000032,1042000033,1042000034,1042000040,1042000041','BN'),
('BN60155','60313','checkFields','','BN'),
('BN60156','60314','blockCodeStr','1042000027,1042000028,1042000032,1042000033,1042000034,1042000040,1042000041','BN'),
('BN60156','60315','checkFields','','BN'),
('BN60157','60316','blockCodeStr','1042000027,1042000028,1042000032,1042000033,1042000034,1042000040,1042000041','BN'),
('BN60157','60317','checkFields','','BN'),
('BN60158','60318','blockCodeStr','1042000027,1042000028,1042000032,1042000033,1042000034,1042000040,1042000041','BN'),
('BN60158','60319','checkFields','','BN'),
('BN60159','60320','blockCodeStr','1042000027,1042000028,1042000032,1042000033,1042000034,1042000040,1042000041','BN'),
('BN60159','60321','checkFields','','BN'),
('BN60160','60322','blockCodeStr','1042000027,1042000028,1042000032,1042000033,1042000034,1042000040,1042000041','BN'),
('BN60160','60323','checkFields','','BN'),
('BN60161','60324','blockCodeStr','1042000027,1042000028,1042000032,1042000033,1042000034,1042000040,1042000041','BN'),
('BN60161','60325','checkFields','','BN'),
('BN60162','60326','blockCodeStr','1042000027,1042000028,1042000032,1042000033,1042000034,1042000040,1042000041','BN'),
('BN60162','60327','checkFields','','BN'),
('BN60163','60328','blockCodeStr','1042000027,1042000028,1042000032,1042000033,1042000034,1042000040,1042000041','BN'),
('BN60163','60329','checkFields','','BN'),
('BN60164','60330','blockCodeStr','1042000027,1042000028,1042000032,1042000033,1042000034,1042000040,1042000041','BN'),
('BN60164','60331','checkFields','','BN'),
('BN60165','60332','blockCodeStr','1042000027,1042000028,1042000032,1042000033,1042000034,1042000040,1042000041','BN'),
('BN60165','60333','checkFields','','BN'),
('BN60166','60334','blockCodeStr','1042000027,1042000028,1042000032,1042000033,1042000034,1042000040,1042000041','BN'),
('BN60166','60335','checkFields','','BN'),
('BN60167','60336','blockCodeStr','1042000027,1042000028,1042000032,1042000033,1042000034,1042000040,1042000041','BN'),
('BN60167','60337','checkFields','','BN'),
('BN60168','60338','blockCodeStr','1042000027,1042000028,1042000032,1042000033,1042000034,1042000040,1042000041','BN'),
('BN60168','60339','checkFields','','BN'),
('BN60169','60340','blockCodeStr','1042000027,1042000028,1042000032,1042000033,1042000034,1042000040,1042000041','BN'),
('BN60169','60341','checkFields','','BN'),
('BN60170','60344','blockCodeStr','1042000027,1042000028,1042000032,1042000033,1042000034,1042000040,1042000041','BN'),
('BN60170','60345','checkFields','','BN'),
('BN60171','60346','blockCodeStr','1042000027,1042000028,1042000032,1042000033,1042000034,1042000040,1042000041','BN'),
('BN60171','60347','checkFields','','BN'),
('BN60172','60348','blockCodeStr','1042000027,1042000028,1042000032,1042000033,1042000034,1042000040,1042000041','BN'),
('BN60172','60349','checkFields','','BN'),
('BN60173','60350','blockCodeStr','1042000027,1042000028,1042000032,1042000033,1042000034,1042000040,1042000041','BN'),
('BN60173','60351','checkFields','','BN'),
('BN60174','60352','blockCodeStr','1042000027,1042000028,1042000032,1042000033,1042000034,1042000040,1042000041','BN'),
('BN60174','60353','checkFields','','BN'),
('BN60175','60354','blockCodeStr','1042000027,1042000028,1042000032,1042000033,1042000034,1042000040,1042000041','BN'),
('BN60175','60355','checkFields','','BN'),
('BN60176','60356','blockCodeStr','1042000027,1042000028,1042000032,1042000033,1042000034,1042000040,1042000041','BN'),
('BN60176','60357','checkFields','','BN'),
('BN60177','60358','blockCodeStr','1042000027,1042000028,1042000032,1042000033,1042000034,1042000040,1042000041','BN'),
('BN60177','60359','checkFields','','BN'),
('BN60178','60360','blockCodeStr','1042000027,1042000028,1042000032,1042000033,1042000034,1042000040,1042000041','BN'),
('BN60178','60361','checkFields','','BN'),
('BN60179','60362','blockCodeStr','1042000027,1042000028,1042000032,1042000033,1042000034,1042000040,1042000041','BN'),
('BN60179','60363','checkFields','','BN'),
('BN60180','60364','blockCodeStr','1042000027,1042000028,1042000032,1042000033,1042000034,1042000040,1042000041','BN'),
('BN60180','60365','checkFields','','BN'),
('BN60181','60366','blockCodeStr','1042000027,1042000028,1042000032,1042000033,1042000034,1042000040,1042000041','BN'),
('BN60181','60367','checkFields','','BN'),
('BN60182','60368','blockCodeStr','1042000027,1042000028,1042000032,1042000033,1042000034,1042000040,1042000041','BN'),
('BN60182','60369','checkFields','','BN'),
('BN60183','60370','blockCodeStr','1042000027,1042000028,1042000032,1042000033,1042000034,1042000040,1042000041','BN'),
('BN60183','60371','checkFields','','BN'),
('BN60184','60372','blockCodeStr','1042000027,1042000028,1042000032,1042000033,1042000034,1042000040,1042000041','BN'),
('BN60184','60373','checkFields','','BN'),
('BN60185','60374','blockCodeStr','1042000027,1042000028,1042000032,1042000033,1042000034,1042000040,1042000041','BN'),
('BN60185','60375','checkFields','','BN'),
('BN60186','60376','blockCodeStr','1042000027,1042000028,1042000032,1042000033,1042000034,1042000040,1042000041','BN'),
('BN60186','60377','checkFields','','BN'),
('BN60187','60378','blockCodeStr','1042000027,1042000028,1042000032,1042000033,1042000034,1042000040,1042000041','BN'),
('BN60187','60379','checkFields','','BN'),
('BN60188','60380','blockCodeStr','1042000027,1042000028,1042000032,1042000033,1042000034,1042000040,1042000041','BN'),
('BN60188','60381','checkFields','','BN'),
('BN60189','60382','blockCodeStr','1042000027,1042000028,1042000032,1042000033,1042000034,1042000040,1042000041','BN'),
('BN60189','60383','checkFields','','BN'),
('BN60190','60384','blockCodeStr','1042000027,1042000028,1042000032,1042000033,1042000034,1042000040,1042000041','BN'),
('BN60190','60385','checkFields','','BN'),
('BN60191','60386','blockCodeStr','1042000027,1042000028,1042000032,1042000033,1042000034,1042000040,1042000041','BN'),
('BN60191','60387','checkFields','','BN'),
('BN60192','60388','blockCodeStr','1042000027,1042000028,1042000032,1042000033,1042000034,1042000040,1042000041','BN'),
('BN60192','60389','checkFields','','BN'),
('BN60193','60390','blockCodeStr','1042000027,1042000028,1042000032,1042000033,1042000034,1042000040,1042000041','BN'),
('BN60193','60391','checkFields','','BN'),
('BN60194','60392','blockCodeStr','1042000027,1042000028,1042000032,1042000033,1042000034,1042000040,1042000041','BN'),
('BN60194','60393','checkFields','','BN'),
('BN60195','60394','blockCodeStr','1042000027,1042000028,1042000032,1042000033,1042000034,1042000040,1042000041','BN'),
('BN60195','60395','checkFields','','BN'),
('BN60196','60396','blockCodeStr','1042000027,1042000028,1042000032,1042000033,1042000034,1042000040,1042000041','BN'),
('BN60196','60397','checkFields','','BN'),
('BN60197','60398','blockCodeStr','1042000027,1042000028,1042000032,1042000033,1042000034,1042000040,1042000041','BN'),
('BN60197','60399','checkFields','','BN'),
('BN60198','60400','blockCodeStr','1042000027,1042000028,1042000032,1042000033,1042000034,1042000040,1042000041','BN'),
('BN60198','60401','checkFields','','BN'),
('BN60199','60402','blockCodeStr','1042000027,1042000028,1042000032,1042000033,1042000034,1042000040,1042000041','BN'),
('BN60199','60403','checkFields','','BN'),
('BN60200','60404','blockCodeStr','1042000027,1042000028,1042000032,1042000033,1042000034,1042000040,1042000041','BN'),
('BN60200','60405','checkFields','','BN'),
('BN60201','60406','blockCodeStr','1042000027,1042000028,1042000032,1042000033,1042000034,1042000040,1042000041','BN'),
('BN60201','60407','checkFields','','BN'),
('BN60202','60408','blockCodeStr','1042000027,1042000028,1042000032,1042000033,1042000034,1042000040,1042000041','BN'),
('BN60202','60409','checkFields','','BN'),
('BN60203','60410','blockCodeStr','1042000027,1042000028,1042000032,1042000033,1042000034,1042000040,1042000041','BN'),
('BN60203','60411','checkFields','','BN'),
('BN60204','60412','blockCodeStr','1042000027,1042000028,1042000032,1042000033,1042000034,1042000040,1042000041','BN'),
('BN60204','60413','checkFields','','BN'),
('BN60205','60414','blockCodeStr','1042000027,1042000028,1042000032,1042000033,1042000034,1042000040,1042000041','BN'),
('BN60205','60415','checkFields','','BN'),
('BN60206','60416','blockCodeStr','1042000027,1042000028,1042000032,1042000033,1042000034,1042000040,1042000041','BN'),
('BN60206','60417','checkFields','','BN'),
('BN60207','60418','blockCodeStr','1042000027,1042000028,1042000032,1042000033,1042000034,1042000040,1042000041','BN'),
('BN60207','60419','checkFields','','BN'),
('BN60208','60420','blockCodeStr','1042000027,1042000028,1042000032,1042000033,1042000034,1042000040,1042000041','BN'),
('BN60208','60421','checkFields','','BN'),
('BN60209','60422','blockCodeStr','1042000027,1042000028,1042000032,1042000033,1042000034,1042000040,1042000041','BN'),
('BN60209','60423','checkFields','','BN'),
('BN60210','60424','blockCodeStr','1042000027,1042000028,1042000032,1042000033,1042000034,1042000040,1042000041','BN'),
('BN60210','60425','checkFields','','BN'),
('BN60211','60426','blockCodeStr','1042000027,1042000028,1042000032,1042000033,1042000034,1042000040,1042000041','BN'),
('BN60211','60427','checkFields','','BN'),
('BN60212','60428','blockCodeStr','','BN'),
('BN60212','60429','checkFields','','BN'),
('BN60213','60430','blockCodeStr','1042000027,1042000028,1042000032,1042000033,1042000034,1042000040,1042000041','BN'),
('BN60213','60431','checkFields','','BN'),
('BN60214','60432','blockCodeStr','1042000027,1042000028,1042000032,1042000033,1042000034,1042000040,1042000041','BN'),
('BN60214','60433','checkFields','','BN'),
('BN60215','60434','blockCodeStr','1042000027,1042000028,1042000032,1042000033,1042000034,1042000040,1042000041','BN'),
('BN60215','60435','checkFields','','BN'),
('BN60216','60436','blockCodeStr','1042000027,1042000028,1042000032,1042000033,1042000034,1042000040,1042000041','BN'),
('BN60216','60437','checkFields','','BN');