
SET AUTOCOMMIT=0;
BEGIN;

  
-- IB_OM_RULE_INFO insert
INSERT INTO IB_OM_RULE_INFO (RULE_NO,RULE_TYP_CD,HOLI_FLG,RULE_TRI_POSITION,SUIT_CHNL_SCP,SUIT_LPR_SCP,SUIT_ORG_SCP,SUIT_TX_SCP,RULE_COMNT,EFFT_FLG,OPER_TELR_NO,OPER_DT,OPER_RSN) VALUES

("090000","CI","N","1","TE","0000","*,","999999","无规则说明","1","900001","2019-08-12","批量新增"),
("090001","CI","N","1","TE","0000","*,","00101002","无规则说明","1","900001","2019-08-12","批量新增"),
("090002","CI","N","1","TE","0000","*,","00101002","无规则说明","1","900001","2019-08-12","批量新增"),
("090003","CI","N","1","TE","0000","*,","00101002","无规则说明","1","900001","2019-08-12","批量新增"),
("090004","CI","N","1","TE","0000","*,","00101002","无规则说明","1","900001","2019-08-12","批量新增"),
("090005","CI","N","1","TE","0000","*,","00101002","无规则说明","1","900001","2019-08-12","批量新增"),
("090006","CI","N","1","TE","0000","*,","00101002","无规则说明","1","900001","2019-08-12","批量新增"),
("090007","CI","N","1","TE","0000","*,","00103001","无规则说明","1","900001","2019-08-12","批量新增"),
("090008","CI","N","1","TE","0000","*,","00103003","无规则说明","1","900001","2019-08-12","批量新增"),
("090009","CI","N","1","TE","0000","*,","00103004","无规则说明","1","900001","2019-08-12","批量新增"),
("090010","CI","N","1","TE","0000","*,","00103002","无规则说明","1","900001","2019-08-12","批量新增"),
("090011","CI","N","1","TE","0000","*,","00103005","无规则说明","1","900001","2019-08-12","批量新增"),
("090012","CI","N","1","TE","0000","*,","00201014","客户信息","1","900001","2019-08-12","批量新增"),
("090013","CI","N","1","TE","0000","*,","00201011","无规则说明","1","900001","2019-08-12","批量新增"),
("090014","CI","N","1","TE","0000","*,","00201011","无规则说明","1","900001","2019-08-12","批量新增"),
("090015","CI","N","1","TE","0000","*,","00201011","无规则说明","1","900001","2019-08-12","批量新增"),
("090016","CI","N","1","TE","0000","*,","00201012","无规则说明","1","900001","2019-08-12","批量新增"),
("090017","CI","N","1","TE","0000","*,","00201018","无规则说明","1","900001","2019-08-12","批量新增"),
("090018","CI","N","1","TE","0000","*,","00201022","无规则说明","1","900001","2019-08-12","批量新增"),
("090019","CI","N","1","TE","0000","*,","00201022","无规则说明","1","900001","2019-08-12","批量新增"),
("090020","CI","N","1","TE","0000","*,","00201009","无规则说明","1","900001","2019-08-12","批量新增"),
("090021","CI","N","1","TE","0000","*,","00201009","无规则说明","1","900001","2019-08-12","批量新增"),
("090022","CI","N","1","TE","0000","*,","00201009","无规则说明","1","900001","2019-08-12","批量新增"),
("090023","CI","N","1","TE","0000","*,","00504003","无规则说明","1","900001","2019-08-12","批量新增"),
("090024","CI","N","1","TE","0000","*,","00504009","无规则说明","1","900001","2019-08-12","批量新增"),
("090025","CI","N","1","TE","0000","*,","00502306","无规则说明","1","900001","2019-08-12","批量新增"),
("090026","CI","N","1","TE","0000","*,","00502008","无规则说明","1","900001","2019-08-12","批量新增"),
("090027","CI","N","1","TE","0000","*,","00701001","无规则说明","1","900001","2019-08-12","批量新增"),
("090028","CI","N","1","TE","0000","*,","00701002","无规则说明","1","900001","2019-08-12","批量新增"),
("090029","CI","N","1","TE","0000","*,","00701003","无规则说明","1","900001","2019-08-12","批量新增"),
("090030","CI","N","1","TE","0000","*,","00701004","无规则说明","1","900001","2019-08-12","批量新增"),
("090031","CI","N","1","TE","0000","*,","00701005","无规则说明","1","900001","2019-08-12","批量新增"),
("090032","CI","N","1","TE","0000","*,","00701007","无规则说明","1","900001","2019-08-12","批量新增"),
("090033","CI","N","1","TE","0000","*,","00701008","无规则说明","1","900001","2019-08-12","批量新增"),
("090034","CI","N","1","TE","0000","*,","00701009","无规则说明","1","900001","2019-08-12","批量新增"),
("090035","CI","N","1","TE","0000","*,","00702003","无规则说明","1","900001","2019-08-12","批量新增"),
("090036","CI","N","1","TE","0000","*,","00702004","无规则说明","1","900001","2019-08-12","批量新增"),
("090037","CI","N","1","TE","0000","*,","00704001","无规则说明","1","900001","2019-08-12","批量新增"),
("090038","CI","N","1","TE","0000","*,","00704002","无规则说明","1","900001","2019-08-12","批量新增"),
("090039","CI","N","1","TE","0000","*,","00704003","无规则说明","1","900001","2019-08-12","批量新增"),
("090040","CI","N","1","TE","0000","*,","00704004","无规则说明","1","900001","2019-08-12","批量新增"),
("090041","CI","N","1","TE","0000","*,","00704005","无规则说明","1","900001","2019-08-12","批量新增"),
("090042","CI","N","1","TE","0000","*,","00704013","无规则说明","1","900001","2019-08-12","批量新增"),
("090043","CI","N","1","TE","0000","*,","00704009","无规则说明","1","900001","2019-08-12","批量新增"),
("090044","CI","N","1","TE","0000","*,","00704010","无规则说明","1","900001","2019-08-12","批量新增"),
("090045","CI","N","1","TE","0000","*,","00704011","无规则说明","1","900001","2019-08-12","批量新增"),
("090046","CI","N","1","TE","0000","*,","00704012","无规则说明","1","900001","2019-08-12","批量新增"),
("090047","CI","N","1","TE","0000","*,","00704007","无规则说明","1","900001","2019-08-12","批量新增"),
("090048","CI","N","1","TE","0000","*,","00704008","无规则说明","1","900001","2019-08-12","批量新增"),
("090049","CI","N","1","TE","0000","*,","00703001","无规则说明","1","900001","2019-08-12","批量新增"),
("090050","CI","N","1","TE","0000","*,","00602003","无规则说明","1","900001","2019-08-12","批量新增"),
("090051","CI","N","1","TE","0000","*,","00503002","NC0003","1","900001","2019-08-12","批量新增"),
("090052","CI","N","1","TE","0000","*,","00503012_1","NC0002","1","900001","2019-08-12","批量新增"),
("090053","CI","N","1","TE","0000","*,","00401020","无规则说明","1","900001","2019-08-12","批量新增"),
("090054","CI","N","1","TE","0000","*,","00502202","NC0001","1","900001","2019-08-12","批量新增"),
("090055","CI","N","1","TE","0000","*,","00502202","无规则说明","1","900001","2019-08-12","批量新增"),
("090056","CI","N","1","TE","0000","*,","00502203","NC0001","1","900001","2019-08-12","批量新增"),
("090057","CI","N","1","TE","0000","*,","00502204","NC0001","1","900001","2019-08-12","批量新增"),
("090058","CI","N","1","TE","0000","*,","00502205","NC0001","1","900001","2019-08-12","批量新增"),
("090059","CI","N","1","TE","0000","*,","00502102","NC0001","1","900001","2019-08-12","批量新增"),
("090060","CI","N","1","TE","0000","*,","00502102","无规则说明","1","900001","2019-08-12","批量新增"),
("090061","CI","N","1","TE","0000","*,","00502104","NC0001","1","900001","2019-08-12","批量新增"),
("090062","CI","N","1","TE","0000","*,","00502104","无规则说明","1","900001","2019-08-12","批量新增"),
("090063","CI","N","1","TE","0000","*,","00501001","无规则说明","1","900001","2019-08-12","批量新增"),
("090064","CI","N","1","TE","0000","*,","00501002","无规则说明","1","900001","2019-08-12","批量新增"),
("090065","CI","N","1","TE","0000","*,","00501002","无规则说明","1","900001","2019-08-12","批量新增"),
("090066","CI","N","1","TE","0000","*,","00501002","无规则说明","1","900001","2019-08-12","批量新增"),
("090067","CI","N","1","TE","0000","*,","00502002","无规则说明","1","900001","2019-08-12","批量新增"),
("090068","CI","N","1","TE","0000","*,","00502004","无规则说明","1","900001","2019-08-12","批量新增"),
("090069","CI","N","1","TE","0000","*,","00502006","无规则说明","1","900001","2019-08-12","批量新增"),
("090070","CI","N","1","TE","0000","*,","00502010","无规则说明","1","900001","2019-08-12","批量新增"),
("090071","CI","N","1","TE","0000","*,","00502012","无规则说明","1","900001","2019-08-12","批量新增"),
("090072","CI","N","1","TE","0000","*,","00302017","IN0014","1","900001","2019-08-12","批量新增"),
("090073","CI","N","1","TE","0000","*,","00302017","IN0017","1","900001","2019-08-12","批量新增"),
("090074","CI","N","1","TE","0000","*,","00302017","IN0018","1","900001","2019-08-12","批量新增"),
("090075","CI","N","1","TE","0000","*,","00301016","IN0002","1","900001","2019-08-12","批量新增"),
("090076","CI","N","1","TE","0000","*,","00301016","IN0003","1","900001","2019-08-12","批量新增"),
("090077","CI","N","1","TE","0000","*,","00301016","IN0003","1","900001","2019-08-12","批量新增"),
("090078","CI","N","1","TE","0000","*,","00301016","IN0003","1","900001","2019-08-12","批量新增"),
("090079","CI","N","1","TE","0000","*,","00306003","IN0007","1","900001","2019-08-12","批量新增"),
("090080","CI","N","1","TE","0000","*,","00201013","IN0007","1","900001","2019-08-12","批量新增"),
("090081","CI","N","1","TE","0000","*,","00201021","IN0011","1","900001","2019-08-12","批量新增"),
("090082","CI","N","1","TE","0000","*,","00201021","IN0005","1","900001","2019-08-12","批量新增"),
("090083","CI","N","1","TE","0000","*,","00201021","IN0020","1","900001","2019-08-12","批量新增"),
("090084","CI","N","1","TE","0000","*,","00201021","IN0012","1","900001","2019-08-12","批量新增"),
("090085","CI","N","1","TE","0000","*,","00201021","IN0013","1","900001","2019-08-12","批量新增"),
("090086","CI","N","1","TE","0000","*,","00302022","IN0002","1","900001","2019-08-12","批量新增"),
("090087","CI","N","1","TE","0000","*,","00302022","IN0003","1","900001","2019-08-12","批量新增"),
("090088","CI","N","1","TE","0000","*,","00302002","IN0004","1","900001","2019-08-12","批量新增"),
("090089","CI","N","1","TE","0000","*,","00302004","IN0004","1","900001","2019-08-12","批量新增"),
("090090","CI","N","1","TE","0000","*,","00301005","IN0004","1","900001","2019-08-12","批量新增"),
("090091","CI","N","1","TE","0000","*,","00305006","IN0002","1","900001","2019-08-12","批量新增"),
("090092","CI","N","1","TE","0000","*,","00305006","IN0003","1","900001","2019-08-12","批量新增"),
("090093","CI","N","1","TE","0000","*,","00305006","IN0010","1","900001","2019-08-12","批量新增"),
("090094","CI","N","1","TE","0000","*,","00303006","IN0008","1","900001","2019-08-12","批量新增"),
("090095","CI","N","1","TE","0000","*,","00303007","IN0002","1","900001","2019-08-12","批量新增"),
("090096","CI","N","1","TE","0000","*,","00303007","IN0003","1","900001","2019-08-12","批量新增"),
("090097","CI","N","1","TE","0000","*,","00303007","IN0010","1","900001","2019-08-12","批量新增"),
("090098","CI","N","1","TE","0000","*,","00302008","IN0002","1","900001","2019-08-12","批量新增"),
("090099","CI","N","1","TE","0000","*,","00302008","IN0003","1","900001","2019-08-12","批量新增"),
("090100","CI","N","1","TE","0000","*,","00302008","IN0004","1","900001","2019-08-12","批量新增"),
("090101","CI","N","1","TE","0000","*,","00302008","IN0010","1","900001","2019-08-12","批量新增"),
("090102","CI","N","1","TE","0000","*,","00302009","IN0004","1","900001","2019-08-12","批量新增"),
("090103","CI","N","1","TE","0000","*,","00302010","IN0002","1","900001","2019-08-12","批量新增"),
("090104","CI","N","1","TE","0000","*,","00302010","IN0003","1","900001","2019-08-12","批量新增"),
("090105","CI","N","1","TE","0000","*,","00302010","IN0004","1","900001","2019-08-12","批量新增"),
("090106","CI","N","1","TE","0000","*,","00303005","IN0002","1","900001","2019-08-12","批量新增"),
("090107","CI","N","1","TE","0000","*,","00303005","IN0003","1","900001","2019-08-12","批量新增"),
("090108","CI","N","1","TE","0000","*,","00303005","IN0010","1","900001","2019-08-12","批量新增"),
("090109","CI","N","1","TE","0000","*,","00303005","IN0017","1","900001","2019-08-12","批量新增"),
("090110","CI","N","1","TE","0000","*,","00305013","IN0019","1","900001","2019-08-12","批量新增"),
("090111","CI","N","1","TE","0000","*,","00306004","IN0005","1","900001","2019-08-12","批量新增"),
("090112","CI","N","1","TE","0000","*,","00306004","IN0002","1","900001","2019-08-12","批量新增"),
("090113","CI","N","1","TE","0000","*,","00306004","IN0010","1","900001","2019-08-12","批量新增"),
("090114","CI","N","1","TE","0000","*,","00306005","IN0005","1","900001","2019-08-12","批量新增"),
("090115","CI","N","1","TE","0000","*,","00306005","IN0020","1","900001","2019-08-12","批量新增"),
("090116","CI","N","1","TE","0000","*,","00306006","IN0005","1","900001","2019-08-12","批量新增"),
("090117","CI","N","1","TE","0000","*,","00303004_1","IN0027","1","900001","2019-08-12","批量新增"),
("090118","CI","N","1","TE","0000","*,","00303004_2","IN0027","1","900001","2019-08-12","批量新增"),
("090119","CI","N","1","TE","0000","*,","00303004_1","IN0028","1","900001","2019-08-12","批量新增"),
("090120","CI","N","1","TE","0000","*,","00303004_2","IN0028","1","900001","2019-08-12","批量新增"),
("090121","CI","N","1","TE","0000","*,","00303002","IN0027","1","900001","2019-08-12","批量新增"),
("090122","CI","N","1","TE","0000","*,","00302014","IN0003","1","900001","2019-08-12","批量新增"),
("090123","CI","N","1","TE","0000","*,","00302014","IN0035","1","900001","2019-08-12","批量新增"),
("090124","CI","N","1","TE","0000","*,","00301007","IN0004","1","900001","2019-08-12","批量新增"),
("090125","CI","N","1","TE","0000","*,","00301007","IN0010","1","900001","2019-08-12","批量新增"),
("090126","CI","N","1","TE","0000","*,","00301007","IN0002","1","900001","2019-08-12","批量新增"),
("090127","CI","N","1","TE","0000","*,","00302016","IN0017","1","900001","2019-08-12","批量新增"),
("090128","CI","N","1","TE","0000","*,","00302016","IN0018","1","900001","2019-08-12","批量新增"),
("090129","CI","N","1","TE","0000","*,","00303003_2","IN0027","1","900001","2019-08-12","批量新增"),
("090130","CI","N","1","TE","0000","*,","00302006","IN0002","1","900001","2019-08-12","批量新增"),
("090131","CI","N","1","TE","0000","*,","00302006","IN0003","1","900001","2019-08-12","批量新增"),
("090132","CI","N","1","TE","0000","*,","00302006","IN0010","1","900001","2019-08-12","批量新增"),
("090133","CI","N","1","TE","0000","*,","00302019","IN0002","1","900001","2019-08-12","批量新增"),
("090134","CI","N","1","TE","0000","*,","00302019","IN0003","1","900001","2019-08-12","批量新增"),
("090135","CI","N","1","TE","0000","*,","00302019","IN0004","1","900001","2019-08-12","批量新增"),
("090136","CI","N","1","TE","0000","*,","00302019","IN0010","1","900001","2019-08-12","批量新增"),
("090137","CI","N","1","TE","0000","*,","00302019","IN0020","1","900001","2019-08-12","批量新增"),
("090138","CI","N","1","TE","0000","*,","00302007","IN0002","1","900001","2019-08-12","批量新增"),
("090139","CI","N","1","TE","0000","*,","00302007","IN0003","1","900001","2019-08-12","批量新增"),
("090140","CI","N","1","TE","0000","*,","00302021","IN0004","1","900001","2019-08-12","批量新增"),
("090141","CI","N","1","TE","0000","*,","00302011","IN0002","1","900001","2019-08-12","批量新增"),
("090142","CI","N","1","TE","0000","*,","00302011","IN0003","1","900001","2019-08-12","批量新增"),
("090143","CI","N","1","TE","0000","*,","00302011","IN0004","1","900001","2019-08-12","批量新增"),
("090144","CI","N","1","TE","0000","*,","00302011","IN0010","1","900001","2019-08-12","批量新增"),
("090145","CI","N","1","TE","0000","*,","00302018","IN0002","1","900001","2019-08-12","批量新增"),
("090146","CI","N","1","TE","0000","*,","00302018","IN0003","1","900001","2019-08-12","批量新增"),
("090147","CI","N","1","TE","0000","*,","00302018","IN0004","1","900001","2019-08-12","批量新增"),
("090148","CI","N","1","TE","0000","*,","00302018","IN0010","1","900001","2019-08-12","批量新增"),
("090149","CI","N","1","TE","0000","*,","00302018","IN0020","1","900001","2019-08-12","批量新增"),
("090150","CI","N","1","TE","0000","*,","00302005","IN0002","1","900001","2019-08-12","批量新增"),
("090151","CI","N","1","TE","0000","*,","00302005","IN0003","1","900001","2019-08-12","批量新增"),
("090152","CI","N","1","TE","0000","*,","00302005","IN0010","1","900001","2019-08-12","批量新增"),
("090153","CI","N","1","TE","0000","*,","00302005","IN0020","1","900001","2019-08-12","批量新增"),
("090154","CI","N","1","TE","0000","*,","00201015","无规则说明","1","900001","2019-08-12","批量新增"),
("090155","CI","N","1","TE","0000","*,","00201015","无规则说明","1","900001","2019-08-12","批量新增"),
("090156","CI","N","1","TE","0000","*,","00201015","无规则说明","1","900001","2019-08-12","批量新增"),
("090157","CI","N","1","TE","0000","*,","00201015","无规则说明","1","900001","2019-08-12","批量新增"),
("090158","CI","N","1","TE","0000","*,","00201015","无规则说明","1","900001","2019-08-12","批量新增"),
("090159","CI","N","1","TE","0000","*,","00201016","无规则说明","1","900001","2019-08-12","批量新增"),
("090160","CI","N","1","TE","0000","*,","00201016","无规则说明","1","900001","2019-08-12","批量新增"),
("090161","CI","N","1","TE","0000","*,","00201016","无规则说明","1","900001","2019-08-12","批量新增"),
("090162","CI","N","1","TE","0000","*,","00201016","无规则说明","1","900001","2019-08-12","批量新增"),
("090163","CI","N","1","TE","0000","*,","00201016","无规则说明","1","900001","2019-08-12","批量新增"),
("090164","CI","N","1","TE","0000","*,","00101007","无规则说明","1","900001","2019-08-12","批量新增"),
("090165","CI","N","1","TE","0000","*,","00101007","无规则说明","1","900001","2019-08-12","批量新增"),
("090166","CI","N","1","TE","0000","*,","00101007","无规则说明","1","900001","2019-08-12","批量新增"),
("090167","CI","N","1","TE","0000","*,","00201005","无规则说明","1","900001","2019-08-12","批量新增"),
("090168","CI","N","1","TE","0000","*,","00201005","无规则说明","1","900001","2019-08-12","批量新增"),
("090169","CI","N","1","TE","0000","*,","00201005","无规则说明","1","900001","2019-08-12","批量新增"),
("090170","CI","N","1","TE","0000","*,","00201005","无规则说明","1","900001","2019-08-12","批量新增"),
("090171","CI","N","1","TE","0000","*,","00201005","无规则说明","1","900001","2019-08-12","批量新增"),
("090172","CI","N","1","TE","0000","*,","00201002","IN0020","1","900001","2019-08-12","批量新增"),
("090173","CI","N","1","TE","0000","*,","00201002","IN0005","1","900001","2019-08-12","批量新增"),
("090174","CI","N","1","TE","0000","*,","00301012","IN0001","1","900001","2019-08-12","批量新增"),
("090175","CI","N","1","TE","0000","*,","00301012","IN0004","1","900001","2019-08-12","批量新增"),
("090176","CI","N","1","TE","0000","*,","00301012","IN0008","1","900001","2019-08-12","批量新增"),
("090177","CI","N","1","TE","0000","*,","00301004","IN0001","1","900001","2019-08-12","批量新增"),
("090178","CI","N","1","TE","0000","*,","00301004","IN0008","1","900001","2019-08-12","批量新增"),
("090179","CI","N","1","TE","0000","*,","00301011","IN0001","1","900001","2019-08-12","批量新增"),
("090180","CI","N","1","TE","0000","*,","00301011","IN0004","1","900001","2019-08-12","批量新增"),
("090181","CI","N","1","TE","0000","*,","00301010","IN0001","1","900001","2019-08-12","批量新增"),
("090182","CI","N","1","TE","0000","*,","00301010","IN0008","1","900001","2019-08-12","批量新增"),
("090183","CI","N","1","TE","0000","*,","00301003","IN0001","1","900001","2019-08-12","批量新增"),
("090184","CI","N","1","TE","0000","*,","00301003","IN0008","1","900001","2019-08-12","批量新增"),
("090185","CI","N","1","TE","0000","*,","00301009","IN0004","1","900001","2019-08-12","批量新增"),
("090186","CI","N","1","TE","0000","*,","00301013","IN0001","1","900001","2019-08-12","批量新增"),
("090187","CI","N","1","TE","0000","*,","00301013","IN0004","1","900001","2019-08-12","批量新增"),
("090188","CI","N","1","TE","0000","*,","00301013","IN0008","1","900001","2019-08-12","批量新增"),
("090189","CI","N","1","TE","0000","*,","00301006","IN0002","1","900001","2019-08-12","批量新增"),
("090190","CI","N","1","TE","0000","*,","00301006","IN0003","1","900001","2019-08-12","批量新增"),
("090191","CI","N","1","TE","0000","*,","00301014","IN0002","1","900001","2019-08-12","批量新增"),
("090192","CI","N","1","TE","0000","*,","00301014","IN0003","1","900001","2019-08-12","批量新增"),
("090193","CI","N","1","TE","0000","*,","00301014","IN0010","1","900001","2019-08-12","批量新增"),
("090194","CI","N","1","TE","0000","*,","00301014","IN0020","1","900001","2019-08-12","批量新增"),
("090195","CI","N","1","TE","0000","*,","00302013","IN0002","1","900001","2019-08-12","批量新增"),
("090196","CI","N","1","TE","0000","*,","00302013","IN0003","1","900001","2019-08-12","批量新增"),
("090197","CI","N","1","TE","0000","*,","00302013","IN0010","1","900001","2019-08-12","批量新增"),
("090198","CI","N","1","TE","0000","*,","00302013","IN0020","1","900001","2019-08-12","批量新增"),
("090199","CI","N","1","TE","0000","*,","00301018","IN0004","1","900001","2019-08-12","批量新增"),
("090200","CI","N","1","TE","0000","*,","00301017","IN0002","1","900001","2019-08-12","批量新增"),
("090201","CI","N","1","TE","0000","*,","00301017","IN0003","1","900001","2019-08-12","批量新增"),
("090202","CI","N","1","TE","0000","*,","00301016","IN0002","1","900001","2019-08-12","批量新增"),
("090203","CI","N","1","TE","0000","*,","00301016","IN0003","1","900001","2019-08-12","批量新增"),
("090204","CI","N","1","TE","0000","*,","00301016","IN0003","1","900001","2019-08-12","批量新增"),
("090205","CI","N","1","TE","0000","*,","00301016","IN0003","1","900001","2019-08-12","批量新增"),
("090206","CI","N","1","TE","0000","*,","00302003","IN0002","1","900001","2019-08-12","批量新增"),
("090207","CI","N","1","TE","0000","*,","00302003","IN0003","1","900001","2019-08-12","批量新增"),
("090208","CI","N","1","TE","0000","*,","00301002","IN0004","1","900001","2019-08-12","批量新增"),
("090209","CI","N","1","TE","0000","*,","00302020","IN0002","1","900001","2019-08-12","批量新增"),
("090210","CI","N","1","TE","0000","*,","00302020","IN0003","1","900001","2019-08-12","批量新增"),
("090211","CI","N","1","TE","0000","*,","00302020","IN0010","1","900001","2019-08-12","批量新增"),
("090212","CI","N","1","TE","0000","*,","00302020","IN0020","1","900001","2019-08-12","批量新增"),
("090213","CI","N","1","TE","0000","*,","00301015","IN0002","1","900001","2019-08-12","批量新增"),
("090214","CI","N","1","TE","0000","*,","00301015","IN0003","1","900001","2019-08-12","批量新增"),
("090215","CI","N","1","TE","0000","*,","00301015","IN0004","1","900001","2019-08-12","批量新增"),
("090216","CI","N","1","TE","0000","*,","00502301","IN0004","1","900001","2019-08-12","批量新增"),
("090217","CI","N","1","TE","0000","*,","00502302","无规则说明","1","900001","2019-08-12","批量新增"),
("090218","CI","N","1","TE","0000","*,","00502303","无规则说明","1","900001","2019-08-12","批量新增"),
("090219","CI","N","1","TE","0000","*,","00502304","无规则说明","1","900001","2019-08-12","批量新增"),
("090220","CI","N","1","TE","0000","*,","00502305","无规则说明","1","900001","2019-08-12","批量新增"),
("090221","CI","N","1","TE","0000","*,","00502307","NC0002","1","900001","2019-08-12","批量新增"),
("090222","CI","N","1","TE","0000","*,","00502308","无规则说明","1","900001","2019-08-12","批量新增"),
("090223","CI","N","1","TE","0000","*,","00502314_2","NC0001","1","900001","2019-08-12","批量新增"),
("090224","CI","N","1","TE","0000","*,","00502314_3","NC0002","1","900001","2019-08-12","批量新增");
-- IB_OM_RULECOND_INFO insert
INSERT INTO IB_OM_RULECOND_INFO (OPRTN_COND_NO,DICTRY_NM,OPER_SYM_1,CMPR_VAL,OPER_SYM_2,VALUE2,TRAN_CD,COND_DESCR,OPER_TELR_NO,OPER_DT,OPER_RSN,CMPR_VAL_DATA_DICTRY_FLG,PUB_DICTRY_FLG,DICTRY_DESCR) VALUES

("CI90001","shifdl","==","1","","","00101002","是否代理","900001","2019-08-12","批量新增","1","0","是否代理"),
("CI90002","shifdl","==","0","","","00101002","是否代理","900001","2019-08-12","批量新增","1","0","是否代理"),
("CI90002","yifbxhj",">=","50000","","","00101002","应付本息合计","900001","2019-08-12","批量新增","1","0","应付本息合计"),
("CI90003","shifdl","==","0","","","00101002","是否代理","900001","2019-08-12","批量新增","1","0","是否代理"),
("CI90003","shiftqzq","==","1","","","00101002","提前支取","900001","2019-08-12","批量新增","1","0","提前支取"),
("CI90004","shifdl","==","0","","","00101002","是否代理","900001","2019-08-12","批量新增","1","0","是否代理"),
("CI90004","zqfsIDCard","==","1","","","00101002","支取方式含凭证件","900001","2019-08-12","批量新增","1","0","支取方式含凭证件"),
("CI90004","acctType","==","B","","","00101002","账户类型","900001","2019-08-12","批量新增","1","0","账户类型"),
("CI90005","shifdl","==","0","","","00101002","是否代理","900001","2019-08-12","批量新增","1","0","是否代理"),
("CI90005","acctType","==","A","","","00101002","账户类型","900001","2019-08-12","批量新增","1","0","账户类型"),
("CI90006","shifdl","==","0","","","00101002","是否代理","900001","2019-08-12","批量新增","1","0","是否代理"),
("CI90006","citbz","==","0","","","00101002","磁条标志（第二个）","900001","2019-08-12","批量新增","1","0","磁条标志（第二个）"),
("CI90006","yifbxhj",">=","10000","","","00101002","应付本息合计","900001","2019-08-12","批量新增","1","0","应付本息合计"),
("CI90012","pubPrivFlgCd","==","1","","","00201014","公私标志","900001","2019-08-12","批量新增","1","0","公私标志"),
("CI90013","operaFlg","==","1","","","00201011","操作标志","900001","2019-08-12","批量新增","1","0","操作标志"),
("CI90014","operaFlg","==","2","","","00201011","操作标志","900001","2019-08-12","批量新增","1","0","操作标志"),
("CI90015","operaFlg","==","3","","","00201011","操作标志","900001","2019-08-12","批量新增","1","0","操作标志"),
("CI90018","CUST_TYP","==","1","","","00201022","客户类型","900001","2019-08-12","批量新增","1","0","客户类型"),
("CI90019","CUST_TYP","==","0","","","00201022","客户类型","900001","2019-08-12","批量新增","1","0","客户类型"),
("CI90020","pageOperFlgCd","==","1","","","00201009","操作标志","900001","2019-08-12","批量新增","1","0","操作标志"),
("CI90021","pageOperFlgCd","==","2","","","00201009","操作标志","900001","2019-08-12","批量新增","1","0","操作标志"),
("CI90022","pageOperFlgCd","==","3","","","00201009","操作标志","900001","2019-08-12","批量新增","1","0","操作标志"),
("CI90025","totlAmt",">=","50000","","","00502306","交易金额","900001","2019-08-12","批量新增","1","0","交易金额"),
("CI90025","custType","==","0","","","00502306","客户类型","900001","2019-08-12","批量新增","1","0","客户类型"),
("CI90025","acctDrawManrCd","in","00100000,01100000,10100000,11100000","","","00502306","支取方式","900001","2019-08-12","批量新增","1","0","支取方式"),
("CI90026","custType","==","0","","","00502008","客户类型","900001","2019-08-12","批量新增","1","0","客户类型"),
("CI90051","custType","==","0","","","00503002","客户类型","900001","2019-08-12","批量新增","1","0","客户类型"),
("CI90052","custType","==","0","","","00503012_1","客户类型","900001","2019-08-12","批量新增","1","0","客户类型"),
("CI90053","CRTF_TYP_CD","==","0","","","00401020","经办人证件类型","900001","2019-08-12","批量新增","1","0","经办人证件类型"),
("CI90054","totlAmt",">=","50000","","","00502202","交易金额","900001","2019-08-12","批量新增","1","0","交易金额"),
("CI90055","CUST_TYP_CD","==","0","","","00502202","客户类型","900001","2019-08-12","批量新增","1","0","客户类型"),
("CI90056","aprptAmt",">=","50000","","","00502203","交易金额","900001","2019-08-12","批量新增","1","0","交易金额"),
("CI90057","openAcctAmt",">=","50000","","","00502204","交易金额","900001","2019-08-12","批量新增","1","0","交易金额"),
("CI90058","bal",">=","50000","","","00502205","交易金额","900001","2019-08-12","批量新增","1","0","交易金额"),
("CI90059","totlAmt",">=","50000","","","00502102","交易金额","900001","2019-08-12","批量新增","1","0","交易金额"),
("CI90060","CUST_TYP_CD","==","0","","","00502102","客户类型","900001","2019-08-12","批量新增","1","0","客户类型"),
("CI90061","wthmnyTotlAmt",">=","50000","","","00502104","交易金额","900001","2019-08-12","批量新增","1","0","交易金额"),
("CI90062","CUST_TYP_CD","==","0","","","00502104","客户类型","900001","2019-08-12","批量新增","1","0","客户类型"),
("CI90063","custType","==","0","","","00501001","客户类型","900001","2019-08-12","批量新增","1","0","客户类型"),
("CI90064","custType","==","0","","","00501002","客户类型","900001","2019-08-12","批量新增","1","0","客户类型"),
("CI90065","custType","==","0","","","00501002","客户类型","900001","2019-08-12","批量新增","1","0","客户类型"),
("CI90066","custType","==","0","","","00501002","客户类型","900001","2019-08-12","批量新增","1","0","客户类型"),
("CI90067","custType","==","0","","","00502002","客户类型","900001","2019-08-12","批量新增","1","0","客户类型"),
("CI90068","custType","==","0","","","00502004","客户类型","900001","2019-08-12","批量新增","1","0","客户类型"),
("CI90069","custType","==","0","","","00502006","客户类型","900001","2019-08-12","批量新增","1","0","客户类型"),
("CI90070","custType","==","0","","","00502010","客户类型","900001","2019-08-12","批量新增","1","0","客户类型"),
("CI90071","custType","==","0","","","00502012","客户类型","900001","2019-08-12","批量新增","1","0","客户类型"),
("CI90072","amtSource","==","5","","","00302017","资金来源","900001","2019-08-12","批量新增","1","0","资金来源"),
("CI90073","Payr_Acct_Typ","!=","0","","","00302017","客户类型","900001","2019-08-12","批量新增","1","0","客户类型"),
("CI90073","amtSource","==","1","","","00302017","资金来源","900001","2019-08-12","批量新增","1","0","资金来源"),
("CI90073","remitAmount",">=","50000","","","00302017","交易金额","900001","2019-08-12","批量新增","1","0","交易金额"),
("CI90073","isAgency","==","0","","","00302017","是否代理","900001","2019-08-12","批量新增","1","0","是否代理"),
("CI90074","Payr_Acct_Typ","!=","0","","","00302017","客户类型","900001","2019-08-12","批量新增","1","0","客户类型"),
("CI90074","amtSource","!=","1","","","00302017","资金来源","900001","2019-08-12","批量新增","1","0","资金来源"),
("CI90074","remitAmount",">=","50000","","","00302017","资金来源","900001","2019-08-12","批量新增","1","0","资金来源"),
("CI90075","agenFlg","==","1","","","00301016","是否代理","900001","2019-08-12","批量新增","1","0","是否代理"),
("CI90076","agenFlg","==","0","","","00301016","是否代理","900001","2019-08-12","批量新增","1","0","是否代理"),
("CI90077","txAmt",">=","50000","","","00301016","交易金额","900001","2019-08-12","批量新增","1","0","交易金额"),
("CI90078","custType","==","0","","","00301016","客户类型","900001","2019-08-12","批量新增","1","0","客户类型"),
("CI90081","JOINT_MGMT_ACCT_FLG","==","1","","","00201021","共管账户标志","900001","2019-08-12","批量新增","1","0","共管账户标志"),
("CI90081","sameName","==","1","","","00201021","联名人等于户名","900001","2019-08-12","批量新增","1","0","联名人等于户名"),
("CI90082","CUST_TYP","!=","0","","","00201021","客户类型","900001","2019-08-12","批量新增","1","0","客户类型"),
("CI90083","CUST_TYP","==","0","","","00201021","客户类型","900001","2019-08-12","批量新增","1","0","客户类型"),
("CI90084","JOINT_MGMT_ACCT_FLG","==","1","","","00201021","共管账户标志","900001","2019-08-12","批量新增","1","0","共管账户标志"),
("CI90084","sameName","!=","1","","","00201021","联名人等于户名","900001","2019-08-12","批量新增","1","0","联名人等于户名"),
("CI90085","JOINT_MGMT_ACCT_FLG","==","0","","","00201021","共管账户标志","900001","2019-08-12","批量新增","1","0","共管账户标志"),
("CI90086","agencyFlag","==","1","","","00302022","是否代理","900001","2019-08-12","批量新增","1","0","是否代理"),
("CI90087","agencyFlag","==","0","","","00302022","是否代理","900001","2019-08-12","批量新增","1","0","是否代理"),
("CI90087","partAmt",">=","50000","","","00302022","交易金额","900001","2019-08-12","批量新增","1","0","交易金额"),
("CI90087","csttype","==","0","","","00302022","客户类型","900001","2019-08-12","批量新增","1","0","客户类型"),
("CI90088","csttype","in","1,2","","","00302002","客户类型","900001","2019-08-12","批量新增","1","0","客户类型"),
("CI90088","txAmt",">=","50000","","","00302002","交易金额","900001","2019-08-12","批量新增","1","0","交易金额"),
("CI90089","custType","in","1,2","","","00302004","客户类型","900001","2019-08-12","批量新增","1","0","客户类型"),
("CI90089","txAmt",">=","50000","","","00302004","交易金额","900001","2019-08-12","批量新增","1","0","交易金额"),
("CI90090","custType","in","1,2","","","00301005","客户类型","900001","2019-08-12","批量新增","1","0","客户类型"),
("CI90090","txAmt",">=","50000","","","00301005","交易金额","900001","2019-08-12","批量新增","1","0","交易金额"),
("CI90091","isAgency","==","1","","","00305006","是否代理","900001","2019-08-12","批量新增","1","0","是否代理"),
("CI90092","isAgency","==","0","","","00305006","是否代理","900001","2019-08-12","批量新增","1","0","是否代理"),
("CI90092","transAm",">=","50000","","","00305006","交易金额","900001","2019-08-12","批量新增","1","0","交易金额"),
("CI90092","custType","==","0","","","00305006","客户类型","900001","2019-08-12","批量新增","1","0","客户类型"),
("CI90093","paymentMth","in","00100000,01100000,10100000,11100000","","","00305006","支取方式","900001","2019-08-12","批量新增","1","0","支取方式"),
("CI90093","custType","==","0","","","00305006","客户类型","900001","2019-08-12","批量新增","1","0","客户类型"),
("CI90094","custType","==","0","","","00303006","客户类型","900001","2019-08-12","批量新增","1","0","客户类型"),
("CI90094","transAm",">=","50000","","","00303006","交易金额","900001","2019-08-12","批量新增","1","0","交易金额"),
("CI90095","isAgency","==","1","","","00303007","是否代理","900001","2019-08-12","批量新增","1","0","是否代理"),
("CI90096","isAgency","==","0","","","00303007","是否代理","900001","2019-08-12","批量新增","1","0","是否代理"),
("CI90096","allAmt",">=","50000","","","00303007","交易总金额","900001","2019-08-12","批量新增","1","0","交易总金额"),
("CI90096","custType","==","0","","","00303007","客户类型","900001","2019-08-12","批量新增","1","0","客户类型"),
("CI90097","paymentMth","in","00100000,01100000,10100000,11100000","","","00303007","支取方式","900001","2019-08-12","批量新增","1","0","支取方式"),
("CI90097","custType","==","0","","","00303007","客户类型","900001","2019-08-12","批量新增","1","0","客户类型"),
("CI90098","where","==","1","","","00302008","是否代理","900001","2019-08-12","批量新增","1","0","是否代理"),
("CI90099","where","==","0","","","00302008","是否代理","900001","2019-08-12","批量新增","1","0","是否代理"),
("CI90099","txAmt",">=","50000","","","00302008","交易金额","900001","2019-08-12","批量新增","1","0","交易金额"),
("CI90099","csttype","==","","","","00302008","客户类型","900001","2019-08-12","批量新增","1","0","客户类型"),
("CI90100","csttype","in","1,2","","","00302008","客户类型","900001","2019-08-12","批量新增","1","0","客户类型"),
("CI90100","txAmt",">=","50000","","","00302008","交易金额","900001","2019-08-12","批量新增","1","0","交易金额"),
("CI90101","mode","in","00100000,01100000,10100000,11100000","","","00302008","支取方式","900001","2019-08-12","批量新增","1","0","支取方式"),
("CI90101","csttype","==","","","","00302008","客户类型","900001","2019-08-12","批量新增","1","0","客户类型"),
("CI90102","csttype","in","1,2","","","00302009","客户类型","900001","2019-08-12","批量新增","1","0","客户类型"),
("CI90102","txAmt",">=","50000","","","00302009","交易金额","900001","2019-08-12","批量新增","1","0","交易金额"),
("CI90103","where1","==","1","","","00302010","是否代理","900001","2019-08-12","批量新增","1","0","是否代理"),
("CI90104","where1","==","0","","","00302010","是否代理","900001","2019-08-12","批量新增","1","0","是否代理"),
("CI90104","txAmt",">=","50000","","","00302010","交易金额","900001","2019-08-12","批量新增","1","0","交易金额"),
("CI90104","csttype","==","","","","00302010","客户类型","900001","2019-08-12","批量新增","1","0","客户类型"),
("CI90105","csttype","in","1,2","","","00302010","客户类型","900001","2019-08-12","批量新增","1","0","客户类型"),
("CI90105","txAmt",">=","50000","","","00302010","交易金额","900001","2019-08-12","批量新增","1","0","交易金额"),
("CI90106","AGEN_FLG","==","1","","","00303005","是否代理","900001","2019-08-12","批量新增","1","0","是否代理"),
("CI90107","AGEN_FLG","==","0","","","00303005","是否代理","900001","2019-08-12","批量新增","1","0","是否代理"),
("CI90107","tran_amt",">=","50000","","","00303005","交易金额","900001","2019-08-12","批量新增","1","0","交易金额"),
("CI90107","custTypCd","==","0","","","00303005","客户类型","900001","2019-08-12","批量新增","1","0","客户类型"),
("CI90108","paymentMth","in","00100000,01100000,10100000,11100000","","","00303005","支取方式","900001","2019-08-12","批量新增","1","0","支取方式"),
("CI90109","custTypCd","==","1","","","00303005","客户类型","900001","2019-08-12","批量新增","1","0","客户类型"),
("CI90109","Cap_Src","==","1","","","00303005","资金来源","900001","2019-08-12","批量新增","1","0","资金来源"),
("CI90109","tran_amt",">=","50000","","","00303005","交易金额","900001","2019-08-12","批量新增","1","0","交易金额"),
("CI90109","AGEN_FLG","==","0","","","00303005","是否代理","900001","2019-08-12","批量新增","1","0","是否代理"),
("CI90110","dtlSumAmt",">=","50000","","","00305013","交易金额","900001","2019-08-12","批量新增","1","0","交易金额"),
("CI90110","fundSourceCd","in","2,3","","","00305013","内部账","900001","2019-08-12","批量新增","1","0","内部账"),
("CI90111","cstmType","in","1,2","","","00306004","客户类型","900001","2019-08-12","批量新增","1","0","客户类型"),
("CI90112","isAgency","==","1","","","00306004","是否代理","900001","2019-08-12","批量新增","1","0","是否代理"),
("CI90113","paymentMth","in","00100000,01100000,10100000,11100000","","","00306004","支取方式","900001","2019-08-12","批量新增","1","0","支取方式"),
("CI90113","cstmType","==","0","","","00306004","客户类型","900001","2019-08-12","批量新增","1","0","客户类型"),
("CI90114","CUST_TYP","==","1","","","00306005","客户类型","900001","2019-08-12","批量新增","1","0","客户类型"),
("CI90115","CUST_TYP","==","0","","","00306005","客户类型","900001","2019-08-12","批量新增","1","0","客户类型"),
("CI90116","custTypCdOut","in","1,2","","","00306006","客户类型","900001","2019-08-12","批量新增","1","0","客户类型"),
("CI90116","custTypCdOut","==","0","","","00306006","客户类型","900001","2019-08-12","批量新增","1","0","客户类型"),
("CI90117","paymtDlwthManrCd","==","4","","","00303004_1","处理方式","900001","2019-08-12","批量新增","1","0","处理方式"),
("CI90118","paymtDlwthManrCd","==","4","","","00303004_2","处理方式","900001","2019-08-12","批量新增","1","0","处理方式"),
("CI90119","paymtDlwthManrCd","==","4","","","00303004_1","处理方式","900001","2019-08-12","批量新增","1","0","处理方式"),
("CI90119","amount",">=","50000","","","00303004_1","交易金额","900001","2019-08-12","批量新增","1","0","交易金额"),
("CI90120","paymtDlwthManrCd","==","4","","","00303004_2","处理方式","900001","2019-08-12","批量新增","1","0","处理方式"),
("CI90120","amount",">=","50000","","","00303004_2","交易金额","900001","2019-08-12","批量新增","1","0","交易金额"),
("CI90121","x_DE_WA","==","4","","","00303002","处理方式","900001","2019-08-12","批量新增","1","0","处理方式"),
("CI90122","TX_Amt",">=","50000","","","00302014","交易金额","900001","2019-08-12","批量新增","1","0","交易金额"),
("CI90122","custType","==","0","","","00302014","客户类型","900001","2019-08-12","批量新增","1","0","客户类型"),
("CI90123","Cash_Tran_Ind","==","0","","","00302014","现转标志","900001","2019-08-12","批量新增","1","0","现转标志"),
("CI90123","TX_Amt",">=","10000","","","00302014","交易金额","900001","2019-08-12","批量新增","1","0","交易金额"),
("CI90124","custtyp","!=","0","","","00301007","客户类型","900001","2019-08-12","批量新增","1","0","客户类型"),
("CI90124","txAmt",">=","50000","","","00301007","交易金额","900001","2019-08-12","批量新增","1","0","交易金额"),
("CI90124","proxy","==","1","","","00301007","是否代理","900001","2019-08-12","批量新增","1","0","是否代理"),
("CI90125","drawType","in","00100000,01100000,10100000,11100000","","","00301007","支取方式","900001","2019-08-12","批量新增","1","0","支取方式"),
("CI90125","custtyp","==","0","","","00301007","客户类型","900001","2019-08-12","批量新增","1","0","客户类型"),
("CI90125","custtyp","!=","0","","","00301007","客户类型","900001","2019-08-12","批量新增","1","0","客户类型"),
("CI90125","txAmt",">=","50000","","","00301007","交易金额","900001","2019-08-12","批量新增","1","0","交易金额"),
("CI90126","proxy","==","1","","","00301007","是否代理","900001","2019-08-12","批量新增","1","0","是否代理"),
("CI90126","drawType","in","00100000,01100000,10100000,11100000","","","00301007","支取方式","900001","2019-08-12","批量新增","1","0","支取方式"),
("CI90126","custtyp","==","0","","","00301007","客户类型","900001","2019-08-12","批量新增","1","0","客户类型"),
("CI90127","Cap_Src","==","1","","","00302016","资金来源","900001","2019-08-12","批量新增","1","0","资金来源"),
("CI90127","isAgency","==","0","","","00302016","是否代理","900001","2019-08-12","批量新增","1","0","是否代理"),
("CI90127","TX_Amt",">=","50000","","","00302016","交易金额","900001","2019-08-12","批量新增","1","0","交易金额"),
("CI90127","custtypcd","!=","0","","","00302016","客户类型","900001","2019-08-12","批量新增","1","0","客户类型"),
("CI90128","custtypcd","!=","0","","","00302016","客户类型","900001","2019-08-12","批量新增","1","0","客户类型"),
("CI90128","Cap_Src","!=","1","","","00302016","资金来源","900001","2019-08-12","批量新增","1","0","资金来源"),
("CI90128","TX_Amt",">=","50000","","","00302016","交易金额","900001","2019-08-12","批量新增","1","0","交易金额"),
("CI90129","handType","==","04","","","00303003_2","处理方式","900001","2019-08-12","批量新增","1","0","处理方式"),
("CI90130","where","==","1","","","00302006","是否代理","900001","2019-08-12","批量新增","1","0","是否代理"),
("CI90131","where","==","0","","","00302006","是否代理","900001","2019-08-12","批量新增","1","0","是否代理"),
("CI90131","txAmt",">=","50000","","","00302006","交易金额","900001","2019-08-12","批量新增","1","0","交易金额"),
("CI90131","csttype","==","0","","","00302006","客户类型","900001","2019-08-12","批量新增","1","0","客户类型"),
("CI90132","mode","in","00100000,01100000,10100000,11100000","","","00302006","支取方式","900001","2019-08-12","批量新增","1","0","支取方式"),
("CI90132","csttype","==","0","","","00302006","客户类型","900001","2019-08-12","批量新增","1","0","客户类型"),
("CI90133","proxy","==","1","","","00302019","是否代理","900001","2019-08-12","批量新增","1","0","是否代理"),
("CI90134","proxy","==","0","","","00302019","是否代理","900001","2019-08-12","批量新增","1","0","是否代理"),
("CI90134","txAmt",">=","50000","","","00302019","交易金额","900001","2019-08-12","批量新增","1","0","交易金额"),
("CI90134","cust_type","==","0","","","00302019","客户类型","900001","2019-08-12","批量新增","1","0","客户类型"),
("CI90135","cust_type","in","1,2","","","00302019","客户类型","900001","2019-08-12","批量新增","1","0","客户类型"),
("CI90135","txAmt",">=","50000","","","00302019","交易金额","900001","2019-08-12","批量新增","1","0","交易金额"),
("CI90136","mode","in","00100000,01100000,10100000,11100000","","","00302019","支取方式","900001","2019-08-12","批量新增","1","0","支取方式"),
("CI90136","cust_type","==","0","","","00302019","客户类型","900001","2019-08-12","批量新增","1","0","客户类型"),
("CI90137","cust_type","==","0","","","00302019","客户类型","900001","2019-08-12","批量新增","1","0","客户类型"),
("CI90138","proxy","==","1","","","00302007","是否代理","900001","2019-08-12","批量新增","1","0","是否代理"),
("CI90139","proxy","==","0","","","00302007","是否代理","900001","2019-08-12","批量新增","1","0","是否代理"),
("CI90139","txAmt",">=","50000","","","00302007","交易金额","900001","2019-08-12","批量新增","1","0","交易金额"),
("CI90139","cust_type","==","0","","","00302007","客户类型","900001","2019-08-12","批量新增","1","0","客户类型"),
("CI90140","csttype","in","1,2","","","00302021","客户类型","900001","2019-08-12","批量新增","1","0","客户类型"),
("CI90140","partAmt",">=","50000","","","00302021","交易金额","900001","2019-08-12","批量新增","1","0","交易金额"),
("CI90141","proxy","==","1","","","00302011","是否代理","900001","2019-08-12","批量新增","1","0","是否代理"),
("CI90142","proxy","==","0","","","00302011","是否代理","900001","2019-08-12","批量新增","1","0","是否代理"),
("CI90142","txAmt",">=","50000","","","00302011","交易金额","900001","2019-08-12","批量新增","1","0","交易金额"),
("CI90142","custTypeCd","==","0","","","00302011","客户类型","900001","2019-08-12","批量新增","1","0","客户类型"),
("CI90143","custTypeCd","in","1,2","","","00302011","客户类型","900001","2019-08-12","批量新增","1","0","客户类型"),
("CI90143","txAmt",">=","50000","","","00302011","交易金额","900001","2019-08-12","批量新增","1","0","交易金额"),
("CI90144","drawType","in","00100000,01100000,10100000,11100000","","","00302011","支取方式","900001","2019-08-12","批量新增","1","0","支取方式"),
("CI90144","custTypeCd","==","0","","","00302011","客户类型","900001","2019-08-12","批量新增","1","0","客户类型"),
("CI90145","proxy","==","1","","","00302018","是否代理","900001","2019-08-12","批量新增","1","0","是否代理"),
("CI90146","proxy","==","0","","","00302018","是否代理","900001","2019-08-12","批量新增","1","0","是否代理"),
("CI90146","txAmt",">=","50000","","","00302018","交易金额","900001","2019-08-12","批量新增","1","0","交易金额"),
("CI90146","cust_type","==","0","","","00302018","客户类型","900001","2019-08-12","批量新增","1","0","客户类型"),
("CI90147","cust_type","in","1,2","","","00302018","客户类型","900001","2019-08-12","批量新增","1","0","客户类型"),
("CI90147","txAmt",">=","50000","","","00302018","交易金额","900001","2019-08-12","批量新增","1","0","交易金额"),
("CI90148","mode","in","00100000,01100000,10100000,11100000","","","00302018","支取方式","900001","2019-08-12","批量新增","1","0","支取方式"),
("CI90148","cust_type","==","0","","","00302018","客户类型","900001","2019-08-12","批量新增","1","0","客户类型"),
("CI90149","cust_type","==","0","","","00302018","客户类型","900001","2019-08-12","批量新增","1","0","客户类型"),
("CI90150","proxy","==","1","","","00302005","是否代理","900001","2019-08-12","批量新增","1","0","是否代理"),
("CI90151","proxy","==","0","","","00302005","是否代理","900001","2019-08-12","批量新增","1","0","是否代理"),
("CI90151","txAmt",">=","50000","","","00302005","交易金额","900001","2019-08-12","批量新增","1","0","交易金额"),
("CI90151","cust_type","==","0","","","00302005","客户类型","900001","2019-08-12","批量新增","1","0","客户类型"),
("CI90152","mode","in","00100000,01100000,10100000,11100000","","","00302005","支取方式","900001","2019-08-12","批量新增","1","0","支取方式"),
("CI90152","cust_type","==","0","","","00302005","客户类型","900001","2019-08-12","批量新增","1","0","客户类型"),
("CI90153","cust_type","==","0","","","00302005","客户类型","900001","2019-08-12","批量新增","1","0","客户类型"),
("CI90154","customerType","==","1","","","00201015","客户类型","900001","2019-08-12","批量新增","1","0","客户类型"),
("CI90155","chkStat","==","1","","","00201015","共管账户标志","900001","2019-08-12","批量新增","1","0","共管账户标志"),
("CI90155","jointName","==","custNm","","","00201015","联名人姓名","900001","2019-08-12","批量新增","1","0","联名人姓名"),
("CI90156","chkStat","==","1","","","00201015","共管账户标志","900001","2019-08-12","批量新增","1","0","共管账户标志"),
("CI90156","jointName","!=","custNm","","","00201015","联名人姓名","900001","2019-08-12","批量新增","1","0","联名人姓名"),
("CI90157","chkStat","==","0","","","00201015","共管账户标志","900001","2019-08-12","批量新增","1","0","共管账户标志"),
("CI90158","customerType","==","0","","","00201015","客户类型","900001","2019-08-12","批量新增","1","0","客户类型"),
("CI90159","pageFileOperTypCd","!=","0","","","00201016","操作类型","900001","2019-08-12","批量新增","1","0","操作类型"),
("CI90159","custTypeCd1","==","0","","","00201016","客户类型","900001","2019-08-12","批量新增","1","0","客户类型"),
("CI90160","pageFileOperTypCd","!=","0","","","00201016","操作类型","900001","2019-08-12","批量新增","1","0","操作类型"),
("CI90160","custTypeCd1","==","1","","","00201016","客户类型","900001","2019-08-12","批量新增","1","0","客户类型"),
("CI90161","pageFileOperTypCd","==","2","","","00201016","操作类型","900001","2019-08-12","批量新增","1","0","操作类型"),
("CI90162","custTypeCdBankBook","!=","0","","","00201016","客户类型","900001","2019-08-12","批量新增","1","0","客户类型"),
("CI90163","acctDrawManrCd3","in","00100000,01100000,10100000,11100000","","","00201016","支取方式","900001","2019-08-12","批量新增","1","0","支取方式"),
("CI90163","custTypeCdBankBook","==","0","","","00201016","客户类型","900001","2019-08-12","批量新增","1","0","客户类型"),
("CI90164","agenFlg","==","0","","","00101007","是否代理","900001","2019-08-12","批量新增","1","0","是否代理"),
("CI90164","pyblPrncpintTotAmt",">=","50000","","","00101007","本息合计","900001","2019-08-12","批量新增","1","0","本息合计"),
("CI90165","acctDrawManrCd","in","00100000,01100000,10100000,11100000","","","00101007","支取方式","900001","2019-08-12","批量新增","1","0","支取方式"),
("CI90166","agenFlg","==","0","","","00101007","是否代理","900001","2019-08-12","批量新增","1","0","是否代理"),
("CI90166","pageRdcrdOperFlgCd1","==","0","","","00101007","磁条标志","900001","2019-08-12","批量新增","1","0","磁条标志"),
("CI90166","pyblPrncpintTotAmt",">=","10000","","","00101007","本息合计","900001","2019-08-12","批量新增","1","0","本息合计"),
("CI90167","AGEN_FLG","==","1","","","00201005","是否代理","900001","2019-08-12","批量新增","1","0","是否代理"),
("CI90168","PUB_PRIV_FLG_CD","==","1","","","00201005","公私标志","900001","2019-08-12","批量新增","1","0","公私标志"),
("CI90169","AGEN_FLG","==","0","","","00201005","是否代理","900001","2019-08-12","批量新增","1","0","是否代理"),
("CI90170","CUST_TYP_CD","==","0","","","00201005","客户类型","900001","2019-08-12","批量新增","1","0","客户类型"),
("CI90171","CUST_TYP_CD","!=","0","","","00201005","客户类型","900001","2019-08-12","批量新增","1","0","客户类型"),
("CI90172","custType","==","0","","","00201002","客户类型","900001","2019-08-12","批量新增","1","0","客户类型"),
("CI90173","custType","!=","0","","","00201002","客户类型","900001","2019-08-12","批量新增","1","0","客户类型"),
("CI90174","txAmt",">","0","","","00301012","交易金额","900001","2019-08-12","批量新增","1","0","交易金额"),
("CI90174","pageRdcrdOperFlgCd","==","0","","","00301012","磁条标志","900001","2019-08-12","批量新增","1","0","磁条标志"),
("CI90174","pasbNum","empty","NULL","","","00301012","存折号码","900001","2019-08-12","批量新增","1","0","存折号码"),
("CI90175","custtyp","!=","0","","","00301012","客户类型","900001","2019-08-12","批量新增","1","0","客户类型"),
("CI90175","txAmt",">=","50000","","","00301012","交易金额","900001","2019-08-12","批量新增","1","0","交易金额"),
("CI90176","custtyp","==","0","","","00301012","客户类型","900001","2019-08-12","批量新增","1","0","客户类型"),
("CI90176","txAmt",">=","50000","","","00301012","交易金额","900001","2019-08-12","批量新增","1","0","交易金额"),
("CI90177","txAmt",">","0","","","00301004","交易金额","900001","2019-08-12","批量新增","1","0","交易金额"),
("CI90177","flag","==","0","","","00301004","磁条标志","900001","2019-08-12","批量新增","1","0","磁条标志"),
("CI90177","strDepbokNo","empty","NULL","","","00301004","存折号码","900001","2019-08-12","批量新增","1","0","存折号码"),
("CI90178","csttype","==","0","","","00301004","客户类型","900001","2019-08-12","批量新增","1","0","客户类型"),
("CI90178","txAmt",">=","50000","","","00301004","交易金额","900001","2019-08-12","批量新增","1","0","交易金额"),
("CI90179","txAmt",">","0","","","00301011","交易金额","900001","2019-08-12","批量新增","1","0","交易金额"),
("CI90179","pageRdcrdOperFlgCd","==","0","","","00301011","磁条标志","900001","2019-08-12","批量新增","1","0","磁条标志"),
("CI90179","strDepbokNo","empty","NULL","","","00301011","存折号码","900001","2019-08-12","批量新增","1","0","存折号码"),
("CI90180","cust_type","!=","0","","","00301011","客户类型","900001","2019-08-12","批量新增","1","0","客户类型"),
("CI90180","txAmt",">=","50000","","","00301011","交易金额","900001","2019-08-12","批量新增","1","0","交易金额"),
("CI90181","txAmt",">","0","","","00301010","交易金额","900001","2019-08-12","批量新增","1","0","交易金额"),
("CI90181","pageRdcrdOperFlgCd","==","0","","","00301010","磁条标志","900001","2019-08-12","批量新增","1","0","磁条标志"),
("CI90181","strDepbokNo","empty","NULL","","","00301010","存折号码","900001","2019-08-12","批量新增","1","0","存折号码"),
("CI90182","cust_type","==","0","","","00301010","客户类型","900001","2019-08-12","批量新增","1","0","客户类型"),
("CI90182","txAmt",">=","50000","","","00301010","交易金额","900001","2019-08-12","批量新增","1","0","交易金额"),
("CI90183","txAmt",">","0","","","00301003","交易金额","900001","2019-08-12","批量新增","1","0","交易金额"),
("CI90183","pageRdcrdOperFlgCd","==","0","","","00301003","磁条标志","900001","2019-08-12","批量新增","1","0","磁条标志"),
("CI90183","strDepbokNo","empty","NULL","","","00301003","存折号码","900001","2019-08-12","批量新增","1","0","存折号码"),
("CI90184","CUST_TYP_CD","==","0","","","00301003","客户类型","900001","2019-08-12","批量新增","1","0","客户类型"),
("CI90184","txAmt",">=","50000","","","00301003","交易金额","900001","2019-08-12","批量新增","1","0","交易金额"),
("CI90185","CUST_TYP_CD","!=","0","","","00301009","客户类型","900001","2019-08-12","批量新增","1","0","客户类型"),
("CI90185","txAmt",">=","50000","","","00301009","交易金额","900001","2019-08-12","批量新增","1","0","交易金额"),
("CI90186","totalTxAmt1",">","0","","","00301013","交易金额","900001","2019-08-12","批量新增","1","0","交易金额"),
("CI90186","pageRdcrdOperFlgCd","==","0","","","00301013","磁条标志","900001","2019-08-12","批量新增","1","0","磁条标志"),
("CI90186","strDepbokNo","empty","NULL","","","00301013","存折号码","900001","2019-08-12","批量新增","1","0","存折号码"),
("CI90187","csttype","!=","0","","","00301013","客户类型","900001","2019-08-12","批量新增","1","0","客户类型"),
("CI90187","totalTxAmt1",">=","50000","","","00301013","交易金额","900001","2019-08-12","批量新增","1","0","交易金额"),
("CI90188","csttype","==","0","","","00301013","客户类型","900001","2019-08-12","批量新增","1","0","客户类型"),
("CI90188","totalTxAmt1",">=","50000","","","00301013","交易金额","900001","2019-08-12","批量新增","1","0","交易金额"),
("CI90189","where","==","1","","","00301006","是否代理","900001","2019-08-12","批量新增","1","0","是否代理"),
("CI90190","where","==","0","","","00301006","是否代理","900001","2019-08-12","批量新增","1","0","是否代理"),
("CI90190","txAmt",">=","50000","","","00301006","交易金额","900001","2019-08-12","批量新增","1","0","交易金额"),
("CI90190","csttype","==","","","","00301006","客户类型","900001","2019-08-12","批量新增","1","0","客户类型"),
("CI90191","proxy","==","1","","","00301014","是否代理","900001","2019-08-12","批量新增","1","0","是否代理"),
("CI90192","proxy","==","0","","","00301014","是否代理","900001","2019-08-12","批量新增","1","0","是否代理"),
("CI90192","txAmt",">=","50000","","","00301014","交易金额","900001","2019-08-12","批量新增","1","0","交易金额"),
("CI90192","cust_type","==","","","","00301014","客户类型","900001","2019-08-12","批量新增","1","0","客户类型"),
("CI90193","mode","in","00100000,01100000,10100000,11100000","","","00301014","支取方式","900001","2019-08-12","批量新增","1","0","支取方式"),
("CI90193","cust_type","==","0","","","00301014","客户类型","900001","2019-08-12","批量新增","1","0","客户类型"),
("CI90194","cust_type","==","0","","","00301014","客户类型","900001","2019-08-12","批量新增","1","0","客户类型"),
("CI90195","proxy","==","1","","","00302013","是否代理","900001","2019-08-12","批量新增","1","0","是否代理"),
("CI90196","proxy","==","0","","","00302013","是否代理","900001","2019-08-12","批量新增","1","0","是否代理"),
("CI90196","partyAmt",">=","50000","","","00302013","交易金额","900001","2019-08-12","批量新增","1","0","交易金额"),
("CI90196","cust_type","==","","","","00302013","客户类型","900001","2019-08-12","批量新增","1","0","客户类型"),
("CI90197","mode","in","00100000,01100000,10100000,11100000","","","00302013","支取方式","900001","2019-08-12","批量新增","1","0","支取方式"),
("CI90197","cust_type","==","0","","","00302013","客户类型","900001","2019-08-12","批量新增","1","0","客户类型"),
("CI90198","cust_type","==","0","","","00302013","客户类型","900001","2019-08-12","批量新增","1","0","客户类型"),
("CI90199","custType","!=","0","","","00301018","客户类型","900001","2019-08-12","批量新增","1","0","客户类型"),
("CI90199","txAmt",">=","50000","","","00301018","交易金额","900001","2019-08-12","批量新增","1","0","交易金额"),
("CI90200","proxy","==","1","","","00301017","是否代理","900001","2019-08-12","批量新增","1","0","是否代理"),
("CI90201","proxy","==","0","","","00301017","是否代理","900001","2019-08-12","批量新增","1","0","是否代理"),
("CI90201","txAmt",">=","50000","","","00301017","交易金额","900001","2019-08-12","批量新增","1","0","交易金额"),
("CI90201","cust_type","==","","","","00301017","客户类型","900001","2019-08-12","批量新增","1","0","客户类型"),
("CI90202","agenFlg","==","1","","","00301016","是否代理","900001","2019-08-12","批量新增","1","0","是否代理"),
("CI90203","agenFlg","==","0","","","00301016","是否代理","900001","2019-08-12","批量新增","1","0","是否代理"),
("CI90204","txAmt",">=","50000","","","00301016","交易金额","900001","2019-08-12","批量新增","1","0","交易金额"),
("CI90205","custType","==","","","","00301016","客户类型","900001","2019-08-12","批量新增","1","0","客户类型"),
("CI90206","agencyFlag","==","1","","","00302003","是否代理","900001","2019-08-12","批量新增","1","0","是否代理"),
("CI90207","agencyFlag","==","0","","","00302003","是否代理","900001","2019-08-12","批量新增","1","0","是否代理"),
("CI90207","partAmt",">=","50000","","","00302003","交易金额","900001","2019-08-12","批量新增","1","0","交易金额"),
("CI90207","csttype","==","","","","00302003","客户类型","900001","2019-08-12","批量新增","1","0","客户类型"),
("CI90208","custType","!=","0","","","00301002","客户类型","900001","2019-08-12","批量新增","1","0","客户类型"),
("CI90208","txAmt",">=","50000","","","00301002","交易金额","900001","2019-08-12","批量新增","1","0","交易金额"),
("CI90209","proxy","==","1","","","00302020","是否代理","900001","2019-08-12","批量新增","1","0","是否代理"),
("CI90210","proxy","==","0","","","00302020","是否代理","900001","2019-08-12","批量新增","1","0","是否代理"),
("CI90210","txAmt",">=","50000","","","00302020","交易金额","900001","2019-08-12","批量新增","1","0","交易金额"),
("CI90210","cust_type","==","","","","00302020","客户类型","900001","2019-08-12","批量新增","1","0","客户类型"),
("CI90211","mode","in","00100000,01100000,10100000,11100000","","","00302020","支取方式","900001","2019-08-12","批量新增","1","0","支取方式"),
("CI90211","cust_type","==","0","","","00302020","客户类型","900001","2019-08-12","批量新增","1","0","客户类型"),
("CI90212","cust_type","==","0","","","00302020","客户类型","900001","2019-08-12","批量新增","1","0","客户类型"),
("CI90213","proxy","==","1","","","00301015","是否代理","900001","2019-08-12","批量新增","1","0","是否代理"),
("CI90214","proxy","==","0","","","00301015","是否代理","900001","2019-08-12","批量新增","1","0","是否代理"),
("CI90214","txAmt",">=","50000","","","00301015","交易金额","900001","2019-08-12","批量新增","1","0","交易金额"),
("CI90214","cust_type","==","","","","00301015","客户类型","900001","2019-08-12","批量新增","1","0","客户类型"),
("CI90215","cust_type","!=","0","","","00301015","客户类型","900001","2019-08-12","批量新增","1","0","客户类型"),
("CI90215","txAmt",">=","50000","","","00301015","交易金额","900001","2019-08-12","批量新增","1","0","交易金额"),
("CI90216","custType","==","0","","","00502301","客户类型","900001","2019-08-12","批量新增","1","0","客户类型"),
("CI90221","totlAmt",">=","50000","","","00502307","交易金额","900001","2019-08-12","批量新增","1","0","交易金额"),
("CI90221","custType","==","0","","","00502307","客户类型","900001","2019-08-12","批量新增","1","0","客户类型"),
("CI90223","totlAmt",">=","50000","","","00502314_2","交易金额","900001","2019-08-12","批量新增","1","0","交易金额"),
("CI90223","custType","==","0","","","00502314_2","客户类型","900001","2019-08-12","批量新增","1","0","客户类型"),
("CI90223","acctDrawManrCd","in","00100000,01100000,10100000,11100000","","","00502314_2","支取方式","900001","2019-08-12","批量新增","1","0","支取方式"),
("CI90224","totlAmt",">=","50000","","","00502314_3","交易金额","900001","2019-08-12","批量新增","1","0","交易金额"),
("CI90224","custType","==","0","","","00502314_3","客户类型","900001","2019-08-12","批量新增","1","0","客户类型");
-- IB_OM_RULECOND_RLT insert
INSERT INTO IB_OM_RULECOND_RLT (RULE_COND_NO,CMPL_MODE_FLG,OPRTN_RULE_NO) VALUES

("CI90000","0","090000"),
("CI90001","1","090001"),
("CI90002","1","090002"),
("CI90003","1","090003"),
("CI90004","1","090004"),
("CI90005","1","090005"),
("CI90006","1","090006"),
("CI90007","0","090007"),
("CI90008","0","090008"),
("CI90009","0","090009"),
("CI90010","0","090010"),
("CI90011","0","090011"),
("CI90012","0","090012"),
("CI90012","1","090012"),
("CI90013","1","090013"),
("CI90014","1","090014"),
("CI90015","1","090015"),
("CI90016","0","090016"),
("CI90017","0","090017"),
("CI90018","1","090018"),
("CI90019","1","090019"),
("CI90020","1","090020"),
("CI90021","1","090021"),
("CI90022","1","090022"),
("CI90023","0","090023"),
("CI90024","0","090024"),
("CI90025","0","090025"),
("CI90025","1","090025"),
("CI90026","0","090026"),
("CI90026","1","090026"),
("CI90027","0","090027"),
("CI90028","0","090028"),
("CI90029","0","090029"),
("CI90030","0","090030"),
("CI90031","0","090031"),
("CI90032","0","090032"),
("CI90033","0","090033"),
("CI90034","0","090034"),
("CI90035","0","090035"),
("CI90036","0","090036"),
("CI90037","0","090037"),
("CI90038","0","090038"),
("CI90039","0","090039"),
("CI90040","0","090040"),
("CI90041","0","090041"),
("CI90042","0","090042"),
("CI90043","0","090043"),
("CI90044","0","090044"),
("CI90045","0","090045"),
("CI90046","0","090046"),
("CI90047","0","090047"),
("CI90048","0","090048"),
("CI90049","0","090049"),
("CI90050","0","090050"),
("CI90051","1","090051"),
("CI90052","1","090052"),
("CI90053","1","090053"),
("CI90054","1","090054"),
("CI90055","1","090055"),
("CI90056","1","090056"),
("CI90057","1","090057"),
("CI90058","1","090058"),
("CI90059","1","090059"),
("CI90060","1","090060"),
("CI90061","1","090061"),
("CI90062","1","090062"),
("CI90063","1","090063"),
("CI90064","1","090064"),
("CI90065","1","090065"),
("CI90066","1","090066"),
("CI90067","1","090067"),
("CI90068","1","090068"),
("CI90069","1","090069"),
("CI90070","1","090070"),
("CI90071","1","090071"),
("CI90072","1","090072"),
("CI90073","1","090073"),
("CI90074","1","090074"),
("CI90075","1","090075"),
("CI90076","1","090076"),
("CI90077","1","090077"),
("CI90078","1","090078"),
("CI90079","0","090079"),
("CI90080","0","090080"),
("CI90081","1","090081"),
("CI90082","1","090082"),
("CI90083","1","090083"),
("CI90084","1","090084"),
("CI90085","1","090085"),
("CI90086","1","090086"),
("CI90087","1","090087"),
("CI90088","1","090088"),
("CI90089","1","090089"),
("CI90090","1","090090"),
("CI90091","1","090091"),
("CI90092","1","090092"),
("CI90093","1","090093"),
("CI90094","1","090094"),
("CI90095","1","090095"),
("CI90096","1","090096"),
("CI90097","1","090097"),
("CI90098","1","090098"),
("CI90099","1","090099"),
("CI90100","1","090100"),
("CI90101","1","090101"),
("CI90102","1","090102"),
("CI90103","1","090103"),
("CI90104","1","090104"),
("CI90105","1","090105"),
("CI90106","1","090106"),
("CI90107","1","090107"),
("CI90108","1","090108"),
("CI90109","1","090109"),
("CI90110","1","090110"),
("CI90111","1","090111"),
("CI90112","1","090112"),
("CI90113","1","090113"),
("CI90114","1","090114"),
("CI90115","1","090115"),
("CI90116","1","090116"),
("CI90117","1","090117"),
("CI90118","1","090118"),
("CI90119","1","090119"),
("CI90120","1","090120"),
("CI90121","1","090121"),
("CI90122","1","090122"),
("CI90123","1","090123"),
("CI90124","1","090124"),
("CI90125","1","090125"),
("CI90126","1","090126"),
("CI90127","1","090127"),
("CI90128","1","090128"),
("CI90129","1","090129"),
("CI90130","1","090130"),
("CI90131","1","090131"),
("CI90132","1","090132"),
("CI90133","1","090133"),
("CI90134","1","090134"),
("CI90135","1","090135"),
("CI90136","1","090136"),
("CI90137","1","090137"),
("CI90138","1","090138"),
("CI90139","1","090139"),
("CI90140","1","090140"),
("CI90141","1","090141"),
("CI90142","1","090142"),
("CI90143","1","090143"),
("CI90144","1","090144"),
("CI90145","1","090145"),
("CI90146","1","090146"),
("CI90147","1","090147"),
("CI90148","1","090148"),
("CI90149","1","090149"),
("CI90150","1","090150"),
("CI90151","1","090151"),
("CI90152","1","090152"),
("CI90153","1","090153"),
("CI90154","1","090154"),
("CI90155","1","090155"),
("CI90156","1","090156"),
("CI90157","1","090157"),
("CI90158","1","090158"),
("CI90159","1","090159"),
("CI90160","1","090160"),
("CI90161","1","090161"),
("CI90162","1","090162"),
("CI90163","1","090163"),
("CI90164","1","090164"),
("CI90165","1","090165"),
("CI90166","1","090166"),
("CI90167","1","090167"),
("CI90168","1","090168"),
("CI90169","1","090169"),
("CI90170","1","090170"),
("CI90171","1","090171"),
("CI90172","1","090172"),
("CI90173","1","090173"),
("CI90174","1","090174"),
("CI90175","1","090175"),
("CI90176","1","090176"),
("CI90177","1","090177"),
("CI90178","1","090178"),
("CI90179","1","090179"),
("CI90180","1","090180"),
("CI90181","1","090181"),
("CI90182","1","090182"),
("CI90183","1","090183"),
("CI90184","1","090184"),
("CI90185","1","090185"),
("CI90186","1","090186"),
("CI90187","1","090187"),
("CI90188","1","090188"),
("CI90189","1","090189"),
("CI90190","1","090190"),
("CI90191","1","090191"),
("CI90192","1","090192"),
("CI90193","1","090193"),
("CI90194","1","090194"),
("CI90195","1","090195"),
("CI90196","1","090196"),
("CI90197","1","090197"),
("CI90198","1","090198"),
("CI90199","1","090199"),
("CI90200","1","090200"),
("CI90201","1","090201"),
("CI90202","1","090202"),
("CI90203","1","090203"),
("CI90204","1","090204"),
("CI90205","1","090205"),
("CI90206","1","090206"),
("CI90207","1","090207"),
("CI90208","1","090208"),
("CI90209","1","090209"),
("CI90210","1","090210"),
("CI90211","1","090211"),
("CI90212","1","090212"),
("CI90213","1","090213"),
("CI90214","1","090214"),
("CI90215","1","090215"),
("CI90216","1","090216"),
("CI90217","0","090217"),
("CI90218","0","090218"),
("CI90219","0","090219"),
("CI90220","0","090220"),
("CI90221","1","090221"),
("CI90222","0","090222"),
("CI90223","1","090223"),
("CI90224","1","090224");
-- IB_OM_MODE_INFO insert
INSERT INTO IB_OM_MODE_INFO (RULE_MODE_NO,FIELD_SEQ_NO,FIELD_NM,FIELD_DICTRY_NM,RULE_MODE_TYP_CD) VALUES

("CI90000","1","ref","aui-row_1","CI"),
("CI90000","2","NI","1","CI"),
("CI90000","3","FR","1","CI"),
("CI90001","4","ref","input-cstnm","CI"),
("CI90001","5","NI","1","CI"),
("CI90001","6","FR","0","CI"),
("CI90002","7","ref","input-cstnm","CI"),
("CI90002","8","NI","1","CI"),
("CI90002","9","FR","0","CI"),
("CI90003","13","ref","input-cstnm","CI"),
("CI90003","14","NI","1","CI"),
("CI90003","15","FR","0","CI"),
("CI90004","19","ref","input-cstnm","CI"),
("CI90004","20","NI","1","CI"),
("CI90004","21","FR","0","CI"),
("CI90005","28","ref","input-cstnm","CI"),
("CI90005","29","NI","1","CI"),
("CI90005","30","FR","0","CI"),
("CI90006","34","ref","input-cstnm","CI"),
("CI90006","35","NI","1","CI"),
("CI90006","36","FR","0","CI"),
("CI90007","43","ref","custom-input_2","CI"),
("CI90007","44","NI","1","CI"),
("CI90007","45","FR","1","CI"),
("CI90008","46","ref","custom-input-crtfNbr","CI"),
("CI90008","47","NI","1","CI"),
("CI90008","48","FR","1","CI"),
("CI90009","49","ref","custom-input-crtfNbr","CI"),
("CI90009","50","NI","1","CI"),
("CI90009","51","FR","1","CI"),
("CI90010","52","ref","custom-input-custNm","CI"),
("CI90010","53","NI","1","CI"),
("CI90010","54","FR","1","CI"),
("CI90011","55","ref","input-cstnm","CI"),
("CI90011","56","NI","1","CI"),
("CI90011","57","FR","1","CI"),
("CI90012","58","ref","custom-selector-crtfTypCd","CI"),
("CI90012","59","NI","1","CI"),
("CI90012","60","FR","0","CI"),
("CI90013","67","ref","custom-input-acctnm1","CI"),
("CI90013","68","NI","1","CI"),
("CI90013","69","FR","0","CI"),
("CI90014","70","ref","custom-input-acctnm2","CI"),
("CI90014","71","NI","1","CI"),
("CI90014","72","FR","0","CI"),
("CI90015","73","ref","custom-input-targetAcctnm","CI"),
("CI90015","74","NI","1","CI"),
("CI90015","75","FR","0","CI"),
("CI90016","76","ref","custom-input-acctnm1","CI"),
("CI90016","77","NI","1","CI"),
("CI90016","78","FR","0","CI"),
("CI90017","79","ref","custom-input_3","CI"),
("CI90017","80","NI","1","CI"),
("CI90017","81","FR","0","CI"),
("CI90018","82","ref","custom-input_2","CI"),
("CI90018","83","NI","1","CI"),
("CI90018","84","FR","0","CI"),
("CI90019","85","ref","custom-input_2","CI"),
("CI90019","86","NI","1","CI"),
("CI90019","87","FR","0","CI"),
("CI90020","88","ref","custom-input-acctnm","CI"),
("CI90020","89","NI","1","CI"),
("CI90020","90","FR","0","CI"),
("CI90021","91","ref","custom-input-acctnm","CI"),
("CI90021","92","NI","1","CI"),
("CI90021","93","FR","0","CI"),
("CI90022","94","ref","custom-input-acctnm","CI"),
("CI90022","95","NI","1","CI"),
("CI90022","96","FR","0","CI"),
("CI90023","97","ref","customer","CI"),
("CI90023","98","NI","0","CI"),
("CI90023","99","FR","0","CI"),
("CI90024","100","ref","customer","CI"),
("CI90024","101","NI","1","CI"),
("CI90024","102","FR","1","CI"),
("CI90025","103","ref","custom-input-accOther","CI"),
("CI90025","104","NI","0","CI"),
("CI90025","105","FR","0","CI"),
("CI90026","115","ref","customer","CI"),
("CI90026","116","NI","0","CI"),
("CI90026","117","FR","0","CI"),
("CI90027","121","ref","aui-button_query","CI"),
("CI90027","122","NI","1","CI"),
("CI90027","123","FR","0","CI"),
("CI90028","124","ref","aui-button_query","CI"),
("CI90028","125","NI","1","CI"),
("CI90028","126","FR","0","CI"),
("CI90029","127","ref","aui-button_query","CI"),
("CI90029","128","NI","1","CI"),
("CI90029","129","FR","0","CI"),
("CI90030","130","ref","aui-button_query","CI"),
("CI90030","131","NI","1","CI"),
("CI90030","132","FR","0","CI"),
("CI90031","133","ref","aui-button_query","CI"),
("CI90031","134","NI","1","CI"),
("CI90031","135","FR","0","CI"),
("CI90032","136","ref","aui-button_query","CI"),
("CI90032","137","NI","1","CI"),
("CI90032","138","FR","0","CI"),
("CI90033","139","ref","aui-button_check","CI"),
("CI90033","140","NI","1","CI"),
("CI90033","141","FR","0","CI"),
("CI90034","142","ref","aui-button-check","CI"),
("CI90034","143","NI","1","CI"),
("CI90034","144","FR","0","CI"),
("CI90035","145","ref","custom-input-userName","CI"),
("CI90035","146","NI","1","CI"),
("CI90035","147","FR","0","CI"),
("CI90036","148","ref","custom-input-pwd","CI"),
("CI90036","149","NI","1","CI"),
("CI90036","150","FR","0","CI"),
("CI90037","151","ref","aui-queryInfo","CI"),
("CI90037","152","NI","1","CI"),
("CI90037","153","FR","0","CI"),
("CI90038","154","ref","aui-queryInfo","CI"),
("CI90038","155","NI","1","CI"),
("CI90038","156","FR","0","CI"),
("CI90039","157","ref","aui-queryInfo","CI"),
("CI90039","158","NI","1","CI"),
("CI90039","159","FR","0","CI"),
("CI90040","160","ref","aui-button_query","CI"),
("CI90040","161","NI","1","CI"),
("CI90040","162","FR","0","CI"),
("CI90041","163","ref","aui-button_query","CI"),
("CI90041","164","NI","1","CI"),
("CI90041","165","FR","0","CI"),
("CI90042","166","ref","custom-input-name","CI"),
("CI90042","167","NI","1","CI"),
("CI90042","168","FR","0","CI"),
("CI90043","169","ref","custom-input-name","CI"),
("CI90043","170","NI","1","CI"),
("CI90043","171","FR","0","CI"),
("CI90044","172","ref","custom-input-name","CI"),
("CI90044","173","NI","1","CI"),
("CI90044","174","FR","0","CI"),
("CI90045","175","ref","custom-input-name","CI"),
("CI90045","176","NI","1","CI"),
("CI90045","177","FR","0","CI"),
("CI90046","178","ref","custom-input-name","CI"),
("CI90046","179","NI","1","CI"),
("CI90046","180","FR","0","CI"),
("CI90047","181","ref","custom-input-name","CI"),
("CI90047","182","NI","1","CI"),
("CI90047","183","FR","0","CI"),
("CI90048","184","ref","custom-input-name","CI"),
("CI90048","185","NI","1","CI"),
("CI90048","186","FR","0","CI"),
("CI90049","187","ref","custom-table_1","CI"),
("CI90049","188","NI","1","CI"),
("CI90049","189","FR","0","CI"),
("CI90050","190","ref","aui-button_query","CI"),
("CI90050","191","NI","1","CI"),
("CI90050","192","FR","0","CI"),
("CI90051","193","ref","custom-input_4","CI"),
("CI90051","194","NI","1","CI"),
("CI90051","195","FR","0","CI"),
("CI90052","196","ref","custom-input_19","CI"),
("CI90052","197","NI","1","CI"),
("CI90052","198","FR","0","CI"),
("CI90053","199","ref","custom-selector-01","CI"),
("CI90053","200","NI","1","CI"),
("CI90053","201","FR","0","CI"),
("CI90054","202","ref","custom-input_4","CI"),
("CI90054","203","NI","1","CI"),
("CI90054","204","FR","0","CI"),
("CI90055","205","ref","custom-input_4","CI"),
("CI90055","206","NI","0","CI"),
("CI90055","207","FR","0","CI"),
("CI90056","208","ref","custom-input_9","CI"),
("CI90056","209","NI","1","CI"),
("CI90056","210","FR","0","CI"),
("CI90057","211","ref","custom-input_7","CI"),
("CI90057","212","NI","1","CI"),
("CI90057","213","FR","0","CI"),
("CI90058","214","ref","custom-input_9","CI"),
("CI90058","215","NI","1","CI"),
("CI90058","216","FR","0","CI"),
("CI90059","217","ref","custom-input_4","CI"),
("CI90059","218","NI","1","CI"),
("CI90059","219","FR","0","CI"),
("CI90060","220","ref","custom-input_4","CI"),
("CI90060","221","NI","0","CI"),
("CI90060","222","FR","0","CI"),
("CI90061","223","ref","custom-selector_3","CI"),
("CI90061","224","NI","1","CI"),
("CI90061","225","FR","0","CI"),
("CI90062","226","ref","custom-selector_3","CI"),
("CI90062","227","NI","0","CI"),
("CI90062","228","FR","0","CI"),
("CI90063","229","ref","custom-input_6","CI"),
("CI90063","230","NI","1","CI"),
("CI90063","231","FR","0","CI"),
("CI90064","232","ref","custom-input_1","CI"),
("CI90064","233","NI","1","CI"),
("CI90064","234","FR","0","CI"),
("CI90065","235","ref","custom-input_9","CI"),
("CI90065","236","NI","1","CI"),
("CI90065","237","FR","0","CI"),
("CI90066","238","ref","custom-input_6","CI"),
("CI90066","239","NI","1","CI"),
("CI90066","240","FR","0","CI"),
("CI90067","241","ref","custom-input_4","CI"),
("CI90067","242","NI","1","CI"),
("CI90067","243","FR","0","CI"),
("CI90068","244","ref","custom-input_4","CI"),
("CI90068","245","NI","1","CI"),
("CI90068","246","FR","0","CI"),
("CI90069","247","ref","custom-selector_2","CI"),
("CI90069","248","NI","1","CI"),
("CI90069","249","FR","0","CI"),
("CI90070","250","ref","custom-input_7","CI"),
("CI90070","251","NI","1","CI"),
("CI90070","252","FR","0","CI"),
("CI90071","253","ref","custom-selector_2","CI"),
("CI90071","254","NI","1","CI"),
("CI90071","255","FR","0","CI"),
("CI90072","256","ref","custom-input_remitAmount","CI"),
("CI90072","257","NI","1","CI"),
("CI90072","258","FR","0","CI"),
("CI90073","259","ref","custom-input_remitAmount","CI"),
("CI90073","260","NI","0","CI"),
("CI90073","261","FR","0","CI"),
("CI90074","271","ref","custom-input_remitAmount","CI"),
("CI90074","272","NI","0","CI"),
("CI90074","273","FR","0","CI"),
("CI90075","280","ref","custom-selector-agenFlg","CI"),
("CI90075","281","NI","0","CI"),
("CI90075","282","FR","0","CI"),
("CI90076","283","ref","custom-selector-agenFlg","CI"),
("CI90076","284","NI","0","CI"),
("CI90076","285","FR","0","CI"),
("CI90077","286","ref","custom-selector-agenFlg","CI"),
("CI90077","287","NI","0","CI"),
("CI90077","288","FR","0","CI"),
("CI90078","289","ref","custom-selector-agenFlg","CI"),
("CI90078","290","NI","0","CI"),
("CI90078","291","FR","0","CI"),
("CI90079","292","ref","custom-selector-bilhldrCrtfTypCd","CI"),
("CI90079","293","NI","0","CI"),
("CI90079","294","FR","0","CI"),
("CI90080","295","ref","custom-input_4","CI"),
("CI90080","296","NI","0","CI"),
("CI90080","297","FR","0","CI"),
("CI90081","298","ref","custom-selector_4","CI"),
("CI90081","299","NI","0","CI"),
("CI90081","300","FR","0","CI"),
("CI90082","304","ref","custom-selector_4","CI"),
("CI90082","305","NI","0","CI"),
("CI90082","306","FR","0","CI"),
("CI90083","307","ref","custom-selector_4","CI"),
("CI90083","308","NI","0","CI"),
("CI90083","309","FR","0","CI"),
("CI90084","310","ref","custom-selector_4","CI"),
("CI90084","311","NI","0","CI"),
("CI90084","312","FR","0","CI"),
("CI90085","316","ref","custom-selector_4","CI"),
("CI90085","317","NI","0","CI"),
("CI90085","318","FR","0","CI"),
("CI90086","319","ref","custom-selector_5","CI"),
("CI90086","320","NI","0","CI"),
("CI90086","321","FR","0","CI"),
("CI90087","322","ref","custom-selector_5","CI"),
("CI90087","323","NI","1","CI"),
("CI90087","324","FR","1","CI"),
("CI90088","331","ref","custom-input-txAmt","CI"),
("CI90088","332","NI","1","CI"),
("CI90088","333","FR","0","CI"),
("CI90089","337","ref","custom-input-txAmt","CI"),
("CI90089","338","NI","1","CI"),
("CI90089","339","FR","0","CI"),
("CI90090","343","ref","custom-input-txAmt","CI"),
("CI90090","344","NI","1","CI"),
("CI90090","345","FR","0","CI"),
("CI90091","349","ref","custom-selector_4","CI"),
("CI90091","350","NI","0","CI"),
("CI90091","351","FR","0","CI"),
("CI90092","352","ref","custom-selector_4","CI"),
("CI90092","353","NI","1","CI"),
("CI90092","354","FR","1","CI"),
("CI90093","361","ref","custom-selector_4","CI"),
("CI90093","362","NI","0","CI"),
("CI90093","363","FR","0","CI"),
("CI90094","367","ref","custom-input_3","CI"),
("CI90094","368","NI","1","CI"),
("CI90094","369","FR","0","CI"),
("CI90095","373","ref","custom-selector_6","CI"),
("CI90095","374","NI","0","CI"),
("CI90095","375","FR","0","CI"),
("CI90096","376","ref","custom-selector_6","CI"),
("CI90096","377","NI","1","CI"),
("CI90096","378","FR","0","CI"),
("CI90097","385","ref","custom-selector_6","CI"),
("CI90097","386","NI","0","CI"),
("CI90097","387","FR","0","CI"),
("CI90098","391","ref","custom-selector_5","CI"),
("CI90098","392","NI","0","CI"),
("CI90098","393","FR","0","CI"),
("CI90099","394","ref","custom-selector_5","CI"),
("CI90099","395","NI","1","CI"),
("CI90099","396","FR","1","CI"),
("CI90100","403","ref","custom-selector_5","CI"),
("CI90100","404","NI","1","CI"),
("CI90100","405","FR","0","CI"),
("CI90101","409","ref","custom-selector_5","CI"),
("CI90101","410","NI","0","CI"),
("CI90101","411","FR","0","CI"),
("CI90102","415","ref","custom-input_6","CI"),
("CI90102","416","NI","1","CI"),
("CI90102","417","FR","0","CI"),
("CI90103","421","ref","custom-selector_6","CI"),
("CI90103","422","NI","0","CI"),
("CI90103","423","FR","0","CI"),
("CI90104","424","ref","custom-selector_6","CI"),
("CI90104","425","NI","1","CI"),
("CI90104","426","FR","1","CI"),
("CI90105","433","ref","custom-selector_6","CI"),
("CI90105","434","NI","1","CI"),
("CI90105","435","FR","0","CI"),
("CI90106","439","ref","custom-selector_agen","CI"),
("CI90106","440","NI","0","CI"),
("CI90106","441","FR","0","CI"),
("CI90107","442","ref","custom-selector_agen","CI"),
("CI90107","443","NI","0","CI"),
("CI90107","444","FR","0","CI"),
("CI90108","451","ref","custom-selector_agen","CI"),
("CI90108","452","NI","0","CI"),
("CI90108","453","FR","0","CI"),
("CI90109","454","ref","custom-selector_agen","CI"),
("CI90109","455","NI","1","CI"),
("CI90109","456","FR","0","CI"),
("CI90110","466","ref","aui-button_submit","CI"),
("CI90110","467","NI","0","CI"),
("CI90110","468","FR","0","CI"),
("CI90111","472","ref","aui-button_submit","CI"),
("CI90111","473","NI","1","CI"),
("CI90111","474","FR","0","CI"),
("CI90112","475","ref","aui-button_submit","CI"),
("CI90112","476","NI","1","CI"),
("CI90112","477","FR","0","CI"),
("CI90113","478","ref","aui-button_submit","CI"),
("CI90113","479","NI","1","CI"),
("CI90113","480","FR","0","CI"),
("CI90114","484","ref","aui-button_submit","CI"),
("CI90114","485","NI","1","CI"),
("CI90114","486","FR","0","CI"),
("CI90115","487","ref","aui-button_submit","CI"),
("CI90115","488","NI","1","CI"),
("CI90115","489","FR","0","CI"),
("CI90116","490","ref","aui-button_submit","CI"),
("CI90116","491","NI","1","CI"),
("CI90116","492","FR","0","CI"),
("CI90117","496","ref","aui-button_submit","CI"),
("CI90117","497","NI","1","CI"),
("CI90117","498","FR","0","CI"),
("CI90118","499","ref","aui-button_submit","CI"),
("CI90118","500","NI","1","CI"),
("CI90118","501","FR","0","CI"),
("CI90119","502","ref","aui-button_submit","CI"),
("CI90119","503","NI","0","CI"),
("CI90119","504","FR","0","CI"),
("CI90120","508","ref","aui-button_submit","CI"),
("CI90120","509","NI","0","CI"),
("CI90120","510","FR","0","CI"),
("CI90121","514","ref","custom-selector_x_DE_WA","CI"),
("CI90121","515","NI","1","CI"),
("CI90121","516","FR","0","CI"),
("CI90122","517","ref","custom-sel_yesORno","CI"),
("CI90122","518","NI","1","CI"),
("CI90122","519","FR","0","CI"),
("CI90123","523","ref","custom-sel_yesORno","CI"),
("CI90123","524","NI","1","CI"),
("CI90123","525","FR","0","CI"),
("CI90124","529","ref","custom-input_txAm","CI"),
("CI90124","530","NI","1","CI"),
("CI90124","531","FR","0","CI"),
("CI90124","535","ref","custom-sel_yesORno","CI"),
("CI90124","536","NI","1","CI"),
("CI90124","537","FR","0","CI"),
("CI90125","538","ref","custom-sel_yesORno","CI"),
("CI90125","539","NI","1","CI"),
("CI90125","540","FR","0","CI"),
("CI90125","544","ref","custom-input_txAm","CI"),
("CI90125","545","NI","1","CI"),
("CI90125","546","FR","0","CI"),
("CI90126","550","ref","custom-sel_yesORno","CI"),
("CI90126","551","NI","1","CI"),
("CI90126","552","FR","0","CI"),
("CI90127","559","ref","custom-input_txAm","CI"),
("CI90127","560","NI","1","CI"),
("CI90127","561","FR","0","CI"),
("CI90128","571","ref","custom-input_txAm","CI"),
("CI90128","572","NI","1","CI"),
("CI90128","573","FR","0","CI"),
("CI90129","580","ref","custom-sel_handType","CI"),
("CI90129","581","NI","1","CI"),
("CI90129","582","FR","0","CI"),
("CI90130","583","ref","custom-selector_5","CI"),
("CI90130","584","NI","1","CI"),
("CI90130","585","FR","1","CI"),
("CI90131","586","ref","custom-selector_5","CI"),
("CI90131","587","NI","1","CI"),
("CI90131","588","FR","1","CI"),
("CI90132","595","ref","custom-selector_5","CI"),
("CI90132","596","NI","0","CI"),
("CI90132","597","FR","0","CI"),
("CI90133","601","ref","custom-selector-proxy","CI"),
("CI90133","602","NI","1","CI"),
("CI90133","603","FR","1","CI"),
("CI90134","604","ref","custom-selector-proxy","CI"),
("CI90134","605","NI","1","CI"),
("CI90134","606","FR","1","CI"),
("CI90135","613","ref","input-txAmt","CI"),
("CI90135","614","NI","0","CI"),
("CI90135","615","FR","0","CI"),
("CI90136","619","ref","custom-selector-proxy","CI"),
("CI90136","620","NI","1","CI"),
("CI90136","621","FR","1","CI"),
("CI90137","625","ref","custom-selector-proxy","CI"),
("CI90137","626","NI","1","CI"),
("CI90137","627","FR","1","CI"),
("CI90138","628","ref","custom-selector-proxy","CI"),
("CI90138","629","NI","1","CI"),
("CI90138","630","FR","1","CI"),
("CI90139","631","ref","custom-selector-proxy","CI"),
("CI90139","632","NI","1","CI"),
("CI90139","633","FR","1","CI"),
("CI90140","640","ref","custom-input_6","CI"),
("CI90140","641","NI","0","CI"),
("CI90140","642","FR","0","CI"),
("CI90141","646","ref","custom-selector_8","CI"),
("CI90141","647","NI","1","CI"),
("CI90141","648","FR","1","CI"),
("CI90142","649","ref","custom-selector_8","CI"),
("CI90142","650","NI","1","CI"),
("CI90142","651","FR","1","CI"),
("CI90143","658","ref","custom-input_6","CI"),
("CI90143","659","NI","0","CI"),
("CI90143","660","FR","0","CI"),
("CI90144","664","ref","custom-selector_8","CI"),
("CI90144","665","NI","1","CI"),
("CI90144","666","FR","1","CI"),
("CI90145","670","ref","custom-selector-proxy","CI"),
("CI90145","671","NI","1","CI"),
("CI90145","672","FR","1","CI"),
("CI90146","673","ref","custom-selector-proxy","CI"),
("CI90146","674","NI","1","CI"),
("CI90146","675","FR","1","CI"),
("CI90147","682","ref","custom-input-txAmt","CI"),
("CI90147","683","NI","0","CI"),
("CI90147","684","FR","0","CI"),
("CI90148","688","ref","custom-selector-proxy","CI"),
("CI90148","689","NI","1","CI"),
("CI90148","690","FR","1","CI"),
("CI90149","694","ref","custom-selector-proxy","CI"),
("CI90149","695","NI","1","CI"),
("CI90149","696","FR","1","CI"),
("CI90150","697","ref","custom-selector-proxy","CI"),
("CI90150","698","NI","1","CI"),
("CI90150","699","FR","1","CI"),
("CI90151","700","ref","custom-selector-proxy","CI"),
("CI90151","701","NI","1","CI"),
("CI90151","702","FR","1","CI"),
("CI90152","709","ref","custom-selector-proxy","CI"),
("CI90152","710","NI","1","CI"),
("CI90152","711","FR","1","CI"),
("CI90153","715","ref","custom-selector-proxy","CI"),
("CI90153","716","NI","1","CI"),
("CI90153","717","FR","1","CI"),
("CI90154","718","ref","custom-selector_5","CI"),
("CI90154","719","NI","1","CI"),
("CI90154","720","FR","0","CI"),
("CI90155","721","ref","custom-selector_5","CI"),
("CI90155","722","NI","1","CI"),
("CI90155","723","FR","0","CI"),
("CI90156","727","ref","custom-selector_5","CI"),
("CI90156","728","NI","1","CI"),
("CI90156","729","FR","0","CI"),
("CI90157","733","ref","custom-selector_5","CI"),
("CI90157","734","NI","1","CI"),
("CI90157","735","FR","0","CI"),
("CI90158","736","ref","custom-selector_5","CI"),
("CI90158","737","NI","1","CI"),
("CI90158","738","FR","0","CI"),
("CI90159","739","ref","custom-selector-crtfTypCd1","CI"),
("CI90159","740","NI","1","CI"),
("CI90159","741","FR","0","CI"),
("CI90160","745","ref","custom-selector-crtfTypCd1","CI"),
("CI90160","746","NI","1","CI"),
("CI90160","747","FR","0","CI"),
("CI90161","751","ref","custom-input-cardNo","CI"),
("CI90161","752","NI","1","CI"),
("CI90161","753","FR","0","CI"),
("CI90162","754","ref","custom-input-accNo2","CI"),
("CI90162","755","NI","1","CI"),
("CI90162","756","FR","0","CI"),
("CI90163","757","ref","custom-selector-acctDrawManrCd3","CI"),
("CI90163","758","NI","1","CI"),
("CI90163","759","FR","0","CI"),
("CI90164","763","ref","custom-selector-agenFlg","CI"),
("CI90164","764","NI","1","CI"),
("CI90164","765","FR","0","CI"),
("CI90165","769","ref","custom-selector-agenFlg","CI"),
("CI90165","770","NI","1","CI"),
("CI90165","771","FR","0","CI"),
("CI90166","772","ref","custom-input-inAcctNum","CI"),
("CI90166","773","NI","1","CI"),
("CI90166","774","FR","0","CI"),
("CI90167","781","ref","custom_selector_4","CI"),
("CI90167","782","NI","1","CI"),
("CI90167","783","FR","0","CI"),
("CI90168","784","ref","custom_selector_4","CI"),
("CI90168","785","NI","1","CI"),
("CI90168","786","FR","0","CI"),
("CI90169","787","ref","custom_selector_4","CI"),
("CI90169","788","NI","1","CI"),
("CI90169","789","FR","0","CI"),
("CI90170","790","ref","custom-selector_13","CI"),
("CI90170","791","NI","1","CI"),
("CI90170","792","FR","0","CI"),
("CI90171","793","ref","custom-selector_13","CI"),
("CI90171","794","NI","1","CI"),
("CI90171","795","FR","0","CI"),
("CI90172","796","ref","custom-input_1","CI"),
("CI90172","797","NI","1","CI"),
("CI90172","798","FR","1","CI"),
("CI90173","799","ref","custom-input_3","CI"),
("CI90173","800","NI","1","CI"),
("CI90173","801","FR","0","CI"),
("CI90174","802","ref","custom-input_pasbNum","CI"),
("CI90174","803","NI","1","CI"),
("CI90174","804","FR","0","CI"),
("CI90175","811","ref","custom-input_txAm","CI"),
("CI90175","812","NI","1","CI"),
("CI90175","813","FR","0","CI"),
("CI90176","817","ref","custom-input_txAm","CI"),
("CI90176","818","NI","1","CI"),
("CI90176","819","FR","0","CI"),
("CI90177","823","ref","custom-input_6","CI"),
("CI90177","824","NI","1","CI"),
("CI90177","825","FR","0","CI"),
("CI90178","832","ref","custom-input_6","CI"),
("CI90178","833","NI","1","CI"),
("CI90178","834","FR","0","CI"),
("CI90179","838","ref","custom-input_7","CI"),
("CI90179","839","NI","1","CI"),
("CI90179","840","FR","0","CI"),
("CI90180","847","ref","custom-input_7","CI"),
("CI90180","848","NI","1","CI"),
("CI90180","849","FR","0","CI"),
("CI90181","853","ref","custom-input_5","CI"),
("CI90181","854","NI","1","CI"),
("CI90181","855","FR","0","CI"),
("CI90182","862","ref","custom-input_5","CI"),
("CI90182","863","NI","1","CI"),
("CI90182","864","FR","0","CI"),
("CI90183","868","ref","custom-input_5","CI"),
("CI90183","869","NI","1","CI"),
("CI90183","870","FR","0","CI"),
("CI90184","877","ref","custom-input_5","CI"),
("CI90184","878","NI","1","CI"),
("CI90184","879","FR","0","CI"),
("CI90185","883","ref","custom-input_txAmt","CI"),
("CI90185","884","NI","1","CI"),
("CI90185","885","FR","0","CI"),
("CI90186","889","ref","custom-input_5","CI"),
("CI90186","890","NI","1","CI"),
("CI90186","891","FR","0","CI"),
("CI90187","898","ref","custom-input_5","CI"),
("CI90187","899","NI","1","CI"),
("CI90187","900","FR","0","CI"),
("CI90188","904","ref","custom-input_5","CI"),
("CI90188","905","NI","1","CI"),
("CI90188","906","FR","0","CI"),
("CI90189","910","ref","custom-selector_5","CI"),
("CI90189","911","NI","1","CI"),
("CI90189","912","FR","0","CI"),
("CI90190","913","ref","custom-selector_5","CI"),
("CI90190","914","NI","1","CI"),
("CI90190","915","FR","0","CI"),
("CI90191","922","ref","custom-selector-proxy","CI"),
("CI90191","923","NI","1","CI"),
("CI90191","924","FR","0","CI"),
("CI90192","925","ref","custom-selector-proxy","CI"),
("CI90192","926","NI","1","CI"),
("CI90192","927","FR","0","CI"),
("CI90193","934","ref","custom-selector-proxy","CI"),
("CI90193","935","NI","1","CI"),
("CI90193","936","FR","0","CI"),
("CI90194","940","ref","custom-selector-proxy","CI"),
("CI90194","941","NI","1","CI"),
("CI90194","942","FR","0","CI"),
("CI90195","943","ref","custom-selector-proxy","CI"),
("CI90195","944","NI","1","CI"),
("CI90195","945","FR","0","CI"),
("CI90196","946","ref","custom-selector-proxy","CI"),
("CI90196","947","NI","1","CI"),
("CI90196","948","FR","0","CI"),
("CI90197","955","ref","custom-selector-proxy","CI"),
("CI90197","956","NI","1","CI"),
("CI90197","957","FR","0","CI"),
("CI90198","961","ref","custom-selector-proxy","CI"),
("CI90198","962","NI","1","CI"),
("CI90198","963","FR","0","CI"),
("CI90199","964","ref","custom-input-txAmt","CI"),
("CI90199","965","NI","1","CI"),
("CI90199","966","FR","0","CI"),
("CI90200","970","ref","custom-selector-proxy","CI"),
("CI90200","971","NI","1","CI"),
("CI90200","972","FR","0","CI"),
("CI90201","973","ref","custom-selector-proxy","CI"),
("CI90201","974","NI","1","CI"),
("CI90201","975","FR","0","CI"),
("CI90202","982","ref","custom-selector-agenFlg","CI"),
("CI90202","983","NI","1","CI"),
("CI90202","984","FR","0","CI"),
("CI90203","985","ref","custom-selector-agenFlg","CI"),
("CI90203","986","NI","1","CI"),
("CI90203","987","FR","0","CI"),
("CI90204","988","ref","custom-selector-agenFlg","CI"),
("CI90204","989","NI","1","CI"),
("CI90204","990","FR","0","CI"),
("CI90205","991","ref","custom-selector-agenFlg","CI"),
("CI90205","992","NI","1","CI"),
("CI90205","993","FR","0","CI"),
("CI90206","994","ref","custom-selector_5","CI"),
("CI90206","995","NI","1","CI"),
("CI90206","996","FR","0","CI"),
("CI90207","997","ref","custom-selector_5","CI"),
("CI90207","998","NI","1","CI"),
("CI90207","999","FR","0","CI"),
("CI90208","1006","ref","custom-input-txAmt","CI"),
("CI90208","1007","NI","1","CI"),
("CI90208","1008","FR","0","CI"),
("CI90209","1012","ref","custom-selector-proxy","CI"),
("CI90209","1013","NI","1","CI"),
("CI90209","1014","FR","0","CI"),
("CI90210","1015","ref","custom-selector-proxy","CI"),
("CI90210","1016","NI","1","CI"),
("CI90210","1017","FR","0","CI"),
("CI90211","1024","ref","custom-selector-proxy","CI"),
("CI90211","1025","NI","1","CI"),
("CI90211","1026","FR","0","CI"),
("CI90212","1030","ref","custom-selector-proxy","CI"),
("CI90212","1031","NI","1","CI"),
("CI90212","1032","FR","0","CI"),
("CI90213","1033","ref","custom-selector-proxy","CI"),
("CI90213","1034","NI","1","CI"),
("CI90213","1035","FR","0","CI"),
("CI90214","1036","ref","custom-selector-proxy","CI"),
("CI90214","1037","NI","1","CI"),
("CI90214","1038","FR","0","CI"),
("CI90215","1045","ref","custom-input-txAmt","CI"),
("CI90215","1046","NI","1","CI"),
("CI90215","1047","FR","0","CI"),
("CI90216","1051","ref","custom-input-colltnAcctNo","CI"),
("CI90216","1052","NI","1","CI"),
("CI90216","1053","FR","0","CI"),
("CI90217","1054","ref","aui-button_submit","CI"),
("CI90217","1055","NI","1","CI"),
("CI90217","1056","FR","0","CI"),
("CI90218","1057","ref","aui-button_submit","CI"),
("CI90218","1058","NI","1","CI"),
("CI90218","1059","FR","0","CI"),
("CI90219","1060","ref","aui-button_submit","CI"),
("CI90219","1061","NI","1","CI"),
("CI90219","1062","FR","0","CI"),
("CI90220","1063","ref","aui-button_submit","CI"),
("CI90220","1064","NI","1","CI"),
("CI90220","1065","FR","0","CI"),
("CI90221","1066","ref","custom-input-accOther","CI"),
("CI90221","1067","NI","1","CI"),
("CI90221","1068","FR","0","CI"),
("CI90222","1072","ref","aui-button_submit","CI"),
("CI90222","1073","NI","1","CI"),
("CI90222","1074","FR","0","CI"),
("CI90223","1075","ref","custom-input-payFeeCardNoOrAcctNo","CI"),
("CI90223","1076","NI","1","CI"),
("CI90223","1077","FR","0","CI"),
("CI90224","1084","ref","custom-input-recvrAcctNo","CI"),
("CI90224","1085","NI","1","CI"),
("CI90224","1086","FR","0","CI");
  
COMMIT;