
-- IB_OM_RULE_INFO insert
INSERT INTO   `pub_db`.`IB_OM_RULE_INFO` (`RULE_NO`,`RULE_TYP_CD`,`HOLI_FLG`,`RULE_TRI_POSITION`,`SUIT_CHNL_SCP`,`SUIT_LPR_SCP`,`SUIT_ORG_SCP`,`SUIT_TX_SCP`,`RULE_COMNT`,`EFFT_FLG`,`OPER_TELR_NO`,`OPER_DT`,`OPER_RSN`) VALUES
('005100','AU','N','1','TE','*','*,','00201046','交易授权','1','900001','2020-05-25','批量新增'),
('005101','AU','N','1','TE','*','*,','00201047','交易授权','1','900001','2020-05-25','批量新增'),
('005102','AU','N','1','TE','*','*,','00201048','交易授权','1','900001','2020-05-25','批量新增'),
('005103','AU','N','1','TE','*','*,','00201049','交易授权','1','900001','2020-05-25','批量新增'),
('005104','AU','N','1','TE','*','*,','00201050','交易授权','1','900001','2020-05-25','批量新增'),
('005105','AU','N','1','TE','*','*,','00201051','交易授权','1','900001','2020-05-25','批量新增'),
('005106','AU','N','1','TE','*','*,','00201052','交易授权','1','900001','2020-05-25','批量新增'),
('005107','AU','N','1','TE','*','*,','00201054','交易授权','1','900001','2020-05-25','批量新增'),
('005108','AU','N','1','TE','*','*,','00201055','交易授权','1','900001','2020-05-25','批量新增'),
('005109','AU','N','1','TE','*','*,','00201056','交易授权','1','900001','2020-05-25','批量新增'),
('005110','AU','N','1','TE','*','*,','00201057','交易授权','1','900001','2020-05-25','批量新增'),
('005111','AU','N','1','TE','*','*,','00201058','交易授权','1','900001','2020-05-25','批量新增'),
('005112','AU','N','1','TE','*','*,','09908008','人脸识别手工通过','1','900001','2020-05-25','批量新增'),
('005113','AU','N','1','TE','*','*,','09908008','未人脸识别','1','900001','2020-05-25','批量新增'),
('005114','AU','N','1','TE','*','*,','09908008','更改后的开户金额大于等于5万元','1','900001','2020-05-25','批量新增'),
('005115','AU','N','1','TE','*','*,','09908009','人脸识别手工通过','1','900001','2020-05-25','批量新增'),
('005116','AU','N','1','TE','*','*,','09908009','未人脸识别','1','900001','2020-05-25','批量新增'),
('005117','AU','N','1','TE','*','*,','09908009','更改后的开户金额大于等于5万元','1','900001','2020-05-25','批量新增'),
('005118','AU','N','1','TE','*','*,','00101008','交易授权','1','900001','2020-05-25','批量新增'),
('005119','AU','N','1','TE','*','*,','00101008','联网核查手工通过','1','900001','2020-05-25','批量新增'),
('005120','AU','N','1','TE','*','*,','00101008','人脸识别手工通过','1','900001','2020-05-25','批量新增'),
('005000','AU','N','1','TE','*','*,','00101009','金额超限','1','900001','2020-05-25','批量新增'),
('005122','AU','N','1','TE','*','*,','00101009','支取方式不包含密码时进行授权','1','900001','2020-05-25','批量新增'),
('005123','AU','N','1','TE','*','*,','00101009','代理办理时进行授权','1','900001','2020-05-25','批量新增'),
('005124','AU','N','1','TE','*','*,','00101009','手工输入移入账户账号时进行授权','1','900001','2020-05-25','批量新增'),
('005125','AU','N','1','TE','*','*,','00101009','联网核查手工通过','1','900001','2020-05-25','批量新增'),
('005126','AU','N','1','TE','*','*,','00101009','人脸识别手工通过','1','900001','2020-05-25','批量新增'),
('005127','AU','N','1','TE','*','*,','00101009','支取方式不包含密码时进行授权','1','900001','2020-05-25','批量新增'),
('005128','AU','N','1','TE','*','*,','00101009','代理办理时进行授权','1','900001','2020-05-25','批量新增'),
('005129','AU','N','1','TE','*','*,','00101009','手工输入移入账户账号时进行授权','1','900001','2020-05-25','批量新增'),
('005130','AU','N','1','TE','*','*,','00101011','交易授权','1','900001','2020-05-25','批量新增'),
('005131','AU','N','1','TE','*','*,','00101011','联网核查手工通过','1','900001','2020-05-25','批量新增'),
('005132','AU','N','1','TE','*','*,','00101011','人脸识别手工通过','1','900001','2020-05-25','批量新增'),
('005000','AU','N','1','TE','*','*,','00101019','金额超限','1','900001','2020-05-25','批量新增'),
('005134','AU','N','1','TE','*','*,','00101019','联网核查手工通过','1','900001','2020-05-25','批量新增'),
('005135','AU','N','1','TE','*','*,','00101019','人脸识别手工通过','1','900001','2020-05-25','批量新增'),
('005000','AU','N','1','TE','*','*,','00101027','金额超限','1','900001','2020-05-25','批量新增'),
('005137','AU','N','1','TE','*','*,','00101027','提前支取为是','1','900001','2020-05-25','批量新增'),
('005138','AU','N','1','TE','*','*,','00101027','联网核查手工通过','1','900001','2020-05-25','批量新增'),
('005139','AU','N','1','TE','*','*,','00101027','人脸识别手工通过','1','900001','2020-05-25','批量新增'),
('005140','AU','N','1','TE','*','*,','00101030','跨机构查询时触发授权','1','900001','2020-05-25','批量新增'),
('005141','AU','N','1','TE','*','*,','00101030','联网核查手工通过','1','900001','2020-05-25','批量新增'),
('005142','AU','N','1','TE','*','*,','00101030','人脸识别手工通过','1','900001','2020-05-25','批量新增'),
('005143','AU','N','1','TE','*','*,','00101037','交易授权','1','900001','2020-05-25','批量新增'),
('005144','AU','N','1','TE','*','*,','00101037','联网核查手工通过','1','900001','2020-05-25','批量新增'),
('005145','AU','N','1','TE','*','*,','00101037','人脸识别手工通过','1','900001','2020-05-25','批量新增'),
('005146','AU','N','1','TE','*','*,','00101050','交易授权','1','900001','2020-05-25','批量新增'),
('005147','AU','N','1','TE','*','*,','00101050','联网核查手工通过','1','900001','2020-05-25','批量新增'),
('005148','AU','N','1','TE','*','*,','00101050','人脸识别手工通过','1','900001','2020-05-25','批量新增'),
('005000','AU','N','1','TE','*','*,','00101056','金额超限','1','900001','2020-05-25','批量新增'),
('005150','AU','N','1','TE','*','*,','00101056','联网核查手工通过','1','900001','2020-05-25','批量新增'),
('005151','AU','N','1','TE','*','*,','00101056','人脸识别手工通过','1','900001','2020-05-25','批量新增'),
('005152','AU','N','1','TE','*','*,','00101063','交易授权','1','900001','2020-05-25','批量新增'),
('005153','AU','N','1','TE','*','*,','00101063','联网核查手工通过','1','900001','2020-05-25','批量新增'),
('005154','AU','N','1','TE','*','*,','00101063','人脸识别手工通过','1','900001','2020-05-25','批量新增'),
('005155','AU','N','1','TE','*','*,','00101068','手工输入卡号时触发授权','1','900001','2020-05-25','批量新增'),
('005156','AU','N','1','TE','*','*,','00101068','未输入密码时触发授权','1','900001','2020-05-25','批量新增'),
('005157','AU','N','1','TE','*','*,','00101068','联网核查手工通过','1','900001','2020-05-25','批量新增'),
('005158','AU','N','1','TE','*','*,','00101068','人脸识别手工通过','1','900001','2020-05-25','批量新增'),
('005159','AU','N','1','TE','*','*,','00101076','人脸识别自动通过','1','900001','2020-05-25','批量新增'),
('005160','AU','N','1','TE','*','*,','00101076','人脸识别手工通过','1','900001','2020-05-25','批量新增'),
('005161','AU','N','1','TE','*','*,','00101076','联网核查手工通过','1','900001','2020-05-25','批量新增'),
('005162','AU','N','1','TE','*','*,','00201028','未输入卡号','1','900001','2020-05-25','批量新增'),
('005163','AU','N','1','TE','*','*,','00201028','联网核查手工通过','1','900001','2020-05-25','批量新增'),
('005164','AU','N','1','TE','*','*,','00201028','人脸识别手工通过','1','900001','2020-05-25','批量新增'),
('005165','AU','N','1','TE','*','*,','00201042','交易授权','1','900001','2020-05-25','批量新增'),
('005166','AU','N','1','TE','*','*,','00201042','联网核查手工通过','1','900001','2020-05-25','批量新增'),
('005167','AU','N','1','TE','*','*,','00201042','人脸识别手工通过','1','900001','2020-05-25','批量新增'),
('005168','AU','N','1','TE','*','*,','00201045','交易授权','1','900001','2020-05-25','批量新增'),
('005169','AU','N','1','TE','*','*,','00201045','联网核查手工通过','1','900001','2020-05-25','批量新增'),
('005170','AU','N','1','TE','*','*,','00201045','人脸识别手工通过','1','900001','2020-05-25','批量新增'),
('005171','AU','N','1','TE','*','*,','00201046','联网核查手工通过','1','900001','2020-05-25','批量新增'),
('005172','AU','N','1','TE','*','*,','00201046','人脸识别手工通过','1','900001','2020-05-25','批量新增'),
('005173','AU','N','1','TE','*','*,','00201047','联网核查手工通过','1','900001','2020-05-25','批量新增'),
('005174','AU','N','1','TE','*','*,','00201047','人脸识别手工通过','1','900001','2020-05-25','批量新增'),
('005175','AU','N','1','TE','*','*,','00201048','联网核查手工通过','1','900001','2020-05-25','批量新增'),
('005176','AU','N','1','TE','*','*,','00201048','人脸识别手工通过','1','900001','2020-05-25','批量新增'),
('005177','AU','N','1','TE','*','*,','00201049','联网核查手工通过','1','900001','2020-05-25','批量新增'),
('005178','AU','N','1','TE','*','*,','00201049','人脸识别手工通过','1','900001','2020-05-25','批量新增'),
('005179','AU','N','1','TE','*','*,','00201050','联网核查手工通过','1','900001','2020-05-25','批量新增'),
('005180','AU','N','1','TE','*','*,','00201050','人脸识别手工通过','1','900001','2020-05-25','批量新增'),
('005181','AU','N','1','TE','*','*,','00201051','联网核查手工通过','1','900001','2020-05-25','批量新增'),
('005182','AU','N','1','TE','*','*,','00201051','人脸识别手工通过','1','900001','2020-05-25','批量新增'),
('005183','AU','N','1','TE','*','*,','00201052','联网核查手工通过','1','900001','2020-05-25','批量新增'),
('005184','AU','N','1','TE','*','*,','00201052','人脸识别手工通过','1','900001','2020-05-25','批量新增'),
('005185','AU','N','1','TE','*','*,','00201054','联网核查手工通过','1','900001','2020-05-25','批量新增'),
('005186','AU','N','1','TE','*','*,','00201054','人脸识别手工通过','1','900001','2020-05-25','批量新增'),
('005187','AU','N','1','TE','*','*,','00201055','联网核查手工通过','1','900001','2020-05-25','批量新增'),
('005188','AU','N','1','TE','*','*,','00201055','人脸识别手工通过','1','900001','2020-05-25','批量新增'),
('005189','AU','N','1','TE','*','*,','00201056','联网核查手工通过','1','900001','2020-05-25','批量新增'),
('005190','AU','N','1','TE','*','*,','00201056','人脸识别手工通过','1','900001','2020-05-25','批量新增'),
('005191','AU','N','1','TE','*','*,','00201057','联网核查手工通过','1','900001','2020-05-25','批量新增'),
('005192','AU','N','1','TE','*','*,','00201057','人脸识别手工通过','1','900001','2020-05-25','批量新增'),
('005193','AU','N','1','TE','*','*,','00201058','联网核查手工通过','1','900001','2020-05-25','批量新增'),
('005194','AU','N','1','TE','*','*,','00201058','人脸识别手工通过','1','900001','2020-05-25','批量新增'),
('005195','AU','N','1','TE','*','*,','00201069','交易授权','1','900001','2020-05-25','批量新增'),
('005196','AU','N','1','TE','*','*,','00201069','联网核查手工通过','1','900001','2020-05-25','批量新增'),
('005197','AU','N','1','TE','*','*,','00201069','人脸识别手工通过','1','900001','2020-05-25','批量新增'),
('005198','AU','N','1','TE','*','*,','00201082','交易授权','1','900001','2020-05-25','批量新增'),
('005199','AU','N','1','TE','*','*,','00201082','联网核查手工通过','1','900001','2020-05-25','批量新增'),
('005200','AU','N','1','TE','*','*,','00201082','人脸识别手工通过','1','900001','2020-05-25','批量新增'),
('005201','AU','N','1','TE','*','*,','00201095','交易授权','1','900001','2020-05-25','批量新增'),
('005202','AU','N','1','TE','*','*,','00201095','联网核查手工通过','1','900001','2020-05-25','批量新增'),
('005203','AU','N','1','TE','*','*,','00201095','人脸识别手工通过','1','900001','2020-05-25','批量新增'),
('005204','AU','N','1','TE','*','*,','00201096','交易授权','1','900001','2020-05-25','批量新增'),
('005205','AU','N','1','TE','*','*,','00201096','联网核查手工通过','1','900001','2020-05-25','批量新增'),
('005206','AU','N','1','TE','*','*,','00201096','人脸识别手工通过','1','900001','2020-05-25','批量新增'),
('005207','AU','N','1','TE','*','*,','00201097','交易授权','1','900001','2020-05-25','批量新增'),
('005208','AU','N','1','TE','*','*,','00201097','联网核查手工通过','1','900001','2020-05-25','批量新增'),
('005209','AU','N','1','TE','*','*,','00201097','人脸识别手工通过','1','900001','2020-05-25','批量新增'),
('005210','AU','N','1','TE','*','*,','00201098','交易授权','1','900001','2020-05-25','批量新增'),
('005211','AU','N','1','TE','*','*,','00201098','联网核查手工通过','1','900001','2020-05-25','批量新增'),
('005212','AU','N','1','TE','*','*,','00201098','人脸识别手工通过','1','900001','2020-05-25','批量新增'),
('005213','AU','N','1','TE','*','*,','00301019','交易授权','1','900001','2020-05-25','批量新增'),
('005214','AU','N','1','TE','*','*,','00301019','联网核查手工通过','1','900001','2020-05-25','批量新增'),
('005215','AU','N','1','TE','*','*,','00301019','人脸识别手工通过','1','900001','2020-05-25','批量新增'),
('005216','AU','N','1','TE','*','*,','00301020','交易授权','1','900001','2020-05-25','批量新增'),
('005217','AU','N','1','TE','*','*,','00301020','联网核查手工通过','1','900001','2020-05-25','批量新增'),
('005218','AU','N','1','TE','*','*,','00301020','人脸识别手工通过','1','900001','2020-05-25','批量新增'),
('005219','AU','N','1','TE','*','*,','00301021','当操作标志为单笔录入时授权','1','900001','2020-05-25','批量新增'),
('005220','AU','N','1','TE','*','*,','00301021','当操作标志为文件导入时授权','1','900001','2020-05-25','批量新增'),
('005221','AU','N','1','TE','*','*,','00301021','联网核查手工通过','1','900001','2020-05-25','批量新增'),
('005222','AU','N','1','TE','*','*,','00301021','人脸识别手工通过','1','900001','2020-05-25','批量新增'),
('005223','AU','N','1','TE','*','*,','00301022','当修改提交时授权','1','900001','2020-05-25','批量新增'),
('005224','AU','N','1','TE','*','*,','00301022','当注销提交时授权','1','900001','2020-05-25','批量新增'),
('005225','AU','N','1','TE','*','*,','00301022','联网核查手工通过','1','900001','2020-05-25','批量新增'),
('005226','AU','N','1','TE','*','*,','00301022','人脸识别手工通过','1','900001','2020-05-25','批量新增'),
('005000','AU','N','1','TE','*','*,','00301028','金额超限','1','900001','2020-05-25','批量新增'),
('005228','AU','N','1','TE','*','*,','00301028','联网核查手工通过','1','900001','2020-05-25','批量新增'),
('005229','AU','N','1','TE','*','*,','00301028','人脸识别手工通过','1','900001','2020-05-25','批量新增'),
('005000','AU','N','1','TE','*','*,','00301029','金额超限','1','900001','2020-05-25','批量新增'),
('005231','AU','N','1','TE','*','*,','00301029','联网核查手工通过','1','900001','2020-05-25','批量新增'),
('005232','AU','N','1','TE','*','*,','00301029','人脸识别手工通过','1','900001','2020-05-25','批量新增'),
('005000','AU','N','1','TE','*','*,','00301030','金额超限','1','900001','2020-05-25','批量新增'),
('005234','AU','N','1','TE','*','*,','00301030','手输取款账号触发授权','1','900001','2020-05-25','批量新增'),
('005235','AU','N','1','TE','*','*,','00301030','转入账户为卡或存折时，手工输入转入账号且超过金额限制1万(含)需授权','1','900001','2020-05-25','批量新增'),
('005236','AU','N','1','TE','*','*,','00301030','联网核查手工通过','1','900001','2020-05-25','批量新增'),
('005237','AU','N','1','TE','*','*,','00301030','人脸识别手工通过','1','900001','2020-05-25','批量新增'),
('005238','AU','N','1','TE','*','*,','00301034','交易授权','1','900001','2020-05-25','批量新增'),
('005239','AU','N','1','TE','*','*,','00301034','联网核查手工通过','1','900001','2020-05-25','批量新增'),
('005240','AU','N','1','TE','*','*,','00301034','人脸识别手工通过','1','900001','2020-05-25','批量新增'),
('005241','AU','N','1','TE','*','*,','00301039_2','对记录进行修改、删除需要授权','1','900001','2020-05-25','批量新增'),
('005242','AU','N','1','TE','*','*,','00301039_2','对记录进行修改、删除需要授权','1','900001','2020-05-25','批量新增'),
('005000','AU','N','1','TE','*','*,','00301039_2','金额超限','1','900001','2020-05-25','批量新增'),
('005000','AU','N','1','TE','*','*,','00301039_1','金额超限','1','900001','2020-05-25','批量新增'),
('005244','AU','N','1','TE','*','*,','00301039_2','付款交易需要授权','1','900001','2020-05-25','批量新增'),
('005245','AU','N','1','TE','*','*,','00301039_2','付款交易金额超限授权','1','900001','2020-05-25','批量新增'),
('005246','AU','N','1','TE','*','*,','00301039_2','联网核查手工通过','1','900001','2020-05-25','批量新增'),
('005247','AU','N','1','TE','*','*,','00301039_2','人脸识别手工通过','1','900001','2020-05-25','批量新增'),
('005248','AU','N','1','TE','*','*,','00301039_1','联网核查手工通过','1','900001','2020-05-25','批量新增'),
('005249','AU','N','1','TE','*','*,','00301039_1','人脸识别手工通过','1','900001','2020-05-25','批量新增'),
('005000','AU','N','1','TE','*','*,','00301041','金额超限','1','900001','2020-05-25','批量新增'),
('005251','AU','N','1','TE','*','*,','00301041','联网核查手工通过','1','900001','2020-05-25','批量新增'),
('005252','AU','N','1','TE','*','*,','00301041','人脸识别手工通过','1','900001','2020-05-25','批量新增'),
('005000','AU','N','1','TE','*','*,','00301045_1','金额超限','1','900001','2020-05-25','批量新增'),
('005254','AU','N','1','TE','*','*,','00301045_1','当资金来源为存折时，手输账号触发授权。','1','900001','2020-05-25','批量新增'),
('005255','AU','N','1','TE','*','*,','00301045_1','交易授权','1','900001','2020-05-25','批量新增'),
('005256','AU','N','1','TE','*','*,','00301045_1','联网核查手工通过','1','900001','2020-05-25','批量新增'),
('005257','AU','N','1','TE','*','*,','00301045_1','人脸识别手工通过','1','900001','2020-05-25','批量新增'),
('005000','AU','N','1','TE','*','*,','00301046','金额超限','1','900001','2020-05-25','批量新增'),
('005259','AU','N','1','TE','*','*,','00301046','联网核查手工通过','1','900001','2020-05-25','批量新增'),
('005260','AU','N','1','TE','*','*,','00301046','人脸识别手工通过','1','900001','2020-05-25','批量新增'),
('005261','AU','N','1','TE','*','*,','00301047','交易授权','1','900001','2020-05-25','批量新增'),
('005262','AU','N','1','TE','*','*,','00301047','联网核查手工通过','1','900001','2020-05-25','批量新增'),
('005263','AU','N','1','TE','*','*,','00301047','人脸识别手工通过','1','900001','2020-05-25','批量新增'),
('005000','AU','N','1','TE','*','*,','00301053_2','金额超限','1','900001','2020-05-25','批量新增'),
('005000','AU','N','1','TE','*','*,','00301055','金额超限','1','900001','2020-05-25','批量新增'),
('005265','AU','N','1','TE','*','*,','00301053_2','联网核查手工通过','1','900001','2020-05-25','批量新增'),
('005266','AU','N','1','TE','*','*,','00301053_2','人脸识别手工通过','1','900001','2020-05-25','批量新增'),
('005267','AU','N','1','TE','*','*,','00301055','当资金来源为存折时，手输账号触发授权。','1','900001','2020-05-25','批量新增'),
('005268','AU','N','1','TE','*','*,','00301055','当资金来源为内部账时触发授权','1','900001','2020-05-25','批量新增'),
('005269','AU','N','1','TE','*','*,','00301055','联网核查手工通过','1','900001','2020-05-25','批量新增'),
('005270','AU','N','1','TE','*','*,','00301055','人脸识别手工通过','1','900001','2020-05-25','批量新增'),
('005271','AU','N','1','TE','*','*,','00301065','手输卡号需要授权','1','900001','2020-05-25','批量新增'),
('005000','AU','N','1','TE','*','*,','00301065','金额超限','1','900001','2020-05-25','批量新增'),
('005273','AU','N','1','TE','*','*,','00301065','联网核查手工通过','1','900001','2020-05-25','批量新增'),
('005274','AU','N','1','TE','*','*,','00301065','人脸识别手工通过','1','900001','2020-05-25','批量新增'),
('005000','AU','N','1','TE','*','*,','00301066','金额超限','1','900001','2020-05-25','批量新增'),
('005276','AU','N','1','TE','*','*,','00301066','联网核查手工通过','1','900001','2020-05-25','批量新增'),
('005277','AU','N','1','TE','*','*,','00301066','人脸识别手工通过','1','900001','2020-05-25','批量新增'),
('005278','AU','N','1','TE','*','*,','00401051','交易授权','1','900001','2020-05-25','批量新增'),
('005279','AU','N','1','TE','*','*,','00401051','联网核查手工通过','1','900001','2020-05-25','批量新增'),
('005280','AU','N','1','TE','*','*,','00401051','人脸识别手工通过','1','900001','2020-05-25','批量新增'),
('005281','AU','N','1','TE','*','*,','00401052','交易授权','1','900001','2020-05-25','批量新增'),
('005282','AU','N','1','TE','*','*,','00401052','联网核查手工通过','1','900001','2020-05-25','批量新增'),
('005283','AU','N','1','TE','*','*,','00401052','人脸识别手工通过','1','900001','2020-05-25','批量新增'),
('005284','AU','N','1','TE','*','*,','00401053','交易授权','1','900001','2020-05-25','批量新增'),
('005285','AU','N','1','TE','*','*,','00401053','联网核查手工通过','1','900001','2020-05-25','批量新增'),
('005286','AU','N','1','TE','*','*,','00401053','人脸识别手工通过','1','900001','2020-05-25','批量新增'),
('005287','AU','N','1','TE','*','*,','00401054','交易授权','1','900001','2020-05-25','批量新增'),
('005288','AU','N','1','TE','*','*,','00401054','联网核查手工通过','1','900001','2020-05-25','批量新增'),
('005289','AU','N','1','TE','*','*,','00401054','人脸识别手工通过','1','900001','2020-05-25','批量新增'),
('005290','AU','N','1','TE','*','*,','00401055','','1','900001','2020-05-25','批量新增'),
('005291','AU','N','1','TE','*','*,','00401055','联网核查手工通过','1','900001','2020-05-25','批量新增'),
('005292','AU','N','1','TE','*','*,','00401055','人脸识别手工通过','1','900001','2020-05-25','批量新增'),
('005293','AU','N','1','TE','*','*,','00401064','交易授权','1','900001','2020-05-25','批量新增'),
('005294','AU','N','1','TE','*','*,','00401064','联网核查手工通过','1','900001','2020-05-25','批量新增'),
('005295','AU','N','1','TE','*','*,','00401064','人脸识别手工通过','1','900001','2020-05-25','批量新增'),
('005296','AU','N','1','TE','*','*,','00401065','交易授权','1','900001','2020-05-25','批量新增'),
('005297','AU','N','1','TE','*','*,','00401065','联网核查手工通过','1','900001','2020-05-25','批量新增'),
('005298','AU','N','1','TE','*','*,','00401065','人脸识别手工通过','1','900001','2020-05-25','批量新增'),
('005299','AU','N','1','TE','*','*,','00401067','结息时授权','1','900001','2020-05-25','批量新增'),
('005300','AU','N','1','TE','*','*,','00401067','联网核查手工通过','1','900001','2020-05-25','批量新增'),
('005301','AU','N','1','TE','*','*,','00401067','人脸识别手工通过','1','900001','2020-05-25','批量新增'),
('005302','AU','N','1','TE','*','*,','00401068','传票套记账','1','900001','2020-05-25','批量新增'),
('005303','AU','N','1','TE','*','*,','00401068','联网核查手工通过','1','900001','2020-05-25','批量新增'),
('005304','AU','N','1','TE','*','*,','00401068','人脸识别手工通过','1','900001','2020-05-25','批量新增'),
('005305','AU','N','1','TE','*','*,','00401069','交易授权','1','900001','2020-05-25','批量新增'),
('005306','AU','N','1','TE','*','*,','00401069','内部账记账现金时授权','1','900001','2020-05-25','批量新增'),
('005307','AU','N','1','TE','*','*,','00401069','内部账记账，现转标志为转账，且对方账号非内部账号','1','900001','2020-05-25','批量新增'),
('005308','AU','N','1','TE','*','*,','00401069','内部账记账，现转标志为转账，且对方账号为内部账号时，根据金额授权','1','900001','2020-05-25','批量新增'),
('005309','AU','N','1','TE','*','*,','00401069','联网核查手工通过','1','900001','2020-05-25','批量新增'),
('005310','AU','N','1','TE','*','*,','00401069','人脸识别手工通过','1','900001','2020-05-25','批量新增'),
('005000','AU','N','1','TE','*','*,','00401070','金额超限','1','900001','2020-05-25','批量新增'),
('005312','AU','N','1','TE','*','*,','00401070','交易授权','1','900001','2020-05-25','批量新增'),
('005313','AU','N','1','TE','*','*,','00401070','联网核查手工通过','1','900001','2020-05-25','批量新增'),
('005314','AU','N','1','TE','*','*,','00401070','人脸识别手工通过','1','900001','2020-05-25','批量新增'),
('005315','AU','N','1','TE','*','*,','00401071','交易授权','1','900001','2020-05-25','批量新增'),
('005316','AU','N','1','TE','*','*,','00401071','联网核查手工通过','1','900001','2020-05-25','批量新增'),
('005317','AU','N','1','TE','*','*,','00401071','人脸识别手工通过','1','900001','2020-05-25','批量新增'),
('005318','AU','N','1','TE','*','*,','00401076','交易授权','1','900001','2020-05-25','批量新增'),
('005319','AU','N','1','TE','*','*,','00401076','联网核查手工通过','1','900001','2020-05-25','批量新增'),
('005320','AU','N','1','TE','*','*,','00401076','人脸识别手工通过','1','900001','2020-05-25','批量新增'),
('005321','AU','N','1','TE','*','*,','00508004','使用保证金还欠费','1','900001','2020-05-25','批量新增'),
('005322','AU','N','1','TE','*','*,','00508004','金额授权','1','900001','2020-05-25','批量新增'),
('005323','AU','N','1','TE','*','*,','00508004','联网核查手工通过','1','900001','2020-05-25','批量新增'),
('005324','AU','N','1','TE','*','*,','00508004','人脸识别手工通过','1','900001','2020-05-25','批量新增'),
('005325','AU','N','1','TE','*','*,','00508006','交易授权','1','900001','2020-05-25','批量新增'),
('005326','AU','N','1','TE','*','*,','00508006','联网核查手工通过','1','900001','2020-05-25','批量新增'),
('005327','AU','N','1','TE','*','*,','00508006','人脸识别手工通过','1','900001','2020-05-25','批量新增'),
('005328','AU','N','1','TE','*','*,','00508007','交易授权','1','900001','2020-05-25','批量新增'),
('005329','AU','N','1','TE','*','*,','00508007','联网核查手工通过','1','900001','2020-05-25','批量新增'),
('005330','AU','N','1','TE','*','*,','00508007','人脸识别手工通过','1','900001','2020-05-25','批量新增'),
('005331','AU','N','1','TE','*','*,','00508010','交易授权','1','900001','2020-05-25','批量新增'),
('005332','AU','N','1','TE','*','*,','00508010','联网核查手工通过','1','900001','2020-05-25','批量新增'),
('005333','AU','N','1','TE','*','*,','00508010','人脸识别手工通过','1','900001','2020-05-25','批量新增'),
('005334','AU','N','1','TE','*','*,','00508012','交易授权','1','900001','2020-05-25','批量新增'),
('005335','AU','N','1','TE','*','*,','00508012','联网核查手工通过','1','900001','2020-05-25','批量新增'),
('005336','AU','N','1','TE','*','*,','00508012','人脸识别手工通过','1','900001','2020-05-25','批量新增'),
('005337','AU','N','1','TE','*','*,','00509003','交易授权','1','900001','2020-05-25','批量新增'),
('005338','AU','N','1','TE','*','*,','00509003','联网核查手工通过','1','900001','2020-05-25','批量新增'),
('005339','AU','N','1','TE','*','*,','00509003','人脸识别手工通过','1','900001','2020-05-25','批量新增'),
('005340','AU','N','1','TE','*','*,','00509012','金额授权','1','900001','2020-05-25','批量新增'),
('005341','AU','N','1','TE','*','*,','00509012','手输存折账号需要授权','1','900001','2020-05-25','批量新增'),
('005342','AU','N','1','TE','*','*,','00509012','联网核查手工通过','1','900001','2020-05-25','批量新增'),
('005343','AU','N','1','TE','*','*,','00509012','人脸识别手工通过','1','900001','2020-05-25','批量新增'),
('005344','AU','N','1','TE','*','*,','00509012','金额授权','1','900001','2020-05-25','批量新增'),
('005345','AU','N','1','TE','*','*,','00601023','金额大于5万','1','900001','2020-05-25','批量新增'),
('005346','AU','N','1','TE','*','*,','00601023','联网核查手工通过','1','900001','2020-05-25','批量新增'),
('005347','AU','N','1','TE','*','*,','00601023','人脸识别手工通过','1','900001','2020-05-25','批量新增'),
('005348','AU','N','1','TE','*','*,','00604001','交易授权','1','900001','2020-05-25','批量新增'),
('005349','AU','N','1','TE','*','*,','00604001','联网核查手工通过','1','900001','2020-05-25','批量新增'),
('005350','AU','N','1','TE','*','*,','00604001','人脸识别手工通过','1','900001','2020-05-25','批量新增'),
('005351','AU','N','1','TE','*','*,','00604002','交易授权','1','900001','2020-05-25','批量新增'),
('005352','AU','N','1','TE','*','*,','00604002','联网核查手工通过','1','900001','2020-05-25','批量新增'),
('005353','AU','N','1','TE','*','*,','00604002','人脸识别手工通过','1','900001','2020-05-25','批量新增'),
('005354','AU','N','1','TE','*','*,','00604003','交易授权','1','900001','2020-05-25','批量新增'),
('005355','AU','N','1','TE','*','*,','00604003','联网核查手工通过','1','900001','2020-05-25','批量新增'),
('005356','AU','N','1','TE','*','*,','00604003','人脸识别手工通过','1','900001','2020-05-25','批量新增'),
('005357','AU','N','1','TE','*','*,','00604004','交易授权','1','900001','2020-05-25','批量新增'),
('005358','AU','N','1','TE','*','*,','00604004','联网核查手工通过','1','900001','2020-05-25','批量新增'),
('005359','AU','N','1','TE','*','*,','00604004','人脸识别手工通过','1','900001','2020-05-25','批量新增'),
('005360','AU','N','1','TE','*','*,','00604005','交易授权','1','900001','2020-05-25','批量新增'),
('005361','AU','N','1','TE','*','*,','00604005','联网核查手工通过','1','900001','2020-05-25','批量新增'),
('005362','AU','N','1','TE','*','*,','00604005','人脸识别手工通过','1','900001','2020-05-25','批量新增'),
('005363','AU','N','1','TE','*','*,','00604006','交易授权','1','900001','2020-05-25','批量新增'),
('005364','AU','N','1','TE','*','*,','00604006','联网核查手工通过','1','900001','2020-05-25','批量新增'),
('005365','AU','N','1','TE','*','*,','00604006','人脸识别手工通过','1','900001','2020-05-25','批量新增'),
('005366','AU','N','1','TE','*','*,','00604009','交易授权','1','900001','2020-05-25','批量新增'),
('005367','AU','N','1','TE','*','*,','00604009','联网核查手工通过','1','900001','2020-05-25','批量新增'),
('005368','AU','N','1','TE','*','*,','00604009','人脸识别手工通过','1','900001','2020-05-25','批量新增'),
('005369','AU','N','1','TE','*','*,','00604015','交易授权','1','900001','2020-05-25','批量新增'),
('005370','AU','N','1','TE','*','*,','00604015','联网核查手工通过','1','900001','2020-05-25','批量新增'),
('005371','AU','N','1','TE','*','*,','00604015','人脸识别手工通过','1','900001','2020-05-25','批量新增'),
('005372','AU','N','1','TE','*','*,','09908008','联网核查手工通过','1','900001','2020-05-25','批量新增'),
('005373','AU','N','1','TE','*','*,','09908009','联网核查手工通过','1','900001','2020-05-25','批量新增');

-- IB_OM_RULECOND_INFO insert
INSERT INTO   `pub_db`.`IB_OM_RULECOND_INFO` (`OPRTN_COND_NO`,`DICTRY_NM`,`OPER_SYM_1`,`CMPR_VAL`,`OPER_SYM_2`,`VALUE2`,`TRAN_CD`,`COND_DESCR`,`OPER_TELR_NO`,`OPER_DT`,`OPER_RSN`,`CMPR_VAL_DATA_DICTRY_FLG`,`PUB_DICTRY_FLG`,`DICTRY_DESCR`) VALUES
('AU05100','CASH_TRAN_FLG','==','0','','','','现金支付触发授权','','2020-05-25','批量新增','1','0','现金支付'),
('AU05100','TX_AMT','>=','50000','<=','100000','','金额超限触发授权','','2020-05-25','批量新增','1','0','交易金额'),
('AU05100','CUR_CD','==','156','','','','币种授权','','2020-05-25','批量新增','1','0','币种-人民币'),
('AU05100','faceChkRslt','in','2,','','','','现金金额[50000-100000] 人脸识别未通过授权','','2020-05-25','批量新增','1','0','人脸识别'),
('AU05101','CASH_TRAN_FLG','==','0','','','','现金支付触发授权','','2020-05-25','批量新增','1','0','现金支付'),
('AU05101','TX_AMT','>','100000','<=','500000','','金额超限触发授权','','2020-05-25','批量新增','1','0','交易金额'),
('AU05101','CUR_CD','==','156','','','','币种授权','','2020-05-25','批量新增','1','0','币种-人民币'),
('AU05102','CASH_TRAN_FLG','==','0','','','','现金支付触发授权','','2020-05-25','批量新增','1','0','现金支付'),
('AU05102','TX_AMT','>','500000','<=','2000000','','金额超限触发授权','','2020-05-25','批量新增','1','0','交易金额'),
('AU05102','CUR_CD','==','156','','','','币种授权','','2020-05-25','批量新增','1','0','币种-人民币'),
('AU05103','CASH_TRAN_FLG','==','0','','','','现金支付触发授权','','2020-05-25','批量新增','1','0','现金支付'),
('AU05103','TX_AMT','>','2000000','<=','20000000','','金额超限触发授权','','2020-05-25','批量新增','1','0','交易金额'),
('AU05103','CUR_CD','==','156','','','','币种授权','','2020-05-25','批量新增','1','0','币种-人民币'),
('AU05104','CASH_TRAN_FLG','==','0','','','','现金支付触发授权','','2020-05-25','批量新增','1','0','现金支付'),
('AU05104','TX_AMT','>','20000000','<=','50000000','','金额超限触发授权','','2020-05-25','批量新增','1','0','交易金额'),
('AU05104','CUR_CD','==','156','','','','币种授权','','2020-05-25','批量新增','1','0','币种-人民币'),
('AU05105','CASH_TRAN_FLG','==','0','','','','现金支付触发授权','','2020-05-25','批量新增','1','0','现金支付'),
('AU05105','TX_AMT','>','50000000','<=','100000000','','金额超限触发授权','','2020-05-25','批量新增','1','0','交易金额'),
('AU05105','CUR_CD','==','156','','','','币种授权','','2020-05-25','批量新增','1','0','币种-人民币'),
('AU05106','CASH_TRAN_FLG','==','0','','','','现金支付触发授权','','2020-05-25','批量新增','1','0','现金支付'),
('AU05106','TX_AMT','>','100000000','<=','200000000','','金额超限触发授权','','2020-05-25','批量新增','1','0','交易金额'),
('AU05106','CUR_CD','==','156','','','','币种授权','','2020-05-25','批量新增','1','0','币种-人民币'),
('AU05107','CASH_TRAN_FLG','==','0','','','','现金支付触发授权','','2020-05-25','批量新增','1','0','现金支付'),
('AU05107','TX_AMT','>','200000000','<=','400000000','','金额超限触发授权','','2020-05-25','批量新增','1','0','交易金额'),
('AU05107','CUR_CD','==','156','','','','币种授权','','2020-05-25','批量新增','1','0','币种-人民币'),
('AU05108','CASH_TRAN_FLG','==','0','','','','现金支付触发授权','','2020-05-25','批量新增','1','0','现金支付'),
('AU05108','TX_AMT','>','400000000','<=','400000000000','','金额超限触发授权','','2020-05-25','批量新增','1','0','交易金额'),
('AU05108','CUR_CD','==','156','','','','币种授权','','2020-05-25','批量新增','1','0','币种-人民币'),
('AU05109','CASH_TRAN_FLG','==','1','','','','转账触发授权','','2020-05-25','批量新增','1','0','转账标识'),
('AU05109','TX_AMT','>=','50000','<=','200000','','金额超限触发授权','','2020-05-25','批量新增','1','0','交易金额'),
('AU05109','CUR_CD','==','156','','','','币种授权','','2020-05-25','批量新增','1','0','币种-人民币'),
('AU05109','faceChkRslt','in','2,','','','','转账金额[50000-200000] 人脸识别未通过授权','','2020-05-25','批量新增','1','0','人脸识别'),
('AU05110','CASH_TRAN_FLG','==','1','','','','转账触发授权','','2020-05-25','批量新增','1','0','转账标识'),
('AU05110','TX_AMT','>','200000','<=','1000000','','金额超限触发授权','','2020-05-25','批量新增','1','0','交易金额'),
('AU05110','CUR_CD','==','156','','','','币种授权','','2020-05-25','批量新增','1','0','币种-人民币'),
('AU05111','CASH_TRAN_FLG','==','1','','','','转账触发授权','','2020-05-25','批量新增','1','0','转账标识'),
('AU05111','TX_AMT','>','1000000','<=','4000000','','金额超限触发授权','','2020-05-25','批量新增','1','0','交易金额'),
('AU05111','CUR_CD','==','156','','','','币种授权','','2020-05-25','批量新增','1','0','币种-人民币'),
('AU05112','CASH_TRAN_FLG','==','1','','','','转账触发授权','','2020-05-25','批量新增','1','0','转账标识'),
('AU05112','TX_AMT','>','4000000','<=','40000000','','金额超限触发授权','','2020-05-25','批量新增','1','0','交易金额'),
('AU05112','CUR_CD','==','156','','','','币种授权','','2020-05-25','批量新增','1','0','币种-人民币'),
('AU05113','CASH_TRAN_FLG','==','1','','','','转账触发授权','','2020-05-25','批量新增','1','0','转账标识'),
('AU05113','TX_AMT','>','40000000','<=','100000000','','金额超限触发授权','','2020-05-25','批量新增','1','0','交易金额'),
('AU05113','CUR_CD','==','156','','','','币种授权','','2020-05-25','批量新增','1','0','币种-人民币'),
('AU05114','CASH_TRAN_FLG','==','1','','','','转账触发授权','','2020-05-25','批量新增','1','0','转账标识'),
('AU05114','TX_AMT','>','100000000','<=','200000000','','金额超限触发授权','','2020-05-25','批量新增','1','0','交易金额'),
('AU05114','CUR_CD','==','156','','','','币种授权','','2020-05-25','批量新增','1','0','币种-人民币'),
('AU05115','CASH_TRAN_FLG','==','1','','','','转账触发授权','','2020-05-25','批量新增','1','0','转账标识'),
('AU05115','TX_AMT','>','200000000','<=','400000000','','金额超限触发授权','','2020-05-25','批量新增','1','0','交易金额'),
('AU05115','CUR_CD','==','156','','','','币种授权','','2020-05-25','批量新增','1','0','币种-人民币'),
('AU05116','CASH_TRAN_FLG','==','1','','','','转账触发授权','','2020-05-25','批量新增','1','0','转账标识'),
('AU05116','TX_AMT','>','400000000','<=','800000000','','金额超限触发授权','','2020-05-25','批量新增','1','0','交易金额'),
('AU05116','CUR_CD','==','156','','','','币种授权','','2020-05-25','批量新增','1','0','币种-人民币'),
('AU05117','CASH_TRAN_FLG','==','1','','','','转账触发授权','','2020-05-25','批量新增','1','0','转账标识'),
('AU05117','TX_AMT','>','800000000','<=','8000000000000','','金额超限触发授权','','2020-05-25','批量新增','1','0','交易金额'),
('AU05117','CUR_CD','==','156','','','','币种授权','','2020-05-25','批量新增','1','0','币种-人民币'),
('AU05118','CASH_TRAN_FLG','==','0','','','','现金支付触发授权','','2020-05-25','批量新增','1','0','现金支付'),
('AU05118','TX_AMT','>=','1000','<=','5000','','金额超限触发授权','','2020-05-25','批量新增','1','0','交易金额'),
('AU05118','CUR_CD','==','840','','','','币种授权','','2020-05-25','批量新增','1','0','币种-美元'),
('AU05119','CASH_TRAN_FLG','==','0','','','','现金支付触发授权','','2020-05-25','批量新增','1','0','现金支付'),
('AU05119','TX_AMT','>','5000','<=','20000','','金额超限触发授权','','2020-05-25','批量新增','1','0','交易金额'),
('AU05119','CUR_CD','==','840','','','','币种授权','','2020-05-25','批量新增','1','0','币种-美元'),
('AU05120','CASH_TRAN_FLG','==','0','','','','现金支付触发授权','','2020-05-25','批量新增','1','0','现金支付'),
('AU05120','TX_AMT','>','20000','<=','200000','','金额超限触发授权','','2020-05-25','批量新增','1','0','交易金额'),
('AU05120','CUR_CD','==','840','','','','币种授权','','2020-05-25','批量新增','1','0','币种-美元'),
('AU05121','CASH_TRAN_FLG','==','0','','','','现金支付触发授权','','2020-05-25','批量新增','1','0','现金支付'),
('AU05121','TX_AMT','>','200000','<=','500000','','金额超限触发授权','','2020-05-25','批量新增','1','0','交易金额'),
('AU05121','CUR_CD','==','840','','','','币种授权','','2020-05-25','批量新增','1','0','币种-美元'),
('AU05122','CASH_TRAN_FLG','==','0','','','','现金支付触发授权','','2020-05-25','批量新增','1','0','现金支付'),
('AU05122','TX_AMT','>','500000','<=','1000000','','金额超限触发授权','','2020-05-25','批量新增','1','0','交易金额'),
('AU05122','CUR_CD','==','840','','','','币种授权','','2020-05-25','批量新增','1','0','币种-美元'),
('AU05123','CASH_TRAN_FLG','==','0','','','','现金支付触发授权','','2020-05-25','批量新增','1','0','现金支付'),
('AU05123','TX_AMT','>','1000000','<=','20000000','','金额超限触发授权','','2020-05-25','批量新增','1','0','交易金额'),
('AU05123','CUR_CD','==','840','','','','币种授权','','2020-05-25','批量新增','1','0','币种-美元'),
('AU05124','CASH_TRAN_FLG','==','0','','','','现金支付触发授权','','2020-05-25','批量新增','1','0','现金支付'),
('AU05124','TX_AMT','>','20000000','<=','40000000','','金额超限触发授权','','2020-05-25','批量新增','1','0','交易金额'),
('AU05124','CUR_CD','==','840','','','','币种授权','','2020-05-25','批量新增','1','0','币种-美元'),
('AU05125','CASH_TRAN_FLG','==','0','','','','现金支付触发授权','','2020-05-25','批量新增','1','0','现金支付'),
('AU05125','TX_AMT','>','400000000','<=','400000000000','','金额超限触发授权','','2020-05-25','批量新增','1','0','交易金额'),
('AU05125','CUR_CD','==','840','','','','币种授权','','2020-05-25','批量新增','1','0','币种-美元'),
('AU05126','CASH_TRAN_FLG','==','1','','','','转账触发授权','','2020-05-25','批量新增','1','0','转账标识'),
('AU05126','TX_AMT','>=','5000','<=','10000','','金额超限触发授权','','2020-05-25','批量新增','1','0','交易金额'),
('AU05126','CUR_CD','==','840','','','','币种授权','','2020-05-25','批量新增','1','0','币种-美元'),
('AU05127','CASH_TRAN_FLG','==','1','','','','转账触发授权','','2020-05-25','批量新增','1','0','转账标识'),
('AU05127','TX_AMT','>','10000','<=','40000','','金额超限触发授权','','2020-05-25','批量新增','1','0','交易金额'),
('AU05127','CUR_CD','==','840','','','','币种授权','','2020-05-25','批量新增','1','0','币种-美元'),
('AU05128','CASH_TRAN_FLG','==','1','','','','转账触发授权','','2020-05-25','批量新增','1','0','转账标识'),
('AU05128','TX_AMT','>','40000','<=','400000','','金额超限触发授权','','2020-05-25','批量新增','1','0','交易金额'),
('AU05128','CUR_CD','==','840','','','','币种授权','','2020-05-25','批量新增','1','0','币种-美元'),
('AU05129','CASH_TRAN_FLG','==','1','','','','转账触发授权','','2020-05-25','批量新增','1','0','转账标识'),
('AU05129','TX_AMT','>','400000','<=','1000000','','金额超限触发授权','','2020-05-25','批量新增','1','0','交易金额'),
('AU05129','CUR_CD','==','840','','','','币种授权','','2020-05-25','批量新增','1','0','币种-美元'),
('AU05130','CASH_TRAN_FLG','==','1','','','','转账触发授权','','2020-05-25','批量新增','1','0','转账标识'),
('AU05130','TX_AMT','>','1000000','<=','2000000','','金额超限触发授权','','2020-05-25','批量新增','1','0','交易金额'),
('AU05130','CUR_CD','==','840','','','','币种授权','','2020-05-25','批量新增','1','0','币种-美元'),
('AU05131','CASH_TRAN_FLG','==','1','','','','转账触发授权','','2020-05-25','批量新增','1','0','转账标识'),
('AU05131','TX_AMT','>','2000000','<=','40000000','','金额超限触发授权','','2020-05-25','批量新增','1','0','交易金额'),
('AU05131','CUR_CD','==','840','','','','币种授权','','2020-05-25','批量新增','1','0','币种-美元'),
('AU05132','CASH_TRAN_FLG','==','1','','','','转账触发授权','','2020-05-25','批量新增','1','0','转账标识'),
('AU05132','TX_AMT','>','40000000','<=','80000000','','金额超限触发授权','','2020-05-25','批量新增','1','0','交易金额'),
('AU05132','CUR_CD','==','840','','','','币种授权','','2020-05-25','批量新增','1','0','币种-美元'),
('AU05133','CASH_TRAN_FLG','==','1','','','','转账触发授权','','2020-05-25','批量新增','1','0','转账标识'),
('AU05133','TX_AMT','>','800000000','<=','8000000000000','','金额超限触发授权','','2020-05-25','批量新增','1','0','交易金额'),
('AU05133','CUR_CD','==','840','','','','币种授权','','2020-05-25','批量新增','1','0','币种-美元'),
('AU05134','CASH_TRAN_FLG','==','0','','','','现金支付触发授权','','2020-05-25','批量新增','1','0','现金支付'),
('AU05134','TX_AMT','>=','100000','<=','500000','','金额超限触发授权','','2020-05-25','批量新增','1','0','交易金额'),
('AU05134','CUR_CD','==','392','','','','币种授权','','2020-05-25','批量新增','1','0','币种-日元'),
('AU05135','CASH_TRAN_FLG','==','0','','','','现金支付触发授权','','2020-05-25','批量新增','1','0','现金支付'),
('AU05135','TX_AMT','>','500000','<=','2000000','','金额超限触发授权','','2020-05-25','批量新增','1','0','交易金额'),
('AU05135','CUR_CD','==','392','','','','币种授权','','2020-05-25','批量新增','1','0','币种-日元'),
('AU05136','CASH_TRAN_FLG','==','0','','','','现金支付触发授权','','2020-05-25','批量新增','1','0','现金支付'),
('AU05136','TX_AMT','>','2000000','<=','20000000','','金额超限触发授权','','2020-05-25','批量新增','1','0','交易金额'),
('AU05136','CUR_CD','==','392','','','','币种授权','','2020-05-25','批量新增','1','0','币种-日元'),
('AU05137','CASH_TRAN_FLG','==','0','','','','现金支付触发授权','','2020-05-25','批量新增','1','0','现金支付'),
('AU05137','TX_AMT','>','20000000','<=','50000000','','金额超限触发授权','','2020-05-25','批量新增','1','0','交易金额'),
('AU05137','CUR_CD','==','392','','','','币种授权','','2020-05-25','批量新增','1','0','币种-日元'),
('AU05138','CASH_TRAN_FLG','==','0','','','','现金支付触发授权','','2020-05-25','批量新增','1','0','现金支付'),
('AU05138','TX_AMT','>','50000000','<=','100000000','','金额超限触发授权','','2020-05-25','批量新增','1','0','交易金额'),
('AU05138','CUR_CD','==','392','','','','币种授权','','2020-05-25','批量新增','1','0','币种-日元'),
('AU05139','CASH_TRAN_FLG','==','0','','','','现金支付触发授权','','2020-05-25','批量新增','1','0','现金支付'),
('AU05139','TX_AMT','>','100000000','<=','2000000000','','金额超限触发授权','','2020-05-25','批量新增','1','0','交易金额'),
('AU05139','CUR_CD','==','392','','','','币种授权','','2020-05-25','批量新增','1','0','币种-日元'),
('AU05140','CASH_TRAN_FLG','==','0','','','','现金支付触发授权','','2020-05-25','批量新增','1','0','现金支付'),
('AU05140','TX_AMT','>','2000000000','<=','4000000000','','金额超限触发授权','','2020-05-25','批量新增','1','0','交易金额'),
('AU05140','CUR_CD','==','392','','','','币种授权','','2020-05-25','批量新增','1','0','币种-日元'),
('AU05141','CASH_TRAN_FLG','==','0','','','','现金支付触发授权','','2020-05-25','批量新增','1','0','现金支付'),
('AU05141','TX_AMT','>','400000000','<=','400000000000','','金额超限触发授权','','2020-05-25','批量新增','1','0','交易金额'),
('AU05141','CUR_CD','==','392','','','','币种授权','','2020-05-25','批量新增','1','0','币种-日元'),
('AU05142','CASH_TRAN_FLG','==','1','','','','转账触发授权','','2020-05-25','批量新增','1','0','转账标识'),
('AU05142','TX_AMT','>=','500000','<=','1000000','','金额超限触发授权','','2020-05-25','批量新增','1','0','交易金额'),
('AU05142','CUR_CD','==','392','','','','币种授权','','2020-05-25','批量新增','1','0','币种-日元'),
('AU05143','CASH_TRAN_FLG','==','1','','','','转账触发授权','','2020-05-25','批量新增','1','0','转账标识'),
('AU05143','TX_AMT','>','1000000','<=','4000000','','金额超限触发授权','','2020-05-25','批量新增','1','0','交易金额'),
('AU05143','CUR_CD','==','392','','','','币种授权','','2020-05-25','批量新增','1','0','币种-日元'),
('AU05144','CASH_TRAN_FLG','==','1','','','','转账触发授权','','2020-05-25','批量新增','1','0','转账标识'),
('AU05144','TX_AMT','>','4000000','<=','40000000','','金额超限触发授权','','2020-05-25','批量新增','1','0','交易金额'),
('AU05144','CUR_CD','==','392','','','','币种授权','','2020-05-25','批量新增','1','0','币种-日元'),
('AU05145','CASH_TRAN_FLG','==','1','','','','转账触发授权','','2020-05-25','批量新增','1','0','转账标识'),
('AU05145','TX_AMT','>','40000000','<=','100000000','','金额超限触发授权','','2020-05-25','批量新增','1','0','交易金额'),
('AU05145','CUR_CD','==','392','','','','币种授权','','2020-05-25','批量新增','1','0','币种-日元'),
('AU05146','CASH_TRAN_FLG','==','1','','','','转账触发授权','','2020-05-25','批量新增','1','0','转账标识'),
('AU05146','TX_AMT','>','100000000','<=','200000000','','金额超限触发授权','','2020-05-25','批量新增','1','0','交易金额'),
('AU05146','CUR_CD','==','392','','','','币种授权','','2020-05-25','批量新增','1','0','币种-日元'),
('AU05147','CASH_TRAN_FLG','==','1','','','','转账触发授权','','2020-05-25','批量新增','1','0','转账标识'),
('AU05147','TX_AMT','>','200000000','<=','4000000000','','金额超限触发授权','','2020-05-25','批量新增','1','0','交易金额'),
('AU05147','CUR_CD','==','392','','','','币种授权','','2020-05-25','批量新增','1','0','币种-日元'),
('AU05148','CASH_TRAN_FLG','==','1','','','','转账触发授权','','2020-05-25','批量新增','1','0','转账标识'),
('AU05148','TX_AMT','>','4000000000','<=','8000000000','','金额超限触发授权','','2020-05-25','批量新增','1','0','交易金额'),
('AU05148','CUR_CD','==','392','','','','币种授权','','2020-05-25','批量新增','1','0','币种-日元'),
('AU05149','CASH_TRAN_FLG','==','1','','','','转账触发授权','','2020-05-25','批量新增','1','0','转账标识'),
('AU05149','TX_AMT','>','800000000','<=','8000000000000','','金额超限触发授权','','2020-05-25','批量新增','1','0','交易金额'),
('AU05149','CUR_CD','==','392','','','','币种授权','','2020-05-25','批量新增','1','0','币种-日元'),
('AU05150','CASH_TRAN_FLG','==','0','','','','现金支付触发授权','','2020-05-25','批量新增','1','0','现金支付'),
('AU05150','TX_AMT','>=','1000','<=','5000','','金额超限触发授权','','2020-05-25','批量新增','1','0','交易金额'),
('AU05150','CUR_CD','==','978','','','','币种授权','','2020-05-25','批量新增','1','0','币种-欧元'),
('AU05151','CASH_TRAN_FLG','==','0','','','','现金支付触发授权','','2020-05-25','批量新增','1','0','现金支付'),
('AU05151','TX_AMT','>','5000','<=','20000','','金额超限触发授权','','2020-05-25','批量新增','1','0','交易金额'),
('AU05151','CUR_CD','==','978','','','','币种授权','','2020-05-25','批量新增','1','0','币种-欧元'),
('AU05152','CASH_TRAN_FLG','==','0','','','','现金支付触发授权','','2020-05-25','批量新增','1','0','现金支付'),
('AU05152','TX_AMT','>','20000','<=','200000','','金额超限触发授权','','2020-05-25','批量新增','1','0','交易金额'),
('AU05152','CUR_CD','==','978','','','','币种授权','','2020-05-25','批量新增','1','0','币种-欧元'),
('AU05153','CASH_TRAN_FLG','==','0','','','','现金支付触发授权','','2020-05-25','批量新增','1','0','现金支付'),
('AU05153','TX_AMT','>','200000','<=','500000','','金额超限触发授权','','2020-05-25','批量新增','1','0','交易金额'),
('AU05153','CUR_CD','==','978','','','','币种授权','','2020-05-25','批量新增','1','0','币种-欧元'),
('AU05154','CASH_TRAN_FLG','==','0','','','','现金支付触发授权','','2020-05-25','批量新增','1','0','现金支付'),
('AU05154','TX_AMT','>','500000','<=','1000000','','金额超限触发授权','','2020-05-25','批量新增','1','0','交易金额'),
('AU05154','CUR_CD','==','978','','','','币种授权','','2020-05-25','批量新增','1','0','币种-欧元'),
('AU05155','CASH_TRAN_FLG','==','0','','','','现金支付触发授权','','2020-05-25','批量新增','1','0','现金支付'),
('AU05155','TX_AMT','>','1000000','<=','20000000','','金额超限触发授权','','2020-05-25','批量新增','1','0','交易金额'),
('AU05155','CUR_CD','==','978','','','','币种授权','','2020-05-25','批量新增','1','0','币种-欧元'),
('AU05156','CASH_TRAN_FLG','==','0','','','','现金支付触发授权','','2020-05-25','批量新增','1','0','现金支付'),
('AU05156','TX_AMT','>','20000000','<=','40000000','','金额超限触发授权','','2020-05-25','批量新增','1','0','交易金额'),
('AU05156','CUR_CD','==','978','','','','币种授权','','2020-05-25','批量新增','1','0','币种-欧元'),
('AU05157','CASH_TRAN_FLG','==','0','','','','现金支付触发授权','','2020-05-25','批量新增','1','0','现金支付'),
('AU05157','TX_AMT','>','400000000','<=','400000000000','','金额超限触发授权','','2020-05-25','批量新增','1','0','交易金额'),
('AU05157','CUR_CD','==','978','','','','币种授权','','2020-05-25','批量新增','1','0','币种-欧元'),
('AU05158','CASH_TRAN_FLG','==','1','','','','转账触发授权','','2020-05-25','批量新增','1','0','转账标识'),
('AU05158','TX_AMT','>=','5000','<=','10000','','金额超限触发授权','','2020-05-25','批量新增','1','0','交易金额'),
('AU05158','CUR_CD','==','978','','','','币种授权','','2020-05-25','批量新增','1','0','币种-欧元'),
('AU05159','CASH_TRAN_FLG','==','1','','','','转账触发授权','','2020-05-25','批量新增','1','0','转账标识'),
('AU05159','TX_AMT','>','10000','<=','40000','','金额超限触发授权','','2020-05-25','批量新增','1','0','交易金额'),
('AU05159','CUR_CD','==','978','','','','币种授权','','2020-05-25','批量新增','1','0','币种-欧元'),
('AU05160','CASH_TRAN_FLG','==','1','','','','转账触发授权','','2020-05-25','批量新增','1','0','转账标识'),
('AU05160','TX_AMT','>','40000','<=','400000','','金额超限触发授权','','2020-05-25','批量新增','1','0','交易金额'),
('AU05160','CUR_CD','==','978','','','','币种授权','','2020-05-25','批量新增','1','0','币种-欧元'),
('AU05161','CASH_TRAN_FLG','==','1','','','','转账触发授权','','2020-05-25','批量新增','1','0','转账标识'),
('AU05161','TX_AMT','>','400000','<=','1000000','','金额超限触发授权','','2020-05-25','批量新增','1','0','交易金额'),
('AU05161','CUR_CD','==','978','','','','币种授权','','2020-05-25','批量新增','1','0','币种-欧元'),
('AU05162','CASH_TRAN_FLG','==','1','','','','转账触发授权','','2020-05-25','批量新增','1','0','转账标识'),
('AU05162','TX_AMT','>','1000000','<=','2000000','','金额超限触发授权','','2020-05-25','批量新增','1','0','交易金额'),
('AU05162','CUR_CD','==','978','','','','币种授权','','2020-05-25','批量新增','1','0','币种-欧元'),
('AU05163','CASH_TRAN_FLG','==','1','','','','转账触发授权','','2020-05-25','批量新增','1','0','转账标识'),
('AU05163','TX_AMT','>','2000000','<=','40000000','','金额超限触发授权','','2020-05-25','批量新增','1','0','交易金额'),
('AU05163','CUR_CD','==','978','','','','币种授权','','2020-05-25','批量新增','1','0','币种-欧元'),
('AU05164','CASH_TRAN_FLG','==','1','','','','转账触发授权','','2020-05-25','批量新增','1','0','转账标识'),
('AU05164','TX_AMT','>','40000000','<=','80000000','','金额超限触发授权','','2020-05-25','批量新增','1','0','交易金额'),
('AU05164','CUR_CD','==','978','','','','币种授权','','2020-05-25','批量新增','1','0','币种-欧元'),
('AU05165','CASH_TRAN_FLG','==','1','','','','转账触发授权','','2020-05-25','批量新增','1','0','转账标识'),
('AU05165','TX_AMT','>','800000000','<=','8000000000000','','金额超限触发授权','','2020-05-25','批量新增','1','0','交易金额'),
('AU05165','CUR_CD','==','978','','','','币种授权','','2020-05-25','批量新增','1','0','币种-欧元'),
('AU05166','CASH_TRAN_FLG','==','0','','','','现金支付触发授权','','2020-05-25','批量新增','1','0','现金支付'),
('AU05166','TX_AMT','>=','1000','<=','5000','','金额超限触发授权','','2020-05-25','批量新增','1','0','交易金额'),
('AU05166','CUR_CD','==','036','','','','币种授权','','2020-05-25','批量新增','1','0','币种-澳大利亚元'),
('AU05167','CASH_TRAN_FLG','==','0','','','','现金支付触发授权','','2020-05-25','批量新增','1','0','现金支付'),
('AU05167','TX_AMT','>','5000','<=','20000','','金额超限触发授权','','2020-05-25','批量新增','1','0','交易金额'),
('AU05167','CUR_CD','==','036','','','','币种授权','','2020-05-25','批量新增','1','0','币种-澳大利亚元'),
('AU05168','CASH_TRAN_FLG','==','0','','','','现金支付触发授权','','2020-05-25','批量新增','1','0','现金支付'),
('AU05168','TX_AMT','>','20000','<=','200000','','金额超限触发授权','','2020-05-25','批量新增','1','0','交易金额'),
('AU05168','CUR_CD','==','036','','','','币种授权','','2020-05-25','批量新增','1','0','币种-澳大利亚元'),
('AU05169','CASH_TRAN_FLG','==','0','','','','现金支付触发授权','','2020-05-25','批量新增','1','0','现金支付'),
('AU05169','TX_AMT','>','200000','<=','500000','','金额超限触发授权','','2020-05-25','批量新增','1','0','交易金额'),
('AU05169','CUR_CD','==','036','','','','币种授权','','2020-05-25','批量新增','1','0','币种-澳大利亚元'),
('AU05170','CASH_TRAN_FLG','==','0','','','','现金支付触发授权','','2020-05-25','批量新增','1','0','现金支付'),
('AU05170','TX_AMT','>','500000','<=','1000000','','金额超限触发授权','','2020-05-25','批量新增','1','0','交易金额'),
('AU05170','CUR_CD','==','036','','','','币种授权','','2020-05-25','批量新增','1','0','币种-澳大利亚元'),
('AU05171','CASH_TRAN_FLG','==','0','','','','现金支付触发授权','','2020-05-25','批量新增','1','0','现金支付'),
('AU05171','TX_AMT','>','1000000','<=','20000000','','金额超限触发授权','','2020-05-25','批量新增','1','0','交易金额'),
('AU05171','CUR_CD','==','036','','','','币种授权','','2020-05-25','批量新增','1','0','币种-澳大利亚元'),
('AU05172','CASH_TRAN_FLG','==','0','','','','现金支付触发授权','','2020-05-25','批量新增','1','0','现金支付'),
('AU05172','TX_AMT','>','20000000','<=','40000000','','金额超限触发授权','','2020-05-25','批量新增','1','0','交易金额'),
('AU05172','CUR_CD','==','036','','','','币种授权','','2020-05-25','批量新增','1','0','币种-澳大利亚元'),
('AU05173','CASH_TRAN_FLG','==','0','','','','现金支付触发授权','','2020-05-25','批量新增','1','0','现金支付'),
('AU05173','TX_AMT','>','400000000','<=','400000000000','','金额超限触发授权','','2020-05-25','批量新增','1','0','交易金额'),
('AU05173','CUR_CD','==','036','','','','币种授权','','2020-05-25','批量新增','1','0','币种-澳大利亚元'),
('AU05174','CASH_TRAN_FLG','==','1','','','','转账触发授权','','2020-05-25','批量新增','1','0','转账标识'),
('AU05174','TX_AMT','>=','5000','<=','10000','','金额超限触发授权','','2020-05-25','批量新增','1','0','交易金额'),
('AU05174','CUR_CD','==','036','','','','币种授权','','2020-05-25','批量新增','1','0','币种-澳大利亚元'),
('AU05175','CASH_TRAN_FLG','==','1','','','','转账触发授权','','2020-05-25','批量新增','1','0','转账标识'),
('AU05175','TX_AMT','>','10000','<=','40000','','金额超限触发授权','','2020-05-25','批量新增','1','0','交易金额'),
('AU05175','CUR_CD','==','036','','','','币种授权','','2020-05-25','批量新增','1','0','币种-澳大利亚元'),
('AU05176','CASH_TRAN_FLG','==','1','','','','转账触发授权','','2020-05-25','批量新增','1','0','转账标识'),
('AU05176','TX_AMT','>','40000','<=','400000','','金额超限触发授权','','2020-05-25','批量新增','1','0','交易金额'),
('AU05176','CUR_CD','==','036','','','','币种授权','','2020-05-25','批量新增','1','0','币种-澳大利亚元'),
('AU05177','CASH_TRAN_FLG','==','1','','','','转账触发授权','','2020-05-25','批量新增','1','0','转账标识'),
('AU05177','TX_AMT','>','400000','<=','1000000','','金额超限触发授权','','2020-05-25','批量新增','1','0','交易金额'),
('AU05177','CUR_CD','==','036','','','','币种授权','','2020-05-25','批量新增','1','0','币种-澳大利亚元'),
('AU05178','CASH_TRAN_FLG','==','1','','','','转账触发授权','','2020-05-25','批量新增','1','0','转账标识'),
('AU05178','TX_AMT','>','1000000','<=','2000000','','金额超限触发授权','','2020-05-25','批量新增','1','0','交易金额'),
('AU05178','CUR_CD','==','036','','','','币种授权','','2020-05-25','批量新增','1','0','币种-澳大利亚元'),
('AU05179','CASH_TRAN_FLG','==','1','','','','转账触发授权','','2020-05-25','批量新增','1','0','转账标识'),
('AU05179','TX_AMT','>','2000000','<=','40000000','','金额超限触发授权','','2020-05-25','批量新增','1','0','交易金额'),
('AU05179','CUR_CD','==','036','','','','币种授权','','2020-05-25','批量新增','1','0','币种-澳大利亚元'),
('AU05180','CASH_TRAN_FLG','==','1','','','','转账触发授权','','2020-05-25','批量新增','1','0','转账标识'),
('AU05180','TX_AMT','>','40000000','<=','80000000','','金额超限触发授权','','2020-05-25','批量新增','1','0','交易金额'),
('AU05180','CUR_CD','==','036','','','','币种授权','','2020-05-25','批量新增','1','0','币种-澳大利亚元'),
('AU05181','CASH_TRAN_FLG','==','1','','','','转账触发授权','','2020-05-25','批量新增','1','0','转账标识'),
('AU05181','TX_AMT','>','800000000','<=','8000000000000','','金额超限触发授权','','2020-05-25','批量新增','1','0','交易金额'),
('AU05181','CUR_CD','==','036','','','','币种授权','','2020-05-25','批量新增','1','0','币种-澳大利亚元'),
('AU05182','CASH_TRAN_FLG','==','0','','','','现金支付触发授权','','2020-05-25','批量新增','1','0','现金支付'),
('AU05182','TX_AMT','>=','1000','<=','5000','','金额超限触发授权','','2020-05-25','批量新增','1','0','交易金额'),
('AU05182','CUR_CD','==','826','','','','币种授权','','2020-05-25','批量新增','1','0','币种-英镑'),
('AU05183','CASH_TRAN_FLG','==','0','','','','现金支付触发授权','','2020-05-25','批量新增','1','0','现金支付'),
('AU05183','TX_AMT','>','5000','<=','20000','','金额超限触发授权','','2020-05-25','批量新增','1','0','交易金额'),
('AU05183','CUR_CD','==','826','','','','币种授权','','2020-05-25','批量新增','1','0','币种-英镑'),
('AU05184','CASH_TRAN_FLG','==','0','','','','现金支付触发授权','','2020-05-25','批量新增','1','0','现金支付'),
('AU05184','TX_AMT','>','20000','<=','200000','','金额超限触发授权','','2020-05-25','批量新增','1','0','交易金额'),
('AU05184','CUR_CD','==','826','','','','币种授权','','2020-05-25','批量新增','1','0','币种-英镑'),
('AU05185','CASH_TRAN_FLG','==','0','','','','现金支付触发授权','','2020-05-25','批量新增','1','0','现金支付'),
('AU05185','TX_AMT','>','200000','<=','500000','','金额超限触发授权','','2020-05-25','批量新增','1','0','交易金额'),
('AU05185','CUR_CD','==','826','','','','币种授权','','2020-05-25','批量新增','1','0','币种-英镑'),
('AU05186','CASH_TRAN_FLG','==','0','','','','现金支付触发授权','','2020-05-25','批量新增','1','0','现金支付'),
('AU05186','TX_AMT','>','500000','<=','1000000','','金额超限触发授权','','2020-05-25','批量新增','1','0','交易金额'),
('AU05186','CUR_CD','==','826','','','','币种授权','','2020-05-25','批量新增','1','0','币种-英镑'),
('AU05187','CASH_TRAN_FLG','==','0','','','','现金支付触发授权','','2020-05-25','批量新增','1','0','现金支付'),
('AU05187','TX_AMT','>','1000000','<=','20000000','','金额超限触发授权','','2020-05-25','批量新增','1','0','交易金额'),
('AU05187','CUR_CD','==','826','','','','币种授权','','2020-05-25','批量新增','1','0','币种-英镑'),
('AU05188','CASH_TRAN_FLG','==','0','','','','现金支付触发授权','','2020-05-25','批量新增','1','0','现金支付'),
('AU05188','TX_AMT','>','20000000','<=','40000000','','金额超限触发授权','','2020-05-25','批量新增','1','0','交易金额'),
('AU05188','CUR_CD','==','826','','','','币种授权','','2020-05-25','批量新增','1','0','币种-英镑'),
('AU05189','CASH_TRAN_FLG','==','0','','','','现金支付触发授权','','2020-05-25','批量新增','1','0','现金支付'),
('AU05189','TX_AMT','>','400000000','<=','400000000000','','金额超限触发授权','','2020-05-25','批量新增','1','0','交易金额'),
('AU05189','CUR_CD','==','826','','','','币种授权','','2020-05-25','批量新增','1','0','币种-英镑'),
('AU05190','CASH_TRAN_FLG','==','1','','','','转账触发授权','','2020-05-25','批量新增','1','0','转账标识'),
('AU05190','TX_AMT','>=','5000','<=','10000','','金额超限触发授权','','2020-05-25','批量新增','1','0','交易金额'),
('AU05190','CUR_CD','==','826','','','','币种授权','','2020-05-25','批量新增','1','0','币种-英镑'),
('AU05191','CASH_TRAN_FLG','==','1','','','','转账触发授权','','2020-05-25','批量新增','1','0','转账标识'),
('AU05191','TX_AMT','>','10000','<=','40000','','金额超限触发授权','','2020-05-25','批量新增','1','0','交易金额'),
('AU05191','CUR_CD','==','826','','','','币种授权','','2020-05-25','批量新增','1','0','币种-英镑'),
('AU05192','CASH_TRAN_FLG','==','1','','','','转账触发授权','','2020-05-25','批量新增','1','0','转账标识'),
('AU05192','TX_AMT','>','40000','<=','400000','','金额超限触发授权','','2020-05-25','批量新增','1','0','交易金额'),
('AU05192','CUR_CD','==','826','','','','币种授权','','2020-05-25','批量新增','1','0','币种-英镑'),
('AU05193','CASH_TRAN_FLG','==','1','','','','转账触发授权','','2020-05-25','批量新增','1','0','转账标识'),
('AU05193','TX_AMT','>','400000','<=','1000000','','金额超限触发授权','','2020-05-25','批量新增','1','0','交易金额'),
('AU05193','CUR_CD','==','826','','','','币种授权','','2020-05-25','批量新增','1','0','币种-英镑'),
('AU05194','CASH_TRAN_FLG','==','1','','','','转账触发授权','','2020-05-25','批量新增','1','0','转账标识'),
('AU05194','TX_AMT','>','1000000','<=','2000000','','金额超限触发授权','','2020-05-25','批量新增','1','0','交易金额'),
('AU05194','CUR_CD','==','826','','','','币种授权','','2020-05-25','批量新增','1','0','币种-英镑'),
('AU05195','CASH_TRAN_FLG','==','1','','','','转账触发授权','','2020-05-25','批量新增','1','0','转账标识'),
('AU05195','TX_AMT','>','2000000','<=','40000000','','金额超限触发授权','','2020-05-25','批量新增','1','0','交易金额'),
('AU05195','CUR_CD','==','826','','','','币种授权','','2020-05-25','批量新增','1','0','币种-英镑'),
('AU05196','CASH_TRAN_FLG','==','1','','','','转账触发授权','','2020-05-25','批量新增','1','0','转账标识'),
('AU05196','TX_AMT','>','40000000','<=','80000000','','金额超限触发授权','','2020-05-25','批量新增','1','0','交易金额'),
('AU05196','CUR_CD','==','826','','','','币种授权','','2020-05-25','批量新增','1','0','币种-英镑'),
('AU05197','CASH_TRAN_FLG','==','1','','','','转账触发授权','','2020-05-25','批量新增','1','0','转账标识'),
('AU05197','TX_AMT','>','800000000','<=','8000000000000','','金额超限触发授权','','2020-05-25','批量新增','1','0','交易金额'),
('AU05197','CUR_CD','==','826','','','','币种授权','','2020-05-25','批量新增','1','0','币种-英镑'),
('AU05198','CASH_TRAN_FLG','==','0','','','','现金支付触发授权','','2020-05-25','批量新增','1','0','现金支付'),
('AU05198','TX_AMT','>=','10000','<=','50000','','金额超限触发授权','','2020-05-25','批量新增','1','0','交易金额'),
('AU05198','CUR_CD','==','344','','','','币种授权','','2020-05-25','批量新增','1','0','币种-香港元'),
('AU05199','CASH_TRAN_FLG','==','0','','','','现金支付触发授权','','2020-05-25','批量新增','1','0','现金支付'),
('AU05199','TX_AMT','>','50000','<=','200000','','金额超限触发授权','','2020-05-25','批量新增','1','0','交易金额'),
('AU05199','CUR_CD','==','344','','','','币种授权','','2020-05-25','批量新增','1','0','币种-香港元'),
('AU05200','CASH_TRAN_FLG','==','0','','','','现金支付触发授权','','2020-05-25','批量新增','1','0','现金支付'),
('AU05200','TX_AMT','>','200000','<=','2000000','','金额超限触发授权','','2020-05-25','批量新增','1','0','交易金额'),
('AU05200','CUR_CD','==','344','','','','币种授权','','2020-05-25','批量新增','1','0','币种-香港元'),
('AU05201','CASH_TRAN_FLG','==','0','','','','现金支付触发授权','','2020-05-25','批量新增','1','0','现金支付'),
('AU05201','TX_AMT','>','2000000','<=','5000000','','金额超限触发授权','','2020-05-25','批量新增','1','0','交易金额'),
('AU05201','CUR_CD','==','344','','','','币种授权','','2020-05-25','批量新增','1','0','币种-香港元'),
('AU05202','CASH_TRAN_FLG','==','0','','','','现金支付触发授权','','2020-05-25','批量新增','1','0','现金支付'),
('AU05202','TX_AMT','>','5000000','<=','10000000','','金额超限触发授权','','2020-05-25','批量新增','1','0','交易金额'),
('AU05202','CUR_CD','==','344','','','','币种授权','','2020-05-25','批量新增','1','0','币种-香港元'),
('AU05203','CASH_TRAN_FLG','==','0','','','','现金支付触发授权','','2020-05-25','批量新增','1','0','现金支付'),
('AU05203','TX_AMT','>','10000000','<=','200000000','','金额超限触发授权','','2020-05-25','批量新增','1','0','交易金额'),
('AU05203','CUR_CD','==','344','','','','币种授权','','2020-05-25','批量新增','1','0','币种-香港元'),
('AU05204','CASH_TRAN_FLG','==','0','','','','现金支付触发授权','','2020-05-25','批量新增','1','0','现金支付'),
('AU05204','TX_AMT','>','200000000','<=','400000000','','金额超限触发授权','','2020-05-25','批量新增','1','0','交易金额'),
('AU05204','CUR_CD','==','344','','','','币种授权','','2020-05-25','批量新增','1','0','币种-香港元'),
('AU05205','CASH_TRAN_FLG','==','0','','','','现金支付触发授权','','2020-05-25','批量新增','1','0','现金支付'),
('AU05205','TX_AMT','>','400000000','<=','400000000000','','金额超限触发授权','','2020-05-25','批量新增','1','0','交易金额'),
('AU05205','CUR_CD','==','344','','','','币种授权','','2020-05-25','批量新增','1','0','币种-香港元'),
('AU05206','CASH_TRAN_FLG','==','1','','','','转账触发授权','','2020-05-25','批量新增','1','0','转账标识'),
('AU05206','TX_AMT','>=','50000','<=','100000','','金额超限触发授权','','2020-05-25','批量新增','1','0','交易金额'),
('AU05206','CUR_CD','==','344','','','','币种授权','','2020-05-25','批量新增','1','0','币种-香港元'),
('AU05207','CASH_TRAN_FLG','==','1','','','','转账触发授权','','2020-05-25','批量新增','1','0','转账标识'),
('AU05207','TX_AMT','>','100000','<=','400000','','金额超限触发授权','','2020-05-25','批量新增','1','0','交易金额'),
('AU05207','CUR_CD','==','344','','','','币种授权','','2020-05-25','批量新增','1','0','币种-香港元'),
('AU05208','CASH_TRAN_FLG','==','1','','','','转账触发授权','','2020-05-25','批量新增','1','0','转账标识'),
('AU05208','TX_AMT','>','400000','<=','4000000','','金额超限触发授权','','2020-05-25','批量新增','1','0','交易金额'),
('AU05208','CUR_CD','==','344','','','','币种授权','','2020-05-25','批量新增','1','0','币种-香港元'),
('AU05209','CASH_TRAN_FLG','==','1','','','','转账触发授权','','2020-05-25','批量新增','1','0','转账标识'),
('AU05209','TX_AMT','>','4000000','<=','10000000','','金额超限触发授权','','2020-05-25','批量新增','1','0','交易金额'),
('AU05209','CUR_CD','==','344','','','','币种授权','','2020-05-25','批量新增','1','0','币种-香港元'),
('AU05210','CASH_TRAN_FLG','==','1','','','','转账触发授权','','2020-05-25','批量新增','1','0','转账标识'),
('AU05210','TX_AMT','>','10000000','<=','20000000','','金额超限触发授权','','2020-05-25','批量新增','1','0','交易金额'),
('AU05210','CUR_CD','==','344','','','','币种授权','','2020-05-25','批量新增','1','0','币种-香港元'),
('AU05211','CASH_TRAN_FLG','==','1','','','','转账触发授权','','2020-05-25','批量新增','1','0','转账标识'),
('AU05211','TX_AMT','>','20000000','<=','400000000','','金额超限触发授权','','2020-05-25','批量新增','1','0','交易金额'),
('AU05211','CUR_CD','==','344','','','','币种授权','','2020-05-25','批量新增','1','0','币种-香港元'),
('AU05212','CASH_TRAN_FLG','==','1','','','','转账触发授权','','2020-05-25','批量新增','1','0','转账标识'),
('AU05212','TX_AMT','>','400000000','<=','800000000','','金额超限触发授权','','2020-05-25','批量新增','1','0','交易金额'),
('AU05212','CUR_CD','==','344','','','','币种授权','','2020-05-25','批量新增','1','0','币种-香港元'),
('AU05213','CASH_TRAN_FLG','==','1','','','','转账触发授权','','2020-05-25','批量新增','1','0','转账标识'),
('AU05213','TX_AMT','>','800000000','<=','8000000000000','','金额超限触发授权','','2020-05-25','批量新增','1','0','交易金额'),
('AU05213','CUR_CD','==','344','','','','币种授权','','2020-05-25','批量新增','1','0','币种-香港元'),
('AU05214','CASH_TRAN_FLG','==','0','','','','现金支付触发授权','','2020-05-25','批量新增','1','0','现金支付'),
('AU05214','TX_AMT','>=','1000','<=','5000','','金额超限触发授权','','2020-05-25','批量新增','1','0','交易金额'),
('AU05214','CUR_CD','==','702','','','','币种授权','','2020-05-25','批量新增','1','0','币种-新加坡元'),
('AU05215','CASH_TRAN_FLG','==','0','','','','现金支付触发授权','','2020-05-25','批量新增','1','0','现金支付'),
('AU05215','TX_AMT','>','5000','<=','20000','','金额超限触发授权','','2020-05-25','批量新增','1','0','交易金额'),
('AU05215','CUR_CD','==','702','','','','币种授权','','2020-05-25','批量新增','1','0','币种-新加坡元'),
('AU05216','CASH_TRAN_FLG','==','0','','','','现金支付触发授权','','2020-05-25','批量新增','1','0','现金支付'),
('AU05216','TX_AMT','>','20000','<=','200000','','金额超限触发授权','','2020-05-25','批量新增','1','0','交易金额'),
('AU05216','CUR_CD','==','702','','','','币种授权','','2020-05-25','批量新增','1','0','币种-新加坡元'),
('AU05217','CASH_TRAN_FLG','==','0','','','','现金支付触发授权','','2020-05-25','批量新增','1','0','现金支付'),
('AU05217','TX_AMT','>','200000','<=','500000','','金额超限触发授权','','2020-05-25','批量新增','1','0','交易金额'),
('AU05217','CUR_CD','==','702','','','','币种授权','','2020-05-25','批量新增','1','0','币种-新加坡元'),
('AU05218','CASH_TRAN_FLG','==','0','','','','现金支付触发授权','','2020-05-25','批量新增','1','0','现金支付'),
('AU05218','TX_AMT','>','500000','<=','1000000','','金额超限触发授权','','2020-05-25','批量新增','1','0','交易金额'),
('AU05218','CUR_CD','==','702','','','','币种授权','','2020-05-25','批量新增','1','0','币种-新加坡元'),
('AU05219','CASH_TRAN_FLG','==','0','','','','现金支付触发授权','','2020-05-25','批量新增','1','0','现金支付'),
('AU05219','TX_AMT','>','1000000','<=','20000000','','金额超限触发授权','','2020-05-25','批量新增','1','0','交易金额'),
('AU05219','CUR_CD','==','702','','','','币种授权','','2020-05-25','批量新增','1','0','币种-新加坡元'),
('AU05220','CASH_TRAN_FLG','==','0','','','','现金支付触发授权','','2020-05-25','批量新增','1','0','现金支付'),
('AU05220','TX_AMT','>','20000000','<=','40000000','','金额超限触发授权','','2020-05-25','批量新增','1','0','交易金额'),
('AU05220','CUR_CD','==','702','','','','币种授权','','2020-05-25','批量新增','1','0','币种-新加坡元'),
('AU05221','CASH_TRAN_FLG','==','0','','','','现金支付触发授权','','2020-05-25','批量新增','1','0','现金支付'),
('AU05221','TX_AMT','>','400000000','<=','400000000000','','金额超限触发授权','','2020-05-25','批量新增','1','0','交易金额'),
('AU05221','CUR_CD','==','702','','','','币种授权','','2020-05-25','批量新增','1','0','币种-新加坡元'),
('AU05222','CASH_TRAN_FLG','==','1','','','','转账触发授权','','2020-05-25','批量新增','1','0','转账标识'),
('AU05222','TX_AMT','>=','5000','<=','10000','','金额超限触发授权','','2020-05-25','批量新增','1','0','交易金额'),
('AU05222','CUR_CD','==','702','','','','币种授权','','2020-05-25','批量新增','1','0','币种-新加坡元'),
('AU05223','CASH_TRAN_FLG','==','1','','','','转账触发授权','','2020-05-25','批量新增','1','0','转账标识'),
('AU05223','TX_AMT','>','10000','<=','40000','','金额超限触发授权','','2020-05-25','批量新增','1','0','交易金额'),
('AU05223','CUR_CD','==','702','','','','币种授权','','2020-05-25','批量新增','1','0','币种-新加坡元'),
('AU05224','CASH_TRAN_FLG','==','1','','','','转账触发授权','','2020-05-25','批量新增','1','0','转账标识'),
('AU05224','TX_AMT','>','40000','<=','400000','','金额超限触发授权','','2020-05-25','批量新增','1','0','交易金额'),
('AU05224','CUR_CD','==','702','','','','币种授权','','2020-05-25','批量新增','1','0','币种-新加坡元'),
('AU05225','CASH_TRAN_FLG','==','1','','','','转账触发授权','','2020-05-25','批量新增','1','0','转账标识'),
('AU05225','TX_AMT','>','400000','<=','1000000','','金额超限触发授权','','2020-05-25','批量新增','1','0','交易金额'),
('AU05225','CUR_CD','==','702','','','','币种授权','','2020-05-25','批量新增','1','0','币种-新加坡元'),
('AU05226','CASH_TRAN_FLG','==','1','','','','转账触发授权','','2020-05-25','批量新增','1','0','转账标识'),
('AU05226','TX_AMT','>','1000000','<=','2000000','','金额超限触发授权','','2020-05-25','批量新增','1','0','交易金额'),
('AU05226','CUR_CD','==','702','','','','币种授权','','2020-05-25','批量新增','1','0','币种-新加坡元'),
('AU05227','CASH_TRAN_FLG','==','1','','','','转账触发授权','','2020-05-25','批量新增','1','0','转账标识'),
('AU05227','TX_AMT','>','2000000','<=','40000000','','金额超限触发授权','','2020-05-25','批量新增','1','0','交易金额'),
('AU05227','CUR_CD','==','702','','','','币种授权','','2020-05-25','批量新增','1','0','币种-新加坡元'),
('AU05228','CASH_TRAN_FLG','==','1','','','','转账触发授权','','2020-05-25','批量新增','1','0','转账标识'),
('AU05228','TX_AMT','>','40000000','<=','80000000','','金额超限触发授权','','2020-05-25','批量新增','1','0','交易金额'),
('AU05228','CUR_CD','==','702','','','','币种授权','','2020-05-25','批量新增','1','0','币种-新加坡元'),
('AU05229','CASH_TRAN_FLG','==','1','','','','转账触发授权','','2020-05-25','批量新增','1','0','转账标识'),
('AU05229','TX_AMT','>','800000000','<=','8000000000000','','金额超限触发授权','','2020-05-25','批量新增','1','0','交易金额'),
('AU05229','CUR_CD','==','702','','','','币种授权','','2020-05-25','批量新增','1','0','币种-新加坡元'),
('AU05230','CASH_TRAN_FLG','==','0','','','','现金支付触发授权','','2020-05-25','批量新增','1','0','现金支付'),
('AU05230','TX_AMT','>=','1000','<=','5000','','金额超限触发授权','','2020-05-25','批量新增','1','0','交易金额'),
('AU05230','CUR_CD','==','124','','','','币种授权','','2020-05-25','批量新增','1','0','币种-加元'),
('AU05231','CASH_TRAN_FLG','==','0','','','','现金支付触发授权','','2020-05-25','批量新增','1','0','现金支付'),
('AU05231','TX_AMT','>','5000','<=','20000','','金额超限触发授权','','2020-05-25','批量新增','1','0','交易金额'),
('AU05231','CUR_CD','==','124','','','','币种授权','','2020-05-25','批量新增','1','0','币种-加元'),
('AU05232','CASH_TRAN_FLG','==','0','','','','现金支付触发授权','','2020-05-25','批量新增','1','0','现金支付'),
('AU05232','TX_AMT','>','20000','<=','200000','','金额超限触发授权','','2020-05-25','批量新增','1','0','交易金额'),
('AU05232','CUR_CD','==','124','','','','币种授权','','2020-05-25','批量新增','1','0','币种-加元'),
('AU05233','CASH_TRAN_FLG','==','0','','','','现金支付触发授权','','2020-05-25','批量新增','1','0','现金支付'),
('AU05233','TX_AMT','>','200000','<=','500000','','金额超限触发授权','','2020-05-25','批量新增','1','0','交易金额'),
('AU05233','CUR_CD','==','124','','','','币种授权','','2020-05-25','批量新增','1','0','币种-加元'),
('AU05234','CASH_TRAN_FLG','==','0','','','','现金支付触发授权','','2020-05-25','批量新增','1','0','现金支付'),
('AU05234','TX_AMT','>','500000','<=','1000000','','金额超限触发授权','','2020-05-25','批量新增','1','0','交易金额'),
('AU05234','CUR_CD','==','124','','','','币种授权','','2020-05-25','批量新增','1','0','币种-加元'),
('AU05235','CASH_TRAN_FLG','==','0','','','','现金支付触发授权','','2020-05-25','批量新增','1','0','现金支付'),
('AU05235','TX_AMT','>','1000000','<=','20000000','','金额超限触发授权','','2020-05-25','批量新增','1','0','交易金额'),
('AU05235','CUR_CD','==','124','','','','币种授权','','2020-05-25','批量新增','1','0','币种-加元'),
('AU05236','CASH_TRAN_FLG','==','0','','','','现金支付触发授权','','2020-05-25','批量新增','1','0','现金支付'),
('AU05236','TX_AMT','>','20000000','<=','40000000','','金额超限触发授权','','2020-05-25','批量新增','1','0','交易金额'),
('AU05236','CUR_CD','==','124','','','','币种授权','','2020-05-25','批量新增','1','0','币种-加元'),
('AU05237','CASH_TRAN_FLG','==','0','','','','现金支付触发授权','','2020-05-25','批量新增','1','0','现金支付'),
('AU05237','TX_AMT','>','400000000','<=','400000000000','','金额超限触发授权','','2020-05-25','批量新增','1','0','交易金额'),
('AU05237','CUR_CD','==','124','','','','币种授权','','2020-05-25','批量新增','1','0','币种-加元'),
('AU05238','CASH_TRAN_FLG','==','1','','','','转账触发授权','','2020-05-25','批量新增','1','0','转账标识'),
('AU05238','TX_AMT','>=','5000','<=','10000','','金额超限触发授权','','2020-05-25','批量新增','1','0','交易金额'),
('AU05238','CUR_CD','==','124','','','','币种授权','','2020-05-25','批量新增','1','0','币种-加元'),
('AU05239','CASH_TRAN_FLG','==','1','','','','转账触发授权','','2020-05-25','批量新增','1','0','转账标识'),
('AU05239','TX_AMT','>','10000','<=','40000','','金额超限触发授权','','2020-05-25','批量新增','1','0','交易金额'),
('AU05239','CUR_CD','==','124','','','','币种授权','','2020-05-25','批量新增','1','0','币种-加元'),
('AU05240','CASH_TRAN_FLG','==','1','','','','转账触发授权','','2020-05-25','批量新增','1','0','转账标识'),
('AU05240','TX_AMT','>','40000','<=','400000','','金额超限触发授权','','2020-05-25','批量新增','1','0','交易金额'),
('AU05240','CUR_CD','==','124','','','','币种授权','','2020-05-25','批量新增','1','0','币种-加元'),
('AU05241','CASH_TRAN_FLG','==','1','','','','转账触发授权','','2020-05-25','批量新增','1','0','转账标识'),
('AU05241','TX_AMT','>','400000','<=','1000000','','金额超限触发授权','','2020-05-25','批量新增','1','0','交易金额'),
('AU05241','CUR_CD','==','124','','','','币种授权','','2020-05-25','批量新增','1','0','币种-加元'),
('AU05242','CASH_TRAN_FLG','==','1','','','','转账触发授权','','2020-05-25','批量新增','1','0','转账标识'),
('AU05242','TX_AMT','>','1000000','<=','2000000','','金额超限触发授权','','2020-05-25','批量新增','1','0','交易金额'),
('AU05242','CUR_CD','==','124','','','','币种授权','','2020-05-25','批量新增','1','0','币种-加元'),
('AU05243','CASH_TRAN_FLG','==','1','','','','转账触发授权','','2020-05-25','批量新增','1','0','转账标识'),
('AU05243','TX_AMT','>','2000000','<=','40000000','','金额超限触发授权','','2020-05-25','批量新增','1','0','交易金额'),
('AU05243','CUR_CD','==','124','','','','币种授权','','2020-05-25','批量新增','1','0','币种-加元'),
('AU05244','CASH_TRAN_FLG','==','1','','','','转账触发授权','','2020-05-25','批量新增','1','0','转账标识'),
('AU05244','TX_AMT','>','40000000','<=','80000000','','金额超限触发授权','','2020-05-25','批量新增','1','0','交易金额'),
('AU05244','CUR_CD','==','124','','','','币种授权','','2020-05-25','批量新增','1','0','币种-加元'),
('AU05245','CASH_TRAN_FLG','==','1','','','','转账触发授权','','2020-05-25','批量新增','1','0','转账标识'),
('AU05245','TX_AMT','>','800000000','<=','8000000000000','','金额超限触发授权','','2020-05-25','批量新增','1','0','交易金额'),
('AU05245','CUR_CD','==','124','','','','币种授权','','2020-05-25','批量新增','1','0','币种-加元'),
('AU05258','faceChkRslt','==','2','','','09908008','人脸识别手工通过','900001','2020-05-25','批量新增','1','0','人脸识别标志'),
('AU05259','faceChkRslt','==','','','','09908008','未人脸识别','900001','2020-05-25','批量新增','1','0','人脸识别标志'),
('AU05260','modifyTheAmount','==','3','','','09908008','更改后的开户金额大于等于5万元','900001','2020-05-25','批量新增','1','0','金额判断标志'),
('AU05261','faceChkRslt','==','2','','','09908009','人脸识别手工通过','900001','2020-05-25','批量新增','1','0','人脸识别标志'),
('AU05262','faceChkRslt','==','','','','09908009','未人脸识别','900001','2020-05-25','批量新增','1','0','人脸识别标志'),
('AU05263','modifyTheAmount','==','3','','','09908009','更改后的开户金额大于等于5万元','900001','2020-05-25','批量新增','1','0','金额判断标志'),
('AU05265','chkRslt','==','2','','','00101008','联网核查手工通过','900001','2020-05-25','批量新增','1','0','联网核查手工通过'),
('AU05266','faceChkRslt','==','2','','','00101008','人脸识别手工通过','900001','2020-05-25','批量新增','1','0','人脸识别手工通过'),
('AU05267','TradeData.IsPwd','==','0','','','00101009','支取方式不包含密码时进行授权','900001','2020-05-25','批量新增','1','0','是否密码'),
('AU05267','faceChkRslt','!=','1','','','00101009','支取方式不包含密码时进行授权','900001','2020-05-25','批量新增','1','0','是否密码'),
('AU05268','TradeData.WHETHER_AGEN','==','1','','','00101009','代理办理时进行授权','900001','2020-05-25','批量新增','1','0','是否代理'),
('AU05268','faceChkRslt','!=','1','','','00101009','代理办理时进行授权','900001','2020-05-25','批量新增','1','0','是否代理'),
('AU05269','TradeData.MAGN_STRP_FLG','==','0','','','00101009','手工输入移入账户账号时进行授权','900001','2020-05-25','批量新增','1','0','磁条标志'),
('AU05269','faceChkRslt','!=','1','','','00101009','手工输入移入账户账号时进行授权','900001','2020-05-25','批量新增','1','0','磁条标志'),
('AU05270','chkRslt','==','2','','','00101009','联网核查手工通过','900001','2020-05-25','批量新增','1','0','联网核查手工通过'),
('AU05271','faceChkRslt','==','2','','','00101009','人脸识别手工通过','900001','2020-05-25','批量新增','1','0','人脸识别手工通过'),
('AU05272','faceChkRslt','==','1','','','00101009','支取方式不包含密码时进行授权','900001','2020-05-25','批量新增','1','0','是否密码'),
('AU05272','TradeData.IsPwd','==','0','','','00101009','支取方式不包含密码时进行授权','900001','2020-05-25','批量新增','1','0','是否密码'),
('AU05273','faceChkRslt','==','1','','','00101009','代理办理时进行授权','900001','2020-05-25','批量新增','1','0','是否代理'),
('AU05273','TradeData.WHETHER_AGEN','==','1','','','00101009','代理办理时进行授权','900001','2020-05-25','批量新增','1','0','是否代理'),
('AU05274','faceChkRslt','==','1','','','00101009','手工输入移入账户账号时进行授权','900001','2020-05-25','批量新增','1','0','磁条标志'),
('AU05274','TradeData.MAGN_STRP_FLG','==','0','','','00101009','手工输入移入账户账号时进行授权','900001','2020-05-25','批量新增','1','0','磁条标志'),
('AU05276','chkRslt','==','2','','','00101011','联网核查手工通过','900001','2020-05-25','批量新增','1','0','联网核查手工通过'),
('AU05277','faceChkRslt','==','2','','','00101011','人脸识别手工通过','900001','2020-05-25','批量新增','1','0','人脸识别手工通过'),
('AU05278','chkRslt','==','2','','','00101019','联网核查手工通过','900001','2020-05-25','批量新增','1','0','联网核查手工通过'),
('AU05279','faceChkRslt','==','2','','','00101019','人脸识别手工通过','900001','2020-05-25','批量新增','1','0','人脸识别手工通过'),
('AU05280','TradeData.WHETHER_ADV_DRAW','==','1','','','00101027','提前支取为是','900001','2020-05-25','批量新增','1','0','是否提前支取'),
('AU05281','chkRslt','==','2','','','00101027','联网核查手工通过','900001','2020-05-25','批量新增','1','0','联网核查手工通过'),
('AU05282','faceChkRslt','==','2','','','00101027','人脸识别手工通过','900001','2020-05-25','批量新增','1','0','人脸识别手工通过'),
('AU05283','TradeData.IsBranch','==','1','','','00101030','跨机构查询时触发授权','900001','2020-05-25','批量新增','1','0','是否跨机构'),
('AU05284','chkRslt','==','2','','','00101030','联网核查手工通过','900001','2020-05-25','批量新增','1','0','联网核查手工通过'),
('AU05285','faceChkRslt','==','2','','','00101030','人脸识别手工通过','900001','2020-05-25','批量新增','1','0','人脸识别手工通过'),
('AU05287','chkRslt','==','2','','','00101037','联网核查手工通过','900001','2020-05-25','批量新增','1','0','联网核查手工通过'),
('AU05288','faceChkRslt','==','2','','','00101037','人脸识别手工通过','900001','2020-05-25','批量新增','1','0','人脸识别手工通过'),
('AU05290','chkRslt','==','2','','','00101050','联网核查手工通过','900001','2020-05-25','批量新增','1','0','联网核查手工通过'),
('AU05291','faceChkRslt','==','2','','','00101050','人脸识别手工通过','900001','2020-05-25','批量新增','1','0','人脸识别手工通过'),
('AU05292','chkRslt','==','2','','','00101056','联网核查手工通过','900001','2020-05-25','批量新增','1','0','联网核查手工通过'),
('AU05293','faceChkRslt','==','2','','','00101056','人脸识别手工通过','900001','2020-05-25','批量新增','1','0','人脸识别手工通过'),
('AU05295','chkRslt','==','2','','','00101063','联网核查手工通过','900001','2020-05-25','批量新增','1','0','联网核查手工通过'),
('AU05296','faceChkRslt','==','2','','','00101063','人脸识别手工通过','900001','2020-05-25','批量新增','1','0','人脸识别手工通过'),
('AU05297','TradeData.MAGN_STRP_FLG','==','0','','','00101068','手工输入卡号时触发授权','900001','2020-05-25','批量新增','1','0','磁条标志'),
('AU05298','TradeData.CHK_PWD','==','0','','','00101068','未输入密码时触发授权','900001','2020-05-25','批量新增','1','0','检查密码'),
('AU05299','chkRslt','==','2','','','00101068','联网核查手工通过','900001','2020-05-25','批量新增','1','0','联网核查手工通过'),
('AU05300','faceChkRslt','==','2','','','00101068','人脸识别手工通过','900001','2020-05-25','批量新增','1','0','人脸识别手工通过'),
('AU05301','faceChkRslt','==','1','','','00101076','人脸识别自动通过','900001','2020-05-25','批量新增','1','0','人脸识别标志'),
('AU05302','faceChkRslt','==','2','','','00101076','人脸识别手工通过','900001','2020-05-25','批量新增','1','0','人脸识别标志'),
('AU05303','chkRslt','==','2','','','00101076','联网核查手工通过','900001','2020-05-25','批量新增','1','0','联网核查手工通过'),
('AU05304','TradeData.FLG','==','0','','','00201028','未输入卡号','900001','2020-05-25','批量新增','1','0','卡号为空标志'),
('AU05305','chkRslt','==','2','','','00201028','联网核查手工通过','900001','2020-05-25','批量新增','1','0','联网核查手工通过'),
('AU05306','faceChkRslt','==','2','','','00201028','人脸识别手工通过','900001','2020-05-25','批量新增','1','0','人脸识别手工通过'),
('AU05308','chkRslt','==','2','','','00201042','联网核查手工通过','900001','2020-05-25','批量新增','1','0','联网核查手工通过'),
('AU05309','faceChkRslt','==','2','','','00201042','人脸识别手工通过','900001','2020-05-25','批量新增','1','0','人脸识别手工通过'),
('AU05311','chkRslt','==','2','','','00201045','联网核查手工通过','900001','2020-05-25','批量新增','1','0','联网核查手工通过'),
('AU05312','faceChkRslt','==','2','','','00201045','人脸识别手工通过','900001','2020-05-25','批量新增','1','0','人脸识别手工通过'),
('AU05313','chkRslt','==','2','','','00201046','联网核查手工通过','900001','2020-05-25','批量新增','1','0','联网核查手工通过'),
('AU05314','faceChkRslt','==','2','','','00201046','人脸识别手工通过','900001','2020-05-25','批量新增','1','0','人脸识别手工通过'),
('AU05315','chkRslt','==','2','','','00201047','联网核查手工通过','900001','2020-05-25','批量新增','1','0','联网核查手工通过'),
('AU05316','faceChkRslt','==','2','','','00201047','人脸识别手工通过','900001','2020-05-25','批量新增','1','0','人脸识别手工通过'),
('AU05317','chkRslt','==','2','','','00201048','联网核查手工通过','900001','2020-05-25','批量新增','1','0','联网核查手工通过'),
('AU05318','faceChkRslt','==','2','','','00201048','人脸识别手工通过','900001','2020-05-25','批量新增','1','0','人脸识别手工通过'),
('AU05319','chkRslt','==','2','','','00201049','联网核查手工通过','900001','2020-05-25','批量新增','1','0','联网核查手工通过'),
('AU05320','faceChkRslt','==','2','','','00201049','人脸识别手工通过','900001','2020-05-25','批量新增','1','0','人脸识别手工通过'),
('AU05321','chkRslt','==','2','','','00201050','联网核查手工通过','900001','2020-05-25','批量新增','1','0','联网核查手工通过'),
('AU05322','faceChkRslt','==','2','','','00201050','人脸识别手工通过','900001','2020-05-25','批量新增','1','0','人脸识别手工通过'),
('AU05323','chkRslt','==','2','','','00201051','联网核查手工通过','900001','2020-05-25','批量新增','1','0','联网核查手工通过'),
('AU05324','faceChkRslt','==','2','','','00201051','人脸识别手工通过','900001','2020-05-25','批量新增','1','0','人脸识别手工通过'),
('AU05325','chkRslt','==','2','','','00201052','联网核查手工通过','900001','2020-05-25','批量新增','1','0','联网核查手工通过'),
('AU05326','faceChkRslt','==','2','','','00201052','人脸识别手工通过','900001','2020-05-25','批量新增','1','0','人脸识别手工通过'),
('AU05327','chkRslt','==','2','','','00201054','联网核查手工通过','900001','2020-05-25','批量新增','1','0','联网核查手工通过'),
('AU05328','faceChkRslt','==','2','','','00201054','人脸识别手工通过','900001','2020-05-25','批量新增','1','0','人脸识别手工通过'),
('AU05329','chkRslt','==','2','','','00201055','联网核查手工通过','900001','2020-05-25','批量新增','1','0','联网核查手工通过'),
('AU05330','faceChkRslt','==','2','','','00201055','人脸识别手工通过','900001','2020-05-25','批量新增','1','0','人脸识别手工通过'),
('AU05331','chkRslt','==','2','','','00201056','联网核查手工通过','900001','2020-05-25','批量新增','1','0','联网核查手工通过'),
('AU05332','faceChkRslt','==','2','','','00201056','人脸识别手工通过','900001','2020-05-25','批量新增','1','0','人脸识别手工通过'),
('AU05333','chkRslt','==','2','','','00201057','联网核查手工通过','900001','2020-05-25','批量新增','1','0','联网核查手工通过'),
('AU05334','faceChkRslt','==','2','','','00201057','人脸识别手工通过','900001','2020-05-25','批量新增','1','0','人脸识别手工通过'),
('AU05335','chkRslt','==','2','','','00201058','联网核查手工通过','900001','2020-05-25','批量新增','1','0','联网核查手工通过'),
('AU05336','faceChkRslt','==','2','','','00201058','人脸识别手工通过','900001','2020-05-25','批量新增','1','0','人脸识别手工通过'),
('AU05337','TradeData.ACCT_NO','==','','','','00201069','交易授权','900001','2020-05-25','批量新增','1','0','同业存放/协议存款账号'),
('AU05338','chkRslt','==','2','','','00201069','联网核查手工通过','900001','2020-05-25','批量新增','1','0','联网核查手工通过'),
('AU05339','faceChkRslt','==','2','','','00201069','人脸识别手工通过','900001','2020-05-25','批量新增','1','0','人脸识别手工通过'),
('AU05341','chkRslt','==','2','','','00201082','联网核查手工通过','900001','2020-05-25','批量新增','1','0','联网核查手工通过'),
('AU05342','faceChkRslt','==','2','','','00201082','人脸识别手工通过','900001','2020-05-25','批量新增','1','0','人脸识别手工通过'),
('AU05344','chkRslt','==','2','','','00201095','联网核查手工通过','900001','2020-05-25','批量新增','1','0','联网核查手工通过'),
('AU05345','faceChkRslt','==','2','','','00201095','人脸识别手工通过','900001','2020-05-25','批量新增','1','0','人脸识别手工通过'),
('AU05347','chkRslt','==','2','','','00201096','联网核查手工通过','900001','2020-05-25','批量新增','1','0','联网核查手工通过'),
('AU05348','faceChkRslt','==','2','','','00201096','人脸识别手工通过','900001','2020-05-25','批量新增','1','0','人脸识别手工通过'),
('AU05350','chkRslt','==','2','','','00201097','联网核查手工通过','900001','2020-05-25','批量新增','1','0','联网核查手工通过'),
('AU05351','faceChkRslt','==','2','','','00201097','人脸识别手工通过','900001','2020-05-25','批量新增','1','0','人脸识别手工通过'),
('AU05353','chkRslt','==','2','','','00201098','联网核查手工通过','900001','2020-05-25','批量新增','1','0','联网核查手工通过'),
('AU05354','faceChkRslt','==','2','','','00201098','人脸识别手工通过','900001','2020-05-25','批量新增','1','0','人脸识别手工通过'),
('AU05356','chkRslt','==','2','','','00301019','联网核查手工通过','900001','2020-05-25','批量新增','1','0','联网核查手工通过'),
('AU05357','faceChkRslt','==','2','','','00301019','人脸识别手工通过','900001','2020-05-25','批量新增','1','0','人脸识别手工通过'),
('AU05359','chkRslt','==','2','','','00301020','联网核查手工通过','900001','2020-05-25','批量新增','1','0','联网核查手工通过'),
('AU05360','faceChkRslt','==','2','','','00301020','人脸识别手工通过','900001','2020-05-25','批量新增','1','0','人脸识别手工通过'),
('AU05361','TradeData.OPER_FLG','==','0','','','00301021','当操作标志为单笔录入时授权','900001','2020-05-25','批量新增','1','0','操作标志'),
('AU05362','TradeData.OPER_FLG','==','1','','','00301021','当操作标志为文件导入时授权','900001','2020-05-25','批量新增','1','0','操作标志'),
('AU05363','chkRslt','==','2','','','00301021','联网核查手工通过','900001','2020-05-25','批量新增','1','0','联网核查手工通过'),
('AU05364','faceChkRslt','==','2','','','00301021','人脸识别手工通过','900001','2020-05-25','批量新增','1','0','人脸识别手工通过'),
('AU05365','DLWTH_MANR','==','0','','','00301022','当修改提交时授权','900001','2020-05-25','批量新增','1','0','处理方式'),
('AU05366','DLWTH_MANR','==','1','','','00301022','当注销提交时授权','900001','2020-05-25','批量新增','1','0','处理方式'),
('AU05367','chkRslt','==','2','','','00301022','联网核查手工通过','900001','2020-05-25','批量新增','1','0','联网核查手工通过'),
('AU05368','faceChkRslt','==','2','','','00301022','人脸识别手工通过','900001','2020-05-25','批量新增','1','0','人脸识别手工通过'),
('AU05369','chkRslt','==','2','','','00301028','联网核查手工通过','900001','2020-05-25','批量新增','1','0','联网核查手工通过'),
('AU05370','faceChkRslt','==','2','','','00301028','人脸识别手工通过','900001','2020-05-25','批量新增','1','0','人脸识别手工通过'),
('AU05371','chkRslt','==','2','','','00301029','联网核查手工通过','900001','2020-05-25','批量新增','1','0','联网核查手工通过'),
('AU05372','faceChkRslt','==','2','','','00301029','人脸识别手工通过','900001','2020-05-25','批量新增','1','0','人脸识别手工通过'),
('AU05373','TradeData.MAGN_STRP_FLG','==','0','','','00301030','手输取款账号触发授权','900001','2020-05-25','批量新增','1','0','磁条标志'),
('AU05374','TradeData.RECVR_MEDM_TYP_CD','in','01,03','','','00301030','转入账户为卡或存折时，手工输入转入账号且超过金额限制1万(含)需授权','900001','2020-05-25','批量新增','1','0','介质类型'),
('AU05374','TradeData.MAGN_STRP_FLG','==','0','','','00301030','转入账户为卡或存折时，手工输入转入账号且超过金额限制1万(含)需授权','900001','2020-05-25','批量新增','1','0','磁条标志'),
('AU05374','TradeData.TX_AMT','>=','10000','','','00301030','转入账户为卡或存折时，手工输入转入账号且超过金额限制1万(含)需授权','900001','2020-05-25','批量新增','1','0','交易金额'),
('AU05375','chkRslt','==','2','','','00301030','联网核查手工通过','900001','2020-05-25','批量新增','1','0','联网核查手工通过'),
('AU05376','faceChkRslt','==','2','','','00301030','人脸识别手工通过','900001','2020-05-25','批量新增','1','0','人脸识别手工通过'),
('AU05378','chkRslt','==','2','','','00301034','联网核查手工通过','900001','2020-05-25','批量新增','1','0','联网核查手工通过'),
('AU05379','faceChkRslt','==','2','','','00301034','人脸识别手工通过','900001','2020-05-25','批量新增','1','0','人脸识别手工通过'),
('AU05380','tradeflags','==','modify_click','','','00301039_2','对记录进行修改、删除需要授权','900001','2020-05-25','批量新增','1','0','操作标志'),
('AU05380','tradeflags','==','modify_click','','','00301039_1','对记录进行修改、删除需要授权','900001','2020-05-25','批量新增','1','0','操作标志'),
('AU05381','tradeflags','==','delete_click','','','00301039_2','对记录进行修改、删除需要授权','900001','2020-05-25','批量新增','1','0','操作标志'),
('AU05381','tradeflags','==','delete_click','','','00301039_1','对记录进行修改、删除需要授权','900001','2020-05-25','批量新增','1','0','操作标志'),
('AU05382','tradeflags','==','accept_click','','','00301039_2','付款交易需要授权','900001','2020-05-25','批量新增','1','0','操作标志'),
('AU05382','tradeflags','==','accept_click','','','00301039_1','付款交易需要授权','900001','2020-05-25','批量新增','1','0','操作标志'),
('AU05383','tradeflags','==','accept_click','','','00301039_2','付款交易金额超限授权','900001','2020-05-25','批量新增','1','0','操作标志'),
('AU05383','showPay_TradeData.PRMSY_AMT','CASH_TRAN_FLG','现转标志','TradeData.CUR','币种','00301039_2','金额超限','900001','2020-05-25','批量新增','1','0','交易金额'),
('AU05383','tradeflags','==','accept_click','','','00301039_1','付款交易金额超限授权','900001','2020-05-25','批量新增','1','0','操作标志'),
('AU05383','showPay_TradeData.PRMSY_AMT','CASH_TRAN_FLG','现转标志','TradeData.CUR','币种','00301039_1','金额超限','900001','2020-05-25','批量新增','1','0','交易金额'),
('AU05384','chkRslt','==','2','','','00301039_2','联网核查手工通过','900001','2020-05-25','批量新增','1','0','联网核查手工通过'),
('AU05385','faceChkRslt','==','2','','','00301039_2','人脸识别手工通过','900001','2020-05-25','批量新增','1','0','人脸识别手工通过'),
('AU05386','chkRslt','==','2','','','00301039_1','联网核查手工通过','900001','2020-05-25','批量新增','1','0','联网核查手工通过'),
('AU05387','faceChkRslt','==','2','','','00301039_1','人脸识别手工通过','900001','2020-05-25','批量新增','1','0','人脸识别手工通过'),
('AU05388','chkRslt','==','2','','','00301041','联网核查手工通过','900001','2020-05-25','批量新增','1','0','联网核查手工通过'),
('AU05389','faceChkRslt','==','2','','','00301041','人脸识别手工通过','900001','2020-05-25','批量新增','1','0','人脸识别手工通过'),
('AU05390','TradeData.FUND_SOURCE','==','2','','','00301045_1','当资金来源为存折时，手输账号触发授权。','900001','2020-05-25','批量新增','1','0','资金来源'),
('AU05390','TradeData.MAGN_STRP_FLG','==','0','','','00301045_1','当资金来源为存折时，手输账号触发授权。','900001','2020-05-25','批量新增','1','0','磁条标志'),
('AU05392','chkRslt','==','2','','','00301045_1','联网核查手工通过','900001','2020-05-25','批量新增','1','0','联网核查手工通过'),
('AU05393','faceChkRslt','==','2','','','00301045_1','人脸识别手工通过','900001','2020-05-25','批量新增','1','0','人脸识别手工通过'),
('AU05394','chkRslt','==','2','','','00301046','联网核查手工通过','900001','2020-05-25','批量新增','1','0','联网核查手工通过'),
('AU05395','faceChkRslt','==','2','','','00301046','人脸识别手工通过','900001','2020-05-25','批量新增','1','0','人脸识别手工通过'),
('AU05397','chkRslt','==','2','','','00301047','联网核查手工通过','900001','2020-05-25','批量新增','1','0','联网核查手工通过'),
('AU05398','faceChkRslt','==','2','','','00301047','人脸识别手工通过','900001','2020-05-25','批量新增','1','0','人脸识别手工通过'),
('AU05399','chkRslt','==','2','','','00301053_2','联网核查手工通过','900001','2020-05-25','批量新增','1','0','联网核查手工通过'),
('AU05400','faceChkRslt','==','2','','','00301053_2','人脸识别手工通过','900001','2020-05-25','批量新增','1','0','人脸识别手工通过'),
('AU05401','TradeData.FUND_SOURCE','==','2','','','00301055','当资金来源为存折时，手输账号触发授权。','900001','2020-05-25','批量新增','1','0','资金来源'),
('AU05401','TradeData.MAGN_STRP_FLG','==','0','','','00301055','当资金来源为存折时，手输账号触发授权。','900001','2020-05-25','批量新增','1','0','磁条标志'),
('AU05402','TradeData.FUND_SOURCE','==','4','','','00301055','当资金来源为内部账时触发授权','900001','2020-05-25','批量新增','1','0','资金来源'),
('AU05403','chkRslt','==','2','','','00301055','联网核查手工通过','900001','2020-05-25','批量新增','1','0','联网核查手工通过'),
('AU05404','faceChkRslt','==','2','','','00301055','人脸识别手工通过','900001','2020-05-25','批量新增','1','0','人脸识别手工通过'),
('AU05405','TradeData.MAGN_STRP_FLG','==','0','','','00301065','手输卡号需要授权','900001','2020-05-25','批量新增','1','0','磁条标志'),
('AU05406','chkRslt','==','2','','','00301065','联网核查手工通过','900001','2020-05-25','批量新增','1','0','联网核查手工通过'),
('AU05407','faceChkRslt','==','2','','','00301065','人脸识别手工通过','900001','2020-05-25','批量新增','1','0','人脸识别手工通过'),
('AU05408','chkRslt','==','2','','','00301066','联网核查手工通过','900001','2020-05-25','批量新增','1','0','联网核查手工通过'),
('AU05409','faceChkRslt','==','2','','','00301066','人脸识别手工通过','900001','2020-05-25','批量新增','1','0','人脸识别手工通过'),
('AU05411','chkRslt','==','2','','','00401051','联网核查手工通过','900001','2020-05-25','批量新增','1','0','联网核查手工通过'),
('AU05412','faceChkRslt','==','2','','','00401051','人脸识别手工通过','900001','2020-05-25','批量新增','1','0','人脸识别手工通过'),
('AU05414','chkRslt','==','2','','','00401052','联网核查手工通过','900001','2020-05-25','批量新增','1','0','联网核查手工通过'),
('AU05415','faceChkRslt','==','2','','','00401052','人脸识别手工通过','900001','2020-05-25','批量新增','1','0','人脸识别手工通过'),
('AU05417','chkRslt','==','2','','','00401053','联网核查手工通过','900001','2020-05-25','批量新增','1','0','联网核查手工通过'),
('AU05418','faceChkRslt','==','2','','','00401053','人脸识别手工通过','900001','2020-05-25','批量新增','1','0','人脸识别手工通过'),
('AU05420','chkRslt','==','2','','','00401054','联网核查手工通过','900001','2020-05-25','批量新增','1','0','联网核查手工通过'),
('AU05421','faceChkRslt','==','2','','','00401054','人脸识别手工通过','900001','2020-05-25','批量新增','1','0','人脸识别手工通过'),
('AU05423','chkRslt','==','2','','','00401055','联网核查手工通过','900001','2020-05-25','批量新增','1','0','联网核查手工通过'),
('AU05424','faceChkRslt','==','2','','','00401055','人脸识别手工通过','900001','2020-05-25','批量新增','1','0','人脸识别手工通过'),
('AU05426','chkRslt','==','2','','','00401064','联网核查手工通过','900001','2020-05-25','批量新增','1','0','联网核查手工通过'),
('AU05427','faceChkRslt','==','2','','','00401064','人脸识别手工通过','900001','2020-05-25','批量新增','1','0','人脸识别手工通过'),
('AU05429','chkRslt','==','2','','','00401065','联网核查手工通过','900001','2020-05-25','批量新增','1','0','联网核查手工通过'),
('AU05430','faceChkRslt','==','2','','','00401065','人脸识别手工通过','900001','2020-05-25','批量新增','1','0','人脸识别手工通过'),
('AU05431','INT_STL','==','2','','','00401067','结息时授权','900001','2020-05-25','批量新增','1','0','1-结息，2-重打'),
('AU05432','chkRslt','==','2','','','00401067','联网核查手工通过','900001','2020-05-25','批量新增','1','0','联网核查手工通过'),
('AU05433','faceChkRslt','==','2','','','00401067','人脸识别手工通过','900001','2020-05-25','批量新增','1','0','人脸识别手工通过'),
('AU05434','INNER_FLAG','==','2','','','00401068','传票套记账','900001','2020-05-25','批量新增','1','0','1-内部账记账，2-传票套记账'),
('AU05435','chkRslt','==','2','','','00401068','联网核查手工通过','900001','2020-05-25','批量新增','1','0','联网核查手工通过'),
('AU05436','faceChkRslt','==','2','','','00401068','人脸识别手工通过','900001','2020-05-25','批量新增','1','0','人脸识别手工通过'),
('AU05438','INNER_FLAG','==','1','','','00401069','内部账记账现金时授权','900001','2020-05-25','批量新增','1','0','1-内部账记账，2-传票套记账'),
('AU05438','TradeData.CASH_TRAN_FLG','==','0','','','00401069','内部账记账现金时授权','900001','2020-05-25','批量新增','1','0','0-现金，1-转账'),
('AU05439','INNER_FLAG','==','1','','','00401069','内部账记账，现转标志为转账，且对方账号非内部账号','900001','2020-05-25','批量新增','1','0','1-内部账记账，2-传票套记账'),
('AU05439','TradeData.CASH_TRAN_FLG','==','1','','','00401069','内部账记账，现转标志为转账，且对方账号非内部账号','900001','2020-05-25','批量新增','1','0','0-现金，1-转账'),
('AU05439','INNER_ACC_FLAG','==','2','','','00401069','内部账记账，现转标志为转账，且对方账号非内部账号','900001','2020-05-25','批量新增','1','0','1-内部账，2-非内部账'),
('AU05440','INNER_FLAG','==','1','','','00401069','内部账记账，现转标志为转账，且对方账号为内部账号时，根据金额授权','900001','2020-05-25','批量新增','1','0','1-内部账记账，2-传票套记账'),
('AU05440','TradeData.CASH_TRAN_FLG','==','1','','','00401069','内部账记账，现转标志为转账，且对方账号为内部账号时，根据金额授权','900001','2020-05-25','批量新增','1','0','0-现金，1-转账'),
('AU05440','INNER_ACC_FLAG','==','1','','','00401069','内部账记账，现转标志为转账，且对方账号为内部账号时，根据金额授权','900001','2020-05-25','批量新增','1','0','1-内部账，2-非内部账'),
('AU05441','chkRslt','==','2','','','00401069','联网核查手工通过','900001','2020-05-25','批量新增','1','0','联网核查手工通过'),
('AU05442','faceChkRslt','==','2','','','00401069','人脸识别手工通过','900001','2020-05-25','批量新增','1','0','人脸识别手工通过'),
('AU05444','chkRslt','==','2','','','00401070','联网核查手工通过','900001','2020-05-25','批量新增','1','0','联网核查手工通过'),
('AU05445','faceChkRslt','==','2','','','00401070','人脸识别手工通过','900001','2020-05-25','批量新增','1','0','人脸识别手工通过'),
('AU05447','chkRslt','==','2','','','00401071','联网核查手工通过','900001','2020-05-25','批量新增','1','0','联网核查手工通过'),
('AU05448','faceChkRslt','==','2','','','00401071','人脸识别手工通过','900001','2020-05-25','批量新增','1','0','人脸识别手工通过'),
('AU05450','chkRslt','==','2','','','00401076','联网核查手工通过','900001','2020-05-25','批量新增','1','0','联网核查手工通过'),
('AU05451','faceChkRslt','==','2','','','00401076','人脸识别手工通过','900001','2020-05-25','批量新增','1','0','人脸识别手工通过'),
('AU05454','chkRslt','==','2','','','00508004','联网核查手工通过','900001','2020-05-25','批量新增','1','0','联网核查手工通过'),
('AU05455','faceChkRslt','==','2','','','00508004','人脸识别手工通过','900001','2020-05-25','批量新增','1','0','人脸识别手工通过'),
('AU05457','chkRslt','==','2','','','00508006','联网核查手工通过','900001','2020-05-25','批量新增','1','0','联网核查手工通过'),
('AU05458','faceChkRslt','==','2','','','00508006','人脸识别手工通过','900001','2020-05-25','批量新增','1','0','人脸识别手工通过'),
('AU05460','chkRslt','==','2','','','00508007','联网核查手工通过','900001','2020-05-25','批量新增','1','0','联网核查手工通过'),
('AU05461','faceChkRslt','==','2','','','00508007','人脸识别手工通过','900001','2020-05-25','批量新增','1','0','人脸识别手工通过'),
('AU05463','chkRslt','==','2','','','00508010','联网核查手工通过','900001','2020-05-25','批量新增','1','0','联网核查手工通过'),
('AU05464','faceChkRslt','==','2','','','00508010','人脸识别手工通过','900001','2020-05-25','批量新增','1','0','人脸识别手工通过'),
('AU05466','chkRslt','==','2','','','00508012','联网核查手工通过','900001','2020-05-25','批量新增','1','0','联网核查手工通过'),
('AU05467','faceChkRslt','==','2','','','00508012','人脸识别手工通过','900001','2020-05-25','批量新增','1','0','人脸识别手工通过'),
('AU05468','authorization','==','true','','','00509003','交易授权','900001','2020-05-25','批量新增','1','0','提交授权'),
('AU05469','chkRslt','==','2','','','00509003','联网核查手工通过','900001','2020-05-25','批量新增','1','0','联网核查手工通过'),
('AU05470','faceChkRslt','==','2','','','00509003','人脸识别手工通过','900001','2020-05-25','批量新增','1','0','人脸识别手工通过'),
('AU05471','TradeData.PAY_FEE_AMT','>=','50000','','','00509012','金额授权','900001','2020-05-25','批量新增','1','0','交易金额'),
('AU05471','faceChkRslt','!=','1','','','00509012','金额授权','900001','2020-05-25','批量新增','1','0','交易金额'),
('AU05472','authorization','==','true','','','00509012','手输存折账号需要授权','900001','2020-05-25','批量新增','1','0','手输存折标志'),
('AU05473','chkRslt','==','2','','','00509012','联网核查手工通过','900001','2020-05-25','批量新增','1','0','联网核查手工通过'),
('AU05474','faceChkRslt','==','2','','','00509012','人脸识别手工通过','900001','2020-05-25','批量新增','1','0','人脸识别手工通过'),
('AU05475','faceChkRslt','==','1','','','00509012','金额授权','900001','2020-05-25','批量新增','1','0','交易金额'),
('AU05475','TradeData.PAY_FEE_AMT','>=','50000','','','00509012','金额授权','900001','2020-05-25','批量新增','1','0','交易金额'),
('AU05476','TradeData.UFRZPY_AMT','>=','50000','','','00601023','金额大于5万','900001','2020-05-25','批量新增','1','0','解付金额'),
('AU05477','chkRslt','==','2','','','00601023','联网核查手工通过','900001','2020-05-25','批量新增','1','0','联网核查手工通过'),
('AU05478','faceChkRslt','==','2','','','00601023','人脸识别手工通过','900001','2020-05-25','批量新增','1','0','人脸识别手工通过'),
('AU05480','chkRslt','==','2','','','00604001','联网核查手工通过','900001','2020-05-25','批量新增','1','0','联网核查手工通过'),
('AU05481','faceChkRslt','==','2','','','00604001','人脸识别手工通过','900001','2020-05-25','批量新增','1','0','人脸识别手工通过'),
('AU05483','chkRslt','==','2','','','00604002','联网核查手工通过','900001','2020-05-25','批量新增','1','0','联网核查手工通过'),
('AU05484','faceChkRslt','==','2','','','00604002','人脸识别手工通过','900001','2020-05-25','批量新增','1','0','人脸识别手工通过'),
('AU05486','chkRslt','==','2','','','00604003','联网核查手工通过','900001','2020-05-25','批量新增','1','0','联网核查手工通过'),
('AU05487','faceChkRslt','==','2','','','00604003','人脸识别手工通过','900001','2020-05-25','批量新增','1','0','人脸识别手工通过'),
('AU05489','chkRslt','==','2','','','00604004','联网核查手工通过','900001','2020-05-25','批量新增','1','0','联网核查手工通过'),
('AU05490','faceChkRslt','==','2','','','00604004','人脸识别手工通过','900001','2020-05-25','批量新增','1','0','人脸识别手工通过'),
('AU05492','chkRslt','==','2','','','00604005','联网核查手工通过','900001','2020-05-25','批量新增','1','0','联网核查手工通过'),
('AU05493','faceChkRslt','==','2','','','00604005','人脸识别手工通过','900001','2020-05-25','批量新增','1','0','人脸识别手工通过'),
('AU05495','chkRslt','==','2','','','00604006','联网核查手工通过','900001','2020-05-25','批量新增','1','0','联网核查手工通过'),
('AU05496','faceChkRslt','==','2','','','00604006','人脸识别手工通过','900001','2020-05-25','批量新增','1','0','人脸识别手工通过'),
('AU05498','chkRslt','==','2','','','00604009','联网核查手工通过','900001','2020-05-25','批量新增','1','0','联网核查手工通过'),
('AU05499','faceChkRslt','==','2','','','00604009','人脸识别手工通过','900001','2020-05-25','批量新增','1','0','人脸识别手工通过'),
('AU05501','chkRslt','==','2','','','00604015','联网核查手工通过','900001','2020-05-25','批量新增','1','0','联网核查手工通过'),
('AU05502','faceChkRslt','==','2','','','00604015','人脸识别手工通过','900001','2020-05-25','批量新增','1','0','人脸识别手工通过'),
('AU05503','chkRslt','==','2','','','09908008','联网核查手工通过','900001','2020-05-25','批量新增','1','0','联网核查手工通过'),
('AU05504','chkRslt','==','2','','','09908009','联网核查手工通过','900001','2020-05-25','批量新增','1','0','联网核查手工通过');

-- IB_OM_AUTHMODE_INFO insert
INSERT INTO   `pub_db`.`IB_OM_AUTHMODE_INFO` (`MODE_NO`,`AUTH_TYP_CD`,`AUTH_LVL_CD`,`REMOTE_AUTH_LVL_CD`,`AUTH_ORG_TYP_CD`,`AUTH_ORG_NO`,`AUTH_PSTN_NO`,`UGNT_FLG`,`AUTH_DESCR`,`HOST_AUTH_FLG`,`HOST_AUTH_TYP_CD`,`CNTRTN_AUTH_CENT_NM`,`CNTRTN_AUTH_LVL_CD`,`REMRK_1`,`APP_NO`) VALUES
('AU05100','2','2','','','','*','','币种-人民币,现金,金额在范围[50000-100000]内，触发授权','','','','','现金金额超限模式',''),
('AU05101','2','3','','','','*','','币种-人民币,现金,金额在范围(100000-500000]内，触发授权','','','','','现金金额超限模式',''),
('AU05102','2','4','','','','*','','币种-人民币,现金,金额在范围(500000-2000000]内，触发授权','','','','','现金金额超限模式',''),
('AU05103','2','5','','','','*','','币种-人民币,现金,金额在范围(2000000-20000000]内，触发授权','','','','','现金金额超限模式',''),
('AU05104','2','6','','','','*','','币种-人民币,现金,金额在范围(20000000-50000000]内，触发授权','','','','','现金金额超限模式',''),
('AU05105','2','7','','','','*','','币种-人民币,现金,金额在范围(50000000-100000000]内，触发授权','','','','','现金金额超限模式',''),
('AU05106','2','8','','','','*','','币种-人民币,现金,金额在范围(100000000-200000000]内，触发授权','','','','','现金金额超限模式',''),
('AU05107','2','9','','','','*','','币种-人民币,现金,金额在范围(200000000-400000000]内，触发授权','','','','','现金金额超限模式',''),
('AU05108','2','9','','','','*','','币种-人民币,现金,金额在范围(400000000-400000000000]内，触发授权','','','','','现金金额超限模式',''),
('AU05109','2','2','','','','*','','币种-人民币,转账,金额在范围[50000-200000]内，触发授权','','','','','转账金额超限模式',''),
('AU05110','2','3','','','','*','','币种-人民币,转账,金额在范围(200000-1000000]内，触发授权','','','','','转账金额超限模式',''),
('AU05111','2','4','','','','*','','币种-人民币,转账,金额在范围(1000000-4000000]内，触发授权','','','','','转账金额超限模式',''),
('AU05112','2','5','','','','*','','币种-人民币,转账,金额在范围(4000000-40000000]内，触发授权','','','','','转账金额超限模式',''),
('AU05113','2','6','','','','*','','币种-人民币,转账,金额在范围(40000000-100000000]内，触发授权','','','','','转账金额超限模式',''),
('AU05114','2','7','','','','*','','币种-人民币,转账,金额在范围(100000000-200000000]内，触发授权','','','','','转账金额超限模式',''),
('AU05115','2','8','','','','*','','币种-人民币,转账,金额在范围(200000000-400000000]内，触发授权','','','','','转账金额超限模式',''),
('AU05116','2','9','','','','*','','币种-人民币,转账,金额在范围(400000000-800000000]内，触发授权','','','','','转账金额超限模式',''),
('AU05117','2','9','','','','*','','币种-人民币,转账,金额在范围(800000000-8000000000000]内，触发授权','','','','','转账金额超限模式',''),
('AU05118','2','3','','','','*','','币种-美元,现金,金额在范围[1000-5000]内，触发授权','','','','','现金金额超限模式',''),
('AU05119','2','4','','','','*','','币种-美元,现金,金额在范围(5000-20000]内，触发授权','','','','','现金金额超限模式',''),
('AU05120','2','5','','','','*','','币种-美元,现金,金额在范围(20000-200000]内，触发授权','','','','','现金金额超限模式',''),
('AU05121','2','6','','','','*','','币种-美元,现金,金额在范围(200000-500000]内，触发授权','','','','','现金金额超限模式',''),
('AU05122','2','7','','','','*','','币种-美元,现金,金额在范围(500000-1000000]内，触发授权','','','','','现金金额超限模式',''),
('AU05123','2','8','','','','*','','币种-美元,现金,金额在范围(1000000-20000000]内，触发授权','','','','','现金金额超限模式',''),
('AU05124','2','9','','','','*','','币种-美元,现金,金额在范围(20000000-40000000]内，触发授权','','','','','现金金额超限模式',''),
('AU05125','2','9','','','','*','','币种-美元,现金,金额在范围(400000000-400000000000]内，触发授权','','','','','现金金额超限模式',''),
('AU05126','2','3','','','','*','','币种-美元,转账,金额在范围[5000-10000]内，触发授权','','','','','转账金额超限模式',''),
('AU05127','2','4','','','','*','','币种-美元,转账,金额在范围(10000-40000]内，触发授权','','','','','转账金额超限模式',''),
('AU05128','2','5','','','','*','','币种-美元,转账,金额在范围(40000-400000]内，触发授权','','','','','转账金额超限模式',''),
('AU05129','2','6','','','','*','','币种-美元,转账,金额在范围(400000-1000000]内，触发授权','','','','','转账金额超限模式',''),
('AU05130','2','7','','','','*','','币种-美元,转账,金额在范围(1000000-2000000]内，触发授权','','','','','转账金额超限模式',''),
('AU05131','2','8','','','','*','','币种-美元,转账,金额在范围(2000000-40000000]内，触发授权','','','','','转账金额超限模式',''),
('AU05132','2','9','','','','*','','币种-美元,转账,金额在范围(40000000-80000000]内，触发授权','','','','','转账金额超限模式',''),
('AU05133','2','9','','','','*','','币种-美元,转账,金额在范围(800000000-8000000000000]内，触发授权','','','','','转账金额超限模式',''),
('AU05134','2','3','','','','*','','币种-日元,现金,金额在范围[100000-500000]内，触发授权','','','','','现金金额超限模式',''),
('AU05135','2','4','','','','*','','币种-日元,现金,金额在范围(500000-2000000]内，触发授权','','','','','现金金额超限模式',''),
('AU05136','2','5','','','','*','','币种-日元,现金,金额在范围(2000000-20000000]内，触发授权','','','','','现金金额超限模式',''),
('AU05137','2','6','','','','*','','币种-日元,现金,金额在范围(20000000-50000000]内，触发授权','','','','','现金金额超限模式',''),
('AU05138','2','7','','','','*','','币种-日元,现金,金额在范围(50000000-100000000]内，触发授权','','','','','现金金额超限模式',''),
('AU05139','2','8','','','','*','','币种-日元,现金,金额在范围(100000000-2000000000]内，触发授权','','','','','现金金额超限模式',''),
('AU05140','2','9','','','','*','','币种-日元,现金,金额在范围(2000000000-4000000000]内，触发授权','','','','','现金金额超限模式',''),
('AU05141','2','9','','','','*','','币种-日元,现金,金额在范围(400000000-400000000000]内，触发授权','','','','','现金金额超限模式',''),
('AU05142','2','3','','','','*','','币种-日元,转账,金额在范围[500000-1000000]内，触发授权','','','','','转账金额超限模式',''),
('AU05143','2','4','','','','*','','币种-日元,转账,金额在范围(1000000-4000000]内，触发授权','','','','','转账金额超限模式',''),
('AU05144','2','5','','','','*','','币种-日元,转账,金额在范围(4000000-40000000]内，触发授权','','','','','转账金额超限模式',''),
('AU05145','2','6','','','','*','','币种-日元,转账,金额在范围(40000000-100000000]内，触发授权','','','','','转账金额超限模式',''),
('AU05146','2','7','','','','*','','币种-日元,转账,金额在范围(100000000-200000000]内，触发授权','','','','','转账金额超限模式',''),
('AU05147','2','8','','','','*','','币种-日元,转账,金额在范围(200000000-4000000000]内，触发授权','','','','','转账金额超限模式',''),
('AU05148','2','9','','','','*','','币种-日元,转账,金额在范围(4000000000-8000000000]内，触发授权','','','','','转账金额超限模式',''),
('AU05149','2','9','','','','*','','币种-日元,转账,金额在范围(800000000-8000000000000]内，触发授权','','','','','转账金额超限模式',''),
('AU05150','2','3','','','','*','','币种-欧元,现金,金额在范围[1000-5000]内，触发授权','','','','','现金金额超限模式',''),
('AU05151','2','4','','','','*','','币种-欧元,现金,金额在范围(5000-20000]内，触发授权','','','','','现金金额超限模式',''),
('AU05152','2','5','','','','*','','币种-欧元,现金,金额在范围(20000-200000]内，触发授权','','','','','现金金额超限模式',''),
('AU05153','2','6','','','','*','','币种-欧元,现金,金额在范围(200000-500000]内，触发授权','','','','','现金金额超限模式',''),
('AU05154','2','7','','','','*','','币种-欧元,现金,金额在范围(500000-1000000]内，触发授权','','','','','现金金额超限模式',''),
('AU05155','2','8','','','','*','','币种-欧元,现金,金额在范围(1000000-20000000]内，触发授权','','','','','现金金额超限模式',''),
('AU05156','2','9','','','','*','','币种-欧元,现金,金额在范围(20000000-40000000]内，触发授权','','','','','现金金额超限模式',''),
('AU05157','2','9','','','','*','','币种-欧元,现金,金额在范围(400000000-400000000000]内，触发授权','','','','','现金金额超限模式',''),
('AU05158','2','3','','','','*','','币种-欧元,转账,金额在范围[5000-10000]内，触发授权','','','','','转账金额超限模式',''),
('AU05159','2','4','','','','*','','币种-欧元,转账,金额在范围(10000-40000]内，触发授权','','','','','转账金额超限模式',''),
('AU05160','2','5','','','','*','','币种-欧元,转账,金额在范围(40000-400000]内，触发授权','','','','','转账金额超限模式',''),
('AU05161','2','6','','','','*','','币种-欧元,转账,金额在范围(400000-1000000]内，触发授权','','','','','转账金额超限模式',''),
('AU05162','2','7','','','','*','','币种-欧元,转账,金额在范围(1000000-2000000]内，触发授权','','','','','转账金额超限模式',''),
('AU05163','2','8','','','','*','','币种-欧元,转账,金额在范围(2000000-40000000]内，触发授权','','','','','转账金额超限模式',''),
('AU05164','2','9','','','','*','','币种-欧元,转账,金额在范围(40000000-80000000]内，触发授权','','','','','转账金额超限模式',''),
('AU05165','2','9','','','','*','','币种-欧元,转账,金额在范围(800000000-8000000000000]内，触发授权','','','','','转账金额超限模式',''),
('AU05166','2','3','','','','*','','币种-澳大利亚元,现金,金额在范围[1000-5000]内，触发授权','','','','','现金金额超限模式',''),
('AU05167','2','4','','','','*','','币种-澳大利亚元,现金,金额在范围(5000-20000]内，触发授权','','','','','现金金额超限模式',''),
('AU05168','2','5','','','','*','','币种-澳大利亚元,现金,金额在范围(20000-200000]内，触发授权','','','','','现金金额超限模式',''),
('AU05169','2','6','','','','*','','币种-澳大利亚元,现金,金额在范围(200000-500000]内，触发授权','','','','','现金金额超限模式',''),
('AU05170','2','7','','','','*','','币种-澳大利亚元,现金,金额在范围(500000-1000000]内，触发授权','','','','','现金金额超限模式',''),
('AU05171','2','8','','','','*','','币种-澳大利亚元,现金,金额在范围(1000000-20000000]内，触发授权','','','','','现金金额超限模式',''),
('AU05172','2','9','','','','*','','币种-澳大利亚元,现金,金额在范围(20000000-40000000]内，触发授权','','','','','现金金额超限模式',''),
('AU05173','2','9','','','','*','','币种-澳大利亚元,现金,金额在范围(400000000-400000000000]内，触发授权','','','','','现金金额超限模式',''),
('AU05174','2','3','','','','*','','币种-澳大利亚元,转账,金额在范围[5000-10000]内，触发授权','','','','','转账金额超限模式',''),
('AU05175','2','4','','','','*','','币种-澳大利亚元,转账,金额在范围(10000-40000]内，触发授权','','','','','转账金额超限模式',''),
('AU05176','2','5','','','','*','','币种-澳大利亚元,转账,金额在范围(40000-400000]内，触发授权','','','','','转账金额超限模式',''),
('AU05177','2','6','','','','*','','币种-澳大利亚元,转账,金额在范围(400000-1000000]内，触发授权','','','','','转账金额超限模式',''),
('AU05178','2','7','','','','*','','币种-澳大利亚元,转账,金额在范围(1000000-2000000]内，触发授权','','','','','转账金额超限模式',''),
('AU05179','2','8','','','','*','','币种-澳大利亚元,转账,金额在范围(2000000-40000000]内，触发授权','','','','','转账金额超限模式',''),
('AU05180','2','9','','','','*','','币种-澳大利亚元,转账,金额在范围(40000000-80000000]内，触发授权','','','','','转账金额超限模式',''),
('AU05181','2','9','','','','*','','币种-澳大利亚元,转账,金额在范围(800000000-8000000000000]内，触发授权','','','','','转账金额超限模式',''),
('AU05182','2','3','','','','*','','币种-英镑,现金,金额在范围[1000-5000]内，触发授权','','','','','现金金额超限模式',''),
('AU05183','2','4','','','','*','','币种-英镑,现金,金额在范围(5000-20000]内，触发授权','','','','','现金金额超限模式',''),
('AU05184','2','5','','','','*','','币种-英镑,现金,金额在范围(20000-200000]内，触发授权','','','','','现金金额超限模式',''),
('AU05185','2','6','','','','*','','币种-英镑,现金,金额在范围(200000-500000]内，触发授权','','','','','现金金额超限模式',''),
('AU05186','2','7','','','','*','','币种-英镑,现金,金额在范围(500000-1000000]内，触发授权','','','','','现金金额超限模式',''),
('AU05187','2','8','','','','*','','币种-英镑,现金,金额在范围(1000000-20000000]内，触发授权','','','','','现金金额超限模式',''),
('AU05188','2','9','','','','*','','币种-英镑,现金,金额在范围(20000000-40000000]内，触发授权','','','','','现金金额超限模式',''),
('AU05189','2','9','','','','*','','币种-英镑,现金,金额在范围(400000000-400000000000]内，触发授权','','','','','现金金额超限模式',''),
('AU05190','2','3','','','','*','','币种-英镑,转账,金额在范围[5000-10000]内，触发授权','','','','','转账金额超限模式',''),
('AU05191','2','4','','','','*','','币种-英镑,转账,金额在范围(10000-40000]内，触发授权','','','','','转账金额超限模式',''),
('AU05192','2','5','','','','*','','币种-英镑,转账,金额在范围(40000-400000]内，触发授权','','','','','转账金额超限模式',''),
('AU05193','2','6','','','','*','','币种-英镑,转账,金额在范围(400000-1000000]内，触发授权','','','','','转账金额超限模式',''),
('AU05194','2','7','','','','*','','币种-英镑,转账,金额在范围(1000000-2000000]内，触发授权','','','','','转账金额超限模式',''),
('AU05195','2','8','','','','*','','币种-英镑,转账,金额在范围(2000000-40000000]内，触发授权','','','','','转账金额超限模式',''),
('AU05196','2','9','','','','*','','币种-英镑,转账,金额在范围(40000000-80000000]内，触发授权','','','','','转账金额超限模式',''),
('AU05197','2','9','','','','*','','币种-英镑,转账,金额在范围(800000000-8000000000000]内，触发授权','','','','','转账金额超限模式',''),
('AU05198','2','3','','','','*','','币种-香港元,现金,金额在范围[10000-50000]内，触发授权','','','','','现金金额超限模式',''),
('AU05199','2','4','','','','*','','币种-香港元,现金,金额在范围(50000-200000]内，触发授权','','','','','现金金额超限模式',''),
('AU05200','2','5','','','','*','','币种-香港元,现金,金额在范围(200000-2000000]内，触发授权','','','','','现金金额超限模式',''),
('AU05201','2','6','','','','*','','币种-香港元,现金,金额在范围(2000000-5000000]内，触发授权','','','','','现金金额超限模式',''),
('AU05202','2','7','','','','*','','币种-香港元,现金,金额在范围(5000000-10000000]内，触发授权','','','','','现金金额超限模式',''),
('AU05203','2','8','','','','*','','币种-香港元,现金,金额在范围(10000000-200000000]内，触发授权','','','','','现金金额超限模式',''),
('AU05204','2','9','','','','*','','币种-香港元,现金,金额在范围(200000000-400000000]内，触发授权','','','','','现金金额超限模式',''),
('AU05205','2','9','','','','*','','币种-香港元,现金,金额在范围(400000000-400000000000]内，触发授权','','','','','现金金额超限模式',''),
('AU05206','2','3','','','','*','','币种-香港元,转账,金额在范围[50000-100000]内，触发授权','','','','','转账金额超限模式',''),
('AU05207','2','4','','','','*','','币种-香港元,转账,金额在范围(100000-400000]内，触发授权','','','','','转账金额超限模式',''),
('AU05208','2','5','','','','*','','币种-香港元,转账,金额在范围(400000-4000000]内，触发授权','','','','','转账金额超限模式',''),
('AU05209','2','6','','','','*','','币种-香港元,转账,金额在范围(4000000-10000000]内，触发授权','','','','','转账金额超限模式',''),
('AU05210','2','7','','','','*','','币种-香港元,转账,金额在范围(10000000-20000000]内，触发授权','','','','','转账金额超限模式',''),
('AU05211','2','8','','','','*','','币种-香港元,转账,金额在范围(20000000-400000000]内，触发授权','','','','','转账金额超限模式',''),
('AU05212','2','9','','','','*','','币种-香港元,转账,金额在范围(400000000-800000000]内，触发授权','','','','','转账金额超限模式',''),
('AU05213','2','9','','','','*','','币种-香港元,转账,金额在范围(800000000-8000000000000]内，触发授权','','','','','转账金额超限模式',''),
('AU05214','2','3','','','','*','','币种-新加坡元,现金,金额在范围[1000-5000]内，触发授权','','','','','现金金额超限模式',''),
('AU05215','2','4','','','','*','','币种-新加坡元,现金,金额在范围(5000-20000]内，触发授权','','','','','现金金额超限模式',''),
('AU05216','2','5','','','','*','','币种-新加坡元,现金,金额在范围(20000-200000]内，触发授权','','','','','现金金额超限模式',''),
('AU05217','2','6','','','','*','','币种-新加坡元,现金,金额在范围(200000-500000]内，触发授权','','','','','现金金额超限模式',''),
('AU05218','2','7','','','','*','','币种-新加坡元,现金,金额在范围(500000-1000000]内，触发授权','','','','','现金金额超限模式',''),
('AU05219','2','8','','','','*','','币种-新加坡元,现金,金额在范围(1000000-20000000]内，触发授权','','','','','现金金额超限模式',''),
('AU05220','2','9','','','','*','','币种-新加坡元,现金,金额在范围(20000000-40000000]内，触发授权','','','','','现金金额超限模式',''),
('AU05221','2','9','','','','*','','币种-新加坡元,现金,金额在范围(400000000-400000000000]内，触发授权','','','','','现金金额超限模式',''),
('AU05222','2','3','','','','*','','币种-新加坡元,转账,金额在范围[5000-10000]内，触发授权','','','','','转账金额超限模式',''),
('AU05223','2','4','','','','*','','币种-新加坡元,转账,金额在范围(10000-40000]内，触发授权','','','','','转账金额超限模式',''),
('AU05224','2','5','','','','*','','币种-新加坡元,转账,金额在范围(40000-400000]内，触发授权','','','','','转账金额超限模式',''),
('AU05225','2','6','','','','*','','币种-新加坡元,转账,金额在范围(400000-1000000]内，触发授权','','','','','转账金额超限模式',''),
('AU05226','2','7','','','','*','','币种-新加坡元,转账,金额在范围(1000000-2000000]内，触发授权','','','','','转账金额超限模式',''),
('AU05227','2','8','','','','*','','币种-新加坡元,转账,金额在范围(2000000-40000000]内，触发授权','','','','','转账金额超限模式',''),
('AU05228','2','9','','','','*','','币种-新加坡元,转账,金额在范围(40000000-80000000]内，触发授权','','','','','转账金额超限模式',''),
('AU05229','2','9','','','','*','','币种-新加坡元,转账,金额在范围(800000000-8000000000000]内，触发授权','','','','','转账金额超限模式',''),
('AU05230','2','3','','','','*','','币种-加元,现金,金额在范围[1000-5000]内，触发授权','','','','','现金金额超限模式',''),
('AU05231','2','4','','','','*','','币种-加元,现金,金额在范围(5000-20000]内，触发授权','','','','','现金金额超限模式',''),
('AU05232','2','5','','','','*','','币种-加元,现金,金额在范围(20000-200000]内，触发授权','','','','','现金金额超限模式',''),
('AU05233','2','6','','','','*','','币种-加元,现金,金额在范围(200000-500000]内，触发授权','','','','','现金金额超限模式',''),
('AU05234','2','7','','','','*','','币种-加元,现金,金额在范围(500000-1000000]内，触发授权','','','','','现金金额超限模式',''),
('AU05235','2','8','','','','*','','币种-加元,现金,金额在范围(1000000-20000000]内，触发授权','','','','','现金金额超限模式',''),
('AU05236','2','9','','','','*','','币种-加元,现金,金额在范围(20000000-40000000]内，触发授权','','','','','现金金额超限模式',''),
('AU05237','2','9','','','','*','','币种-加元,现金,金额在范围(400000000-400000000000]内，触发授权','','','','','现金金额超限模式',''),
('AU05238','2','3','','','','*','','币种-加元,转账,金额在范围[5000-10000]内，触发授权','','','','','转账金额超限模式',''),
('AU05239','2','4','','','','*','','币种-加元,转账,金额在范围(10000-40000]内，触发授权','','','','','转账金额超限模式',''),
('AU05240','2','5','','','','*','','币种-加元,转账,金额在范围(40000-400000]内，触发授权','','','','','转账金额超限模式',''),
('AU05241','2','6','','','','*','','币种-加元,转账,金额在范围(400000-1000000]内，触发授权','','','','','转账金额超限模式',''),
('AU05242','2','7','','','','*','','币种-加元,转账,金额在范围(1000000-2000000]内，触发授权','','','','','转账金额超限模式',''),
('AU05243','2','8','','','','*','','币种-加元,转账,金额在范围(2000000-40000000]内，触发授权','','','','','转账金额超限模式',''),
('AU05244','2','9','','','','*','','币种-加元,转账,金额在范围(40000000-80000000]内，触发授权','','','','','转账金额超限模式',''),
('AU05245','2','9','','','','*','','币种-加元,转账,金额在范围(800000000-8000000000000]内，触发授权','','','','','转账金额超限模式',''),
('AU05246','2','4','','','','*','','交易授权','','','','','',''),
('AU05247','2','4','','','','*','','交易授权','','','','','',''),
('AU05248','2','4','','','','*','','交易授权','','','','','',''),
('AU05249','2','4','','','','*','','交易授权','','','','','',''),
('AU05250','2','4','','','','*','','交易授权','','','','','',''),
('AU05251','2','4','','','','*','','交易授权','','','','','',''),
('AU05252','2','4','','','','*','','交易授权','','','','','',''),
('AU05253','2','4','','','','*','','交易授权','','','','','',''),
('AU05254','2','4','','','','*','','交易授权','','','','','',''),
('AU05255','2','4','','','','*','','交易授权','','','','','',''),
('AU05256','2','4','','','','*','','交易授权','','','','','',''),
('AU05257','2','4','','','','*','','交易授权','','','','','',''),
('AU05258','2','4','','','','*','','人脸识别手工通过','','','','','何传佳统计',''),
('AU05259','2','4','','','','*','','未人脸识别','','','','','何传佳统计',''),
('AU05260','2','4','','','','*','','更改后的开户金额大于等于5万元','','','','','何传佳统计',''),
('AU05261','2','4','','','','*','','人脸识别手工通过','','','','','何传佳统计',''),
('AU05262','2','4','','','','*','','未人脸识别','','','','','何传佳统计',''),
('AU05263','2','4','','','','*','','更改后的开户金额大于等于5万元','','','','','何传佳统计',''),
('AU05264','2','4','','','','*','','交易授权','','','','','严麟统计',''),
('AU05265','1','1','','','','*','','联网核查手工通过','','','','','严麟统计',''),
('AU05266','1','1','','','','*','','人脸识别手工通过','','','','','严麟统计',''),
('AU05267','2','4','','','','*','','支取方式不包含密码时进行授权','','','','','严麟统计',''),
('AU05268','2','4','','','','*','','代理办理时进行授权','','','','','严麟统计',''),
('AU05269','2','4','','','','*','','手工输入移入账户账号时进行授权','','','','','严麟统计',''),
('AU05270','1','1','','','','*','','联网核查手工通过','','','','','严麟统计',''),
('AU05271','1','1','','','','*','','人脸识别手工通过','','','','','严麟统计',''),
('AU05272','2','4','','','','*','','支取方式不包含密码时进行授权','','','','','严麟统计',''),
('AU05273','2','4','','','','*','','代理办理时进行授权','','','','','严麟统计',''),
('AU05274','2','4','','','','*','','手工输入移入账户账号时进行授权','','','','','严麟统计',''),
('AU05275','2','4','','','','*','','交易授权','','','','','章春贤统计',''),
('AU05276','1','1','','','','*','','联网核查手工通过','','','','','章春贤统计',''),
('AU05277','1','1','','','','*','','人脸识别手工通过','','','','','章春贤统计',''),
('AU05278','1','1','','','','*','','联网核查手工通过','','','','','严麟统计',''),
('AU05279','1','1','','','','*','','人脸识别手工通过','','','','','严麟统计',''),
('AU05280','1','1','','','','*','','提前支取为是','','','','','严麟统计',''),
('AU05281','1','1','','','','*','','联网核查手工通过','','','','','严麟统计',''),
('AU05282','1','1','','','','*','','人脸识别手工通过','','','','','严麟统计',''),
('AU05283','1','1','','','','*','','跨机构查询时触发授权','','','','','严麟统计',''),
('AU05284','1','1','','','','*','','联网核查手工通过','','','','','严麟统计',''),
('AU05285','1','1','','','','*','','人脸识别手工通过','','','','','严麟统计',''),
('AU05286','2','4','','','','*','','交易授权','','','','','孙飞统计',''),
('AU05287','1','1','','','','*','','联网核查手工通过','','','','','孙飞统计',''),
('AU05288','1','1','','','','*','','人脸识别手工通过','','','','','孙飞统计',''),
('AU05289','2','4','','','','*','','交易授权','','','','','严麟统计',''),
('AU05290','1','1','','','','*','','联网核查手工通过','','','','','严麟统计',''),
('AU05291','1','1','','','','*','','人脸识别手工通过','','','','','严麟统计',''),
('AU05292','1','1','','','','*','','联网核查手工通过','','','','','严麟统计',''),
('AU05293','1','1','','','','*','','人脸识别手工通过','','','','','严麟统计',''),
('AU05294','2','4','','','','*','','交易授权','','','','','严麟统计',''),
('AU05295','1','1','','','','*','','联网核查手工通过','','','','','严麟统计',''),
('AU05296','1','1','','','','*','','人脸识别手工通过','','','','','严麟统计',''),
('AU05297','1','1','','','','*','','手工输入卡号时触发授权','','','','','严麟统计',''),
('AU05298','1','1','','','','*','','未输入密码时触发授权','','','','','严麟统计',''),
('AU05299','1','1','','','','*','','联网核查手工通过','','','','','严麟统计',''),
('AU05300','1','1','','','','*','','人脸识别手工通过','','','','','严麟统计',''),
('AU05301','2','4','','','','*','','人脸识别自动通过','','','','','张莉统计',''),
('AU05302','1','1','','','','*','','人脸识别手工通过','','','','','张莉统计',''),
('AU05303','1','1','','','','*','','联网核查手工通过','','','','','张莉统计',''),
('AU05304','1','1','','','','*','','未输入卡号','','','','','',''),
('AU05305','1','1','','','','*','','联网核查手工通过','','','','','',''),
('AU05306','1','1','','','','*','','人脸识别手工通过','','','','','',''),
('AU05307','1','1','','','','*','','交易授权','','','','','',''),
('AU05308','1','1','','','','*','','联网核查手工通过','','','','','',''),
('AU05309','1','1','','','','*','','人脸识别手工通过','','','','','',''),
('AU05310','1','1','','','','*','','交易授权','','','','','',''),
('AU05311','1','1','','','','*','','联网核查手工通过','','','','','',''),
('AU05312','1','1','','','','*','','人脸识别手工通过','','','','','',''),
('AU05313','1','1','','','','*','','联网核查手工通过','','','','','',''),
('AU05314','1','1','','','','*','','人脸识别手工通过','','','','','',''),
('AU05315','1','1','','','','*','','联网核查手工通过','','','','','',''),
('AU05316','1','1','','','','*','','人脸识别手工通过','','','','','',''),
('AU05317','1','1','','','','*','','联网核查手工通过','','','','','',''),
('AU05318','1','1','','','','*','','人脸识别手工通过','','','','','',''),
('AU05319','1','1','','','','*','','联网核查手工通过','','','','','',''),
('AU05320','1','1','','','','*','','人脸识别手工通过','','','','','',''),
('AU05321','1','1','','','','*','','联网核查手工通过','','','','','',''),
('AU05322','1','1','','','','*','','人脸识别手工通过','','','','','',''),
('AU05323','1','1','','','','*','','联网核查手工通过','','','','','',''),
('AU05324','1','1','','','','*','','人脸识别手工通过','','','','','',''),
('AU05325','1','1','','','','*','','联网核查手工通过','','','','','',''),
('AU05326','1','1','','','','*','','人脸识别手工通过','','','','','',''),
('AU05327','1','1','','','','*','','联网核查手工通过','','','','','',''),
('AU05328','1','1','','','','*','','人脸识别手工通过','','','','','',''),
('AU05329','1','1','','','','*','','联网核查手工通过','','','','','',''),
('AU05330','1','1','','','','*','','人脸识别手工通过','','','','','',''),
('AU05331','1','1','','','','*','','联网核查手工通过','','','','','',''),
('AU05332','1','1','','','','*','','人脸识别手工通过','','','','','',''),
('AU05333','1','1','','','','*','','联网核查手工通过','','','','','',''),
('AU05334','1','1','','','','*','','人脸识别手工通过','','','','','',''),
('AU05335','1','1','','','','*','','联网核查手工通过','','','','','',''),
('AU05336','1','1','','','','*','','人脸识别手工通过','','','','','',''),
('AU05337','1','1','','','','*','','交易授权','','','','','',''),
('AU05338','1','1','','','','*','','联网核查手工通过','','','','','',''),
('AU05339','1','1','','','','*','','人脸识别手工通过','','','','','',''),
('AU05340','2','4','','','','*','','交易授权','','','','','李有统计',''),
('AU05341','1','1','','','','*','','联网核查手工通过','','','','','李有统计',''),
('AU05342','1','1','','','','*','','人脸识别手工通过','','','','','李有统计',''),
('AU05343','1','1','','','','*','','交易授权','','','','','',''),
('AU05344','1','1','','','','*','','联网核查手工通过','','','','','',''),
('AU05345','1','1','','','','*','','人脸识别手工通过','','','','','',''),
('AU05346','1','1','','','','*','','交易授权','','','','','',''),
('AU05347','1','1','','','','*','','联网核查手工通过','','','','','',''),
('AU05348','1','1','','','','*','','人脸识别手工通过','','','','','',''),
('AU05349','1','1','','','','*','','交易授权','','','','','',''),
('AU05350','1','1','','','','*','','联网核查手工通过','','','','','',''),
('AU05351','1','1','','','','*','','人脸识别手工通过','','','','','',''),
('AU05352','1','1','','','','*','','交易授权','','','','','',''),
('AU05353','1','1','','','','*','','联网核查手工通过','','','','','',''),
('AU05354','1','1','','','','*','','人脸识别手工通过','','','','','',''),
('AU05355','2','4','','','','*','','交易授权','','','','','',''),
('AU05356','1','1','','','','*','','联网核查手工通过','','','','','',''),
('AU05357','1','1','','','','*','','人脸识别手工通过','','','','','',''),
('AU05358','2','4','','','','*','','交易授权','','','','','',''),
('AU05359','1','1','','','','*','','联网核查手工通过','','','','','',''),
('AU05360','1','1','','','','*','','人脸识别手工通过','','','','','',''),
('AU05361','2','4','','','','*','','当操作标志为单笔录入时授权','','','','','',''),
('AU05362','2','4','','','','*','','当操作标志为文件导入时授权','','','','','',''),
('AU05363','1','1','','','','*','','联网核查手工通过','','','','','',''),
('AU05364','1','1','','','','*','','人脸识别手工通过','','','','','',''),
('AU05365','2','4','','','','*','','当修改提交时授权','','','','','',''),
('AU05366','2','4','','','','*','','当注销提交时授权','','','','','',''),
('AU05367','1','1','','','','*','','联网核查手工通过','','','','','',''),
('AU05368','1','1','','','','*','','人脸识别手工通过','','','','','',''),
('AU05369','1','1','','','','*','','联网核查手工通过','','','','','',''),
('AU05370','1','1','','','','*','','人脸识别手工通过','','','','','',''),
('AU05371','1','1','','','','*','','联网核查手工通过','','','','','',''),
('AU05372','1','1','','','','*','','人脸识别手工通过','','','','','',''),
('AU05373','1','1','','','','*','','手输取款账号触发授权','','','','','',''),
('AU05374','1','1','','','','*','','转入账户为卡或存折时，手工输入转入账号且超过金额限制1万(含)需授权','','','','','',''),
('AU05375','1','1','','','','*','','联网核查手工通过','','','','','',''),
('AU05376','1','1','','','','*','','人脸识别手工通过','','','','','',''),
('AU05377','2','4','','','','*','','交易授权','','','','','',''),
('AU05378','1','1','','','','*','','联网核查手工通过','','','','','',''),
('AU05379','1','1','','','','*','','人脸识别手工通过','','','','','',''),
('AU05380','2','4','','','','*','','对记录进行修改、删除需要授权','','','','','',''),
('AU05381','2','4','','','','*','','对记录进行修改、删除需要授权','','','','','',''),
('AU05382','2','4','','','','*','','付款交易需要授权','','','','','',''),
('AU05383','2','4','','','','*','','付款交易金额超限授权','','','','','',''),
('AU05384','1','1','','','','*','','联网核查手工通过','','','','','',''),
('AU05385','1','1','','','','*','','人脸识别手工通过','','','','','',''),
('AU05386','1','1','','','','*','','联网核查手工通过','','','','','',''),
('AU05387','1','1','','','','*','','人脸识别手工通过','','','','','',''),
('AU05388','1','1','','','','*','','联网核查手工通过','','','','','',''),
('AU05389','1','1','','','','*','','人脸识别手工通过','','','','','',''),
('AU05390','2','4','','','','*','','当资金来源为存折时，手输账号触发授权。','','','','','',''),
('AU05391','2','4','','','','*','','交易授权','','','','','',''),
('AU05392','1','1','','','','*','','联网核查手工通过','','','','','',''),
('AU05393','1','1','','','','*','','人脸识别手工通过','','','','','',''),
('AU05394','1','1','','','','*','','联网核查手工通过','','','','','',''),
('AU05395','1','1','','','','*','','人脸识别手工通过','','','','','',''),
('AU05396','2','4','','','','*','','交易授权','','','','','',''),
('AU05397','1','1','','','','*','','联网核查手工通过','','','','','',''),
('AU05398','1','1','','','','*','','人脸识别手工通过','','','','','',''),
('AU05399','1','1','','','','*','','联网核查手工通过','','','','','',''),
('AU05400','1','1','','','','*','','人脸识别手工通过','','','','','',''),
('AU05401','2','4','','','','*','','当资金来源为存折时，手输账号触发授权。','','','','','',''),
('AU05402','2','4','','','','*','','当资金来源为内部账时触发授权','','','','','',''),
('AU05403','1','1','','','','*','','联网核查手工通过','','','','','',''),
('AU05404','1','1','','','','*','','人脸识别手工通过','','','','','',''),
('AU05405','2','4','','','','*','','手输卡号需要授权','','','','','',''),
('AU05406','1','1','','','','*','','联网核查手工通过','','','','','',''),
('AU05407','1','1','','','','*','','人脸识别手工通过','','','','','',''),
('AU05408','1','1','','','','*','','联网核查手工通过','','','','','',''),
('AU05409','1','1','','','','*','','人脸识别手工通过','','','','','',''),
('AU05410','2','4','','','','*','','交易授权','','','','','',''),
('AU05411','1','1','','','','*','','联网核查手工通过','','','','','',''),
('AU05412','1','1','','','','*','','人脸识别手工通过','','','','','',''),
('AU05413','2','4','','','','*','','交易授权','','','','','',''),
('AU05414','1','1','','','','*','','联网核查手工通过','','','','','',''),
('AU05415','1','1','','','','*','','人脸识别手工通过','','','','','',''),
('AU05416','2','4','','','','*','','交易授权','','','','','',''),
('AU05417','1','1','','','','*','','联网核查手工通过','','','','','',''),
('AU05418','1','1','','','','*','','人脸识别手工通过','','','','','',''),
('AU05419','2','4','','','','*','','交易授权','','','','','',''),
('AU05420','1','1','','','','*','','联网核查手工通过','','','','','',''),
('AU05421','1','1','','','','*','','人脸识别手工通过','','','','','',''),
('AU05422','1','3','','','','*','','','','','','','',''),
('AU05423','1','1','','','','*','','联网核查手工通过','','','','','',''),
('AU05424','1','1','','','','*','','人脸识别手工通过','','','','','',''),
('AU05425','2','4','','','','*','','交易授权','','','','','',''),
('AU05426','1','1','','','','*','','联网核查手工通过','','','','','',''),
('AU05427','1','1','','','','*','','人脸识别手工通过','','','','','',''),
('AU05428','2','4','','','','*','','交易授权','','','','','',''),
('AU05429','1','1','','','','*','','联网核查手工通过','','','','','',''),
('AU05430','1','1','','','','*','','人脸识别手工通过','','','','','',''),
('AU05431','2','4','','','','*','','结息时授权','','','','','',''),
('AU05432','1','1','','','','*','','联网核查手工通过','','','','','',''),
('AU05433','1','1','','','','*','','人脸识别手工通过','','','','','',''),
('AU05434','2','4','','','','*','','传票套记账','','','','','',''),
('AU05435','1','1','','','','*','','联网核查手工通过','','','','','',''),
('AU05436','1','1','','','','*','','人脸识别手工通过','','','','','',''),
('AU05437','2','4','','','','*','','交易授权','','','','','',''),
('AU05438','2','4','','','','*','','内部账记账现金时授权','','','','','',''),
('AU05439','2','4','','','','*','','内部账记账，现转标志为转账，且对方账号非内部账号','','','','','',''),
('AU05440','2','1','','','','*','','内部账记账，现转标志为转账，且对方账号为内部账号时，根据金额授权','','','','','',''),
('AU05441','1','1','','','','*','','联网核查手工通过','','','','','',''),
('AU05442','1','1','','','','*','','人脸识别手工通过','','','','','',''),
('AU05443','2','4','','','','*','','交易授权','','','','','',''),
('AU05444','1','1','','','','*','','联网核查手工通过','','','','','',''),
('AU05445','1','1','','','','*','','人脸识别手工通过','','','','','',''),
('AU05446','2','4','','','','*','','交易授权','','','','','',''),
('AU05447','1','1','','','','*','','联网核查手工通过','','','','','',''),
('AU05448','1','1','','','','*','','人脸识别手工通过','','','','','',''),
('AU05449','2','4','','','','*','','交易授权','','','','','',''),
('AU05450','1','1','','','','*','','联网核查手工通过','','','','','',''),
('AU05451','1','1','','','','*','','人脸识别手工通过','','','','','',''),
('AU05452','1','1','','','','*','','使用保证金还欠费','','','','','',''),
('AU05453','1','1','','','','*','','金额授权','','','','','',''),
('AU05454','1','1','','','','*','','联网核查手工通过','','','','','',''),
('AU05455','1','1','','','','*','','人脸识别手工通过','','','','','',''),
('AU05456','1','1','','','','*','','交易授权','','','','','',''),
('AU05457','1','1','','','','*','','联网核查手工通过','','','','','',''),
('AU05458','1','1','','','','*','','人脸识别手工通过','','','','','',''),
('AU05459','1','1','','','','*','','交易授权','','','','','',''),
('AU05460','1','1','','','','*','','联网核查手工通过','','','','','',''),
('AU05461','1','1','','','','*','','人脸识别手工通过','','','','','',''),
('AU05462','1','1','','','','*','','交易授权','','','','','',''),
('AU05463','1','1','','','','*','','联网核查手工通过','','','','','',''),
('AU05464','1','1','','','','*','','人脸识别手工通过','','','','','',''),
('AU05465','1','1','','','','*','','交易授权','','','','','',''),
('AU05466','1','1','','','','*','','联网核查手工通过','','','','','',''),
('AU05467','1','1','','','','*','','人脸识别手工通过','','','','','',''),
('AU05468','1','3','','','','*','','交易授权','','','','','杨帅统计',''),
('AU05469','1','1','','','','*','','联网核查手工通过','','','','','杨帅统计',''),
('AU05470','1','1','','','','*','','人脸识别手工通过','','','','','杨帅统计',''),
('AU05471','2','4','','','','*','','金额授权','','','','','',''),
('AU05472','2','4','','','','*','','手输存折账号需要授权','','','','','',''),
('AU05473','1','1','','','','*','','联网核查手工通过','','','','','',''),
('AU05474','1','1','','','','*','','人脸识别手工通过','','','','','',''),
('AU05475','2','4','','','','*','','金额授权','','','','','',''),
('AU05476','2','4','','','','*','','金额大于5万','','','','','',''),
('AU05477','1','1','','','','*','','联网核查手工通过','','','','','',''),
('AU05478','1','1','','','','*','','人脸识别手工通过','','','','','',''),
('AU05479','1','4','','','','*','','交易授权','','','','','',''),
('AU05480','1','1','','','','*','','联网核查手工通过','','','','','',''),
('AU05481','1','1','','','','*','','人脸识别手工通过','','','','','',''),
('AU05482','1','4','','','','*','','交易授权','','','','','',''),
('AU05483','1','1','','','','*','','联网核查手工通过','','','','','',''),
('AU05484','1','1','','','','*','','人脸识别手工通过','','','','','',''),
('AU05485','1','4','','','','*','','交易授权','','','','','',''),
('AU05486','1','1','','','','*','','联网核查手工通过','','','','','',''),
('AU05487','1','1','','','','*','','人脸识别手工通过','','','','','',''),
('AU05488','1','4','','','','*','','交易授权','','','','','',''),
('AU05489','1','1','','','','*','','联网核查手工通过','','','','','',''),
('AU05490','1','1','','','','*','','人脸识别手工通过','','','','','',''),
('AU05491','1','4','','','','*','','交易授权','','','','','',''),
('AU05492','1','1','','','','*','','联网核查手工通过','','','','','',''),
('AU05493','1','1','','','','*','','人脸识别手工通过','','','','','',''),
('AU05494','1','4','','','','*','','交易授权','','','','','',''),
('AU05495','1','1','','','','*','','联网核查手工通过','','','','','',''),
('AU05496','1','1','','','','*','','人脸识别手工通过','','','','','',''),
('AU05497','1','4','','','','*','','交易授权','','','','','',''),
('AU05498','1','1','','','','*','','联网核查手工通过','','','','','',''),
('AU05499','1','1','','','','*','','人脸识别手工通过','','','','','',''),
('AU05500','1','4','','','','*','','交易授权','','','','','',''),
('AU05501','1','1','','','','*','','联网核查手工通过','','','','','',''),
('AU05502','1','1','','','','*','','人脸识别手工通过','','','','','',''),
('AU05503','1','1','','','','*','','联网核查手工通过','','','','','何传佳统计',''),
('AU05504','1','1','','','','*','','联网核查手工通过','','','','','何传佳统计','');

-- IB_OM_RULECOND_RLT insert
INSERT INTO   `pub_db`.`IB_OM_RULECOND_RLT` (`RULE_COND_NO`,`CMPL_MODE_FLG`,`OPRTN_RULE_NO`) VALUES
('AU05100','1','005000'),
('AU05101','1','005000'),
('AU05102','1','005000'),
('AU05103','1','005000'),
('AU05104','1','005000'),
('AU05105','1','005000'),
('AU05106','1','005000'),
('AU05107','1','005000'),
('AU05108','1','005000'),
('AU05109','1','005000'),
('AU05110','1','005000'),
('AU05111','1','005000'),
('AU05112','1','005000'),
('AU05113','1','005000'),
('AU05114','1','005000'),
('AU05115','1','005000'),
('AU05116','1','005000'),
('AU05117','1','005000'),
('AU05118','1','005000'),
('AU05119','1','005000'),
('AU05120','1','005000'),
('AU05121','1','005000'),
('AU05122','1','005000'),
('AU05123','1','005000'),
('AU05124','1','005000'),
('AU05125','1','005000'),
('AU05126','1','005000'),
('AU05127','1','005000'),
('AU05128','1','005000'),
('AU05129','1','005000'),
('AU05130','1','005000'),
('AU05131','1','005000'),
('AU05132','1','005000'),
('AU05133','1','005000'),
('AU05134','1','005000'),
('AU05135','1','005000'),
('AU05136','1','005000'),
('AU05137','1','005000'),
('AU05138','1','005000'),
('AU05139','1','005000'),
('AU05140','1','005000'),
('AU05141','1','005000'),
('AU05142','1','005000'),
('AU05143','1','005000'),
('AU05144','1','005000'),
('AU05145','1','005000'),
('AU05146','1','005000'),
('AU05147','1','005000'),
('AU05148','1','005000'),
('AU05149','1','005000'),
('AU05150','1','005000'),
('AU05151','1','005000'),
('AU05152','1','005000'),
('AU05153','1','005000'),
('AU05154','1','005000'),
('AU05155','1','005000'),
('AU05156','1','005000'),
('AU05157','1','005000'),
('AU05158','1','005000'),
('AU05159','1','005000'),
('AU05160','1','005000'),
('AU05161','1','005000'),
('AU05162','1','005000'),
('AU05163','1','005000'),
('AU05164','1','005000'),
('AU05165','1','005000'),
('AU05166','1','005000'),
('AU05167','1','005000'),
('AU05168','1','005000'),
('AU05169','1','005000'),
('AU05170','1','005000'),
('AU05171','1','005000'),
('AU05172','1','005000'),
('AU05173','1','005000'),
('AU05174','1','005000'),
('AU05175','1','005000'),
('AU05176','1','005000'),
('AU05177','1','005000'),
('AU05178','1','005000'),
('AU05179','1','005000'),
('AU05180','1','005000'),
('AU05181','1','005000'),
('AU05182','1','005000'),
('AU05183','1','005000'),
('AU05184','1','005000'),
('AU05185','1','005000'),
('AU05186','1','005000'),
('AU05187','1','005000'),
('AU05188','1','005000'),
('AU05189','1','005000'),
('AU05190','1','005000'),
('AU05191','1','005000'),
('AU05192','1','005000'),
('AU05193','1','005000'),
('AU05194','1','005000'),
('AU05195','1','005000'),
('AU05196','1','005000'),
('AU05197','1','005000'),
('AU05198','1','005000'),
('AU05199','1','005000'),
('AU05200','1','005000'),
('AU05201','1','005000'),
('AU05202','1','005000'),
('AU05203','1','005000'),
('AU05204','1','005000'),
('AU05205','1','005000'),
('AU05206','1','005000'),
('AU05207','1','005000'),
('AU05208','1','005000'),
('AU05209','1','005000'),
('AU05210','1','005000'),
('AU05211','1','005000'),
('AU05212','1','005000'),
('AU05213','1','005000'),
('AU05214','1','005000'),
('AU05215','1','005000'),
('AU05216','1','005000'),
('AU05217','1','005000'),
('AU05218','1','005000'),
('AU05219','1','005000'),
('AU05220','1','005000'),
('AU05221','1','005000'),
('AU05222','1','005000'),
('AU05223','1','005000'),
('AU05224','1','005000'),
('AU05225','1','005000'),
('AU05226','1','005000'),
('AU05227','1','005000'),
('AU05228','1','005000'),
('AU05229','1','005000'),
('AU05230','1','005000'),
('AU05231','1','005000'),
('AU05232','1','005000'),
('AU05233','1','005000'),
('AU05234','1','005000'),
('AU05235','1','005000'),
('AU05236','1','005000'),
('AU05237','1','005000'),
('AU05238','1','005000'),
('AU05239','1','005000'),
('AU05240','1','005000'),
('AU05241','1','005000'),
('AU05242','1','005000'),
('AU05243','1','005000'),
('AU05244','1','005000'),
('AU05245','1','005000'),
('AU05246','0','005100'),
('AU05247','0','005101'),
('AU05248','0','005102'),
('AU05249','0','005103'),
('AU05250','0','005104'),
('AU05251','0','005105'),
('AU05252','0','005106'),
('AU05253','0','005107'),
('AU05254','0','005108'),
('AU05255','0','005109'),
('AU05256','0','005110'),
('AU05257','0','005111'),
('AU05258','1','005112'),
('AU05259','1','005113'),
('AU05260','1','005114'),
('AU05261','1','005115'),
('AU05262','1','005116'),
('AU05263','1','005117'),
('AU05264','0','005118'),
('AU05265','1','005119'),
('AU05266','1','005120'),
('AU05100','1','005121'),
('AU05101','1','005121'),
('AU05102','1','005121'),
('AU05103','1','005121'),
('AU05104','1','005121'),
('AU05105','1','005121'),
('AU05106','1','005121'),
('AU05107','1','005121'),
('AU05108','1','005121'),
('AU05109','1','005121'),
('AU05110','1','005121'),
('AU05111','1','005121'),
('AU05112','1','005121'),
('AU05113','1','005121'),
('AU05114','1','005121'),
('AU05115','1','005121'),
('AU05116','1','005121'),
('AU05117','1','005121'),
('AU05118','1','005121'),
('AU05119','1','005121'),
('AU05120','1','005121'),
('AU05121','1','005121'),
('AU05122','1','005121'),
('AU05123','1','005121'),
('AU05124','1','005121'),
('AU05125','1','005121'),
('AU05126','1','005121'),
('AU05127','1','005121'),
('AU05128','1','005121'),
('AU05129','1','005121'),
('AU05130','1','005121'),
('AU05131','1','005121'),
('AU05132','1','005121'),
('AU05133','1','005121'),
('AU05134','1','005121'),
('AU05135','1','005121'),
('AU05136','1','005121'),
('AU05137','1','005121'),
('AU05138','1','005121'),
('AU05139','1','005121'),
('AU05140','1','005121'),
('AU05141','1','005121'),
('AU05142','1','005121'),
('AU05143','1','005121'),
('AU05144','1','005121'),
('AU05145','1','005121'),
('AU05146','1','005121'),
('AU05147','1','005121'),
('AU05148','1','005121'),
('AU05149','1','005121'),
('AU05150','1','005121'),
('AU05151','1','005121'),
('AU05152','1','005121'),
('AU05153','1','005121'),
('AU05154','1','005121'),
('AU05155','1','005121'),
('AU05156','1','005121'),
('AU05157','1','005121'),
('AU05158','1','005121'),
('AU05159','1','005121'),
('AU05160','1','005121'),
('AU05161','1','005121'),
('AU05162','1','005121'),
('AU05163','1','005121'),
('AU05164','1','005121'),
('AU05165','1','005121'),
('AU05166','1','005121'),
('AU05167','1','005121'),
('AU05168','1','005121'),
('AU05169','1','005121'),
('AU05170','1','005121'),
('AU05171','1','005121'),
('AU05172','1','005121'),
('AU05173','1','005121'),
('AU05174','1','005121'),
('AU05175','1','005121'),
('AU05176','1','005121'),
('AU05177','1','005121'),
('AU05178','1','005121'),
('AU05179','1','005121'),
('AU05180','1','005121'),
('AU05181','1','005121'),
('AU05182','1','005121'),
('AU05183','1','005121'),
('AU05184','1','005121'),
('AU05185','1','005121'),
('AU05186','1','005121'),
('AU05187','1','005121'),
('AU05188','1','005121'),
('AU05189','1','005121'),
('AU05190','1','005121'),
('AU05191','1','005121'),
('AU05192','1','005121'),
('AU05193','1','005121'),
('AU05194','1','005121'),
('AU05195','1','005121'),
('AU05196','1','005121'),
('AU05197','1','005121'),
('AU05198','1','005121'),
('AU05199','1','005121'),
('AU05200','1','005121'),
('AU05201','1','005121'),
('AU05202','1','005121'),
('AU05203','1','005121'),
('AU05204','1','005121'),
('AU05205','1','005121'),
('AU05206','1','005121'),
('AU05207','1','005121'),
('AU05208','1','005121'),
('AU05209','1','005121'),
('AU05210','1','005121'),
('AU05211','1','005121'),
('AU05212','1','005121'),
('AU05213','1','005121'),
('AU05214','1','005121'),
('AU05215','1','005121'),
('AU05216','1','005121'),
('AU05217','1','005121'),
('AU05218','1','005121'),
('AU05219','1','005121'),
('AU05220','1','005121'),
('AU05221','1','005121'),
('AU05222','1','005121'),
('AU05223','1','005121'),
('AU05224','1','005121'),
('AU05225','1','005121'),
('AU05226','1','005121'),
('AU05227','1','005121'),
('AU05228','1','005121'),
('AU05229','1','005121'),
('AU05230','1','005121'),
('AU05231','1','005121'),
('AU05232','1','005121'),
('AU05233','1','005121'),
('AU05234','1','005121'),
('AU05235','1','005121'),
('AU05236','1','005121'),
('AU05237','1','005121'),
('AU05238','1','005121'),
('AU05239','1','005121'),
('AU05240','1','005121'),
('AU05241','1','005121'),
('AU05242','1','005121'),
('AU05243','1','005121'),
('AU05244','1','005121'),
('AU05245','1','005121'),
('AU05267','1','005122'),
('AU05268','1','005123'),
('AU05269','1','005124'),
('AU05270','1','005125'),
('AU05271','1','005126'),
('AU05272','1','005127'),
('AU05273','1','005128'),
('AU05274','1','005129'),
('AU05275','0','005130'),
('AU05276','1','005131'),
('AU05277','1','005132'),
('AU05100','1','005133'),
('AU05101','1','005133'),
('AU05102','1','005133'),
('AU05103','1','005133'),
('AU05104','1','005133'),
('AU05105','1','005133'),
('AU05106','1','005133'),
('AU05107','1','005133'),
('AU05108','1','005133'),
('AU05109','1','005133'),
('AU05110','1','005133'),
('AU05111','1','005133'),
('AU05112','1','005133'),
('AU05113','1','005133'),
('AU05114','1','005133'),
('AU05115','1','005133'),
('AU05116','1','005133'),
('AU05117','1','005133'),
('AU05118','1','005133'),
('AU05119','1','005133'),
('AU05120','1','005133'),
('AU05121','1','005133'),
('AU05122','1','005133'),
('AU05123','1','005133'),
('AU05124','1','005133'),
('AU05125','1','005133'),
('AU05126','1','005133'),
('AU05127','1','005133'),
('AU05128','1','005133'),
('AU05129','1','005133'),
('AU05130','1','005133'),
('AU05131','1','005133'),
('AU05132','1','005133'),
('AU05133','1','005133'),
('AU05134','1','005133'),
('AU05135','1','005133'),
('AU05136','1','005133'),
('AU05137','1','005133'),
('AU05138','1','005133'),
('AU05139','1','005133'),
('AU05140','1','005133'),
('AU05141','1','005133'),
('AU05142','1','005133'),
('AU05143','1','005133'),
('AU05144','1','005133'),
('AU05145','1','005133'),
('AU05146','1','005133'),
('AU05147','1','005133'),
('AU05148','1','005133'),
('AU05149','1','005133'),
('AU05150','1','005133'),
('AU05151','1','005133'),
('AU05152','1','005133'),
('AU05153','1','005133'),
('AU05154','1','005133'),
('AU05155','1','005133'),
('AU05156','1','005133'),
('AU05157','1','005133'),
('AU05158','1','005133'),
('AU05159','1','005133'),
('AU05160','1','005133'),
('AU05161','1','005133'),
('AU05162','1','005133'),
('AU05163','1','005133'),
('AU05164','1','005133'),
('AU05165','1','005133'),
('AU05166','1','005133'),
('AU05167','1','005133'),
('AU05168','1','005133'),
('AU05169','1','005133'),
('AU05170','1','005133'),
('AU05171','1','005133'),
('AU05172','1','005133'),
('AU05173','1','005133'),
('AU05174','1','005133'),
('AU05175','1','005133'),
('AU05176','1','005133'),
('AU05177','1','005133'),
('AU05178','1','005133'),
('AU05179','1','005133'),
('AU05180','1','005133'),
('AU05181','1','005133'),
('AU05182','1','005133'),
('AU05183','1','005133'),
('AU05184','1','005133'),
('AU05185','1','005133'),
('AU05186','1','005133'),
('AU05187','1','005133'),
('AU05188','1','005133'),
('AU05189','1','005133'),
('AU05190','1','005133'),
('AU05191','1','005133'),
('AU05192','1','005133'),
('AU05193','1','005133'),
('AU05194','1','005133'),
('AU05195','1','005133'),
('AU05196','1','005133'),
('AU05197','1','005133'),
('AU05198','1','005133'),
('AU05199','1','005133'),
('AU05200','1','005133'),
('AU05201','1','005133'),
('AU05202','1','005133'),
('AU05203','1','005133'),
('AU05204','1','005133'),
('AU05205','1','005133'),
('AU05206','1','005133'),
('AU05207','1','005133'),
('AU05208','1','005133'),
('AU05209','1','005133'),
('AU05210','1','005133'),
('AU05211','1','005133'),
('AU05212','1','005133'),
('AU05213','1','005133'),
('AU05214','1','005133'),
('AU05215','1','005133'),
('AU05216','1','005133'),
('AU05217','1','005133'),
('AU05218','1','005133'),
('AU05219','1','005133'),
('AU05220','1','005133'),
('AU05221','1','005133'),
('AU05222','1','005133'),
('AU05223','1','005133'),
('AU05224','1','005133'),
('AU05225','1','005133'),
('AU05226','1','005133'),
('AU05227','1','005133'),
('AU05228','1','005133'),
('AU05229','1','005133'),
('AU05230','1','005133'),
('AU05231','1','005133'),
('AU05232','1','005133'),
('AU05233','1','005133'),
('AU05234','1','005133'),
('AU05235','1','005133'),
('AU05236','1','005133'),
('AU05237','1','005133'),
('AU05238','1','005133'),
('AU05239','1','005133'),
('AU05240','1','005133'),
('AU05241','1','005133'),
('AU05242','1','005133'),
('AU05243','1','005133'),
('AU05244','1','005133'),
('AU05245','1','005133'),
('AU05278','1','005134'),
('AU05279','1','005135'),
('AU05100','1','005136'),
('AU05101','1','005136'),
('AU05102','1','005136'),
('AU05103','1','005136'),
('AU05104','1','005136'),
('AU05105','1','005136'),
('AU05106','1','005136'),
('AU05107','1','005136'),
('AU05108','1','005136'),
('AU05109','1','005136'),
('AU05110','1','005136'),
('AU05111','1','005136'),
('AU05112','1','005136'),
('AU05113','1','005136'),
('AU05114','1','005136'),
('AU05115','1','005136'),
('AU05116','1','005136'),
('AU05117','1','005136'),
('AU05118','1','005136'),
('AU05119','1','005136'),
('AU05120','1','005136'),
('AU05121','1','005136'),
('AU05122','1','005136'),
('AU05123','1','005136'),
('AU05124','1','005136'),
('AU05125','1','005136'),
('AU05126','1','005136'),
('AU05127','1','005136'),
('AU05128','1','005136'),
('AU05129','1','005136'),
('AU05130','1','005136'),
('AU05131','1','005136'),
('AU05132','1','005136'),
('AU05133','1','005136'),
('AU05134','1','005136'),
('AU05135','1','005136'),
('AU05136','1','005136'),
('AU05137','1','005136'),
('AU05138','1','005136'),
('AU05139','1','005136'),
('AU05140','1','005136'),
('AU05141','1','005136'),
('AU05142','1','005136'),
('AU05143','1','005136'),
('AU05144','1','005136'),
('AU05145','1','005136'),
('AU05146','1','005136'),
('AU05147','1','005136'),
('AU05148','1','005136'),
('AU05149','1','005136'),
('AU05150','1','005136'),
('AU05151','1','005136'),
('AU05152','1','005136'),
('AU05153','1','005136'),
('AU05154','1','005136'),
('AU05155','1','005136'),
('AU05156','1','005136'),
('AU05157','1','005136'),
('AU05158','1','005136'),
('AU05159','1','005136'),
('AU05160','1','005136'),
('AU05161','1','005136'),
('AU05162','1','005136'),
('AU05163','1','005136'),
('AU05164','1','005136'),
('AU05165','1','005136'),
('AU05166','1','005136'),
('AU05167','1','005136'),
('AU05168','1','005136'),
('AU05169','1','005136'),
('AU05170','1','005136'),
('AU05171','1','005136'),
('AU05172','1','005136'),
('AU05173','1','005136'),
('AU05174','1','005136'),
('AU05175','1','005136'),
('AU05176','1','005136'),
('AU05177','1','005136'),
('AU05178','1','005136'),
('AU05179','1','005136'),
('AU05180','1','005136'),
('AU05181','1','005136'),
('AU05182','1','005136'),
('AU05183','1','005136'),
('AU05184','1','005136'),
('AU05185','1','005136'),
('AU05186','1','005136'),
('AU05187','1','005136'),
('AU05188','1','005136'),
('AU05189','1','005136'),
('AU05190','1','005136'),
('AU05191','1','005136'),
('AU05192','1','005136'),
('AU05193','1','005136'),
('AU05194','1','005136'),
('AU05195','1','005136'),
('AU05196','1','005136'),
('AU05197','1','005136'),
('AU05198','1','005136'),
('AU05199','1','005136'),
('AU05200','1','005136'),
('AU05201','1','005136'),
('AU05202','1','005136'),
('AU05203','1','005136'),
('AU05204','1','005136'),
('AU05205','1','005136'),
('AU05206','1','005136'),
('AU05207','1','005136'),
('AU05208','1','005136'),
('AU05209','1','005136'),
('AU05210','1','005136'),
('AU05211','1','005136'),
('AU05212','1','005136'),
('AU05213','1','005136'),
('AU05214','1','005136'),
('AU05215','1','005136'),
('AU05216','1','005136'),
('AU05217','1','005136'),
('AU05218','1','005136'),
('AU05219','1','005136'),
('AU05220','1','005136'),
('AU05221','1','005136'),
('AU05222','1','005136'),
('AU05223','1','005136'),
('AU05224','1','005136'),
('AU05225','1','005136'),
('AU05226','1','005136'),
('AU05227','1','005136'),
('AU05228','1','005136'),
('AU05229','1','005136'),
('AU05230','1','005136'),
('AU05231','1','005136'),
('AU05232','1','005136'),
('AU05233','1','005136'),
('AU05234','1','005136'),
('AU05235','1','005136'),
('AU05236','1','005136'),
('AU05237','1','005136'),
('AU05238','1','005136'),
('AU05239','1','005136'),
('AU05240','1','005136'),
('AU05241','1','005136'),
('AU05242','1','005136'),
('AU05243','1','005136'),
('AU05244','1','005136'),
('AU05245','1','005136'),
('AU05280','1','005137'),
('AU05281','1','005138'),
('AU05282','1','005139'),
('AU05283','1','005140'),
('AU05284','1','005141'),
('AU05285','1','005142'),
('AU05286','0','005143'),
('AU05287','1','005144'),
('AU05288','1','005145'),
('AU05289','0','005146'),
('AU05290','1','005147'),
('AU05291','1','005148'),
('AU05100','1','005149'),
('AU05101','1','005149'),
('AU05102','1','005149'),
('AU05103','1','005149'),
('AU05104','1','005149'),
('AU05105','1','005149'),
('AU05106','1','005149'),
('AU05107','1','005149'),
('AU05108','1','005149'),
('AU05109','1','005149'),
('AU05110','1','005149'),
('AU05111','1','005149'),
('AU05112','1','005149'),
('AU05113','1','005149'),
('AU05114','1','005149'),
('AU05115','1','005149'),
('AU05116','1','005149'),
('AU05117','1','005149'),
('AU05118','1','005149'),
('AU05119','1','005149'),
('AU05120','1','005149'),
('AU05121','1','005149'),
('AU05122','1','005149'),
('AU05123','1','005149'),
('AU05124','1','005149'),
('AU05125','1','005149'),
('AU05126','1','005149'),
('AU05127','1','005149'),
('AU05128','1','005149'),
('AU05129','1','005149'),
('AU05130','1','005149'),
('AU05131','1','005149'),
('AU05132','1','005149'),
('AU05133','1','005149'),
('AU05134','1','005149'),
('AU05135','1','005149'),
('AU05136','1','005149'),
('AU05137','1','005149'),
('AU05138','1','005149'),
('AU05139','1','005149'),
('AU05140','1','005149'),
('AU05141','1','005149'),
('AU05142','1','005149'),
('AU05143','1','005149'),
('AU05144','1','005149'),
('AU05145','1','005149'),
('AU05146','1','005149'),
('AU05147','1','005149'),
('AU05148','1','005149'),
('AU05149','1','005149'),
('AU05150','1','005149'),
('AU05151','1','005149'),
('AU05152','1','005149'),
('AU05153','1','005149'),
('AU05154','1','005149'),
('AU05155','1','005149'),
('AU05156','1','005149'),
('AU05157','1','005149'),
('AU05158','1','005149'),
('AU05159','1','005149'),
('AU05160','1','005149'),
('AU05161','1','005149'),
('AU05162','1','005149'),
('AU05163','1','005149'),
('AU05164','1','005149'),
('AU05165','1','005149'),
('AU05166','1','005149'),
('AU05167','1','005149'),
('AU05168','1','005149'),
('AU05169','1','005149'),
('AU05170','1','005149'),
('AU05171','1','005149'),
('AU05172','1','005149'),
('AU05173','1','005149'),
('AU05174','1','005149'),
('AU05175','1','005149'),
('AU05176','1','005149'),
('AU05177','1','005149'),
('AU05178','1','005149'),
('AU05179','1','005149'),
('AU05180','1','005149'),
('AU05181','1','005149'),
('AU05182','1','005149'),
('AU05183','1','005149'),
('AU05184','1','005149'),
('AU05185','1','005149'),
('AU05186','1','005149'),
('AU05187','1','005149'),
('AU05188','1','005149'),
('AU05189','1','005149'),
('AU05190','1','005149'),
('AU05191','1','005149'),
('AU05192','1','005149'),
('AU05193','1','005149'),
('AU05194','1','005149'),
('AU05195','1','005149'),
('AU05196','1','005149'),
('AU05197','1','005149'),
('AU05198','1','005149'),
('AU05199','1','005149'),
('AU05200','1','005149'),
('AU05201','1','005149'),
('AU05202','1','005149'),
('AU05203','1','005149'),
('AU05204','1','005149'),
('AU05205','1','005149'),
('AU05206','1','005149'),
('AU05207','1','005149'),
('AU05208','1','005149'),
('AU05209','1','005149'),
('AU05210','1','005149'),
('AU05211','1','005149'),
('AU05212','1','005149'),
('AU05213','1','005149'),
('AU05214','1','005149'),
('AU05215','1','005149'),
('AU05216','1','005149'),
('AU05217','1','005149'),
('AU05218','1','005149'),
('AU05219','1','005149'),
('AU05220','1','005149'),
('AU05221','1','005149'),
('AU05222','1','005149'),
('AU05223','1','005149'),
('AU05224','1','005149'),
('AU05225','1','005149'),
('AU05226','1','005149'),
('AU05227','1','005149'),
('AU05228','1','005149'),
('AU05229','1','005149'),
('AU05230','1','005149'),
('AU05231','1','005149'),
('AU05232','1','005149'),
('AU05233','1','005149'),
('AU05234','1','005149'),
('AU05235','1','005149'),
('AU05236','1','005149'),
('AU05237','1','005149'),
('AU05238','1','005149'),
('AU05239','1','005149'),
('AU05240','1','005149'),
('AU05241','1','005149'),
('AU05242','1','005149'),
('AU05243','1','005149'),
('AU05244','1','005149'),
('AU05245','1','005149'),
('AU05292','1','005150'),
('AU05293','1','005151'),
('AU05294','0','005152'),
('AU05295','1','005153'),
('AU05296','1','005154'),
('AU05297','1','005155'),
('AU05298','1','005156'),
('AU05299','1','005157'),
('AU05300','1','005158'),
('AU05301','1','005159'),
('AU05302','1','005160'),
('AU05303','1','005161'),
('AU05304','1','005162'),
('AU05305','1','005163'),
('AU05306','1','005164'),
('AU05307','0','005165'),
('AU05308','1','005166'),
('AU05309','1','005167'),
('AU05310','0','005168'),
('AU05311','1','005169'),
('AU05312','1','005170'),
('AU05313','1','005171'),
('AU05314','1','005172'),
('AU05315','1','005173'),
('AU05316','1','005174'),
('AU05317','1','005175'),
('AU05318','1','005176'),
('AU05319','1','005177'),
('AU05320','1','005178'),
('AU05321','1','005179'),
('AU05322','1','005180'),
('AU05323','1','005181'),
('AU05324','1','005182'),
('AU05325','1','005183'),
('AU05326','1','005184'),
('AU05327','1','005185'),
('AU05328','1','005186'),
('AU05329','1','005187'),
('AU05330','1','005188'),
('AU05331','1','005189'),
('AU05332','1','005190'),
('AU05333','1','005191'),
('AU05334','1','005192'),
('AU05335','1','005193'),
('AU05336','1','005194'),
('AU05337','1','005195'),
('AU05338','1','005196'),
('AU05339','1','005197'),
('AU05340','0','005198'),
('AU05341','1','005199'),
('AU05342','1','005200'),
('AU05343','0','005201'),
('AU05344','1','005202'),
('AU05345','1','005203'),
('AU05346','0','005204'),
('AU05347','1','005205'),
('AU05348','1','005206'),
('AU05349','0','005207'),
('AU05350','1','005208'),
('AU05351','1','005209'),
('AU05352','0','005210'),
('AU05353','1','005211'),
('AU05354','1','005212'),
('AU05355','0','005213'),
('AU05356','1','005214'),
('AU05357','1','005215'),
('AU05358','0','005216'),
('AU05359','1','005217'),
('AU05360','1','005218'),
('AU05361','1','005219'),
('AU05362','1','005220'),
('AU05363','1','005221'),
('AU05364','1','005222'),
('AU05365','1','005223'),
('AU05366','1','005224'),
('AU05367','1','005225'),
('AU05368','1','005226'),
('AU05100','1','005227'),
('AU05101','1','005227'),
('AU05102','1','005227'),
('AU05103','1','005227'),
('AU05104','1','005227'),
('AU05105','1','005227'),
('AU05106','1','005227'),
('AU05107','1','005227'),
('AU05108','1','005227'),
('AU05109','1','005227'),
('AU05110','1','005227'),
('AU05111','1','005227'),
('AU05112','1','005227'),
('AU05113','1','005227'),
('AU05114','1','005227'),
('AU05115','1','005227'),
('AU05116','1','005227'),
('AU05117','1','005227'),
('AU05118','1','005227'),
('AU05119','1','005227'),
('AU05120','1','005227'),
('AU05121','1','005227'),
('AU05122','1','005227'),
('AU05123','1','005227'),
('AU05124','1','005227'),
('AU05125','1','005227'),
('AU05126','1','005227'),
('AU05127','1','005227'),
('AU05128','1','005227'),
('AU05129','1','005227'),
('AU05130','1','005227'),
('AU05131','1','005227'),
('AU05132','1','005227'),
('AU05133','1','005227'),
('AU05134','1','005227'),
('AU05135','1','005227'),
('AU05136','1','005227'),
('AU05137','1','005227'),
('AU05138','1','005227'),
('AU05139','1','005227'),
('AU05140','1','005227'),
('AU05141','1','005227'),
('AU05142','1','005227'),
('AU05143','1','005227'),
('AU05144','1','005227'),
('AU05145','1','005227'),
('AU05146','1','005227'),
('AU05147','1','005227'),
('AU05148','1','005227'),
('AU05149','1','005227'),
('AU05150','1','005227'),
('AU05151','1','005227'),
('AU05152','1','005227'),
('AU05153','1','005227'),
('AU05154','1','005227'),
('AU05155','1','005227'),
('AU05156','1','005227'),
('AU05157','1','005227'),
('AU05158','1','005227'),
('AU05159','1','005227'),
('AU05160','1','005227'),
('AU05161','1','005227'),
('AU05162','1','005227'),
('AU05163','1','005227'),
('AU05164','1','005227'),
('AU05165','1','005227'),
('AU05166','1','005227'),
('AU05167','1','005227'),
('AU05168','1','005227'),
('AU05169','1','005227'),
('AU05170','1','005227'),
('AU05171','1','005227'),
('AU05172','1','005227'),
('AU05173','1','005227'),
('AU05174','1','005227'),
('AU05175','1','005227'),
('AU05176','1','005227'),
('AU05177','1','005227'),
('AU05178','1','005227'),
('AU05179','1','005227'),
('AU05180','1','005227'),
('AU05181','1','005227'),
('AU05182','1','005227'),
('AU05183','1','005227'),
('AU05184','1','005227'),
('AU05185','1','005227'),
('AU05186','1','005227'),
('AU05187','1','005227'),
('AU05188','1','005227'),
('AU05189','1','005227'),
('AU05190','1','005227'),
('AU05191','1','005227'),
('AU05192','1','005227'),
('AU05193','1','005227'),
('AU05194','1','005227'),
('AU05195','1','005227'),
('AU05196','1','005227'),
('AU05197','1','005227'),
('AU05198','1','005227'),
('AU05199','1','005227'),
('AU05200','1','005227'),
('AU05201','1','005227'),
('AU05202','1','005227'),
('AU05203','1','005227'),
('AU05204','1','005227'),
('AU05205','1','005227'),
('AU05206','1','005227'),
('AU05207','1','005227'),
('AU05208','1','005227'),
('AU05209','1','005227'),
('AU05210','1','005227'),
('AU05211','1','005227'),
('AU05212','1','005227'),
('AU05213','1','005227'),
('AU05214','1','005227'),
('AU05215','1','005227'),
('AU05216','1','005227'),
('AU05217','1','005227'),
('AU05218','1','005227'),
('AU05219','1','005227'),
('AU05220','1','005227'),
('AU05221','1','005227'),
('AU05222','1','005227'),
('AU05223','1','005227'),
('AU05224','1','005227'),
('AU05225','1','005227'),
('AU05226','1','005227'),
('AU05227','1','005227'),
('AU05228','1','005227'),
('AU05229','1','005227'),
('AU05230','1','005227'),
('AU05231','1','005227'),
('AU05232','1','005227'),
('AU05233','1','005227'),
('AU05234','1','005227'),
('AU05235','1','005227'),
('AU05236','1','005227'),
('AU05237','1','005227'),
('AU05238','1','005227'),
('AU05239','1','005227'),
('AU05240','1','005227'),
('AU05241','1','005227'),
('AU05242','1','005227'),
('AU05243','1','005227'),
('AU05244','1','005227'),
('AU05245','1','005227'),
('AU05369','1','005228'),
('AU05370','1','005229'),
('AU05100','1','005230'),
('AU05101','1','005230'),
('AU05102','1','005230'),
('AU05103','1','005230'),
('AU05104','1','005230'),
('AU05105','1','005230'),
('AU05106','1','005230'),
('AU05107','1','005230'),
('AU05108','1','005230'),
('AU05109','1','005230'),
('AU05110','1','005230'),
('AU05111','1','005230'),
('AU05112','1','005230'),
('AU05113','1','005230'),
('AU05114','1','005230'),
('AU05115','1','005230'),
('AU05116','1','005230'),
('AU05117','1','005230'),
('AU05118','1','005230'),
('AU05119','1','005230'),
('AU05120','1','005230'),
('AU05121','1','005230'),
('AU05122','1','005230'),
('AU05123','1','005230'),
('AU05124','1','005230'),
('AU05125','1','005230'),
('AU05126','1','005230'),
('AU05127','1','005230'),
('AU05128','1','005230'),
('AU05129','1','005230'),
('AU05130','1','005230'),
('AU05131','1','005230'),
('AU05132','1','005230'),
('AU05133','1','005230'),
('AU05134','1','005230'),
('AU05135','1','005230'),
('AU05136','1','005230'),
('AU05137','1','005230'),
('AU05138','1','005230'),
('AU05139','1','005230'),
('AU05140','1','005230'),
('AU05141','1','005230'),
('AU05142','1','005230'),
('AU05143','1','005230'),
('AU05144','1','005230'),
('AU05145','1','005230'),
('AU05146','1','005230'),
('AU05147','1','005230'),
('AU05148','1','005230'),
('AU05149','1','005230'),
('AU05150','1','005230'),
('AU05151','1','005230'),
('AU05152','1','005230'),
('AU05153','1','005230'),
('AU05154','1','005230'),
('AU05155','1','005230'),
('AU05156','1','005230'),
('AU05157','1','005230'),
('AU05158','1','005230'),
('AU05159','1','005230'),
('AU05160','1','005230'),
('AU05161','1','005230'),
('AU05162','1','005230'),
('AU05163','1','005230'),
('AU05164','1','005230'),
('AU05165','1','005230'),
('AU05166','1','005230'),
('AU05167','1','005230'),
('AU05168','1','005230'),
('AU05169','1','005230'),
('AU05170','1','005230'),
('AU05171','1','005230'),
('AU05172','1','005230'),
('AU05173','1','005230'),
('AU05174','1','005230'),
('AU05175','1','005230'),
('AU05176','1','005230'),
('AU05177','1','005230'),
('AU05178','1','005230'),
('AU05179','1','005230'),
('AU05180','1','005230'),
('AU05181','1','005230'),
('AU05182','1','005230'),
('AU05183','1','005230'),
('AU05184','1','005230'),
('AU05185','1','005230'),
('AU05186','1','005230'),
('AU05187','1','005230'),
('AU05188','1','005230'),
('AU05189','1','005230'),
('AU05190','1','005230'),
('AU05191','1','005230'),
('AU05192','1','005230'),
('AU05193','1','005230'),
('AU05194','1','005230'),
('AU05195','1','005230'),
('AU05196','1','005230'),
('AU05197','1','005230'),
('AU05198','1','005230'),
('AU05199','1','005230'),
('AU05200','1','005230'),
('AU05201','1','005230'),
('AU05202','1','005230'),
('AU05203','1','005230'),
('AU05204','1','005230'),
('AU05205','1','005230'),
('AU05206','1','005230'),
('AU05207','1','005230'),
('AU05208','1','005230'),
('AU05209','1','005230'),
('AU05210','1','005230'),
('AU05211','1','005230'),
('AU05212','1','005230'),
('AU05213','1','005230'),
('AU05214','1','005230'),
('AU05215','1','005230'),
('AU05216','1','005230'),
('AU05217','1','005230'),
('AU05218','1','005230'),
('AU05219','1','005230'),
('AU05220','1','005230'),
('AU05221','1','005230'),
('AU05222','1','005230'),
('AU05223','1','005230'),
('AU05224','1','005230'),
('AU05225','1','005230'),
('AU05226','1','005230'),
('AU05227','1','005230'),
('AU05228','1','005230'),
('AU05229','1','005230'),
('AU05230','1','005230'),
('AU05231','1','005230'),
('AU05232','1','005230'),
('AU05233','1','005230'),
('AU05234','1','005230'),
('AU05235','1','005230'),
('AU05236','1','005230'),
('AU05237','1','005230'),
('AU05238','1','005230'),
('AU05239','1','005230'),
('AU05240','1','005230'),
('AU05241','1','005230'),
('AU05242','1','005230'),
('AU05243','1','005230'),
('AU05244','1','005230'),
('AU05245','1','005230'),
('AU05371','1','005231'),
('AU05372','1','005232'),
('AU05100','1','005233'),
('AU05101','1','005233'),
('AU05102','1','005233'),
('AU05103','1','005233'),
('AU05104','1','005233'),
('AU05105','1','005233'),
('AU05106','1','005233'),
('AU05107','1','005233'),
('AU05108','1','005233'),
('AU05109','1','005233'),
('AU05110','1','005233'),
('AU05111','1','005233'),
('AU05112','1','005233'),
('AU05113','1','005233'),
('AU05114','1','005233'),
('AU05115','1','005233'),
('AU05116','1','005233'),
('AU05117','1','005233'),
('AU05118','1','005233'),
('AU05119','1','005233'),
('AU05120','1','005233'),
('AU05121','1','005233'),
('AU05122','1','005233'),
('AU05123','1','005233'),
('AU05124','1','005233'),
('AU05125','1','005233'),
('AU05126','1','005233'),
('AU05127','1','005233'),
('AU05128','1','005233'),
('AU05129','1','005233'),
('AU05130','1','005233'),
('AU05131','1','005233'),
('AU05132','1','005233'),
('AU05133','1','005233'),
('AU05134','1','005233'),
('AU05135','1','005233'),
('AU05136','1','005233'),
('AU05137','1','005233'),
('AU05138','1','005233'),
('AU05139','1','005233'),
('AU05140','1','005233'),
('AU05141','1','005233'),
('AU05142','1','005233'),
('AU05143','1','005233'),
('AU05144','1','005233'),
('AU05145','1','005233'),
('AU05146','1','005233'),
('AU05147','1','005233'),
('AU05148','1','005233'),
('AU05149','1','005233'),
('AU05150','1','005233'),
('AU05151','1','005233'),
('AU05152','1','005233'),
('AU05153','1','005233'),
('AU05154','1','005233'),
('AU05155','1','005233'),
('AU05156','1','005233'),
('AU05157','1','005233'),
('AU05158','1','005233'),
('AU05159','1','005233'),
('AU05160','1','005233'),
('AU05161','1','005233'),
('AU05162','1','005233'),
('AU05163','1','005233'),
('AU05164','1','005233'),
('AU05165','1','005233'),
('AU05166','1','005233'),
('AU05167','1','005233'),
('AU05168','1','005233'),
('AU05169','1','005233'),
('AU05170','1','005233'),
('AU05171','1','005233'),
('AU05172','1','005233'),
('AU05173','1','005233'),
('AU05174','1','005233'),
('AU05175','1','005233'),
('AU05176','1','005233'),
('AU05177','1','005233'),
('AU05178','1','005233'),
('AU05179','1','005233'),
('AU05180','1','005233'),
('AU05181','1','005233'),
('AU05182','1','005233'),
('AU05183','1','005233'),
('AU05184','1','005233'),
('AU05185','1','005233'),
('AU05186','1','005233'),
('AU05187','1','005233'),
('AU05188','1','005233'),
('AU05189','1','005233'),
('AU05190','1','005233'),
('AU05191','1','005233'),
('AU05192','1','005233'),
('AU05193','1','005233'),
('AU05194','1','005233'),
('AU05195','1','005233'),
('AU05196','1','005233'),
('AU05197','1','005233'),
('AU05198','1','005233'),
('AU05199','1','005233'),
('AU05200','1','005233'),
('AU05201','1','005233'),
('AU05202','1','005233'),
('AU05203','1','005233'),
('AU05204','1','005233'),
('AU05205','1','005233'),
('AU05206','1','005233'),
('AU05207','1','005233'),
('AU05208','1','005233'),
('AU05209','1','005233'),
('AU05210','1','005233'),
('AU05211','1','005233'),
('AU05212','1','005233'),
('AU05213','1','005233'),
('AU05214','1','005233'),
('AU05215','1','005233'),
('AU05216','1','005233'),
('AU05217','1','005233'),
('AU05218','1','005233'),
('AU05219','1','005233'),
('AU05220','1','005233'),
('AU05221','1','005233'),
('AU05222','1','005233'),
('AU05223','1','005233'),
('AU05224','1','005233'),
('AU05225','1','005233'),
('AU05226','1','005233'),
('AU05227','1','005233'),
('AU05228','1','005233'),
('AU05229','1','005233'),
('AU05230','1','005233'),
('AU05231','1','005233'),
('AU05232','1','005233'),
('AU05233','1','005233'),
('AU05234','1','005233'),
('AU05235','1','005233'),
('AU05236','1','005233'),
('AU05237','1','005233'),
('AU05238','1','005233'),
('AU05239','1','005233'),
('AU05240','1','005233'),
('AU05241','1','005233'),
('AU05242','1','005233'),
('AU05243','1','005233'),
('AU05244','1','005233'),
('AU05245','1','005233'),
('AU05373','1','005234'),
('AU05374','1','005235'),
('AU05375','1','005236'),
('AU05376','1','005237'),
('AU05377','0','005238'),
('AU05378','1','005239'),
('AU05379','1','005240'),
('AU05380','1','005241'),
('AU05381','1','005242'),
('AU05100','1','005243'),
('AU05101','1','005243'),
('AU05102','1','005243'),
('AU05103','1','005243'),
('AU05104','1','005243'),
('AU05105','1','005243'),
('AU05106','1','005243'),
('AU05107','1','005243'),
('AU05108','1','005243'),
('AU05109','1','005243'),
('AU05110','1','005243'),
('AU05111','1','005243'),
('AU05112','1','005243'),
('AU05113','1','005243'),
('AU05114','1','005243'),
('AU05115','1','005243'),
('AU05116','1','005243'),
('AU05117','1','005243'),
('AU05118','1','005243'),
('AU05119','1','005243'),
('AU05120','1','005243'),
('AU05121','1','005243'),
('AU05122','1','005243'),
('AU05123','1','005243'),
('AU05124','1','005243'),
('AU05125','1','005243'),
('AU05126','1','005243'),
('AU05127','1','005243'),
('AU05128','1','005243'),
('AU05129','1','005243'),
('AU05130','1','005243'),
('AU05131','1','005243'),
('AU05132','1','005243'),
('AU05133','1','005243'),
('AU05134','1','005243'),
('AU05135','1','005243'),
('AU05136','1','005243'),
('AU05137','1','005243'),
('AU05138','1','005243'),
('AU05139','1','005243'),
('AU05140','1','005243'),
('AU05141','1','005243'),
('AU05142','1','005243'),
('AU05143','1','005243'),
('AU05144','1','005243'),
('AU05145','1','005243'),
('AU05146','1','005243'),
('AU05147','1','005243'),
('AU05148','1','005243'),
('AU05149','1','005243'),
('AU05150','1','005243'),
('AU05151','1','005243'),
('AU05152','1','005243'),
('AU05153','1','005243'),
('AU05154','1','005243'),
('AU05155','1','005243'),
('AU05156','1','005243'),
('AU05157','1','005243'),
('AU05158','1','005243'),
('AU05159','1','005243'),
('AU05160','1','005243'),
('AU05161','1','005243'),
('AU05162','1','005243'),
('AU05163','1','005243'),
('AU05164','1','005243'),
('AU05165','1','005243'),
('AU05166','1','005243'),
('AU05167','1','005243'),
('AU05168','1','005243'),
('AU05169','1','005243'),
('AU05170','1','005243'),
('AU05171','1','005243'),
('AU05172','1','005243'),
('AU05173','1','005243'),
('AU05174','1','005243'),
('AU05175','1','005243'),
('AU05176','1','005243'),
('AU05177','1','005243'),
('AU05178','1','005243'),
('AU05179','1','005243'),
('AU05180','1','005243'),
('AU05181','1','005243'),
('AU05182','1','005243'),
('AU05183','1','005243'),
('AU05184','1','005243'),
('AU05185','1','005243'),
('AU05186','1','005243'),
('AU05187','1','005243'),
('AU05188','1','005243'),
('AU05189','1','005243'),
('AU05190','1','005243'),
('AU05191','1','005243'),
('AU05192','1','005243'),
('AU05193','1','005243'),
('AU05194','1','005243'),
('AU05195','1','005243'),
('AU05196','1','005243'),
('AU05197','1','005243'),
('AU05198','1','005243'),
('AU05199','1','005243'),
('AU05200','1','005243'),
('AU05201','1','005243'),
('AU05202','1','005243'),
('AU05203','1','005243'),
('AU05204','1','005243'),
('AU05205','1','005243'),
('AU05206','1','005243'),
('AU05207','1','005243'),
('AU05208','1','005243'),
('AU05209','1','005243'),
('AU05210','1','005243'),
('AU05211','1','005243'),
('AU05212','1','005243'),
('AU05213','1','005243'),
('AU05214','1','005243'),
('AU05215','1','005243'),
('AU05216','1','005243'),
('AU05217','1','005243'),
('AU05218','1','005243'),
('AU05219','1','005243'),
('AU05220','1','005243'),
('AU05221','1','005243'),
('AU05222','1','005243'),
('AU05223','1','005243'),
('AU05224','1','005243'),
('AU05225','1','005243'),
('AU05226','1','005243'),
('AU05227','1','005243'),
('AU05228','1','005243'),
('AU05229','1','005243'),
('AU05230','1','005243'),
('AU05231','1','005243'),
('AU05232','1','005243'),
('AU05233','1','005243'),
('AU05234','1','005243'),
('AU05235','1','005243'),
('AU05236','1','005243'),
('AU05237','1','005243'),
('AU05238','1','005243'),
('AU05239','1','005243'),
('AU05240','1','005243'),
('AU05241','1','005243'),
('AU05242','1','005243'),
('AU05243','1','005243'),
('AU05244','1','005243'),
('AU05245','1','005243'),
('AU05382','1','005244'),
('AU05383','1','005245'),
('AU05384','1','005246'),
('AU05385','1','005247'),
('AU05386','1','005248'),
('AU05387','1','005249'),
('AU05100','1','005250'),
('AU05101','1','005250'),
('AU05102','1','005250'),
('AU05103','1','005250'),
('AU05104','1','005250'),
('AU05105','1','005250'),
('AU05106','1','005250'),
('AU05107','1','005250'),
('AU05108','1','005250'),
('AU05109','1','005250'),
('AU05110','1','005250'),
('AU05111','1','005250'),
('AU05112','1','005250'),
('AU05113','1','005250'),
('AU05114','1','005250'),
('AU05115','1','005250'),
('AU05116','1','005250'),
('AU05117','1','005250'),
('AU05118','1','005250'),
('AU05119','1','005250'),
('AU05120','1','005250'),
('AU05121','1','005250'),
('AU05122','1','005250'),
('AU05123','1','005250'),
('AU05124','1','005250'),
('AU05125','1','005250'),
('AU05126','1','005250'),
('AU05127','1','005250'),
('AU05128','1','005250'),
('AU05129','1','005250'),
('AU05130','1','005250'),
('AU05131','1','005250'),
('AU05132','1','005250'),
('AU05133','1','005250'),
('AU05134','1','005250'),
('AU05135','1','005250'),
('AU05136','1','005250'),
('AU05137','1','005250'),
('AU05138','1','005250'),
('AU05139','1','005250'),
('AU05140','1','005250'),
('AU05141','1','005250'),
('AU05142','1','005250'),
('AU05143','1','005250'),
('AU05144','1','005250'),
('AU05145','1','005250'),
('AU05146','1','005250'),
('AU05147','1','005250'),
('AU05148','1','005250'),
('AU05149','1','005250'),
('AU05150','1','005250'),
('AU05151','1','005250'),
('AU05152','1','005250'),
('AU05153','1','005250'),
('AU05154','1','005250'),
('AU05155','1','005250'),
('AU05156','1','005250'),
('AU05157','1','005250'),
('AU05158','1','005250'),
('AU05159','1','005250'),
('AU05160','1','005250'),
('AU05161','1','005250'),
('AU05162','1','005250'),
('AU05163','1','005250'),
('AU05164','1','005250'),
('AU05165','1','005250'),
('AU05166','1','005250'),
('AU05167','1','005250'),
('AU05168','1','005250'),
('AU05169','1','005250'),
('AU05170','1','005250'),
('AU05171','1','005250'),
('AU05172','1','005250'),
('AU05173','1','005250'),
('AU05174','1','005250'),
('AU05175','1','005250'),
('AU05176','1','005250'),
('AU05177','1','005250'),
('AU05178','1','005250'),
('AU05179','1','005250'),
('AU05180','1','005250'),
('AU05181','1','005250'),
('AU05182','1','005250'),
('AU05183','1','005250'),
('AU05184','1','005250'),
('AU05185','1','005250'),
('AU05186','1','005250'),
('AU05187','1','005250'),
('AU05188','1','005250'),
('AU05189','1','005250'),
('AU05190','1','005250'),
('AU05191','1','005250'),
('AU05192','1','005250'),
('AU05193','1','005250'),
('AU05194','1','005250'),
('AU05195','1','005250'),
('AU05196','1','005250'),
('AU05197','1','005250'),
('AU05198','1','005250'),
('AU05199','1','005250'),
('AU05200','1','005250'),
('AU05201','1','005250'),
('AU05202','1','005250'),
('AU05203','1','005250'),
('AU05204','1','005250'),
('AU05205','1','005250'),
('AU05206','1','005250'),
('AU05207','1','005250'),
('AU05208','1','005250'),
('AU05209','1','005250'),
('AU05210','1','005250'),
('AU05211','1','005250'),
('AU05212','1','005250'),
('AU05213','1','005250'),
('AU05214','1','005250'),
('AU05215','1','005250'),
('AU05216','1','005250'),
('AU05217','1','005250'),
('AU05218','1','005250'),
('AU05219','1','005250'),
('AU05220','1','005250'),
('AU05221','1','005250'),
('AU05222','1','005250'),
('AU05223','1','005250'),
('AU05224','1','005250'),
('AU05225','1','005250'),
('AU05226','1','005250'),
('AU05227','1','005250'),
('AU05228','1','005250'),
('AU05229','1','005250'),
('AU05230','1','005250'),
('AU05231','1','005250'),
('AU05232','1','005250'),
('AU05233','1','005250'),
('AU05234','1','005250'),
('AU05235','1','005250'),
('AU05236','1','005250'),
('AU05237','1','005250'),
('AU05238','1','005250'),
('AU05239','1','005250'),
('AU05240','1','005250'),
('AU05241','1','005250'),
('AU05242','1','005250'),
('AU05243','1','005250'),
('AU05244','1','005250'),
('AU05245','1','005250'),
('AU05388','1','005251'),
('AU05389','1','005252'),
('AU05100','1','005253'),
('AU05101','1','005253'),
('AU05102','1','005253'),
('AU05103','1','005253'),
('AU05104','1','005253'),
('AU05105','1','005253'),
('AU05106','1','005253'),
('AU05107','1','005253'),
('AU05108','1','005253'),
('AU05109','1','005253'),
('AU05110','1','005253'),
('AU05111','1','005253'),
('AU05112','1','005253'),
('AU05113','1','005253'),
('AU05114','1','005253'),
('AU05115','1','005253'),
('AU05116','1','005253'),
('AU05117','1','005253'),
('AU05118','1','005253'),
('AU05119','1','005253'),
('AU05120','1','005253'),
('AU05121','1','005253'),
('AU05122','1','005253'),
('AU05123','1','005253'),
('AU05124','1','005253'),
('AU05125','1','005253'),
('AU05126','1','005253'),
('AU05127','1','005253'),
('AU05128','1','005253'),
('AU05129','1','005253'),
('AU05130','1','005253'),
('AU05131','1','005253'),
('AU05132','1','005253'),
('AU05133','1','005253'),
('AU05134','1','005253'),
('AU05135','1','005253'),
('AU05136','1','005253'),
('AU05137','1','005253'),
('AU05138','1','005253'),
('AU05139','1','005253'),
('AU05140','1','005253'),
('AU05141','1','005253'),
('AU05142','1','005253'),
('AU05143','1','005253'),
('AU05144','1','005253'),
('AU05145','1','005253'),
('AU05146','1','005253'),
('AU05147','1','005253'),
('AU05148','1','005253'),
('AU05149','1','005253'),
('AU05150','1','005253'),
('AU05151','1','005253'),
('AU05152','1','005253'),
('AU05153','1','005253'),
('AU05154','1','005253'),
('AU05155','1','005253'),
('AU05156','1','005253'),
('AU05157','1','005253'),
('AU05158','1','005253'),
('AU05159','1','005253'),
('AU05160','1','005253'),
('AU05161','1','005253'),
('AU05162','1','005253'),
('AU05163','1','005253'),
('AU05164','1','005253'),
('AU05165','1','005253'),
('AU05166','1','005253'),
('AU05167','1','005253'),
('AU05168','1','005253'),
('AU05169','1','005253'),
('AU05170','1','005253'),
('AU05171','1','005253'),
('AU05172','1','005253'),
('AU05173','1','005253'),
('AU05174','1','005253'),
('AU05175','1','005253'),
('AU05176','1','005253'),
('AU05177','1','005253'),
('AU05178','1','005253'),
('AU05179','1','005253'),
('AU05180','1','005253'),
('AU05181','1','005253'),
('AU05182','1','005253'),
('AU05183','1','005253'),
('AU05184','1','005253'),
('AU05185','1','005253'),
('AU05186','1','005253'),
('AU05187','1','005253'),
('AU05188','1','005253'),
('AU05189','1','005253'),
('AU05190','1','005253'),
('AU05191','1','005253'),
('AU05192','1','005253'),
('AU05193','1','005253'),
('AU05194','1','005253'),
('AU05195','1','005253'),
('AU05196','1','005253'),
('AU05197','1','005253'),
('AU05198','1','005253'),
('AU05199','1','005253'),
('AU05200','1','005253'),
('AU05201','1','005253'),
('AU05202','1','005253'),
('AU05203','1','005253'),
('AU05204','1','005253'),
('AU05205','1','005253'),
('AU05206','1','005253'),
('AU05207','1','005253'),
('AU05208','1','005253'),
('AU05209','1','005253'),
('AU05210','1','005253'),
('AU05211','1','005253'),
('AU05212','1','005253'),
('AU05213','1','005253'),
('AU05214','1','005253'),
('AU05215','1','005253'),
('AU05216','1','005253'),
('AU05217','1','005253'),
('AU05218','1','005253'),
('AU05219','1','005253'),
('AU05220','1','005253'),
('AU05221','1','005253'),
('AU05222','1','005253'),
('AU05223','1','005253'),
('AU05224','1','005253'),
('AU05225','1','005253'),
('AU05226','1','005253'),
('AU05227','1','005253'),
('AU05228','1','005253'),
('AU05229','1','005253'),
('AU05230','1','005253'),
('AU05231','1','005253'),
('AU05232','1','005253'),
('AU05233','1','005253'),
('AU05234','1','005253'),
('AU05235','1','005253'),
('AU05236','1','005253'),
('AU05237','1','005253'),
('AU05238','1','005253'),
('AU05239','1','005253'),
('AU05240','1','005253'),
('AU05241','1','005253'),
('AU05242','1','005253'),
('AU05243','1','005253'),
('AU05244','1','005253'),
('AU05245','1','005253'),
('AU05390','1','005254'),
('AU05391','0','005255'),
('AU05392','1','005256'),
('AU05393','1','005257'),
('AU05100','1','005258'),
('AU05101','1','005258'),
('AU05102','1','005258'),
('AU05103','1','005258'),
('AU05104','1','005258'),
('AU05105','1','005258'),
('AU05106','1','005258'),
('AU05107','1','005258'),
('AU05108','1','005258'),
('AU05109','1','005258'),
('AU05110','1','005258'),
('AU05111','1','005258'),
('AU05112','1','005258'),
('AU05113','1','005258'),
('AU05114','1','005258'),
('AU05115','1','005258'),
('AU05116','1','005258'),
('AU05117','1','005258'),
('AU05118','1','005258'),
('AU05119','1','005258'),
('AU05120','1','005258'),
('AU05121','1','005258'),
('AU05122','1','005258'),
('AU05123','1','005258'),
('AU05124','1','005258'),
('AU05125','1','005258'),
('AU05126','1','005258'),
('AU05127','1','005258'),
('AU05128','1','005258'),
('AU05129','1','005258'),
('AU05130','1','005258'),
('AU05131','1','005258'),
('AU05132','1','005258'),
('AU05133','1','005258'),
('AU05134','1','005258'),
('AU05135','1','005258'),
('AU05136','1','005258'),
('AU05137','1','005258'),
('AU05138','1','005258'),
('AU05139','1','005258'),
('AU05140','1','005258'),
('AU05141','1','005258'),
('AU05142','1','005258'),
('AU05143','1','005258'),
('AU05144','1','005258'),
('AU05145','1','005258'),
('AU05146','1','005258'),
('AU05147','1','005258'),
('AU05148','1','005258'),
('AU05149','1','005258'),
('AU05150','1','005258'),
('AU05151','1','005258'),
('AU05152','1','005258'),
('AU05153','1','005258'),
('AU05154','1','005258'),
('AU05155','1','005258'),
('AU05156','1','005258'),
('AU05157','1','005258'),
('AU05158','1','005258'),
('AU05159','1','005258'),
('AU05160','1','005258'),
('AU05161','1','005258'),
('AU05162','1','005258'),
('AU05163','1','005258'),
('AU05164','1','005258'),
('AU05165','1','005258'),
('AU05166','1','005258'),
('AU05167','1','005258'),
('AU05168','1','005258'),
('AU05169','1','005258'),
('AU05170','1','005258'),
('AU05171','1','005258'),
('AU05172','1','005258'),
('AU05173','1','005258'),
('AU05174','1','005258'),
('AU05175','1','005258'),
('AU05176','1','005258'),
('AU05177','1','005258'),
('AU05178','1','005258'),
('AU05179','1','005258'),
('AU05180','1','005258'),
('AU05181','1','005258'),
('AU05182','1','005258'),
('AU05183','1','005258'),
('AU05184','1','005258'),
('AU05185','1','005258'),
('AU05186','1','005258'),
('AU05187','1','005258'),
('AU05188','1','005258'),
('AU05189','1','005258'),
('AU05190','1','005258'),
('AU05191','1','005258'),
('AU05192','1','005258'),
('AU05193','1','005258'),
('AU05194','1','005258'),
('AU05195','1','005258'),
('AU05196','1','005258'),
('AU05197','1','005258'),
('AU05198','1','005258'),
('AU05199','1','005258'),
('AU05200','1','005258'),
('AU05201','1','005258'),
('AU05202','1','005258'),
('AU05203','1','005258'),
('AU05204','1','005258'),
('AU05205','1','005258'),
('AU05206','1','005258'),
('AU05207','1','005258'),
('AU05208','1','005258'),
('AU05209','1','005258'),
('AU05210','1','005258'),
('AU05211','1','005258'),
('AU05212','1','005258'),
('AU05213','1','005258'),
('AU05214','1','005258'),
('AU05215','1','005258'),
('AU05216','1','005258'),
('AU05217','1','005258'),
('AU05218','1','005258'),
('AU05219','1','005258'),
('AU05220','1','005258'),
('AU05221','1','005258'),
('AU05222','1','005258'),
('AU05223','1','005258'),
('AU05224','1','005258'),
('AU05225','1','005258'),
('AU05226','1','005258'),
('AU05227','1','005258'),
('AU05228','1','005258'),
('AU05229','1','005258'),
('AU05230','1','005258'),
('AU05231','1','005258'),
('AU05232','1','005258'),
('AU05233','1','005258'),
('AU05234','1','005258'),
('AU05235','1','005258'),
('AU05236','1','005258'),
('AU05237','1','005258'),
('AU05238','1','005258'),
('AU05239','1','005258'),
('AU05240','1','005258'),
('AU05241','1','005258'),
('AU05242','1','005258'),
('AU05243','1','005258'),
('AU05244','1','005258'),
('AU05245','1','005258'),
('AU05394','1','005259'),
('AU05395','1','005260'),
('AU05396','0','005261'),
('AU05397','1','005262'),
('AU05398','1','005263'),
('AU05100','1','005264'),
('AU05101','1','005264'),
('AU05102','1','005264'),
('AU05103','1','005264'),
('AU05104','1','005264'),
('AU05105','1','005264'),
('AU05106','1','005264'),
('AU05107','1','005264'),
('AU05108','1','005264'),
('AU05109','1','005264'),
('AU05110','1','005264'),
('AU05111','1','005264'),
('AU05112','1','005264'),
('AU05113','1','005264'),
('AU05114','1','005264'),
('AU05115','1','005264'),
('AU05116','1','005264'),
('AU05117','1','005264'),
('AU05118','1','005264'),
('AU05119','1','005264'),
('AU05120','1','005264'),
('AU05121','1','005264'),
('AU05122','1','005264'),
('AU05123','1','005264'),
('AU05124','1','005264'),
('AU05125','1','005264'),
('AU05126','1','005264'),
('AU05127','1','005264'),
('AU05128','1','005264'),
('AU05129','1','005264'),
('AU05130','1','005264'),
('AU05131','1','005264'),
('AU05132','1','005264'),
('AU05133','1','005264'),
('AU05134','1','005264'),
('AU05135','1','005264'),
('AU05136','1','005264'),
('AU05137','1','005264'),
('AU05138','1','005264'),
('AU05139','1','005264'),
('AU05140','1','005264'),
('AU05141','1','005264'),
('AU05142','1','005264'),
('AU05143','1','005264'),
('AU05144','1','005264'),
('AU05145','1','005264'),
('AU05146','1','005264'),
('AU05147','1','005264'),
('AU05148','1','005264'),
('AU05149','1','005264'),
('AU05150','1','005264'),
('AU05151','1','005264'),
('AU05152','1','005264'),
('AU05153','1','005264'),
('AU05154','1','005264'),
('AU05155','1','005264'),
('AU05156','1','005264'),
('AU05157','1','005264'),
('AU05158','1','005264'),
('AU05159','1','005264'),
('AU05160','1','005264'),
('AU05161','1','005264'),
('AU05162','1','005264'),
('AU05163','1','005264'),
('AU05164','1','005264'),
('AU05165','1','005264'),
('AU05166','1','005264'),
('AU05167','1','005264'),
('AU05168','1','005264'),
('AU05169','1','005264'),
('AU05170','1','005264'),
('AU05171','1','005264'),
('AU05172','1','005264'),
('AU05173','1','005264'),
('AU05174','1','005264'),
('AU05175','1','005264'),
('AU05176','1','005264'),
('AU05177','1','005264'),
('AU05178','1','005264'),
('AU05179','1','005264'),
('AU05180','1','005264'),
('AU05181','1','005264'),
('AU05182','1','005264'),
('AU05183','1','005264'),
('AU05184','1','005264'),
('AU05185','1','005264'),
('AU05186','1','005264'),
('AU05187','1','005264'),
('AU05188','1','005264'),
('AU05189','1','005264'),
('AU05190','1','005264'),
('AU05191','1','005264'),
('AU05192','1','005264'),
('AU05193','1','005264'),
('AU05194','1','005264'),
('AU05195','1','005264'),
('AU05196','1','005264'),
('AU05197','1','005264'),
('AU05198','1','005264'),
('AU05199','1','005264'),
('AU05200','1','005264'),
('AU05201','1','005264'),
('AU05202','1','005264'),
('AU05203','1','005264'),
('AU05204','1','005264'),
('AU05205','1','005264'),
('AU05206','1','005264'),
('AU05207','1','005264'),
('AU05208','1','005264'),
('AU05209','1','005264'),
('AU05210','1','005264'),
('AU05211','1','005264'),
('AU05212','1','005264'),
('AU05213','1','005264'),
('AU05214','1','005264'),
('AU05215','1','005264'),
('AU05216','1','005264'),
('AU05217','1','005264'),
('AU05218','1','005264'),
('AU05219','1','005264'),
('AU05220','1','005264'),
('AU05221','1','005264'),
('AU05222','1','005264'),
('AU05223','1','005264'),
('AU05224','1','005264'),
('AU05225','1','005264'),
('AU05226','1','005264'),
('AU05227','1','005264'),
('AU05228','1','005264'),
('AU05229','1','005264'),
('AU05230','1','005264'),
('AU05231','1','005264'),
('AU05232','1','005264'),
('AU05233','1','005264'),
('AU05234','1','005264'),
('AU05235','1','005264'),
('AU05236','1','005264'),
('AU05237','1','005264'),
('AU05238','1','005264'),
('AU05239','1','005264'),
('AU05240','1','005264'),
('AU05241','1','005264'),
('AU05242','1','005264'),
('AU05243','1','005264'),
('AU05244','1','005264'),
('AU05245','1','005264'),
('AU05399','1','005265'),
('AU05400','1','005266'),
('AU05401','1','005267'),
('AU05402','1','005268'),
('AU05403','1','005269'),
('AU05404','1','005270'),
('AU05405','1','005271'),
('AU05100','1','005272'),
('AU05101','1','005272'),
('AU05102','1','005272'),
('AU05103','1','005272'),
('AU05104','1','005272'),
('AU05105','1','005272'),
('AU05106','1','005272'),
('AU05107','1','005272'),
('AU05108','1','005272'),
('AU05109','1','005272'),
('AU05110','1','005272'),
('AU05111','1','005272'),
('AU05112','1','005272'),
('AU05113','1','005272'),
('AU05114','1','005272'),
('AU05115','1','005272'),
('AU05116','1','005272'),
('AU05117','1','005272'),
('AU05118','1','005272'),
('AU05119','1','005272'),
('AU05120','1','005272'),
('AU05121','1','005272'),
('AU05122','1','005272'),
('AU05123','1','005272'),
('AU05124','1','005272'),
('AU05125','1','005272'),
('AU05126','1','005272'),
('AU05127','1','005272'),
('AU05128','1','005272'),
('AU05129','1','005272'),
('AU05130','1','005272'),
('AU05131','1','005272'),
('AU05132','1','005272'),
('AU05133','1','005272'),
('AU05134','1','005272'),
('AU05135','1','005272'),
('AU05136','1','005272'),
('AU05137','1','005272'),
('AU05138','1','005272'),
('AU05139','1','005272'),
('AU05140','1','005272'),
('AU05141','1','005272'),
('AU05142','1','005272'),
('AU05143','1','005272'),
('AU05144','1','005272'),
('AU05145','1','005272'),
('AU05146','1','005272'),
('AU05147','1','005272'),
('AU05148','1','005272'),
('AU05149','1','005272'),
('AU05150','1','005272'),
('AU05151','1','005272'),
('AU05152','1','005272'),
('AU05153','1','005272'),
('AU05154','1','005272'),
('AU05155','1','005272'),
('AU05156','1','005272'),
('AU05157','1','005272'),
('AU05158','1','005272'),
('AU05159','1','005272'),
('AU05160','1','005272'),
('AU05161','1','005272'),
('AU05162','1','005272'),
('AU05163','1','005272'),
('AU05164','1','005272'),
('AU05165','1','005272'),
('AU05166','1','005272'),
('AU05167','1','005272'),
('AU05168','1','005272'),
('AU05169','1','005272'),
('AU05170','1','005272'),
('AU05171','1','005272'),
('AU05172','1','005272'),
('AU05173','1','005272'),
('AU05174','1','005272'),
('AU05175','1','005272'),
('AU05176','1','005272'),
('AU05177','1','005272'),
('AU05178','1','005272'),
('AU05179','1','005272'),
('AU05180','1','005272'),
('AU05181','1','005272'),
('AU05182','1','005272'),
('AU05183','1','005272'),
('AU05184','1','005272'),
('AU05185','1','005272'),
('AU05186','1','005272'),
('AU05187','1','005272'),
('AU05188','1','005272'),
('AU05189','1','005272'),
('AU05190','1','005272'),
('AU05191','1','005272'),
('AU05192','1','005272'),
('AU05193','1','005272'),
('AU05194','1','005272'),
('AU05195','1','005272'),
('AU05196','1','005272'),
('AU05197','1','005272'),
('AU05198','1','005272'),
('AU05199','1','005272'),
('AU05200','1','005272'),
('AU05201','1','005272'),
('AU05202','1','005272'),
('AU05203','1','005272'),
('AU05204','1','005272'),
('AU05205','1','005272'),
('AU05206','1','005272'),
('AU05207','1','005272'),
('AU05208','1','005272'),
('AU05209','1','005272'),
('AU05210','1','005272'),
('AU05211','1','005272'),
('AU05212','1','005272'),
('AU05213','1','005272'),
('AU05214','1','005272'),
('AU05215','1','005272'),
('AU05216','1','005272'),
('AU05217','1','005272'),
('AU05218','1','005272'),
('AU05219','1','005272'),
('AU05220','1','005272'),
('AU05221','1','005272'),
('AU05222','1','005272'),
('AU05223','1','005272'),
('AU05224','1','005272'),
('AU05225','1','005272'),
('AU05226','1','005272'),
('AU05227','1','005272'),
('AU05228','1','005272'),
('AU05229','1','005272'),
('AU05230','1','005272'),
('AU05231','1','005272'),
('AU05232','1','005272'),
('AU05233','1','005272'),
('AU05234','1','005272'),
('AU05235','1','005272'),
('AU05236','1','005272'),
('AU05237','1','005272'),
('AU05238','1','005272'),
('AU05239','1','005272'),
('AU05240','1','005272'),
('AU05241','1','005272'),
('AU05242','1','005272'),
('AU05243','1','005272'),
('AU05244','1','005272'),
('AU05245','1','005272'),
('AU05406','1','005273'),
('AU05407','1','005274'),
('AU05100','1','005275'),
('AU05101','1','005275'),
('AU05102','1','005275'),
('AU05103','1','005275'),
('AU05104','1','005275'),
('AU05105','1','005275'),
('AU05106','1','005275'),
('AU05107','1','005275'),
('AU05108','1','005275'),
('AU05109','1','005275'),
('AU05110','1','005275'),
('AU05111','1','005275'),
('AU05112','1','005275'),
('AU05113','1','005275'),
('AU05114','1','005275'),
('AU05115','1','005275'),
('AU05116','1','005275'),
('AU05117','1','005275'),
('AU05118','1','005275'),
('AU05119','1','005275'),
('AU05120','1','005275'),
('AU05121','1','005275'),
('AU05122','1','005275'),
('AU05123','1','005275'),
('AU05124','1','005275'),
('AU05125','1','005275'),
('AU05126','1','005275'),
('AU05127','1','005275'),
('AU05128','1','005275'),
('AU05129','1','005275'),
('AU05130','1','005275'),
('AU05131','1','005275'),
('AU05132','1','005275'),
('AU05133','1','005275'),
('AU05134','1','005275'),
('AU05135','1','005275'),
('AU05136','1','005275'),
('AU05137','1','005275'),
('AU05138','1','005275'),
('AU05139','1','005275'),
('AU05140','1','005275'),
('AU05141','1','005275'),
('AU05142','1','005275'),
('AU05143','1','005275'),
('AU05144','1','005275'),
('AU05145','1','005275'),
('AU05146','1','005275'),
('AU05147','1','005275'),
('AU05148','1','005275'),
('AU05149','1','005275'),
('AU05150','1','005275'),
('AU05151','1','005275'),
('AU05152','1','005275'),
('AU05153','1','005275'),
('AU05154','1','005275'),
('AU05155','1','005275'),
('AU05156','1','005275'),
('AU05157','1','005275'),
('AU05158','1','005275'),
('AU05159','1','005275'),
('AU05160','1','005275'),
('AU05161','1','005275'),
('AU05162','1','005275'),
('AU05163','1','005275'),
('AU05164','1','005275'),
('AU05165','1','005275'),
('AU05166','1','005275'),
('AU05167','1','005275'),
('AU05168','1','005275'),
('AU05169','1','005275'),
('AU05170','1','005275'),
('AU05171','1','005275'),
('AU05172','1','005275'),
('AU05173','1','005275'),
('AU05174','1','005275'),
('AU05175','1','005275'),
('AU05176','1','005275'),
('AU05177','1','005275'),
('AU05178','1','005275'),
('AU05179','1','005275'),
('AU05180','1','005275'),
('AU05181','1','005275'),
('AU05182','1','005275'),
('AU05183','1','005275'),
('AU05184','1','005275'),
('AU05185','1','005275'),
('AU05186','1','005275'),
('AU05187','1','005275'),
('AU05188','1','005275'),
('AU05189','1','005275'),
('AU05190','1','005275'),
('AU05191','1','005275'),
('AU05192','1','005275'),
('AU05193','1','005275'),
('AU05194','1','005275'),
('AU05195','1','005275'),
('AU05196','1','005275'),
('AU05197','1','005275'),
('AU05198','1','005275'),
('AU05199','1','005275'),
('AU05200','1','005275'),
('AU05201','1','005275'),
('AU05202','1','005275'),
('AU05203','1','005275'),
('AU05204','1','005275'),
('AU05205','1','005275'),
('AU05206','1','005275'),
('AU05207','1','005275'),
('AU05208','1','005275'),
('AU05209','1','005275'),
('AU05210','1','005275'),
('AU05211','1','005275'),
('AU05212','1','005275'),
('AU05213','1','005275'),
('AU05214','1','005275'),
('AU05215','1','005275'),
('AU05216','1','005275'),
('AU05217','1','005275'),
('AU05218','1','005275'),
('AU05219','1','005275'),
('AU05220','1','005275'),
('AU05221','1','005275'),
('AU05222','1','005275'),
('AU05223','1','005275'),
('AU05224','1','005275'),
('AU05225','1','005275'),
('AU05226','1','005275'),
('AU05227','1','005275'),
('AU05228','1','005275'),
('AU05229','1','005275'),
('AU05230','1','005275'),
('AU05231','1','005275'),
('AU05232','1','005275'),
('AU05233','1','005275'),
('AU05234','1','005275'),
('AU05235','1','005275'),
('AU05236','1','005275'),
('AU05237','1','005275'),
('AU05238','1','005275'),
('AU05239','1','005275'),
('AU05240','1','005275'),
('AU05241','1','005275'),
('AU05242','1','005275'),
('AU05243','1','005275'),
('AU05244','1','005275'),
('AU05245','1','005275'),
('AU05408','1','005276'),
('AU05409','1','005277'),
('AU05410','0','005278'),
('AU05411','1','005279'),
('AU05412','1','005280'),
('AU05413','0','005281'),
('AU05414','1','005282'),
('AU05415','1','005283'),
('AU05416','0','005284'),
('AU05417','1','005285'),
('AU05418','1','005286'),
('AU05419','0','005287'),
('AU05420','1','005288'),
('AU05421','1','005289'),
('AU05422','0','005290'),
('AU05423','1','005291'),
('AU05424','1','005292'),
('AU05425','0','005293'),
('AU05426','1','005294'),
('AU05427','1','005295'),
('AU05428','0','005296'),
('AU05429','1','005297'),
('AU05430','1','005298'),
('AU05431','1','005299'),
('AU05432','1','005300'),
('AU05433','1','005301'),
('AU05434','1','005302'),
('AU05435','1','005303'),
('AU05436','1','005304'),
('AU05437','0','005305'),
('AU05438','1','005306'),
('AU05439','1','005307'),
('AU05440','1','005308'),
('AU05441','1','005309'),
('AU05442','1','005310'),
('AU05100','1','005311'),
('AU05101','1','005311'),
('AU05102','1','005311'),
('AU05103','1','005311'),
('AU05104','1','005311'),
('AU05105','1','005311'),
('AU05106','1','005311'),
('AU05107','1','005311'),
('AU05108','1','005311'),
('AU05109','1','005311'),
('AU05110','1','005311'),
('AU05111','1','005311'),
('AU05112','1','005311'),
('AU05113','1','005311'),
('AU05114','1','005311'),
('AU05115','1','005311'),
('AU05116','1','005311'),
('AU05117','1','005311'),
('AU05118','1','005311'),
('AU05119','1','005311'),
('AU05120','1','005311'),
('AU05121','1','005311'),
('AU05122','1','005311'),
('AU05123','1','005311'),
('AU05124','1','005311'),
('AU05125','1','005311'),
('AU05126','1','005311'),
('AU05127','1','005311'),
('AU05128','1','005311'),
('AU05129','1','005311'),
('AU05130','1','005311'),
('AU05131','1','005311'),
('AU05132','1','005311'),
('AU05133','1','005311'),
('AU05134','1','005311'),
('AU05135','1','005311'),
('AU05136','1','005311'),
('AU05137','1','005311'),
('AU05138','1','005311'),
('AU05139','1','005311'),
('AU05140','1','005311'),
('AU05141','1','005311'),
('AU05142','1','005311'),
('AU05143','1','005311'),
('AU05144','1','005311'),
('AU05145','1','005311'),
('AU05146','1','005311'),
('AU05147','1','005311'),
('AU05148','1','005311'),
('AU05149','1','005311'),
('AU05150','1','005311'),
('AU05151','1','005311'),
('AU05152','1','005311'),
('AU05153','1','005311'),
('AU05154','1','005311'),
('AU05155','1','005311'),
('AU05156','1','005311'),
('AU05157','1','005311'),
('AU05158','1','005311'),
('AU05159','1','005311'),
('AU05160','1','005311'),
('AU05161','1','005311'),
('AU05162','1','005311'),
('AU05163','1','005311'),
('AU05164','1','005311'),
('AU05165','1','005311'),
('AU05166','1','005311'),
('AU05167','1','005311'),
('AU05168','1','005311'),
('AU05169','1','005311'),
('AU05170','1','005311'),
('AU05171','1','005311'),
('AU05172','1','005311'),
('AU05173','1','005311'),
('AU05174','1','005311'),
('AU05175','1','005311'),
('AU05176','1','005311'),
('AU05177','1','005311'),
('AU05178','1','005311'),
('AU05179','1','005311'),
('AU05180','1','005311'),
('AU05181','1','005311'),
('AU05182','1','005311'),
('AU05183','1','005311'),
('AU05184','1','005311'),
('AU05185','1','005311'),
('AU05186','1','005311'),
('AU05187','1','005311'),
('AU05188','1','005311'),
('AU05189','1','005311'),
('AU05190','1','005311'),
('AU05191','1','005311'),
('AU05192','1','005311'),
('AU05193','1','005311'),
('AU05194','1','005311'),
('AU05195','1','005311'),
('AU05196','1','005311'),
('AU05197','1','005311'),
('AU05198','1','005311'),
('AU05199','1','005311'),
('AU05200','1','005311'),
('AU05201','1','005311'),
('AU05202','1','005311'),
('AU05203','1','005311'),
('AU05204','1','005311'),
('AU05205','1','005311'),
('AU05206','1','005311'),
('AU05207','1','005311'),
('AU05208','1','005311'),
('AU05209','1','005311'),
('AU05210','1','005311'),
('AU05211','1','005311'),
('AU05212','1','005311'),
('AU05213','1','005311'),
('AU05214','1','005311'),
('AU05215','1','005311'),
('AU05216','1','005311'),
('AU05217','1','005311'),
('AU05218','1','005311'),
('AU05219','1','005311'),
('AU05220','1','005311'),
('AU05221','1','005311'),
('AU05222','1','005311'),
('AU05223','1','005311'),
('AU05224','1','005311'),
('AU05225','1','005311'),
('AU05226','1','005311'),
('AU05227','1','005311'),
('AU05228','1','005311'),
('AU05229','1','005311'),
('AU05230','1','005311'),
('AU05231','1','005311'),
('AU05232','1','005311'),
('AU05233','1','005311'),
('AU05234','1','005311'),
('AU05235','1','005311'),
('AU05236','1','005311'),
('AU05237','1','005311'),
('AU05238','1','005311'),
('AU05239','1','005311'),
('AU05240','1','005311'),
('AU05241','1','005311'),
('AU05242','1','005311'),
('AU05243','1','005311'),
('AU05244','1','005311'),
('AU05245','1','005311'),
('AU05443','0','005312'),
('AU05444','1','005313'),
('AU05445','1','005314'),
('AU05446','0','005315'),
('AU05447','1','005316'),
('AU05448','1','005317'),
('AU05449','0','005318'),
('AU05450','1','005319'),
('AU05451','1','005320'),
('AU05452','0','005321'),
('AU05453','0','005322'),
('AU05454','1','005323'),
('AU05455','1','005324'),
('AU05456','0','005325'),
('AU05457','1','005326'),
('AU05458','1','005327'),
('AU05459','0','005328'),
('AU05460','1','005329'),
('AU05461','1','005330'),
('AU05462','0','005331'),
('AU05463','1','005332'),
('AU05464','1','005333'),
('AU05465','0','005334'),
('AU05466','1','005335'),
('AU05467','1','005336'),
('AU05468','1','005337'),
('AU05469','1','005338'),
('AU05470','1','005339'),
('AU05471','1','005340'),
('AU05472','1','005341'),
('AU05473','1','005342'),
('AU05474','1','005343'),
('AU05475','1','005344'),
('AU05476','1','005345'),
('AU05477','1','005346'),
('AU05478','1','005347'),
('AU05479','0','005348'),
('AU05480','1','005349'),
('AU05481','1','005350'),
('AU05482','0','005351'),
('AU05483','1','005352'),
('AU05484','1','005353'),
('AU05485','0','005354'),
('AU05486','1','005355'),
('AU05487','1','005356'),
('AU05488','0','005357'),
('AU05489','1','005358'),
('AU05490','1','005359'),
('AU05491','0','005360'),
('AU05492','1','005361'),
('AU05493','1','005362'),
('AU05494','0','005363'),
('AU05495','1','005364'),
('AU05496','1','005365'),
('AU05497','0','005366'),
('AU05498','1','005367'),
('AU05499','1','005368'),
('AU05500','0','005369'),
('AU05501','1','005370'),
('AU05502','1','005371'),
('AU05503','1','005372'),
('AU05504','1','005373');

-- TE_PARA_TRANKEYWORDS_INFO insert
INSERT INTO   `pub_db`.`TE_PARA_TRANKEYWORDS_INFO` (`TRAN_CD`,`PUB_DICTRY_NM`,`PRIV_DICTRY_NM`,`PULDW_MAPG_DICTRY_NM`) VALUES
('00101009','TX_AMT','TradeData.OPEN_ACCT_AMT','金额'),
('00101009','CASH_TRAN_FLG','>=','现转标志'),
('00101019','TX_AMT','TradeData.OPEN_ACCT_AMT','金额'),
('00101019','CASH_TRAN_FLG','>=','现转标志'),
('00101027','TX_AMT','TradeData.PYBL_PRNCPINT_TOT','金额'),
('00101027','CASH_TRAN_FLG','>=','现转标志'),
('00101056','TX_AMT','TradeData.TX_AMT','金额'),
('00101056','CASH_TRAN_FLG','>=','现转标志'),
('00301028','TX_AMT','TradeData.TX_AMT','金额'),
('00301028','CASH_TRAN_FLG','TradeData.CASH_TRAN_FLG','现转标志'),
('00301028','CUR_CD','TradeData.CUR','币种'),
('00301029','TX_AMT','TradeData.TX_AMT','金额'),
('00301029','CASH_TRAN_FLG','TradeData.CASH_TRAN_FLG','现转标志'),
('00301029','CUR_CD','TradeData.CUR','币种'),
('00301030','TX_AMT','TradeData.TX_AMT','金额'),
('00301030','CASH_TRAN_FLG','TradeData.CASH_TRAN_FLG','现转标志'),
('00301030','CUR_CD','TradeData.CUR','币种'),
('00301039_2','CUR_CD','TradeData.CUR','币种'),
('00301039_1','CUR_CD','TradeData.CUR','币种'),
('00301041','TX_AMT','TradeData.PRE_CRLOAD_AMT','金额'),
('00301041','CUR_CD','TradeData.CUR','币种'),
('00301045_1','TX_AMT','query_TradeData.AMT','金额'),
('00301045_1','CUR_CD','query_TradeData.CUR','币种'),
('00301046','TX_AMT','TradeData.RTM_AMT','金额'),
('00301046','CUR_CD','TradeData.CUR','币种'),
('00301053_2','TX_AMT','TradeData.AMT','金额'),
('00301053_2','CUR_CD','TradeData.CUR','币种'),
('00301055','TX_AMT','TradeData.RTM_AMT','金额'),
('00301055','CUR_CD','TradeData.CUR','币种'),
('00301065','TX_AMT','TradeData.AMT','金额'),
('00301065','CUR_CD','TradeData.CUR','币种'),
('00301066','TX_AMT','TradeData.TX_AMT','金额'),
('00301066','CUR_CD','TradeData.CUR','币种'),
('00401070','TX_AMT','INT_ACCTI_MANR','金额'),
('00401070','CASH_TRAN_FLG','==','现转标志');

-- IB_PARA_KEYWORDS_INFO insert
INSERT INTO   `pub_db`.`IB_PARA_KEYWORDS_INFO` (`DICTRY_NM`,`DICTRY_DESCR`,`DICTRY_TYP_CD`,`FIELD_CMPR`,`DATA_ATTR_DESCR`) VALUES
('TX_AMT','金额','','','金额'),
('CASH_TRAN_FLG','现转标志','','','现转标志'),
('CUR_CD','币种','','','币种');

