
-- IB_OM_RULE_INFO insert
INSERT INTO   `pub_db`.`IB_OM_RULE_INFO` (`RULE_NO`,`RULE_TYP_CD`,`HOLI_FLG`,`RULE_TRI_POSITION`,`SUIT_CHNL_SCP`,`SUIT_LPR_SCP`,`SUIT_ORG_SCP`,`SUIT_TX_SCP`,`RULE_COMNT`,`EFFT_FLG`,`OPER_TELR_NO`,`OPER_DT`,`OPER_RSN`) VALUES
('025000','CV','N','1','TE','*','*,','00604002','强制触发','1','900001','2020-06-03','批量新增'),
('025001','CV','N','1','TE','*','*,','00201091','强制触发','1','900001','2020-06-03','批量新增'),
('025002','CV','N','1','TE','*','*,','00201062','强制触发','1','900001','2020-06-03','批量新增'),
('025003','CV','N','1','TE','*','*,','00201059','强制触发','1','900001','2020-06-03','批量新增'),
('025004','CV','N','1','TE','*','*,','00201060','强制触发','1','900001','2020-06-03','批量新增'),
('025005','CV','N','1','TE','*','*,','00201061','强制触发','1','900001','2020-06-03','批量新增'),
('025006','CV','N','1','TE','*','*,','00201063','强制触发','1','900001','2020-06-03','批量新增'),
('025007','CV','N','1','TE','*','*,','00201064','强制触发','1','900001','2020-06-03','批量新增'),
('025008','CV','N','1','TE','*','*,','00201065','强制触发','1','900001','2020-06-03','批量新增'),
('025009','CV','N','1','TE','*','*,','00201066','强制触发','1','900001','2020-06-03','批量新增'),
('025010','CV','N','1','TE','*','*,','00101076','强制触发','1','900001','2020-06-03','批量新增'),
('025011','CV','N','1','TE','*','*,','00011707_1','强制触发','1','900001','2020-06-03','批量新增'),
('025012','CV','N','1','TE','*','*,','00201027','强制触发','1','900001','2020-06-03','批量新增'),
('025013','CV','N','1','TE','*','*,','00201029','强制触发','1','900001','2020-06-03','批量新增'),
('025014','CV','N','1','TE','*','*,','00011707_2','强制触发','1','900001','2020-06-03','批量新增'),
('025015','CV','N','1','TE','*','*,','00011707_3','强制触发','1','900001','2020-06-03','批量新增'),
('025016','CV','N','1','TE','*','*,','00301050','强制触发','1','900001','2020-06-03','批量新增'),
('025017','CV','N','1','TE','*','*,','00301050','强制触发','1','900001','2020-06-03','批量新增'),
('025018','CV','N','1','TE','*','*,','00301046','强制触发','1','900001','2020-06-03','批量新增'),
('025019','CV','N','1','TE','*','*,','00301021','强制触发','1','900001','2020-06-03','批量新增'),
('025020','CV','N','1','TE','*','*,','00301021','强制触发','1','900001','2020-06-03','批量新增'),
('025021','CV','N','1','TE','*','*,','00301024','强制触发','1','900001','2020-06-03','批量新增'),
('025022','CV','N','1','TE','*','*,','00301041','强制触发','1','900001','2020-06-03','批量新增'),
('025023','CV','N','1','TE','*','*,','00301040','强制触发','1','900001','2020-06-03','批量新增'),
('025024','CV','N','1','TE','*','*,','00301043','强制触发','1','900001','2020-06-03','批量新增'),
('025025','CV','N','1','TE','*','*,','00301044','强制触发','1','900001','2020-06-03','批量新增'),
('025026','CV','N','1','TE','*','*,','00301042','强制触发','1','900001','2020-06-03','批量新增'),
('025027','CV','N','1','TE','*','*,','00301028','强制触发','1','900001','2020-06-03','批量新增'),
('025028','CV','N','1','TE','*','*,','00301029','强制触发','1','900001','2020-06-03','批量新增'),
('025029','CV','N','1','TE','*','*,','00301030','强制触发','1','900001','2020-06-03','批量新增'),
('025030','CV','N','1','TE','*','*,','00201098','强制触发','1','900001','2020-06-03','批量新增'),
('025031','CV','N','1','TE','*','*,','00011707_1','强制触发','1','900001','2020-06-03','批量新增'),
('025032','CV','N','1','TE','*','*,','00101009','强制触发','1','900001','2020-06-03','批量新增'),
('025033','CV','N','1','TE','*','*,','00101030','强制触发','1','900001','2020-06-03','批量新增'),
('025034','CV','N','1','TE','*','*,','00101045','强制触发','1','900001','2020-06-03','批量新增'),
('025035','CV','N','1','TE','*','*,','00101046','强制触发','1','900001','2020-06-03','批量新增'),
('025036','CV','N','1','TE','*','*,','00101056','强制触发','1','900001','2020-06-03','批量新增'),
('025037','CV','N','1','TE','*','*,','00101063','强制触发','1','900001','2020-06-03','批量新增'),
('025038','CV','N','1','TE','*','*,','00101065','强制触发','1','900001','2020-06-03','批量新增'),
('025039','CV','N','1','TE','*','*,','00101066','强制触发','1','900001','2020-06-03','批量新增'),
('025040','CV','N','1','TE','*','*,','00101067','强制触发','1','900001','2020-06-03','批量新增'),
('025041','CV','N','1','TE','*','*,','00101068','强制触发','1','900001','2020-06-03','批量新增'),
('025042','CV','N','1','TE','*','*,','00101057','强制触发','1','900001','2020-06-03','批量新增'),
('025043','CV','N','1','TE','*','*,','00604004','强制触发','1','900001','2020-06-03','批量新增'),
('025044','CV','N','1','TE','*','*,','00604006','强制触发','1','900001','2020-06-03','批量新增'),
('025045','CV','N','1','TE','*','*,','00604009','强制触发','1','900001','2020-06-03','批量新增'),
('025046','CV','N','1','TE','*','*,','00201049','强制触发','1','900001','2020-06-03','批量新增'),
('025047','CV','N','1','TE','*','*,','00201055','强制触发','1','900001','2020-06-03','批量新增'),
('025048','CV','N','1','TE','*','*,','00201056','强制触发','1','900001','2020-06-03','批量新增'),
('025049','CV','N','1','TE','*','*,','00201057','强制触发','1','900001','2020-06-03','批量新增'),
('025050','CV','N','1','TE','*','*,','00201052','强制触发','1','900001','2020-06-03','批量新增'),
('025051','CV','N','1','TE','*','*,','00201045','强制触发','1','900001','2020-06-03','批量新增'),
('025052','CV','N','1','TE','*','*,','00201097','强制触发','1','900001','2020-06-03','批量新增'),
('025053','CV','N','1','TE','*','*,','00201096','强制触发','1','900001','2020-06-03','批量新增'),
('025054','CV','N','1','TE','*','*,','00201038','强制触发','1','900001','2020-06-03','批量新增'),
('025055','CV','N','1','TE','*','*,','00201026','强制触发','1','900001','2020-06-03','批量新增'),
('025056','CV','N','1','TE','*','*,','00201086','强制触发','1','900001','2020-06-03','批量新增'),
('025057','CV','N','1','TE','*','*,','00201085','强制触发','1','900001','2020-06-03','批量新增'),
('025058','CV','N','1','TE','*','*,','00201087','强制触发','1','900001','2020-06-03','批量新增'),
('025059','CV','N','1','TE','*','*,','00201088','强制触发','1','900001','2020-06-03','批量新增'),
('025060','CV','N','1','TE','*','*,','00201089','强制触发','1','900001','2020-06-03','批量新增'),
('025061','CV','N','1','TE','*','*,','00201093','强制触发','1','900001','2020-06-03','批量新增'),
('025062','CV','N','1','TE','*','*,','00201092','强制触发','1','900001','2020-06-03','批量新增');

-- IB_OM_MODE_INFO insert
INSERT INTO   `pub_db`.`IB_OM_MODE_INFO` (`RULE_MODE_NO`,`FIELD_SEQ_NO`,`FIELD_NM`,`FIELD_DICTRY_NM`,`RULE_MODE_TYP_CD`) VALUES
('CV25000','1','ref','CRTF_TYP','CV'),
('CV25000','2','CV','1','CV'),
('CV25000','3','CC','1','CV'),
('CV25000','4','CF','2','CV'),
('CV25000','5','IC','1','CV'),
('CV25001','6','ref','ACCT_NO','CV'),
('CV25001','7','CV','1','CV'),
('CV25001','8','CC','1','CV'),
('CV25001','9','CF','2','CV'),
('CV25001','10','IC','2','CV'),
('CV25002','11','ref','CRTF_TYP','CV'),
('CV25002','12','CV','1','CV'),
('CV25002','13','CC','1','CV'),
('CV25002','14','CF','2','CV'),
('CV25002','15','IC','2','CV'),
('CV25003','16','ref','CRTF_TYP','CV'),
('CV25003','17','CV','1','CV'),
('CV25003','18','CC','1','CV'),
('CV25003','19','CF','2','CV'),
('CV25003','20','IC','2','CV'),
('CV25004','21','ref','CRTF_TYP','CV'),
('CV25004','22','CV','1','CV'),
('CV25004','23','CC','1','CV'),
('CV25004','24','CF','2','CV'),
('CV25004','25','IC','2','CV'),
('CV25005','26','ref','CRTF_TYP','CV'),
('CV25005','27','CV','1','CV'),
('CV25005','28','CC','1','CV'),
('CV25005','29','CF','2','CV'),
('CV25005','30','IC','2','CV'),
('CV25006','31','ref','CRTF_TYP','CV'),
('CV25006','32','CV','1','CV'),
('CV25006','33','CC','1','CV'),
('CV25006','34','CF','2','CV'),
('CV25006','35','IC','2','CV'),
('CV25007','36','ref','CRTF_TYP','CV'),
('CV25007','37','CV','1','CV'),
('CV25007','38','CC','1','CV'),
('CV25007','39','CF','2','CV'),
('CV25007','40','IC','2','CV'),
('CV25008','41','ref','CRTF_TYP','CV'),
('CV25008','42','CV','1','CV'),
('CV25008','43','CC','1','CV'),
('CV25008','44','CF','2','CV'),
('CV25008','45','IC','2','CV'),
('CV25009','46','ref','CRTF_TYP','CV'),
('CV25009','47','CV','1','CV'),
('CV25009','48','CC','1','CV'),
('CV25009','49','CF','2','CV'),
('CV25009','50','IC','2','CV'),
('CV25010','51','ref','CARD_NO','CV'),
('CV25010','52','CV','1','CV'),
('CV25010','53','CC','1','CV'),
('CV25010','54','CF','1','CV'),
('CV25010','55','IC','1','CV'),
('CV25011','56','ref','ACCT_NO','CV'),
('CV25011','57','CV','1','CV'),
('CV25011','58','CC','1','CV'),
('CV25011','59','CF','1','CV'),
('CV25011','60','IC','1','CV'),
('CV25012','61','ref','CARD_NO','CV'),
('CV25012','62','CV','1','CV'),
('CV25012','63','CC','1','CV'),
('CV25012','64','CF','2','CV'),
('CV25012','65','IC','2','CV'),
('CV25013','66','ref','NO','CV'),
('CV25013','67','CV','1','CV'),
('CV25013','68','CC','1','CV'),
('CV25013','69','CF','2','CV'),
('CV25013','70','IC','2','CV'),
('CV25014','71','ref','ACCT_NO','CV'),
('CV25014','72','CV','1','CV'),
('CV25014','73','CC','1','CV'),
('CV25014','74','CF','1','CV'),
('CV25014','75','IC','1','CV'),
('CV25015','76','ref','ACCT_NO','CV'),
('CV25015','77','CV','1','CV'),
('CV25015','78','CC','1','CV'),
('CV25015','79','CF','1','CV'),
('CV25015','80','IC','1','CV'),
('CV25016','81','ref','showReg_ACCT_NO','CV'),
('CV25016','82','CV','1','CV'),
('CV25016','83','CC','1','CV'),
('CV25016','84','CF','1','CV'),
('CV25016','85','IC','1','CV'),
('CV25017','86','ref','showCal_ACCT_NO','CV'),
('CV25017','87','CV','1','CV'),
('CV25017','88','CC','1','CV'),
('CV25017','89','CF','1','CV'),
('CV25017','90','IC','1','CV'),
('CV25018','91','ref','RECVR_ACCT_NO','CV'),
('CV25018','92','CV','1','CV'),
('CV25018','93','CC','1','CV'),
('CV25018','94','CF','1','CV'),
('CV25018','95','IC','1','CV'),
('CV25019','96','ref','RECVR_ACCT_NO','CV'),
('CV25019','97','CV','1','CV'),
('CV25019','98','CC','1','CV'),
('CV25019','99','CF','1','CV'),
('CV25019','100','IC','1','CV'),
('CV25020','101','ref','PAY_RW_BNKNO','CV'),
('CV25020','102','CV','1','CV'),
('CV25020','103','CC','1','CV'),
('CV25020','104','CF','1','CV'),
('CV25020','105','IC','1','CV'),
('CV25021','106','ref','CARD_NO','CV'),
('CV25021','107','CV','1','CV'),
('CV25021','108','CC','1','CV'),
('CV25021','109','CF','1','CV'),
('CV25021','110','IC','1','CV'),
('CV25022','111','ref','TSFOUT_CARD_NO','CV'),
('CV25022','112','CV','1','CV'),
('CV25022','113','CC','1','CV'),
('CV25022','114','CF','1','CV'),
('CV25022','115','IC','1','CV'),
('CV25023','116','ref','CARD_NO','CV'),
('CV25023','117','CV','1','CV'),
('CV25023','118','CC','1','CV'),
('CV25023','119','CF','1','CV'),
('CV25023','120','IC','1','CV'),
('CV25024','121','ref','CARD_NO','CV'),
('CV25024','122','CV','1','CV'),
('CV25024','123','CC','1','CV'),
('CV25024','124','CF','1','CV'),
('CV25024','125','IC','1','CV'),
('CV25025','126','ref','CARD_NO','CV'),
('CV25025','127','CV','1','CV'),
('CV25025','128','CC','1','CV'),
('CV25025','129','CF','1','CV'),
('CV25025','130','IC','1','CV'),
('CV25026','131','ref','TSFOUT_CARD_ACCTNM','CV'),
('CV25026','132','CV','1','CV'),
('CV25026','133','CC','1','CV'),
('CV25026','134','CF','1','CV'),
('CV25026','135','IC','1','CV'),
('CV25027','136','ref','ACCT_NO','CV'),
('CV25027','137','CV','1','CV'),
('CV25027','138','CC','1','CV'),
('CV25027','139','CF','1','CV'),
('CV25027','140','IC','1','CV'),
('CV25028','141','ref','ACCT_NO','CV'),
('CV25028','142','CV','1','CV'),
('CV25028','143','CC','1','CV'),
('CV25028','144','CF','1','CV'),
('CV25028','145','IC','1','CV'),
('CV25029','146','ref','ACCT_NO','CV'),
('CV25029','147','CV','1','CV'),
('CV25029','148','CC','1','CV'),
('CV25029','149','CF','1','CV'),
('CV25029','150','IC','1','CV'),
('CV25030','151','ref','CARD_NO','CV'),
('CV25030','152','CV','1','CV'),
('CV25030','153','CC','1','CV'),
('CV25030','154','CF','1','CV'),
('CV25030','155','IC','1','CV'),
('CV25031','156','ref','ACCT_NO','CV'),
('CV25031','157','CV','1','CV'),
('CV25031','158','CC','1','CV'),
('CV25031','159','CF','1','CV'),
('CV25031','160','IC','1','CV'),
('CV25032','161','ref','DEPRCP_ACCT_NO','CV'),
('CV25032','162','CV','1','CV'),
('CV25032','163','CC','1','CV'),
('CV25032','164','CF','1','CV'),
('CV25032','165','IC','1','CV'),
('CV25033','166','ref','STL_CARD_CARD_NO','CV'),
('CV25033','167','CV','1','CV'),
('CV25033','168','CC','1','CV'),
('CV25033','169','CF','1','CV'),
('CV25033','170','IC','1','CV'),
('CV25034','171','ref','CARD_NO','CV'),
('CV25034','172','CV','1','CV'),
('CV25034','173','CC','1','CV'),
('CV25034','174','CF','1','CV'),
('CV25034','175','IC','1','CV'),
('CV25035','176','ref','CARD_NO','CV'),
('CV25035','177','CV','1','CV'),
('CV25035','178','CC','1','CV'),
('CV25035','179','CF','1','CV'),
('CV25035','180','IC','1','CV'),
('CV25036','181','ref','CARD_NO','CV'),
('CV25036','182','CV','1','CV'),
('CV25036','183','CC','1','CV'),
('CV25036','184','CF','1','CV'),
('CV25036','185','IC','1','CV'),
('CV25037','186','ref','CARD_NO','CV'),
('CV25037','187','CV','1','CV'),
('CV25037','188','CC','1','CV'),
('CV25037','189','CF','1','CV'),
('CV25037','190','IC','1','CV'),
('CV25038','191','ref','CARD_NO','CV'),
('CV25038','192','CV','1','CV'),
('CV25038','193','CC','1','CV'),
('CV25038','194','CF','1','CV'),
('CV25038','195','IC','1','CV'),
('CV25039','196','ref','CARD_NO','CV'),
('CV25039','197','CV','1','CV'),
('CV25039','198','CC','1','CV'),
('CV25039','199','CF','1','CV'),
('CV25039','200','IC','1','CV'),
('CV25040','201','ref','CARD_NO','CV'),
('CV25040','202','CV','1','CV'),
('CV25040','203','CC','1','CV'),
('CV25040','204','CF','1','CV'),
('CV25040','205','IC','1','CV'),
('CV25041','206','ref','CARD_NO','CV'),
('CV25041','207','CV','1','CV'),
('CV25041','208','CC','1','CV'),
('CV25041','209','CF','1','CV'),
('CV25041','210','IC','1','CV'),
('CV25042','211','ref','MSTCRD_CARD_NO','CV'),
('CV25042','212','CV','1','CV'),
('CV25042','213','CC','1','CV'),
('CV25042','214','CF','1','CV'),
('CV25042','215','IC','1','CV'),
('CV25043','216','ref','CRTF_TYP','CV'),
('CV25043','217','CV','1','CV'),
('CV25043','218','CC','1','CV'),
('CV25043','219','CF','2','CV'),
('CV25043','220','IC','1','CV'),
('CV25044','221','ref','CRTF_TYP','CV'),
('CV25044','222','CV','1','CV'),
('CV25044','223','CC','1','CV'),
('CV25044','224','CF','1','CV'),
('CV25044','225','IC','1','CV'),
('CV25045','226','ref','CRTF_TYP','CV'),
('CV25045','227','CV','1','CV'),
('CV25045','228','CC','1','CV'),
('CV25045','229','CF','1','CV'),
('CV25045','230','IC','1','CV'),
('CV25046','231','ref','ACCT_NO','CV'),
('CV25046','232','CV','1','CV'),
('CV25046','233','CC','1','CV'),
('CV25046','234','CF','2','CV'),
('CV25046','235','IC','2','CV'),
('CV25047','236','ref','ACCT_NO','CV'),
('CV25047','237','CV','1','CV'),
('CV25047','238','CC','1','CV'),
('CV25047','239','CF','0','CV'),
('CV25047','240','IC','0','CV'),
('CV25048','241','ref','ACCT_NO','CV'),
('CV25048','242','CV','1','CV'),
('CV25048','243','CC','1','CV'),
('CV25048','244','CF','2','CV'),
('CV25048','245','IC','2','CV'),
('CV25049','246','ref','ACCT_NO','CV'),
('CV25049','247','CV','1','CV'),
('CV25049','248','CC','1','CV'),
('CV25049','249','CF','2','CV'),
('CV25049','250','IC','2','CV'),
('CV25050','251','ref','ACCT_NO','CV'),
('CV25050','252','CV','1','CV'),
('CV25050','253','CC','1','CV'),
('CV25050','254','CF','2','CV'),
('CV25050','255','IC','2','CV'),
('CV25051','256','ref','CARD_NO','CV'),
('CV25051','257','CV','1','CV'),
('CV25051','258','CC','1','CV'),
('CV25051','259','CF','2','CV'),
('CV25051','260','IC','2','CV'),
('CV25052','261','ref','CUST_NO','CV'),
('CV25052','262','CV','1','CV'),
('CV25052','263','CC','1','CV'),
('CV25052','264','CF','2','CV'),
('CV25052','265','IC','2','CV'),
('CV25053','266','ref','CARD_NO','CV'),
('CV25053','267','CV','1','CV'),
('CV25053','268','CC','1','CV'),
('CV25053','269','CF','2','CV'),
('CV25053','270','IC','2','CV'),
('CV25054','271','ref','CARD_NO','CV'),
('CV25054','272','CV','1','CV'),
('CV25054','273','CC','1','CV'),
('CV25054','274','CF','2','CV'),
('CV25054','275','IC','2','CV'),
('CV25055','276','ref','CARD_NO','CV'),
('CV25055','277','CV','1','CV'),
('CV25055','278','CC','1','CV'),
('CV25055','279','CF','2','CV'),
('CV25055','280','IC','2','CV'),
('CV25056','281','ref','ACCT_NO','CV'),
('CV25056','282','CV','1','CV'),
('CV25056','283','CC','1','CV'),
('CV25056','284','CF','1','CV'),
('CV25056','285','IC','1','CV'),
('CV25057','286','ref','ACCT_NO','CV'),
('CV25057','287','CV','1','CV'),
('CV25057','288','CC','1','CV'),
('CV25057','289','CF','1','CV'),
('CV25057','290','IC','1','CV'),
('CV25058','291','ref','ACCT_CARD_NO','CV'),
('CV25058','292','CV','1','CV'),
('CV25058','293','CC','1','CV'),
('CV25058','294','CF','2','CV'),
('CV25058','295','IC','2','CV'),
('CV25059','296','ref','ACCT_NO','CV'),
('CV25059','297','CV','1','CV'),
('CV25059','298','CC','1','CV'),
('CV25059','299','CF','1','CV'),
('CV25059','300','IC','1','CV'),
('CV25060','301','ref','ACCT_NO','CV'),
('CV25060','302','CV','1','CV'),
('CV25060','303','CC','1','CV'),
('CV25060','304','CF','2','CV'),
('CV25060','305','IC','2','CV'),
('CV25061','306','ref','ACCT_NO','CV'),
('CV25061','307','CV','1','CV'),
('CV25061','308','CC','1','CV'),
('CV25061','309','CF','2','CV'),
('CV25061','310','IC','2','CV'),
('CV25062','311','ref','ACCT_NO','CV'),
('CV25062','312','CV','1','CV'),
('CV25062','313','CC','1','CV'),
('CV25062','314','CF','2','CV'),
('CV25062','315','IC','2','CV');

-- IB_OM_RULECOND_RLT insert
INSERT INTO   `pub_db`.`IB_OM_RULECOND_RLT` (`RULE_COND_NO`,`CMPL_MODE_FLG`,`OPRTN_RULE_NO`) VALUES
('CV25000','0','025000'),
('CV25001','0','025001'),
('CV25002','0','025002'),
('CV25003','0','025003'),
('CV25004','0','025004'),
('CV25005','0','025005'),
('CV25006','0','025006'),
('CV25007','0','025007'),
('CV25008','0','025008'),
('CV25009','0','025009'),
('CV25010','0','025010'),
('CV25011','0','025011'),
('CV25012','0','025012'),
('CV25013','0','025013'),
('CV25014','0','025014'),
('CV25015','0','025015'),
('CV25016','0','025016'),
('CV25017','0','025017'),
('CV25018','0','025018'),
('CV25019','0','025019'),
('CV25020','0','025020'),
('CV25021','0','025021'),
('CV25022','0','025022'),
('CV25023','0','025023'),
('CV25024','0','025024'),
('CV25025','0','025025'),
('CV25026','0','025026'),
('CV25027','0','025027'),
('CV25028','0','025028'),
('CV25029','0','025029'),
('CV25030','0','025030'),
('CV25031','0','025031'),
('CV25032','0','025032'),
('CV25033','0','025033'),
('CV25034','0','025034'),
('CV25035','0','025035'),
('CV25036','0','025036'),
('CV25037','0','025037'),
('CV25038','0','025038'),
('CV25039','0','025039'),
('CV25040','0','025040'),
('CV25041','0','025041'),
('CV25042','0','025042'),
('CV25043','0','025043'),
('CV25044','0','025044'),
('CV25045','0','025045'),
('CV25046','0','025046'),
('CV25047','0','025047'),
('CV25048','0','025048'),
('CV25049','0','025049'),
('CV25050','0','025050'),
('CV25051','0','025051'),
('CV25052','0','025052'),
('CV25053','0','025053'),
('CV25054','0','025054'),
('CV25055','0','025055'),
('CV25056','0','025056'),
('CV25057','0','025057'),
('CV25058','0','025058'),
('CV25059','0','025059'),
('CV25060','0','025060'),
('CV25061','0','025061'),
('CV25062','0','025062');

