
-- IB_OM_RULE_INFO insert
INSERT INTO IB_OM_RULE_INFO (RULE_NO,RULE_TYP_CD,HOLI_FLG,RULE_TRI_POSITION,SUIT_CHNL_SCP,SUIT_LPR_SCP,SUIT_ORG_SCP,SUIT_TX_SCP,RULE_COMNT,EFFT_FLG,OPER_TELR_NO,OPER_DT,OPER_RSN) VALUES

('090000','CI','N','1','TE','0000','*,','09999999','批量导入','1','900001','2019-09-30','批量新增'),
('090001','CI','N','1','TE','0000','*,','00101002','批量导入','1','900001','2019-09-30','批量新增'),
('090002','CI','N','1','TE','0000','*,','00101002','批量导入','1','900001','2019-09-30','批量新增'),
('090003','CI','N','1','TE','0000','*,','00101002','批量导入','1','900001','2019-09-30','批量新增'),
('090004','CI','N','1','TE','0000','*,','00101002','批量导入','1','900001','2019-09-30','批量新增'),
('090005','CI','N','1','TE','0000','*,','00101002','批量导入','1','900001','2019-09-30','批量新增'),
('090006','CI','N','1','TE','0000','*,','00101002','批量导入','1','900001','2019-09-30','批量新增'),
('090007','CI','N','1','TE','0000','*,','00101002','批量导入','1','900001','2019-09-30','批量新增'),
('090008','CI','N','1','TE','0000','*,','00103001','批量导入','1','900001','2019-09-30','批量新增'),
('090009','CI','N','1','TE','0000','*,','00103003','批量导入','1','900001','2019-09-30','批量新增'),
('090010','CI','N','1','TE','0000','*,','00103003','批量导入','1','900001','2019-09-30','批量新增'),
('090011','CI','N','1','TE','0000','*,','00103004','批量导入','1','900001','2019-09-30','批量新增'),
('090012','CI','N','1','TE','0000','*,','00103004','批量导入','1','900001','2019-09-30','批量新增'),
('090013','CI','N','1','TE','0000','*,','00103002','批量导入','1','900001','2019-09-30','批量新增'),
('090014','CI','N','1','TE','0000','*,','00103002','批量导入','1','900001','2019-09-30','批量新增'),
('090015','CI','N','1','TE','0000','*,','00103005','批量导入','1','900001','2019-09-30','批量新增'),
('090016','CI','N','1','TE','0000','*,','00103005','批量导入','1','900001','2019-09-30','批量新增'),
('090017','CI','N','1','TE','0000','*,','00201014','批量导入','1','900001','2019-09-30','批量新增'),
('090018','CI','N','1','TE','0000','*,','00201014','批量导入','1','900001','2019-09-30','批量新增'),
('090019','CI','N','1','TE','0000','*,','00201011','批量导入','1','900001','2019-09-30','批量新增'),
('090020','CI','N','1','TE','0000','*,','00201011','批量导入','1','900001','2019-09-30','批量新增'),
('090021','CI','N','1','TE','0000','*,','00201011','批量导入','1','900001','2019-09-30','批量新增'),
('090022','CI','N','1','TE','0000','*,','00201012','批量导入','1','900001','2019-09-30','批量新增'),
('090023','CI','N','1','TE','0000','*,','00201018','批量导入','1','900001','2019-09-30','批量新增'),
('090024','CI','N','1','TE','0000','*,','00201022','批量导入','1','900001','2019-09-30','批量新增'),
('090025','CI','N','1','TE','0000','*,','00201022','批量导入','1','900001','2019-09-30','批量新增'),
('090026','CI','N','1','TE','0000','*,','00201009','批量导入','1','900001','2019-09-30','批量新增'),
('090027','CI','N','1','TE','0000','*,','00201009','批量导入','1','900001','2019-09-30','批量新增'),
('090028','CI','N','1','TE','0000','*,','00201009','批量导入','1','900001','2019-09-30','批量新增'),
('090029','CI','N','1','TE','0000','*,','00504003','批量导入','1','900001','2019-09-30','批量新增'),
('090030','CI','N','1','TE','0000','*,','00504003','批量导入','1','900001','2019-09-30','批量新增'),
('090031','CI','N','1','TE','0000','*,','00504001','强制触发','1','900001','2019-09-30','批量新增'),
('090032','CI','N','1','TE','0000','*,','00504009','批量导入','1','900001','2019-09-30','批量新增'),
('090033','CI','N','1','TE','0000','*,','00502008','批量导入','1','900001','2019-09-30','批量新增'),
('090034','CI','N','1','TE','0000','*,','00701001','批量导入','1','900001','2019-09-30','批量新增'),
('090035','CI','N','1','TE','0000','*,','00701002','批量导入','1','900001','2019-09-30','批量新增'),
('090036','CI','N','1','TE','0000','*,','00701003','批量导入','1','900001','2019-09-30','批量新增'),
('090037','CI','N','1','TE','0000','*,','00701004','批量导入','1','900001','2019-09-30','批量新增'),
('090038','CI','N','1','TE','0000','*,','00701005','批量导入','1','900001','2019-09-30','批量新增'),
('090039','CI','N','1','TE','0000','*,','00701007','批量导入','1','900001','2019-09-30','批量新增'),
('090040','CI','N','1','TE','0000','*,','00701008','批量导入','1','900001','2019-09-30','批量新增'),
('090041','CI','N','1','TE','0000','*,','00701009','批量导入','1','900001','2019-09-30','批量新增'),
('090042','CI','N','1','TE','0000','*,','00702003','批量导入','1','900001','2019-09-30','批量新增'),
('090043','CI','N','1','TE','0000','*,','00702004','批量导入','1','900001','2019-09-30','批量新增'),
('090044','CI','N','1','TE','0000','*,','00704001','批量导入','1','900001','2019-09-30','批量新增'),
('090045','CI','N','1','TE','0000','*,','00704002','批量导入','1','900001','2019-09-30','批量新增'),
('090046','CI','N','1','TE','0000','*,','00704003','批量导入','1','900001','2019-09-30','批量新增'),
('090047','CI','N','1','TE','0000','*,','00704004','批量导入','1','900001','2019-09-30','批量新增'),
('090048','CI','N','1','TE','0000','*,','00704005','批量导入','1','900001','2019-09-30','批量新增'),
('090049','CI','N','1','TE','0000','*,','00704013','批量导入','1','900001','2019-09-30','批量新增'),
('090050','CI','N','1','TE','0000','*,','00704009','批量导入','1','900001','2019-09-30','批量新增'),
('090051','CI','N','1','TE','0000','*,','00704010','批量导入','1','900001','2019-09-30','批量新增'),
('090052','CI','N','1','TE','0000','*,','00704011','批量导入','1','900001','2019-09-30','批量新增'),
('090053','CI','N','1','TE','0000','*,','00704012','批量导入','1','900001','2019-09-30','批量新增'),
('090054','CI','N','1','TE','0000','*,','00704007','批量导入','1','900001','2019-09-30','批量新增'),
('090055','CI','N','1','TE','0000','*,','00704008','批量导入','1','900001','2019-09-30','批量新增'),
('090056','CI','N','1','TE','0000','*,','00703001','批量导入','1','900001','2019-09-30','批量新增'),
('090057','CI','N','1','TE','0000','*,','00602003','批量导入','1','900001','2019-09-30','批量新增'),
('090058','CI','N','1','TE','0000','*,','00602003','批量导入','1','900001','2019-09-30','批量新增'),
('090059','CI','N','1','TE','0000','*,','00503002','批量导入','1','900001','2019-09-30','批量新增'),
('090060','CI','N','1','TE','0000','*,','00503012_1','批量导入','1','900001','2019-09-30','批量新增'),
('090061','CI','N','1','TE','0000','*,','00401020','批量导入','1','900001','2019-09-30','批量新增'),
('090062','CI','N','1','TE','0000','*,','00502202','批量导入','1','900001','2019-09-30','批量新增'),
('090063','CI','N','1','TE','0000','*,','00502202','批量导入','1','900001','2019-09-30','批量新增'),
('090064','CI','N','1','TE','0000','*,','00502203','批量导入','1','900001','2019-09-30','批量新增'),
('090065','CI','N','1','TE','0000','*,','00502204','批量导入','1','900001','2019-09-30','批量新增'),
('090066','CI','N','1','TE','0000','*,','00502205','批量导入','1','900001','2019-09-30','批量新增'),
('090067','CI','N','1','TE','0000','*,','00502102','批量导入','1','900001','2019-09-30','批量新增'),
('090068','CI','N','1','TE','0000','*,','00502102','批量导入','1','900001','2019-09-30','批量新增'),
('090069','CI','N','1','TE','0000','*,','00502104','批量导入','1','900001','2019-09-30','批量新增'),
('090070','CI','N','1','TE','0000','*,','00502104','批量导入','1','900001','2019-09-30','批量新增'),
('090071','CI','N','1','TE','0000','*,','00501001','批量导入','1','900001','2019-09-30','批量新增'),
('090072','CI','N','1','TE','0000','*,','00501001','批量导入','1','900001','2019-09-30','批量新增'),
('090073','CI','N','1','TE','0000','*,','00501002','批量导入','1','900001','2019-09-30','批量新增'),
('090074','CI','N','1','TE','0000','*,','00501002','批量导入','1','900001','2019-09-30','批量新增'),
('090075','CI','N','1','TE','0000','*,','00501002','批量导入','1','900001','2019-09-30','批量新增'),
('090076','CI','N','1','TE','0000','*,','00502002','批量导入','1','900001','2019-09-30','批量新增'),
('090077','CI','N','1','TE','0000','*,','00502002','批量导入','1','900001','2019-09-30','批量新增'),
('090078','CI','N','1','TE','0000','*,','00502004','批量导入','1','900001','2019-09-30','批量新增'),
('090079','CI','N','1','TE','0000','*,','00502004','批量导入','1','900001','2019-09-30','批量新增'),
('090080','CI','N','1','TE','0000','*,','00502006','批量导入','1','900001','2019-09-30','批量新增'),
('090081','CI','N','1','TE','0000','*,','00502008','批量导入','1','900001','2019-09-30','批量新增'),
('090082','CI','N','1','TE','0000','*,','00502010','批量导入','1','900001','2019-09-30','批量新增'),
('090083','CI','N','1','TE','0000','*,','00502012','批量导入','1','900001','2019-09-30','批量新增'),
('090084','CI','N','1','TE','0000','*,','00302017','批量导入','1','900001','2019-09-30','批量新增'),
('090085','CI','N','1','TE','0000','*,','00306003','批量导入','1','900001','2019-09-30','批量新增'),
('090086','CI','N','1','TE','0000','*,','00201013','批量导入','1','900001','2019-09-30','批量新增'),
('090087','CI','N','1','TE','0000','*,','00201021','批量导入','1','900001','2019-09-30','批量新增'),
('090088','CI','N','1','TE','0000','*,','00302022','批量导入','1','900001','2019-09-30','批量新增'),
('090089','CI','N','1','TE','0000','*,','00302022','批量导入','1','900001','2019-09-30','批量新增'),
('090090','CI','N','1','TE','0000','*,','00302022','批量导入','1','900001','2019-09-30','批量新增'),
('090091','CI','N','1','TE','0000','*,','00302002','批量导入','1','900001','2019-09-30','批量新增'),
('090092','CI','N','1','TE','0000','*,','00302004','批量导入','1','900001','2019-09-30','批量新增'),
('090093','CI','N','1','TE','0000','*,','00301005','批量导入','1','900001','2019-09-30','批量新增'),
('090094','CI','N','1','TE','0000','*,','00305006','批量导入','1','900001','2019-09-30','批量新增'),
('090095','CI','N','1','TE','0000','*,','00305006','批量导入','1','900001','2019-09-30','批量新增'),
('090096','CI','N','1','TE','0000','*,','00305006','批量导入','1','900001','2019-09-30','批量新增'),
('090097','CI','N','1','TE','0000','*,','00305006','批量导入','1','900001','2019-09-30','批量新增'),
('090098','CI','N','1','TE','0000','*,','00305006','批量导入','1','900001','2019-09-30','批量新增'),
('090099','CI','N','1','TE','0000','*,','00303006','批量导入','1','900001','2019-09-30','批量新增'),
('090100','CI','N','1','TE','0000','*,','00303007','批量导入','1','900001','2019-09-30','批量新增'),
('090101','CI','N','1','TE','0000','*,','00303007','批量导入','1','900001','2019-09-30','批量新增'),
('090102','CI','N','1','TE','0000','*,','00303007','批量导入','1','900001','2019-09-30','批量新增'),
('090103','CI','N','1','TE','0000','*,','00303007','批量导入','1','900001','2019-09-30','批量新增'),
('090104','CI','N','1','TE','0000','*,','00302008','批量导入','1','900001','2019-09-30','批量新增'),
('090105','CI','N','1','TE','0000','*,','00302008','批量导入','1','900001','2019-09-30','批量新增'),
('090106','CI','N','1','TE','0000','*,','00302008','批量导入','1','900001','2019-09-30','批量新增'),
('090107','CI','N','1','TE','0000','*,','00302008','批量导入','1','900001','2019-09-30','批量新增'),
('090108','CI','N','1','TE','0000','*,','00302008','批量导入','1','900001','2019-09-30','批量新增'),
('090109','CI','N','1','TE','0000','*,','00302009','批量导入','1','900001','2019-09-30','批量新增'),
('090110','CI','N','1','TE','0000','*,','00302010','批量导入','1','900001','2019-09-30','批量新增'),
('090111','CI','N','1','TE','0000','*,','00302010','批量导入','1','900001','2019-09-30','批量新增'),
('090112','CI','N','1','TE','0000','*,','00302010','批量导入','1','900001','2019-09-30','批量新增'),
('090113','CI','N','1','TE','0000','*,','00302010','批量导入','1','900001','2019-09-30','批量新增'),
('090114','CI','N','1','TE','0000','*,','00303005','批量导入','1','900001','2019-09-30','批量新增'),
('090115','CI','N','1','TE','0000','*,','00303005','批量导入','1','900001','2019-09-30','批量新增'),
('090116','CI','N','1','TE','0000','*,','00303005','批量导入','1','900001','2019-09-30','批量新增'),
('090117','CI','N','1','TE','0000','*,','00303005','批量导入','1','900001','2019-09-30','批量新增'),
('090118','CI','N','1','TE','0000','*,','00303005','批量导入','1','900001','2019-09-30','批量新增'),
('090119','CI','N','1','TE','0000','*,','00305013','批量导入','1','900001','2019-09-30','批量新增'),
('090120','CI','N','1','TE','0000','*,','00306004','批量导入','1','900001','2019-09-30','批量新增'),
('090121','CI','N','1','TE','0000','*,','00306004','批量导入','1','900001','2019-09-30','批量新增'),
('090122','CI','N','1','TE','0000','*,','00306004','批量导入','1','900001','2019-09-30','批量新增'),
('090123','CI','N','1','TE','0000','*,','00306005','批量导入','1','900001','2019-09-30','批量新增'),
('090124','CI','N','1','TE','0000','*,','00306006','批量导入','1','900001','2019-09-30','批量新增'),
('090125','CI','N','1','TE','0000','*,','00306006','批量导入','1','900001','2019-09-30','批量新增'),
('090126','CI','N','1','TE','0000','*,','00303004_1','批量导入','1','900001','2019-09-30','批量新增'),
('090127','CI','N','1','TE','0000','*,','00303004_2','批量导入','1','900001','2019-09-30','批量新增'),
('090128','CI','N','1','TE','0000','*,','00303004_1','批量导入','1','900001','2019-09-30','批量新增'),
('090129','CI','N','1','TE','0000','*,','00303004_2','批量导入','1','900001','2019-09-30','批量新增'),
('090130','CI','N','1','TE','0000','*,','00303002_3','批量导入','1','900001','2019-09-30','批量新增'),
('090131','CI','N','1','TE','0000','*,','00302014','批量导入','1','900001','2019-09-30','批量新增'),
('090132','CI','N','1','TE','0000','*,','00302014','批量导入','1','900001','2019-09-30','批量新增'),
('090133','CI','N','1','TE','0000','*,','00302014','批量导入','1','900001','2019-09-30','批量新增'),
('090134','CI','N','1','TE','0000','*,','00302016','批量导入','1','900001','2019-09-30','批量新增'),
('090135','CI','N','1','TE','0000','*,','00302016','批量导入','1','900001','2019-09-30','批量新增'),
('090136','CI','N','1','TE','0000','*,','00303003_2','批量导入','1','900001','2019-09-30','批量新增'),
('090137','CI','N','1','TE','0000','*,','00302006','批量导入','1','900001','2019-09-30','批量新增'),
('090138','CI','N','1','TE','0000','*,','00302006','批量导入','1','900001','2019-09-30','批量新增'),
('090139','CI','N','1','TE','0000','*,','00302006','批量导入','1','900001','2019-09-30','批量新增'),
('090140','CI','N','1','TE','0000','*,','00302019','批量导入','1','900001','2019-09-30','批量新增'),
('090141','CI','N','1','TE','0000','*,','00302019','批量导入','1','900001','2019-09-30','批量新增'),
('090142','CI','N','1','TE','0000','*,','00302019','批量导入','1','900001','2019-09-30','批量新增'),
('090143','CI','N','1','TE','0000','*,','00302019','批量导入','1','900001','2019-09-30','批量新增'),
('090144','CI','N','1','TE','0000','*,','00302019','批量导入','1','900001','2019-09-30','批量新增'),
('090145','CI','N','1','TE','0000','*,','00302007','批量导入','1','900001','2019-09-30','批量新增'),
('090146','CI','N','1','TE','0000','*,','00302007','批量导入','1','900001','2019-09-30','批量新增'),
('090147','CI','N','1','TE','0000','*,','00302021','批量导入','1','900001','2019-09-30','批量新增'),
('090148','CI','N','1','TE','0000','*,','00302011','批量导入','1','900001','2019-09-30','批量新增'),
('090149','CI','N','1','TE','0000','*,','00302011','批量导入','1','900001','2019-09-30','批量新增'),
('090150','CI','N','1','TE','0000','*,','00302011','批量导入','1','900001','2019-09-30','批量新增'),
('090151','CI','N','1','TE','0000','*,','00302011','批量导入','1','900001','2019-09-30','批量新增'),
('090152','CI','N','1','TE','0000','*,','00302018','批量导入','1','900001','2019-09-30','批量新增'),
('090153','CI','N','1','TE','0000','*,','00302018','批量导入','1','900001','2019-09-30','批量新增'),
('090154','CI','N','1','TE','0000','*,','00302018','批量导入','1','900001','2019-09-30','批量新增'),
('090155','CI','N','1','TE','0000','*,','00302018','批量导入','1','900001','2019-09-30','批量新增'),
('090156','CI','N','1','TE','0000','*,','00302018','批量导入','1','900001','2019-09-30','批量新增'),
('090157','CI','N','1','TE','0000','*,','00302005','批量导入','1','900001','2019-09-30','批量新增'),
('090158','CI','N','1','TE','0000','*,','00302005','批量导入','1','900001','2019-09-30','批量新增'),
('090159','CI','N','1','TE','0000','*,','00302005','批量导入','1','900001','2019-09-30','批量新增'),
('090160','CI','N','1','TE','0000','*,','00302005','批量导入','1','900001','2019-09-30','批量新增'),
('090161','CI','N','1','TE','0000','*,','00201015','批量导入','1','900001','2019-09-30','批量新增'),
('090162','CI','N','1','TE','0000','*,','00201015','批量导入','1','900001','2019-09-30','批量新增'),
('090163','CI','N','1','TE','0000','*,','00201015','批量导入','1','900001','2019-09-30','批量新增'),
('090164','CI','N','1','TE','0000','*,','00201015','批量导入','1','900001','2019-09-30','批量新增'),
('090165','CI','N','1','TE','0000','*,','00201015','批量导入','1','900001','2019-09-30','批量新增'),
('090166','CI','N','1','TE','0000','*,','00201015','批量导入','1','900001','2019-09-30','批量新增'),
('090167','CI','N','1','TE','0000','*,','00201015','批量导入','1','900001','2019-09-30','批量新增'),
('090168','CI','N','1','TE','0000','*,','00201016','批量导入','1','900001','2019-09-30','批量新增'),
('090169','CI','N','1','TE','0000','*,','00201016','批量导入','1','900001','2019-09-30','批量新增'),
('090170','CI','N','1','TE','0000','*,','00201016','批量导入','1','900001','2019-09-30','批量新增'),
('090171','CI','N','1','TE','0000','*,','00201016','批量导入','1','900001','2019-09-30','批量新增'),
('090172','CI','N','1','TE','0000','*,','00201016','批量导入','1','900001','2019-09-30','批量新增'),
('090173','CI','N','1','TE','0000','*,','00201016','批量导入','1','900001','2019-09-30','批量新增'),
('090174','CI','N','1','TE','0000','*,','00101007','批量导入','1','900001','2019-09-30','批量新增'),
('090175','CI','N','1','TE','0000','*,','00101007','批量导入','1','900001','2019-09-30','批量新增'),
('090176','CI','N','1','TE','0000','*,','00101007','批量导入','1','900001','2019-09-30','批量新增'),
('090177','CI','N','1','TE','0000','*,','00101007','批量导入','1','900001','2019-09-30','批量新增'),
('090178','CI','N','1','TE','0000','*,','00201005','批量导入','1','900001','2019-09-30','批量新增'),
('090179','CI','N','1','TE','0000','*,','00201005','批量导入','1','900001','2019-09-30','批量新增'),
('090180','CI','N','1','TE','0000','*,','00201005','批量导入','1','900001','2019-09-30','批量新增'),
('090181','CI','N','1','TE','0000','*,','00201005','批量导入','1','900001','2019-09-30','批量新增'),
('090182','CI','N','1','TE','0000','*,','00201005','批量导入','1','900001','2019-09-30','批量新增'),
('090183','CI','N','1','TE','0000','*,','00201002','批量导入','1','900001','2019-09-30','批量新增'),
('090184','CI','N','1','TE','0000','*,','00201002','批量导入','1','900001','2019-09-30','批量新增'),
('090185','CI','N','1','TE','0000','*,','00301012','批量导入','1','900001','2019-09-30','批量新增'),
('090186','CI','N','1','TE','0000','*,','00301012','批量导入','1','900001','2019-09-30','批量新增'),
('090187','CI','N','1','TE','0000','*,','00301012','批量导入','1','900001','2019-09-30','批量新增'),
('090188','CI','N','1','TE','0000','*,','00301004','批量导入','1','900001','2019-09-30','批量新增'),
('090189','CI','N','1','TE','0000','*,','00301004','批量导入','1','900001','2019-09-30','批量新增'),
('090190','CI','N','1','TE','0000','*,','00301004','批量导入','1','900001','2019-09-30','批量新增'),
('090191','CI','N','1','TE','0000','*,','00301011','批量导入','1','900001','2019-09-30','批量新增'),
('090192','CI','N','1','TE','0000','*,','00301011','批量导入','1','900001','2019-09-30','批量新增'),
('090193','CI','N','1','TE','0000','*,','00301011','批量导入','1','900001','2019-09-30','批量新增'),
('090194','CI','N','1','TE','0000','*,','00301010','批量导入','1','900001','2019-09-30','批量新增'),
('090195','CI','N','1','TE','0000','*,','00301010','批量导入','1','900001','2019-09-30','批量新增'),
('090196','CI','N','1','TE','0000','*,','00301010','批量导入','1','900001','2019-09-30','批量新增'),
('090197','CI','N','1','TE','0000','*,','00301003','批量导入','1','900001','2019-09-30','批量新增'),
('090198','CI','N','1','TE','0000','*,','00301003','批量导入','1','900001','2019-09-30','批量新增'),
('090199','CI','N','1','TE','0000','*,','00301003','批量导入','1','900001','2019-09-30','批量新增'),
('090200','CI','N','1','TE','0000','*,','00301009','批量导入','1','900001','2019-09-30','批量新增'),
('090201','CI','N','1','TE','0000','*,','00301009','批量导入','1','900001','2019-09-30','批量新增'),
('090202','CI','N','1','TE','0000','*,','00301013','批量导入','1','900001','2019-09-30','批量新增'),
('090203','CI','N','1','TE','0000','*,','00301013','批量导入','1','900001','2019-09-30','批量新增'),
('090204','CI','N','1','TE','0000','*,','00301006','批量导入','1','900001','2019-09-30','批量新增'),
('090205','CI','N','1','TE','0000','*,','00301006','批量导入','1','900001','2019-09-30','批量新增'),
('090206','CI','N','1','TE','0000','*,','00301006','批量导入','1','900001','2019-09-30','批量新增'),
('090207','CI','N','1','TE','0000','*,','00301006','批量导入','1','900001','2019-09-30','批量新增'),
('090208','CI','N','1','TE','0000','*,','00301007','批量导入','1','900001','2019-09-30','批量新增'),
('090209','CI','N','1','TE','0000','*,','00301007','批量导入','1','900001','2019-09-30','批量新增'),
('090210','CI','N','1','TE','0000','*,','00301007','批量导入','1','900001','2019-09-30','批量新增'),
('090211','CI','N','1','TE','0000','*,','00301007','批量导入','1','900001','2019-09-30','批量新增'),
('090212','CI','N','1','TE','0000','*,','00301007','批量导入','1','900001','2019-09-30','批量新增'),
('090213','CI','N','1','TE','0000','*,','00301014','批量导入','1','900001','2019-09-30','批量新增'),
('090214','CI','N','1','TE','0000','*,','00301014','批量导入','1','900001','2019-09-30','批量新增'),
('090215','CI','N','1','TE','0000','*,','00301014','批量导入','1','900001','2019-09-30','批量新增'),
('090216','CI','N','1','TE','0000','*,','00301014','批量导入','1','900001','2019-09-30','批量新增'),
('090217','CI','N','1','TE','0000','*,','00301014','批量导入','1','900001','2019-09-30','批量新增'),
('090218','CI','N','1','TE','0000','*,','00302013','批量导入','1','900001','2019-09-30','批量新增'),
('090219','CI','N','1','TE','0000','*,','00302013','批量导入','1','900001','2019-09-30','批量新增'),
('090220','CI','N','1','TE','0000','*,','00302013','批量导入','1','900001','2019-09-30','批量新增'),
('090221','CI','N','1','TE','0000','*,','00302013','批量导入','1','900001','2019-09-30','批量新增'),
('090222','CI','N','1','TE','0000','*,','00302013','批量导入','1','900001','2019-09-30','批量新增'),
('090223','CI','N','1','TE','0000','*,','00301018','批量导入','1','900001','2019-09-30','批量新增'),
('090224','CI','N','1','TE','0000','*,','00301018','批量导入','1','900001','2019-09-30','批量新增'),
('090225','CI','N','1','TE','0000','*,','00301017','批量导入','1','900001','2019-09-30','批量新增'),
('090226','CI','N','1','TE','0000','*,','00301017','批量导入','1','900001','2019-09-30','批量新增'),
('090227','CI','N','1','TE','0000','*,','00301017','批量导入','1','900001','2019-09-30','批量新增'),
('090228','CI','N','1','TE','0000','*,','00301016','批量导入','1','900001','2019-09-30','批量新增'),
('090229','CI','N','1','TE','0000','*,','00301016','批量导入','1','900001','2019-09-30','批量新增'),
('090230','CI','N','1','TE','0000','*,','00301016','批量导入','1','900001','2019-09-30','批量新增'),
('090231','CI','N','1','TE','0000','*,','00302003','批量导入','1','900001','2019-09-30','批量新增'),
('090232','CI','N','1','TE','0000','*,','00302003','批量导入','1','900001','2019-09-30','批量新增'),
('090233','CI','N','1','TE','0000','*,','00302003','批量导入','1','900001','2019-09-30','批量新增'),
('090234','CI','N','1','TE','0000','*,','00301002','批量导入','1','900001','2019-09-30','批量新增'),
('090235','CI','N','1','TE','0000','*,','00301002','批量导入','1','900001','2019-09-30','批量新增'),
('090236','CI','N','1','TE','0000','*,','00302020','批量导入','1','900001','2019-09-30','批量新增'),
('090237','CI','N','1','TE','0000','*,','00302020','批量导入','1','900001','2019-09-30','批量新增'),
('090238','CI','N','1','TE','0000','*,','00302020','批量导入','1','900001','2019-09-30','批量新增'),
('090239','CI','N','1','TE','0000','*,','00302020','批量导入','1','900001','2019-09-30','批量新增'),
('090240','CI','N','1','TE','0000','*,','00302020','批量导入','1','900001','2019-09-30','批量新增'),
('090241','CI','N','1','TE','0000','*,','00301015','批量导入','1','900001','2019-09-30','批量新增'),
('090242','CI','N','1','TE','0000','*,','00301015','批量导入','1','900001','2019-09-30','批量新增'),
('090243','CI','N','1','TE','0000','*,','00301015','批量导入','1','900001','2019-09-30','批量新增'),
('090244','CI','N','1','TE','0000','*,','00301015','批量导入','1','900001','2019-09-30','批量新增'),
('090245','CI','N','1','TE','0000','*,','00301015','批量导入','1','900001','2019-09-30','批量新增'),
('090246','CI','N','1','TE','0000','*,','00502306','批量导入','1','900001','2019-09-30','批量新增'),
('090247','CI','N','1','TE','0000','*,','00502306','批量导入','1','900001','2019-09-30','批量新增'),
('090248','CI','N','1','TE','0000','*,','00502307','批量导入','1','900001','2019-09-30','批量新增'),
('090249','CI','N','1','TE','0000','*,','00502314_2','批量导入','1','900001','2019-09-30','批量新增'),
('090250','CI','N','1','TE','0000','*,','00502314_2','批量导入','1','900001','2019-09-30','批量新增'),
('090251','CI','N','1','TE','0000','*,','00502314_3','批量导入','1','900001','2019-09-30','批量新增'),
('090252','CI','N','1','TE','0000','*,','00302005','批量导入','1','900001','2019-09-30','批量新增'),
('090253','CI','N','1','TE','0000','*,','00302007','批量导入','1','900001','2019-09-30','批量新增'),
('090254','CI','N','1','TE','0000','*,','00302006','批量导入','1','900001','2019-09-30','批量新增'),
('090255','CI','N','1','TE','0000','*,','00302021','批量导入','1','900001','2019-09-30','批量新增'),
('090256','CI','N','1','TE','0000','*,','00302011','批量导入','1','900001','2019-09-30','批量新增'),
('090257','CI','N','1','TE','0000','*,','00603001','批量导入','1','900001','2019-09-30','批量新增'),
('090258','CI','N','1','TE','0000','*,','00603002','批量导入','1','900001','2019-09-30','批量新增'),
('090259','CI','N','1','TE','0000','*,','00101001_1','批量导入','1','900001','2019-09-30','批量新增'),
('090260','CI','N','1','TE','0000','*,','00101001_1','批量导入','1','900001','2019-09-30','批量新增'),
('090261','CI','N','1','TE','0000','*,','00101003_1','批量导入','1','900001','2019-09-30','批量新增'),
('090262','CI','N','1','TE','0000','*,','00407002','批量导入','1','900001','2019-09-30','批量新增'),
('090263','CI','N','1','TE','0000','*,','00802002','批量导入','1','900001','2019-09-30','批量新增'),
('090264','CI','N','1','TE','0000','*,','00303005','批量导入','1','900001','2019-09-30','批量新增'),
('090265','CI','N','1','TE','0000','*,','00102004','批量导入','1','900001','2019-09-30','批量新增'),
('090266','CI','N','1','TE','0000','*,','00102001_1','批量导入','1','900001','2019-09-30','批量新增'),
('090267','CI','N','1','TE','0000','*,','00102005','批量导入','1','900001','2019-09-30','批量新增'),
('090268','CI','N','1','TE','0000','*,','09908001','批量导入','1','900001','2019-09-30','批量新增'),
('090269','CI','N','1','TE','0000','*,','09908002','批量导入','1','900001','2019-09-30','批量新增'),
('090270','CI','N','1','TE','0000','*,','09908003','批量导入','1','900001','2019-09-30','批量新增'),
('090271','CI','N','1','TE','0000','*,','09908004','批量导入','1','900001','2019-09-30','批量新增'),
('090272','CI','N','1','TE','0000','*,','09908005','批量导入','1','900001','2019-09-30','批量新增'),
('090273','CI','N','1','TE','0000','*,','09908006','批量导入','1','900001','2019-09-30','批量新增'),
('090274','CI','N','1','TE','0000','*,','09908007','批量导入','1','900001','2019-09-30','批量新增'),
('090275','CI','N','1','TE','0000','*,','00802003','批量导入','1','900001','2019-09-30','批量新增');
-- IB_OM_RULECOND_INFO insert
INSERT INTO IB_OM_RULECOND_INFO (OPRTN_COND_NO,DICTRY_NM,OPER_SYM_1,CMPR_VAL,OPER_SYM_2,VALUE2,TRAN_CD,COND_DESCR,OPER_TELR_NO,OPER_DT,OPER_RSN,CMPR_VAL_DATA_DICTRY_FLG,PUB_DICTRY_FLG,DICTRY_DESCR) VALUES

('CI90001','shifdl','==','1','','','00101002','是否代理','900001','2019-09-30','批量新增','1','0','是否代理'),
('CI90002','shifdl','==','0','','','00101002','是否代理','900001','2019-09-30','批量新增','1','0','是否代理'),
('CI90002','yifbxhj','>=','50000','','','00101002','应付本息合计','900001','2019-09-30','批量新增','1','0','应付本息合计'),
('CI90003','shifdl','==','0','','','00101002','是否代理','900001','2019-09-30','批量新增','1','0','是否代理'),
('CI90003','shiftqzq','==','1','','','00101002','提前支取','900001','2019-09-30','批量新增','1','0','提前支取'),
('CI90004','zqfsIDCard','==','1','','','00101002','支取方式','900001','2019-09-30','批量新增','1','0','支取方式'),
('CI90005','acctType','==','A','','','00101002','账户类型','900001','2019-09-30','批量新增','1','0','账户类型'),
('CI90006','shifdl','==','0','','','00101002','是否代理','900001','2019-09-30','批量新增','1','0','是否代理'),
('CI90006','duifczbz','==','0','','','00101002','第二个磁条标志','900001','2019-09-30','批量新增','1','0','第二个磁条标志'),
('CI90006','yifbxhj','>=','10000','','','00101002','应付本息合计','900001','2019-09-30','批量新增','1','0','应付本息合计'),
('CI90007','inActive','==','01','','','00101002','未激活','900001','2019-09-30','批量新增','1','0','未激活'),
('CI90009','crtfTyp','==','0','','','00103003','客户类型','900001','2019-09-30','批量新增','1','0','客户类型'),
('CI90010','crtfTyp','in','1,2','','','00103003','客户类型','900001','2019-09-30','批量新增','1','0','客户类型'),
('CI90011','crtfTyp','==','0','','','00103004','客户类型','900001','2019-09-30','批量新增','1','0','客户类型'),
('CI90012','crtfTyp','in','1,2','','','00103004','客户类型','900001','2019-09-30','批量新增','1','0','客户类型'),
('CI90013','crtfTyp','==','0','','','00103002','客户类型','900001','2019-09-30','批量新增','1','0','客户类型'),
('CI90014','crtfTyp','in','1,2','','','00103002','客户类型','900001','2019-09-30','批量新增','1','0','客户类型'),
('CI90015','cstType','in','1,2','','','00103005','客户类型','900001','2019-09-30','批量新增','1','0','客户类型'),
('CI90016','cstType','==','0','','','00103005','客户类型','900001','2019-09-30','批量新增','1','0','客户类型'),
('CI90017','pubPrivFlgCd','==','0','','','00201014','公私标志','900001','2019-09-30','批量新增','1','0','公私标志'),
('CI90018','pubPrivFlgCd','==','1','','','00201014','公私标志','900001','2019-09-30','批量新增','1','0','公私标志'),
('CI90019','operaFlg','==','1','','','00201011','操作标志','900001','2019-09-30','批量新增','1','0','操作标志'),
('CI90020','operaFlg','==','2','','','00201011','操作标志','900001','2019-09-30','批量新增','1','0','操作标志'),
('CI90021','operaFlg','==','3','','','00201011','操作标志','900001','2019-09-30','批量新增','1','0','操作标志'),
('CI90024','CUST_TYP_CD','==','1','','','00201022','客户类型','900001','2019-09-30','批量新增','1','0','客户类型'),
('CI90025','CUST_TYP_CD','==','0','','','00201022','客户类型','900001','2019-09-30','批量新增','1','0','客户类型'),
('CI90026','pageOperFlgCd','==','1','','','00201009','操作标志','900001','2019-09-30','批量新增','1','0','操作标志'),
('CI90027','pageOperFlgCd','==','2','','','00201009','操作标志','900001','2019-09-30','批量新增','1','0','操作标志'),
('CI90028','pageOperFlgCd','==','3','','','00201009','操作标志','900001','2019-09-30','批量新增','1','0','操作标志'),
('CI90030','ispass','!=','1','','','00504003','是否已核查','900001','2019-09-30','批量新增','1','0','是否已核查'),
('CI90030','amt','>=','50000','','','00504003','金额','900001','2019-09-30','批量新增','1','0','金额'),
('CI90057','custtype','==','0','','','00602003','客户类型','900001','2019-09-30','批量新增','1','0','客户类型'),
('CI90057','txAmt','>=','50000','','','00602003','交易金额','900001','2019-09-30','批量新增','1','0','交易金额'),
('CI90058','custtype','==','0','','','00602003','客户类型','900001','2019-09-30','批量新增','1','0','客户类型'),
('CI90061','CRTF_TYP_CD','==','0','','','00401020','经办人证件类型','900001','2019-09-30','批量新增','1','0','经办人证件类型'),
('CI90062','totlAmt','>=','50000','','','00502202','交易金额','900001','2019-09-30','批量新增','1','0','交易金额'),
('CI90063','CUST_TYP_CD','==','0','','','00502202','客户类型','900001','2019-09-30','批量新增','1','0','客户类型'),
('CI90064','aprptAmt','>=','50000','','','00502203','交易金额','900001','2019-09-30','批量新增','1','0','交易金额'),
('CI90065','openAcctAmt','>=','50000','','','00502204','交易金额','900001','2019-09-30','批量新增','1','0','交易金额'),
('CI90066','bal','>=','50000','','','00502205','交易金额','900001','2019-09-30','批量新增','1','0','交易金额'),
('CI90067','totlAmt','>=','50000','','','00502102','交易金额','900001','2019-09-30','批量新增','1','0','交易金额'),
('CI90068','CUST_TYP_CD','==','0','','','00502102','客户类型','900001','2019-09-30','批量新增','1','0','客户类型'),
('CI90069','wthmnyTotlAmt','>=','50000','','','00502104','交易金额','900001','2019-09-30','批量新增','1','0','交易金额'),
('CI90070','CUST_TYP_CD','==','0','','','00502104','客户类型','900001','2019-09-30','批量新增','1','0','客户类型'),
('CI90071','acctDrawManrCd','==','1','','','00501001','支取方式','900001','2019-09-30','批量新增','1','0','支取方式'),
('CI90072','PAY_FEE_TOTL_AMT','>=','50000','','','00501001','缴费总金额','900001','2019-09-30','批量新增','1','0','缴费总金额'),
('CI90073','custType','==','0','','','00501002','客户类型','900001','2019-09-30','批量新增','1','0','客户类型'),
('CI90074','custType','==','0','','','00501002','客户类型','900001','2019-09-30','批量新增','1','0','客户类型'),
('CI90075','custType','==','0','','','00501002','客户类型','900001','2019-09-30','批量新增','1','0','客户类型'),
('CI90076','Totl_Behv_Pay_Cost_Amt','>=','50000','','','00502002','缴款总金额','900001','2019-09-30','批量新增','1','0','缴款总金额'),
('CI90077','custType','==','0','','','00502002','客户类型','900001','2019-09-30','批量新增','1','0','客户类型'),
('CI90078','Totl_Behv_Pay_Cost_Amt','>=','50000','','','00502004','缴款总金额','900001','2019-09-30','批量新增','1','0','缴款总金额'),
('CI90079','custType','==','0','','','00502004','客户类型','900001','2019-09-30','批量新增','1','0','客户类型'),
('CI90080','Wthd_Amt','>=','50000','','','00502006','取款总金额','900001','2019-09-30','批量新增','1','0','取款总金额'),
('CI90081','actPayAmt','>=','50000','','','00502008','定期增值金额','900001','2019-09-30','批量新增','1','0','定期增值金额'),
('CI90082','DRAW_AMT','>=','50000','','','00502010','取款金额','900001','2019-09-30','批量新增','1','0','取款金额'),
('CI90083','Wthd_Amt','>=','50000','','','00502012','取款总金额','900001','2019-09-30','批量新增','1','0','取款总金额'),
('CI90084','amtSource','==','5','','','00302017','资金来源','900001','2019-09-30','批量新增','1','0','资金来源'),
('CI90088','agencyFlag','==','1','','','00302022','是否代理','900001','2019-09-30','批量新增','1','0','是否代理'),
('CI90089','agencyFlag','==','0','','','00302022','是否代理','900001','2019-09-30','批量新增','1','0','是否代理'),
('CI90089','partAmt','>=','50000','','','00302022','交易金额','900001','2019-09-30','批量新增','1','0','交易金额'),
('CI90089','csttype','==','0','','','00302022','客户类型','900001','2019-09-30','批量新增','1','0','客户类型'),
('CI90090','csttype','==','0','','','00302022','客户类型','900001','2019-09-30','批量新增','1','0','客户类型'),
('CI90091','csttype','in','1,2','','','00302002','客户类型','900001','2019-09-30','批量新增','1','0','客户类型'),
('CI90091','txAmt','>=','50000','','','00302002','交易金额','900001','2019-09-30','批量新增','1','0','交易金额'),
('CI90092','custType','in','1,2','','','00302004','客户类型','900001','2019-09-30','批量新增','1','0','客户类型'),
('CI90092','txAmt','>=','50000','','','00302004','交易金额','900001','2019-09-30','批量新增','1','0','交易金额'),
('CI90093','custType','in','1,2','','','00301005','客户类型','900001','2019-09-30','批量新增','1','0','客户类型'),
('CI90093','txAmt','>=','50000','','','00301005','交易金额','900001','2019-09-30','批量新增','1','0','交易金额'),
('CI90094','isAgency','==','1','','','00305006','是否代理','900001','2019-09-30','批量新增','1','0','是否代理'),
('CI90095','isAgency','==','0','','','00305006','是否代理','900001','2019-09-30','批量新增','1','0','是否代理'),
('CI90095','transAm','>=','50000','','','00305006','交易金额','900001','2019-09-30','批量新增','1','0','交易金额'),
('CI90095','custType','==','0','','','00305006','客户类型','900001','2019-09-30','批量新增','1','0','客户类型'),
('CI90096','paymentMth','in','00100000,01100000,10100000,11100000','','','00305006','支取方式','900001','2019-09-30','批量新增','1','0','支取方式'),
('CI90096','custType','==','0','','','00305006','客户类型','900001','2019-09-30','批量新增','1','0','客户类型'),
('CI90097','custType','!=','0','','','00305006','客户类型','900001','2019-09-30','批量新增','1','0','客户类型'),
('CI90097','capitalType','==','1','','','00305006','资金来源','900001','2019-09-30','批量新增','1','0','资金来源'),
('CI90097','transAm','>=','50000','','','00305006','交易金额','900001','2019-09-30','批量新增','1','0','交易金额'),
('CI90097','isAgency','==','0','','','00305006','是否代理','900001','2019-09-30','批量新增','1','0','是否代理'),
('CI90098','custType','!=','0','','','00305006','客户类型','900001','2019-09-30','批量新增','1','0','客户类型'),
('CI90098','capitalType','!=','1','','','00305006','资金来源','900001','2019-09-30','批量新增','1','0','资金来源'),
('CI90098','transAm','>=','50000','','','00305006','资金来源','900001','2019-09-30','批量新增','1','0','资金来源'),
('CI90099','custType','==','0','','','00303006','客户类型','900001','2019-09-30','批量新增','1','0','客户类型'),
('CI90099','transAm','>=','50000','','','00303006','交易金额','900001','2019-09-30','批量新增','1','0','交易金额'),
('CI90100','isAgency','==','1','','','00303007','是否代理','900001','2019-09-30','批量新增','1','0','是否代理'),
('CI90101','isAgency','==','1','','','00303007','是否代理','900001','2019-09-30','批量新增','1','0','是否代理'),
('CI90101','allAmt','>=','50000','','','00303007','交易总金额','900001','2019-09-30','批量新增','1','0','交易总金额'),
('CI90102','isAgency','==','0','','','00303007','是否代理','900001','2019-09-30','批量新增','1','0','是否代理'),
('CI90102','allAmt','>=','50000','','','00303007','交易总金额','900001','2019-09-30','批量新增','1','0','交易总金额'),
('CI90102','custType','==','0','','','00303007','客户类型','900001','2019-09-30','批量新增','1','0','客户类型'),
('CI90103','paymentMth','in','00100000,01100000,10100000,11100000','','','00303007','支取方式','900001','2019-09-30','批量新增','1','0','支取方式'),
('CI90103','custType','==','0','','','00303007','客户类型','900001','2019-09-30','批量新增','1','0','客户类型'),
('CI90104','where','==','1','','','00302008','是否代理','900001','2019-09-30','批量新增','1','0','是否代理'),
('CI90105','where','==','1','','','00302008','是否代理','900001','2019-09-30','批量新增','1','0','是否代理'),
('CI90105','txAmt','>=','50000','','','00302008','交易金额','900001','2019-09-30','批量新增','1','0','交易金额'),
('CI90106','where','==','0','','','00302008','是否代理','900001','2019-09-30','批量新增','1','0','是否代理'),
('CI90106','txAmt','>=','50000','','','00302008','交易金额','900001','2019-09-30','批量新增','1','0','交易金额'),
('CI90106','csttype','==','0','','','00302008','客户类型','900001','2019-09-30','批量新增','1','0','客户类型'),
('CI90107','csttype','in','1,2','','','00302008','客户类型','900001','2019-09-30','批量新增','1','0','客户类型'),
('CI90107','txAmt','>=','50000','','','00302008','交易金额','900001','2019-09-30','批量新增','1','0','交易金额'),
('CI90108','mode','in','00100000,01100000,10100000,11100000','','','00302008','支取方式','900001','2019-09-30','批量新增','1','0','支取方式'),
('CI90108','csttype','==','0','','','00302008','客户类型','900001','2019-09-30','批量新增','1','0','客户类型'),
('CI90109','csttype','in','1,2','','','00302009','客户类型','900001','2019-09-30','批量新增','1','0','客户类型'),
('CI90109','txAmt','>=','50000','','','00302009','交易金额','900001','2019-09-30','批量新增','1','0','交易金额'),
('CI90110','where1','==','1','','','00302010','是否代理','900001','2019-09-30','批量新增','1','0','是否代理'),
('CI90111','where1','==','1','','','00302010','是否代理','900001','2019-09-30','批量新增','1','0','是否代理'),
('CI90111','txAmt','>=','50000','','','00302010','交易金额','900001','2019-09-30','批量新增','1','0','交易金额'),
('CI90112','where1','==','0','','','00302010','是否代理','900001','2019-09-30','批量新增','1','0','是否代理'),
('CI90112','txAmt','>=','50000','','','00302010','交易金额','900001','2019-09-30','批量新增','1','0','交易金额'),
('CI90112','csttype','==','0','','','00302010','客户类型','900001','2019-09-30','批量新增','1','0','客户类型'),
('CI90113','csttype','in','1,2','','','00302010','客户类型','900001','2019-09-30','批量新增','1','0','客户类型'),
('CI90113','txAmt','>=','50000','','','00302010','交易金额','900001','2019-09-30','批量新增','1','0','交易金额'),
('CI90114','AGEN_FLG','==','1','','','00303005','是否代理','900001','2019-09-30','批量新增','1','0','是否代理'),
('CI90115','AGEN_FLG','==','0','','','00303005','是否代理','900001','2019-09-30','批量新增','1','0','是否代理'),
('CI90115','tran_amt','>=','50000','','','00303005','交易金额','900001','2019-09-30','批量新增','1','0','交易金额'),
('CI90115','custTypCd','==','0','','','00303005','客户类型','900001','2019-09-30','批量新增','1','0','客户类型'),
('CI90116','paymentMth','in','00100000,01100000,10100000,11100000','','','00303005','支取方式','900001','2019-09-30','批量新增','1','0','支取方式'),
('CI90117','custTypCd','==','1','','','00303005','客户类型','900001','2019-09-30','批量新增','1','0','客户类型'),
('CI90117','Cap_Src','==','1','','','00303005','资金来源','900001','2019-09-30','批量新增','1','0','资金来源'),
('CI90117','tran_amt','>=','50000','','','00303005','交易金额','900001','2019-09-30','批量新增','1','0','交易金额'),
('CI90117','AGEN_FLG','==','0','','','00303005','是否代理','900001','2019-09-30','批量新增','1','0','是否代理'),
('CI90118','custTypCd','==','1','','','00303005','客户类型','900001','2019-09-30','批量新增','1','0','客户类型'),
('CI90118','Cap_Src','!=','1','','','00303005','资金来源','900001','2019-09-30','批量新增','1','0','资金来源'),
('CI90118','tran_amt','>=','50000','','','00303005','交易金额','900001','2019-09-30','批量新增','1','0','交易金额'),
('CI90119','dtlSumAmt','>=','50000','','','00305013','交易金额','900001','2019-09-30','批量新增','1','0','交易金额'),
('CI90119','fundSourceCd','in','2,3','','','00305013','资金来源','900001','2019-09-30','批量新增','1','0','资金来源'),
('CI90120','cstmType','in','1,2','','','00306004','客户类型','900001','2019-09-30','批量新增','1','0','客户类型'),
('CI90121','isAgency','==','1','','','00306004','是否代理','900001','2019-09-30','批量新增','1','0','是否代理'),
('CI90122','paymentMth','in','00100000,01100000,10100000,11100000','','','00306004','支取方式','900001','2019-09-30','批量新增','1','0','支取方式'),
('CI90122','cstmType','==','0','','','00306004','客户类型','900001','2019-09-30','批量新增','1','0','客户类型'),
('CI90123','CUST_TYP','!=','2','','','00306005','客户类型','900001','2019-09-30','批量新增','1','0','客户类型'),
('CI90124','custTypCdOut','in','1,2','','','00306006','客户类型','900001','2019-09-30','批量新增','1','0','客户类型'),
('CI90125','custTypCdOut','==','0','','','00306006','客户类型','900001','2019-09-30','批量新增','1','0','客户类型'),
('CI90126','paymtDlwthManrCd','==','04','','','00303004_1','处理方式','900001','2019-09-30','批量新增','1','0','处理方式'),
('CI90127','paymtDlwthManrCd','==','04','','','00303004_2','处理方式','900001','2019-09-30','批量新增','1','0','处理方式'),
('CI90128','paymtDlwthManrCd','==','04','','','00303004_1','处理方式','900001','2019-09-30','批量新增','1','0','处理方式'),
('CI90128','amount','>=','50000','','','00303004_1','交易金额','900001','2019-09-30','批量新增','1','0','交易金额'),
('CI90129','paymtDlwthManrCd','==','04','','','00303004_2','处理方式','900001','2019-09-30','批量新增','1','0','处理方式'),
('CI90129','amount','>=','50000','','','00303004_2','交易金额','900001','2019-09-30','批量新增','1','0','交易金额'),
('CI90130','x_DE_WA','==','4','','','00303002_3','处理方式','900001','2019-09-30','批量新增','1','0','处理方式'),
('CI90131','proxy','==','1','','','00302014','是否代理','900001','2019-09-30','批量新增','1','0','是否代理'),
('CI90132','proxy','==','0','','','00302014','是否代理','900001','2019-09-30','批量新增','1','0','是否代理'),
('CI90132','TX_Amt','>=','50000','','','00302014','交易金额','900001','2019-09-30','批量新增','1','0','交易金额'),
('CI90132','custType','==','0','','','00302014','客户类型','900001','2019-09-30','批量新增','1','0','客户类型'),
('CI90133','Cash_Tran_Ind','==','0','','','00302014','现转标志','900001','2019-09-30','批量新增','1','0','现转标志'),
('CI90133','TX_Amt','>=','10000','','','00302014','交易金额','900001','2019-09-30','批量新增','1','0','交易金额'),
('CI90134','Cap_Src','==','1','','','00302016','资金来源','900001','2019-09-30','批量新增','1','0','资金来源'),
('CI90134','isAgency','==','0','','','00302016','是否代理','900001','2019-09-30','批量新增','1','0','是否代理'),
('CI90134','TX_Amt','>=','50000','','','00302016','交易金额','900001','2019-09-30','批量新增','1','0','交易金额'),
('CI90134','custtypcd','!=','0','','','00302016','客户类型','900001','2019-09-30','批量新增','1','0','客户类型'),
('CI90135','custtypcd','!=','0','','','00302016','客户类型','900001','2019-09-30','批量新增','1','0','客户类型'),
('CI90135','Cap_Src','!=','1','','','00302016','资金来源','900001','2019-09-30','批量新增','1','0','资金来源'),
('CI90135','TX_Amt','>=','50000','','','00302016','交易金额','900001','2019-09-30','批量新增','1','0','交易金额'),
('CI90136','handType','==','04','','','00303003_2','处理方式','900001','2019-09-30','批量新增','1','0','处理方式'),
('CI90137','where','==','1','','','00302006','是否代理','900001','2019-09-30','批量新增','1','0','是否代理'),
('CI90138','where','==','0','','','00302006','是否代理','900001','2019-09-30','批量新增','1','0','是否代理'),
('CI90138','txAmt','>=','50000','','','00302006','交易金额','900001','2019-09-30','批量新增','1','0','交易金额'),
('CI90138','csttype','==','0','','','00302006','客户类型','900001','2019-09-30','批量新增','1','0','客户类型'),
('CI90139','mode','in','00100000,01100000,10100000,11100000','','','00302006','支取方式','900001','2019-09-30','批量新增','1','0','支取方式'),
('CI90139','csttype','==','0','','','00302006','客户类型','900001','2019-09-30','批量新增','1','0','客户类型'),
('CI90140','proxy','==','1','','','00302019','是否代理','900001','2019-09-30','批量新增','1','0','是否代理'),
('CI90141','proxy','==','0','','','00302019','是否代理','900001','2019-09-30','批量新增','1','0','是否代理'),
('CI90141','txAmt','>=','50000','','','00302019','交易金额','900001','2019-09-30','批量新增','1','0','交易金额'),
('CI90141','cust_type','==','0','','','00302019','客户类型','900001','2019-09-30','批量新增','1','0','客户类型'),
('CI90142','cust_type','in','1,2','','','00302019','客户类型','900001','2019-09-30','批量新增','1','0','客户类型'),
('CI90142','txAmt','>=','50000','','','00302019','交易金额','900001','2019-09-30','批量新增','1','0','交易金额'),
('CI90143','mode','in','00100000,01100000,10100000,11100000','','','00302019','支取方式','900001','2019-09-30','批量新增','1','0','支取方式'),
('CI90143','cust_type','==','0','','','00302019','客户类型','900001','2019-09-30','批量新增','1','0','客户类型'),
('CI90144','cust_type','==','0','','','00302019','客户类型','900001','2019-09-30','批量新增','1','0','客户类型'),
('CI90145','proxy','==','1','','','00302007','是否代理','900001','2019-09-30','批量新增','1','0','是否代理'),
('CI90146','proxy','==','0','','','00302007','是否代理','900001','2019-09-30','批量新增','1','0','是否代理'),
('CI90146','txAmt','>=','50000','','','00302007','交易金额','900001','2019-09-30','批量新增','1','0','交易金额'),
('CI90146','cust_type','==','0','','','00302007','客户类型','900001','2019-09-30','批量新增','1','0','客户类型'),
('CI90147','csttype','in','1,2','','','00302021','客户类型','900001','2019-09-30','批量新增','1','0','客户类型'),
('CI90147','partAmt','>=','50000','','','00302021','交易金额','900001','2019-09-30','批量新增','1','0','交易金额'),
('CI90148','proxy','==','1','','','00302011','是否代理','900001','2019-09-30','批量新增','1','0','是否代理'),
('CI90149','proxy','==','0','','','00302011','是否代理','900001','2019-09-30','批量新增','1','0','是否代理'),
('CI90149','txAmt','>=','50000','','','00302011','交易金额','900001','2019-09-30','批量新增','1','0','交易金额'),
('CI90149','custTypeCd','==','0','','','00302011','客户类型','900001','2019-09-30','批量新增','1','0','客户类型'),
('CI90150','custTypeCd','in','1,2','','','00302011','客户类型','900001','2019-09-30','批量新增','1','0','客户类型'),
('CI90150','txAmt','>=','50000','','','00302011','交易金额','900001','2019-09-30','批量新增','1','0','交易金额'),
('CI90151','drawType','in','00100000,01100000,10100000,11100000','','','00302011','支取方式','900001','2019-09-30','批量新增','1','0','支取方式'),
('CI90151','custTypeCd','==','0','','','00302011','客户类型','900001','2019-09-30','批量新增','1','0','客户类型'),
('CI90152','proxy','==','1','','','00302018','是否代理','900001','2019-09-30','批量新增','1','0','是否代理'),
('CI90153','proxy','==','0','','','00302018','是否代理','900001','2019-09-30','批量新增','1','0','是否代理'),
('CI90153','txAmt','>=','50000','','','00302018','交易金额','900001','2019-09-30','批量新增','1','0','交易金额'),
('CI90153','cust_type','==','0','','','00302018','客户类型','900001','2019-09-30','批量新增','1','0','客户类型'),
('CI90154','cust_type','in','1,2','','','00302018','客户类型','900001','2019-09-30','批量新增','1','0','客户类型'),
('CI90154','txAmt','>=','50000','','','00302018','交易金额','900001','2019-09-30','批量新增','1','0','交易金额'),
('CI90155','mode','in','00100000,01100000,10100000,11100000','','','00302018','支取方式','900001','2019-09-30','批量新增','1','0','支取方式'),
('CI90155','cust_type','==','0','','','00302018','客户类型','900001','2019-09-30','批量新增','1','0','客户类型'),
('CI90156','cust_type','==','0','','','00302018','客户类型','900001','2019-09-30','批量新增','1','0','客户类型'),
('CI90157','proxy','==','1','','','00302005','是否代理','900001','2019-09-30','批量新增','1','0','是否代理'),
('CI90158','proxy','==','0','','','00302005','是否代理','900001','2019-09-30','批量新增','1','0','是否代理'),
('CI90158','txAmt','>=','50000','','','00302005','交易金额','900001','2019-09-30','批量新增','1','0','交易金额'),
('CI90158','cust_type','==','0','','','00302005','客户类型','900001','2019-09-30','批量新增','1','0','客户类型'),
('CI90159','mode','in','00100000,01100000,10100000,11100000','','','00302005','支取方式','900001','2019-09-30','批量新增','1','0','支取方式'),
('CI90159','cust_type','==','0','','','00302005','客户类型','900001','2019-09-30','批量新增','1','0','客户类型'),
('CI90160','cust_type','==','0','','','00302005','客户类型','900001','2019-09-30','批量新增','1','0','客户类型'),
('CI90161','customerType','==','1','','','00201015','客户类型','900001','2019-09-30','批量新增','1','0','客户类型'),
('CI90162','pageOperFlgCd','in','0,1,2','','','00201015','操作标志','900001','2019-09-30','批量新增','1','0','操作标志'),
('CI90162','chkStat','==','1','','','00201015','共管账户标志','900001','2019-09-30','批量新增','1','0','共管账户标志'),
('CI90162','jointName','==','custNm','','','00201015','联名人姓名','900001','2019-09-30','批量新增','1','0','联名人姓名'),
('CI90163','chkStat','==','1','','','00201015','共管账户标志','900001','2019-09-30','批量新增','1','0','共管账户标志'),
('CI90163','jointName','!=','custNm','','','00201015','联名人姓名','900001','2019-09-30','批量新增','1','0','联名人姓名'),
('CI90164','pageOperFlgCd','==','3','','','00201015','操作标志','900001','2019-09-30','批量新增','1','0','操作标志'),
('CI90164','chkStat','==','0','','','00201015','共管账户标志','900001','2019-09-30','批量新增','1','0','共管账户标志'),
('CI90165','customerType','==','0','','','00201015','客户类型','900001','2019-09-30','批量新增','1','0','客户类型'),
('CI90166','pageOperFlgCd','in','0,1,2','','','00201015','操作标志','900001','2019-09-30','批量新增','1','0','操作标志'),
('CI90166','chkStat','==','0','','','00201015','共管账户标志','900001','2019-09-30','批量新增','1','0','共管账户标志'),
('CI90167','pageOperFlgCd','==','3','','','00201015','操作标志','900001','2019-09-30','批量新增','1','0','操作标志'),
('CI90167','chkStat','==','1','','','00201015','共管账户标志','900001','2019-09-30','批量新增','1','0','共管账户标志'),
('CI90167','jointName','==','custNm','','','00201015','联名人姓名','900001','2019-09-30','批量新增','1','0','联名人姓名'),
('CI90168','pageFileOperTypCd','==','1','','','00201016','操作类型','900001','2019-09-30','批量新增','1','0','操作类型'),
('CI90168','custTypeCd2','==','0','','','00201016','客户类型','900001','2019-09-30','批量新增','1','0','客户类型'),
('CI90169','pageFileOperTypCd','==','1','','','00201016','操作类型','900001','2019-09-30','批量新增','1','0','操作类型'),
('CI90169','custTypeCd2','==','1','','','00201016','客户类型','900001','2019-09-30','批量新增','1','0','客户类型'),
('CI90170','pageFileOperTypCd','==','2','','','00201016','操作类型','900001','2019-09-30','批量新增','1','0','操作类型'),
('CI90171','agenFlg','==','1','','','00201016','是否代理','900001','2019-09-30','批量新增','1','0','是否代理'),
('CI90172','custTypeCd1','in','1,2','','','00201016','客户类型','900001','2019-09-30','批量新增','1','0','客户类型'),
('CI90173','acctDrawManrCd1','in','00100000,01100000,10100000,11100000','','','00201016','支取方式','900001','2019-09-30','批量新增','1','0','支取方式'),
('CI90173','custTypeCd1','==','0','','','00201016','客户类型','900001','2019-09-30','批量新增','1','0','客户类型'),
('CI90174','agenFlg','==','1','','','00101007','是否代理','900001','2019-09-30','批量新增','1','0','是否代理'),
('CI90175','agenFlg','==','0','','','00101007','是否代理','900001','2019-09-30','批量新增','1','0','是否代理'),
('CI90175','pyblPrncpintTotAmt','>=','50000','','','00101007','本息合计','900001','2019-09-30','批量新增','1','0','本息合计'),
('CI90176','agenFlg','==','0','','','00101007','是否代理','900001','2019-09-30','批量新增','1','0','是否代理'),
('CI90176','acctDrawManrCd','in','00100000,01100000,10100000,11100000','','','00101007','支取方式','900001','2019-09-30','批量新增','1','0','支取方式'),
('CI90177','agenFlg','==','0','','','00101007','是否代理','900001','2019-09-30','批量新增','1','0','是否代理'),
('CI90177','pageRdcrdOperFlgCd1','==','0','','','00101007','磁条标志','900001','2019-09-30','批量新增','1','0','磁条标志'),
('CI90177','pyblPrncpintTotAmt','>=','10000','','','00101007','本息合计','900001','2019-09-30','批量新增','1','0','本息合计'),
('CI90178','AGEN_FLG','==','1','','','00201005','是否代理','900001','2019-09-30','批量新增','1','0','是否代理'),
('CI90179','PUB_PRIV_FLG_CD','==','1','','','00201005','公私标志','900001','2019-09-30','批量新增','1','0','公私标志'),
('CI90180','AGEN_FLG','==','0','','','00201005','是否代理','900001','2019-09-30','批量新增','1','0','是否代理'),
('CI90181','CUST_TYP_CD','==','0','','','00201005','客户类型','900001','2019-09-30','批量新增','1','0','客户类型'),
('CI90182','CUST_TYP_CD','!=','0','','','00201005','客户类型','900001','2019-09-30','批量新增','1','0','客户类型'),
('CI90183','custType','==','0','','','00201002','客户类型','900001','2019-09-30','批量新增','1','0','客户类型'),
('CI90184','custType','!=','0','','','00201002','客户类型','900001','2019-09-30','批量新增','1','0','客户类型'),
('CI90185','txAmt','>','0','','','00301012','交易金额','900001','2019-09-30','批量新增','1','0','交易金额'),
('CI90185','pageRdcrdOperFlgCd','==','0','','','00301012','磁条标志','900001','2019-09-30','批量新增','1','0','磁条标志'),
('CI90185','pasbNum','empty','NULL','','','00301012','存折号码','900001','2019-09-30','批量新增','1','0','存折号码'),
('CI90186','custtyp','!=','0','','','00301012','客户类型','900001','2019-09-30','批量新增','1','0','客户类型'),
('CI90186','txAmt','>=','50000','','','00301012','交易金额','900001','2019-09-30','批量新增','1','0','交易金额'),
('CI90187','custtyp','==','0','','','00301012','客户类型','900001','2019-09-30','批量新增','1','0','客户类型'),
('CI90187','txAmt','>=','50000','','','00301012','交易金额','900001','2019-09-30','批量新增','1','0','交易金额'),
('CI90188','txAmt','>','0','','','00301004','交易金额','900001','2019-09-30','批量新增','1','0','交易金额'),
('CI90188','flag','==','0','','','00301004','磁条标志','900001','2019-09-30','批量新增','1','0','磁条标志'),
('CI90188','strDepbokNo','empty','NULL','','','00301004','存折号码','900001','2019-09-30','批量新增','1','0','存折号码'),
('CI90189','csttype','==','0','','','00301004','客户类型','900001','2019-09-30','批量新增','1','0','客户类型'),
('CI90189','txAmt','>=','50000','','','00301004','交易金额','900001','2019-09-30','批量新增','1','0','交易金额'),
('CI90190','txAmt','>=','50000','','','00301004','交易金额','900001','2019-09-30','批量新增','1','0','交易金额'),
('CI90191','txAmt','>','0','','','00301011','交易金额','900001','2019-09-30','批量新增','1','0','交易金额'),
('CI90191','pageRdcrdOperFlgCd','==','0','','','00301011','磁条标志','900001','2019-09-30','批量新增','1','0','磁条标志'),
('CI90191','strDepbokNo','empty','NULL','','','00301011','存折号码','900001','2019-09-30','批量新增','1','0','存折号码'),
('CI90192','cust_type','!=','0','','','00301011','客户类型','900001','2019-09-30','批量新增','1','0','客户类型'),
('CI90192','txAmt','>=','50000','','','00301011','交易金额','900001','2019-09-30','批量新增','1','0','交易金额'),
('CI90193','txAmt','>=','50000','','','00301011','交易金额','900001','2019-09-30','批量新增','1','0','交易金额'),
('CI90194','txAmt','>','0','','','00301010','交易金额','900001','2019-09-30','批量新增','1','0','交易金额'),
('CI90194','pageRdcrdOperFlgCd','==','0','','','00301010','磁条标志','900001','2019-09-30','批量新增','1','0','磁条标志'),
('CI90194','strDepbokNo','empty','NULL','','','00301010','存折号码','900001','2019-09-30','批量新增','1','0','存折号码'),
('CI90195','cust_type','==','0','','','00301010','客户类型','900001','2019-09-30','批量新增','1','0','客户类型'),
('CI90195','txAmt','>=','50000','','','00301010','交易金额','900001','2019-09-30','批量新增','1','0','交易金额'),
('CI90196','txAmt','>=','50000','','','00301010','交易金额','900001','2019-09-30','批量新增','1','0','交易金额'),
('CI90197','txAmt','>','0','','','00301003','交易金额','900001','2019-09-30','批量新增','1','0','交易金额'),
('CI90197','pageRdcrdOperFlgCd','==','0','','','00301003','磁条标志','900001','2019-09-30','批量新增','1','0','磁条标志'),
('CI90197','strDepbokNo','empty','NULL','','','00301003','存折号码','900001','2019-09-30','批量新增','1','0','存折号码'),
('CI90198','CUST_TYP_CD','==','0','','','00301003','客户类型','900001','2019-09-30','批量新增','1','0','客户类型'),
('CI90198','txAmt','>=','50000','','','00301003','交易金额','900001','2019-09-30','批量新增','1','0','交易金额'),
('CI90199','txAmt','>=','50000','','','00301003','交易金额','900001','2019-09-30','批量新增','1','0','交易金额'),
('CI90200','CUST_TYP_CD','!=','0','','','00301009','客户类型','900001','2019-09-30','批量新增','1','0','客户类型'),
('CI90200','txAmt','>=','50000','','','00301009','交易金额','900001','2019-09-30','批量新增','1','0','交易金额'),
('CI90201','txAmt','>=','50000','','','00301009','交易金额','900001','2019-09-30','批量新增','1','0','交易金额'),
('CI90202','csttype','!=','0','','','00301013','客户类型','900001','2019-09-30','批量新增','1','0','客户类型'),
('CI90202','totalTxAmt1','>=','50000','','','00301013','交易金额','900001','2019-09-30','批量新增','1','0','交易金额'),
('CI90203','csttype','==','0','','','00301013','客户类型','900001','2019-09-30','批量新增','1','0','客户类型'),
('CI90203','totalTxAmt1','>=','50000','','','00301013','交易金额','900001','2019-09-30','批量新增','1','0','交易金额'),
('CI90204','where','==','1','','','00301006','是否代理','900001','2019-09-30','批量新增','1','0','是否代理'),
('CI90205','where','==','0','','','00301006','是否代理','900001','2019-09-30','批量新增','1','0','是否代理'),
('CI90205','txAmt','>=','50000','','','00301006','交易金额','900001','2019-09-30','批量新增','1','0','交易金额'),
('CI90205','csttype','==','0','','','00301006','客户类型','900001','2019-09-30','批量新增','1','0','客户类型'),
('CI90206','mode','in','00100000,01100000,10100000,11100000','','','00301006','支取方式','900001','2019-09-30','批量新增','1','0','支取方式'),
('CI90206','csttype','==','0','','','00301006','客户类型','900001','2019-09-30','批量新增','1','0','客户类型'),
('CI90207','txAmt','>=','50000','','','00301006','交易金额','900001','2019-09-30','批量新增','1','0','交易金额'),
('CI90208','proxy','==','1','','','00301007','是否代理','900001','2019-09-30','批量新增','1','0','是否代理'),
('CI90209','custtyp','!=','0','','','00301007','客户类型','900001','2019-09-30','批量新增','1','0','客户类型'),
('CI90209','txAmt','>=','50000','','','00301007','交易金额','900001','2019-09-30','批量新增','1','0','交易金额'),
('CI90210','drawType','in','00100000,01100000,10100000,11100000','','','00301007','支取方式','900001','2019-09-30','批量新增','1','0','支取方式'),
('CI90210','custtyp','==','0','','','00301007','客户类型','900001','2019-09-30','批量新增','1','0','客户类型'),
('CI90211','txAmt','>=','50000','','','00301007','交易金额','900001','2019-09-30','批量新增','1','0','交易金额'),
('CI90212','proxy','==','0','','','00301007','是否代理','900001','2019-09-30','批量新增','1','0','是否代理'),
('CI90212','txAmt','>=','50000','','','00301007','交易金额','900001','2019-09-30','批量新增','1','0','交易金额'),
('CI90212','custtyp','==','0','','','00301007','客户类型','900001','2019-09-30','批量新增','1','0','客户类型'),
('CI90213','proxy','==','1','','','00301014','是否代理','900001','2019-09-30','批量新增','1','0','是否代理'),
('CI90214','proxy','==','0','','','00301014','是否代理','900001','2019-09-30','批量新增','1','0','是否代理'),
('CI90214','txAmt','>=','50000','','','00301014','交易金额','900001','2019-09-30','批量新增','1','0','交易金额'),
('CI90214','cust_type','==','0','','','00301014','客户类型','900001','2019-09-30','批量新增','1','0','客户类型'),
('CI90215','mode','in','00100000,01100000,10100000,11100000','','','00301014','支取方式','900001','2019-09-30','批量新增','1','0','支取方式'),
('CI90215','cust_type','==','0','','','00301014','客户类型','900001','2019-09-30','批量新增','1','0','客户类型'),
('CI90216','cust_type','==','0','','','00301014','客户类型','900001','2019-09-30','批量新增','1','0','客户类型'),
('CI90217','txAmt','>=','50000','','','00301014','交易金额','900001','2019-09-30','批量新增','1','0','交易金额'),
('CI90218','proxy','==','1','','','00302013','是否代理','900001','2019-09-30','批量新增','1','0','是否代理'),
('CI90219','proxy','==','0','','','00302013','是否代理','900001','2019-09-30','批量新增','1','0','是否代理'),
('CI90219','partyAmt','>=','50000','','','00302013','交易金额','900001','2019-09-30','批量新增','1','0','交易金额'),
('CI90219','cust_type','==','0','','','00302013','客户类型','900001','2019-09-30','批量新增','1','0','客户类型'),
('CI90220','mode','in','00100000,01100000,10100000,11100000','','','00302013','支取方式','900001','2019-09-30','批量新增','1','0','支取方式'),
('CI90220','cust_type','==','0','','','00302013','客户类型','900001','2019-09-30','批量新增','1','0','客户类型'),
('CI90221','cust_type','==','0','','','00302013','客户类型','900001','2019-09-30','批量新增','1','0','客户类型'),
('CI90222','partyAmt','>=','50000','','','00302013','交易金额','900001','2019-09-30','批量新增','1','0','交易金额'),
('CI90223','custType','!=','0','','','00301018','客户类型','900001','2019-09-30','批量新增','1','0','客户类型'),
('CI90223','txAmt','>=','50000','','','00301018','交易金额','900001','2019-09-30','批量新增','1','0','交易金额'),
('CI90224','txAmt','>=','50000','','','00301018','交易金额','900001','2019-09-30','批量新增','1','0','交易金额'),
('CI90225','proxy','==','1','','','00301017','是否代理','900001','2019-09-30','批量新增','1','0','是否代理'),
('CI90226','proxy','==','0','','','00301017','是否代理','900001','2019-09-30','批量新增','1','0','是否代理'),
('CI90226','txAmt','>=','50000','','','00301017','交易金额','900001','2019-09-30','批量新增','1','0','交易金额'),
('CI90226','cust_type','==','0','','','00301017','客户类型','900001','2019-09-30','批量新增','1','0','客户类型'),
('CI90227','txAmt','>=','50000','','','00301017','交易金额','900001','2019-09-30','批量新增','1','0','交易金额'),
('CI90228','agenFlg','==','1','','','00301016','是否代理','900001','2019-09-30','批量新增','1','0','是否代理'),
('CI90229','agenFlg','==','0','','','00301016','是否代理','900001','2019-09-30','批量新增','1','0','是否代理'),
('CI90229','txAmt','>=','50000','','','00301016','交易金额','900001','2019-09-30','批量新增','1','0','交易金额'),
('CI90229','custType','==','0','','','00301016','客户类型','900001','2019-09-30','批量新增','1','0','客户类型'),
('CI90230','txAmt','>=','50000','','','00301016','交易金额','900001','2019-09-30','批量新增','1','0','交易金额'),
('CI90231','agencyFlag','==','1','','','00302003','是否代理','900001','2019-09-30','批量新增','1','0','是否代理'),
('CI90232','agencyFlag','==','0','','','00302003','是否代理','900001','2019-09-30','批量新增','1','0','是否代理'),
('CI90232','partAmt','>=','50000','','','00302003','交易金额','900001','2019-09-30','批量新增','1','0','交易金额'),
('CI90232','csttype','==','0','','','00302003','客户类型','900001','2019-09-30','批量新增','1','0','客户类型'),
('CI90233','partAmt','>=','50000','','','00302003','交易金额','900001','2019-09-30','批量新增','1','0','交易金额'),
('CI90234','custType','!=','0','','','00301002','客户类型','900001','2019-09-30','批量新增','1','0','客户类型'),
('CI90234','txAmt','>=','50000','','','00301002','交易金额','900001','2019-09-30','批量新增','1','0','交易金额'),
('CI90235','txAmt','>=','50000','','','00301002','交易金额','900001','2019-09-30','批量新增','1','0','交易金额'),
('CI90236','proxy','==','1','','','00302020','是否代理','900001','2019-09-30','批量新增','1','0','是否代理'),
('CI90237','proxy','==','0','','','00302020','是否代理','900001','2019-09-30','批量新增','1','0','是否代理'),
('CI90237','txAmt','>=','50000','','','00302020','交易金额','900001','2019-09-30','批量新增','1','0','交易金额'),
('CI90237','cust_type','==','0','','','00302020','客户类型','900001','2019-09-30','批量新增','1','0','客户类型'),
('CI90238','mode','in','00100000,01100000,10100000,11100000','','','00302020','支取方式','900001','2019-09-30','批量新增','1','0','支取方式'),
('CI90238','cust_type','==','0','','','00302020','客户类型','900001','2019-09-30','批量新增','1','0','客户类型'),
('CI90239','cust_type','==','0','','','00302020','客户类型','900001','2019-09-30','批量新增','1','0','客户类型'),
('CI90240','txAmt','>=','50000','','','00302020','交易金额','900001','2019-09-30','批量新增','1','0','交易金额'),
('CI90241','proxy','==','1','','','00301015','是否代理','900001','2019-09-30','批量新增','1','0','是否代理'),
('CI90242','proxy','==','0','','','00301015','是否代理','900001','2019-09-30','批量新增','1','0','是否代理'),
('CI90242','txAmt','>=','50000','','','00301015','交易金额','900001','2019-09-30','批量新增','1','0','交易金额'),
('CI90242','cust_type','==','0','','','00301015','客户类型','900001','2019-09-30','批量新增','1','0','客户类型'),
('CI90243','cust_type','!=','0','','','00301015','客户类型','900001','2019-09-30','批量新增','1','0','客户类型'),
('CI90243','txAmt','>=','50000','','','00301015','交易金额','900001','2019-09-30','批量新增','1','0','交易金额'),
('CI90244','mode','in','00100000,01100000,10100000,11100000','','','00301015','支取方式','900001','2019-09-30','批量新增','1','0','支取方式'),
('CI90244','cust_type','==','0','','','00301015','客户类型','900001','2019-09-30','批量新增','1','0','客户类型'),
('CI90245','txAmt','>=','50000','','','00301015','交易金额','900001','2019-09-30','批量新增','1','0','交易金额'),
('CI90246','totlAmt','>=','50000','','','00502306','交易金额','900001','2019-09-30','批量新增','1','0','交易金额'),
('CI90247','custType','==','0','','','00502306','客户类型','900001','2019-09-30','批量新增','1','0','客户类型'),
('CI90247','acctDrawManrCd','in','00100000,01100000,10100000,11100000','','','00502306','支取方式','900001','2019-09-30','批量新增','1','0','支取方式'),
('CI90248','totlAmt','>=','50000','','','00502307','交易金额','900001','2019-09-30','批量新增','1','0','交易金额'),
('CI90248','custType','==','0','','','00502307','客户类型','900001','2019-09-30','批量新增','1','0','客户类型'),
('CI90249','totlAmt','>=','50000','','','00502314_2','交易金额','900001','2019-09-30','批量新增','1','0','交易金额'),
('CI90250','custType','==','0','','','00502314_2','客户类型','900001','2019-09-30','批量新增','1','0','客户类型'),
('CI90250','acctDrawManrCd','in','00100000,01100000,10100000,11100000','','','00502314_2','支取方式','900001','2019-09-30','批量新增','1','0','支取方式'),
('CI90251','totlAmt','>=','50000','','','00502314_3','交易金额','900001','2019-09-30','批量新增','1','0','交易金额'),
('CI90252','txAmt','>=','50000','','','00302005','交易金额','900001','2019-09-30','批量新增','1','0','交易金额'),
('CI90253','txAmt','>=','50000','','','00302007','交易金额','900001','2019-09-30','批量新增','1','0','交易金额'),
('CI90254','txAmt','>=','50000','','','00302006','交易金额','900001','2019-09-30','批量新增','1','0','交易金额'),
('CI90255','partAmt','>=','50000','','','00302021','交易金额','900001','2019-09-30','批量新增','1','0','交易金额'),
('CI90256','txAmt','>=','50000','','','00302011','交易金额','900001','2019-09-30','批量新增','1','0','交易金额'),
('CI90257','agenFlg','==','1','','','00603001','是否代理','900001','2019-09-30','批量新增','1','0','是否代理'),
('CI90258','agenFlg','==','1','','','00603002','是否代理','900001','2019-09-30','批量新增','1','0','是否代理'),
('CI90259','agenFlg','==','0','','','00101001_1','是否代理','900001','2019-09-30','批量新增','1','0','是否代理'),
('CI90260','agenFlg','==','1','','','00101001_1','是否代理','900001','2019-09-30','批量新增','1','0','是否代理'),
('CI90262','crtfTypCd','==','0','','','00407002','证件类型','900001','2019-09-30','批量新增','1','0','证件类型'),
('CI90263','ctfTp','==','0','','','00802002','证件类型','900001','2019-09-30','批量新增','1','0','证件类型'),
('CI90264','PAGE_RDCRD_OPER_FLG_CD','==','0','','','00303005','磁条标志','900001','2019-09-30','批量新增','1','0','磁条标志'),
('CI90264','tran_amt','>=','10000','','','00303005','交易金额','900001','2019-09-30','批量新增','1','0','交易金额');
-- IB_OM_RULECOND_RLT insert
INSERT INTO IB_OM_RULECOND_RLT (RULE_COND_NO,CMPL_MODE_FLG,OPRTN_RULE_NO) VALUES

('CI90000','0','090000'),
('CI90001','1','090001'),
('CI90002','1','090002'),
('CI90003','1','090003'),
('CI90004','1','090004'),
('CI90005','1','090005'),
('CI90006','1','090006'),
('CI90007','1','090007'),
('CI90008','0','090008'),
('CI90009','1','090009'),
('CI90010','1','090010'),
('CI90011','1','090011'),
('CI90012','1','090012'),
('CI90013','1','090013'),
('CI90014','1','090014'),
('CI90015','1','090015'),
('CI90016','1','090016'),
('CI90017','1','090017'),
('CI90018','1','090018'),
('CI90019','1','090019'),
('CI90020','1','090020'),
('CI90021','1','090021'),
('CI90022','0','090022'),
('CI90023','0','090023'),
('CI90024','1','090024'),
('CI90025','1','090025'),
('CI90026','1','090026'),
('CI90027','1','090027'),
('CI90028','1','090028'),
('CI90029','0','090029'),
('CI90030','1','090030'),
('CI90031','0','090031'),
('CI90032','0','090032'),
('CI90033','0','090033'),
('CI90034','0','090034'),
('CI90035','0','090035'),
('CI90036','0','090036'),
('CI90037','0','090037'),
('CI90038','0','090038'),
('CI90039','0','090039'),
('CI90040','0','090040'),
('CI90041','0','090041'),
('CI90042','0','090042'),
('CI90043','0','090043'),
('CI90044','0','090044'),
('CI90045','0','090045'),
('CI90046','0','090046'),
('CI90047','0','090047'),
('CI90048','0','090048'),
('CI90049','0','090049'),
('CI90050','0','090050'),
('CI90051','0','090051'),
('CI90052','0','090052'),
('CI90053','0','090053'),
('CI90054','0','090054'),
('CI90055','0','090055'),
('CI90056','0','090056'),
('CI90057','1','090057'),
('CI90058','1','090058'),
('CI90059','0','090059'),
('CI90060','0','090060'),
('CI90061','1','090061'),
('CI90062','1','090062'),
('CI90063','1','090063'),
('CI90064','1','090064'),
('CI90065','1','090065'),
('CI90066','1','090066'),
('CI90067','1','090067'),
('CI90068','1','090068'),
('CI90069','1','090069'),
('CI90070','1','090070'),
('CI90071','1','090071'),
('CI90072','1','090072'),
('CI90073','1','090073'),
('CI90074','1','090074'),
('CI90075','1','090075'),
('CI90076','1','090076'),
('CI90077','1','090077'),
('CI90078','1','090078'),
('CI90079','1','090079'),
('CI90080','1','090080'),
('CI90081','1','090081'),
('CI90082','1','090082'),
('CI90083','1','090083'),
('CI90084','1','090084'),
('CI90085','0','090085'),
('CI90086','0','090086'),
('CI90087','0','090087'),
('CI90088','1','090088'),
('CI90089','1','090089'),
('CI90090','1','090090'),
('CI90091','1','090091'),
('CI90092','1','090092'),
('CI90093','1','090093'),
('CI90094','1','090094'),
('CI90095','1','090095'),
('CI90096','1','090096'),
('CI90097','1','090097'),
('CI90098','1','090098'),
('CI90099','1','090099'),
('CI90100','1','090100'),
('CI90101','1','090101'),
('CI90102','1','090102'),
('CI90103','1','090103'),
('CI90104','1','090104'),
('CI90105','1','090105'),
('CI90106','1','090106'),
('CI90107','1','090107'),
('CI90108','1','090108'),
('CI90109','1','090109'),
('CI90110','1','090110'),
('CI90111','1','090111'),
('CI90112','1','090112'),
('CI90113','1','090113'),
('CI90114','1','090114'),
('CI90115','1','090115'),
('CI90116','1','090116'),
('CI90117','1','090117'),
('CI90118','1','090118'),
('CI90119','1','090119'),
('CI90120','1','090120'),
('CI90121','1','090121'),
('CI90122','1','090122'),
('CI90123','1','090123'),
('CI90124','1','090124'),
('CI90125','1','090125'),
('CI90126','1','090126'),
('CI90127','1','090127'),
('CI90128','1','090128'),
('CI90129','1','090129'),
('CI90130','1','090130'),
('CI90131','1','090131'),
('CI90132','1','090132'),
('CI90133','1','090133'),
('CI90134','1','090134'),
('CI90135','1','090135'),
('CI90136','1','090136'),
('CI90137','1','090137'),
('CI90138','1','090138'),
('CI90139','1','090139'),
('CI90140','1','090140'),
('CI90141','1','090141'),
('CI90142','1','090142'),
('CI90143','1','090143'),
('CI90144','1','090144'),
('CI90145','1','090145'),
('CI90146','1','090146'),
('CI90147','1','090147'),
('CI90148','1','090148'),
('CI90149','1','090149'),
('CI90150','1','090150'),
('CI90151','1','090151'),
('CI90152','1','090152'),
('CI90153','1','090153'),
('CI90154','1','090154'),
('CI90155','1','090155'),
('CI90156','1','090156'),
('CI90157','1','090157'),
('CI90158','1','090158'),
('CI90159','1','090159'),
('CI90160','1','090160'),
('CI90161','1','090161'),
('CI90162','1','090162'),
('CI90163','1','090163'),
('CI90164','1','090164'),
('CI90165','1','090165'),
('CI90166','1','090166'),
('CI90167','1','090167'),
('CI90168','1','090168'),
('CI90169','1','090169'),
('CI90170','1','090170'),
('CI90171','1','090171'),
('CI90172','1','090172'),
('CI90173','1','090173'),
('CI90174','1','090174'),
('CI90175','1','090175'),
('CI90176','1','090176'),
('CI90177','1','090177'),
('CI90178','1','090178'),
('CI90179','1','090179'),
('CI90180','1','090180'),
('CI90181','1','090181'),
('CI90182','1','090182'),
('CI90183','1','090183'),
('CI90184','1','090184'),
('CI90185','1','090185'),
('CI90186','1','090186'),
('CI90187','1','090187'),
('CI90188','1','090188'),
('CI90189','1','090189'),
('CI90190','1','090190'),
('CI90191','1','090191'),
('CI90192','1','090192'),
('CI90193','1','090193'),
('CI90194','1','090194'),
('CI90195','1','090195'),
('CI90196','1','090196'),
('CI90197','1','090197'),
('CI90198','1','090198'),
('CI90199','1','090199'),
('CI90200','1','090200'),
('CI90201','1','090201'),
('CI90202','1','090202'),
('CI90203','1','090203'),
('CI90204','1','090204'),
('CI90205','1','090205'),
('CI90206','1','090206'),
('CI90207','1','090207'),
('CI90208','1','090208'),
('CI90209','1','090209'),
('CI90210','1','090210'),
('CI90211','1','090211'),
('CI90212','1','090212'),
('CI90213','1','090213'),
('CI90214','1','090214'),
('CI90215','1','090215'),
('CI90216','1','090216'),
('CI90217','1','090217'),
('CI90218','1','090218'),
('CI90219','1','090219'),
('CI90220','1','090220'),
('CI90221','1','090221'),
('CI90222','1','090222'),
('CI90223','1','090223'),
('CI90224','1','090224'),
('CI90225','1','090225'),
('CI90226','1','090226'),
('CI90227','1','090227'),
('CI90228','1','090228'),
('CI90229','1','090229'),
('CI90230','1','090230'),
('CI90231','1','090231'),
('CI90232','1','090232'),
('CI90233','1','090233'),
('CI90234','1','090234'),
('CI90235','1','090235'),
('CI90236','1','090236'),
('CI90237','1','090237'),
('CI90238','1','090238'),
('CI90239','1','090239'),
('CI90240','1','090240'),
('CI90241','1','090241'),
('CI90242','1','090242'),
('CI90243','1','090243'),
('CI90244','1','090244'),
('CI90245','1','090245'),
('CI90246','1','090246'),
('CI90247','1','090247'),
('CI90248','1','090248'),
('CI90249','1','090249'),
('CI90250','1','090250'),
('CI90251','1','090251'),
('CI90252','1','090252'),
('CI90253','1','090253'),
('CI90254','1','090254'),
('CI90255','1','090255'),
('CI90256','1','090256'),
('CI90257','1','090257'),
('CI90258','1','090258'),
('CI90259','1','090259'),
('CI90260','1','090260'),
('CI90261','0','090261'),
('CI90262','1','090262'),
('CI90263','1','090263'),
('CI90264','1','090264'),
('CI90265','0','090265'),
('CI90266','0','090266'),
('CI90267','0','090267'),
('CI90268','0','090268'),
('CI90269','0','090269'),
('CI90270','0','090270'),
('CI90271','0','090271'),
('CI90272','0','090272'),
('CI90273','0','090273'),
('CI90274','0','090274'),
('CI90275','0','090275');
-- IB_OM_MODE_INFO insert
INSERT INTO IB_OM_MODE_INFO (RULE_MODE_NO,FIELD_SEQ_NO,FIELD_NM,FIELD_DICTRY_NM,RULE_MODE_TYP_CD) VALUES

('CI90000','1','ref','aui-row_1','CI'),
('CI90000','2','NI','1','CI'),
('CI90000','3','FR','1','CI'),
('CI90001','4','ref','input-cstnm','CI'),
('CI90001','5','NI','1','CI'),
('CI90001','6','FR','0','CI'),
('CI90002','7','ref','input-cstnm','CI'),
('CI90002','8','NI','1','CI'),
('CI90002','9','FR','1','CI'),
('CI90003','13','ref','input-cstnm','CI'),
('CI90003','14','NI','1','CI'),
('CI90003','15','FR','1','CI'),
('CI90004','19','ref','input-cstnm','CI'),
('CI90004','20','NI','1','CI'),
('CI90004','21','FR','1','CI'),
('CI90005','22','ref','input-cstnm','CI'),
('CI90005','23','NI','1','CI'),
('CI90005','24','FR','0','CI'),
('CI90006','25','ref','input-cstnm','CI'),
('CI90006','26','NI','1','CI'),
('CI90006','27','FR','1','CI'),
('CI90007','34','ref','input-cstnm','CI'),
('CI90007','35','NI','1','CI'),
('CI90007','36','FR','1','CI'),
('CI90008','37','ref','custom-input_2','CI'),
('CI90008','38','NI','1','CI'),
('CI90008','39','FR','1','CI'),
('CI90009','40','ref','custom-input-crtfNbr','CI'),
('CI90009','41','NI','1','CI'),
('CI90009','42','FR','1','CI'),
('CI90010','43','ref','custom-input-crtfNbr','CI'),
('CI90010','44','NI','1','CI'),
('CI90010','45','FR','0','CI'),
('CI90011','46','ref','custom-input-crtfNbr','CI'),
('CI90011','47','NI','1','CI'),
('CI90011','48','FR','1','CI'),
('CI90012','49','ref','custom-input-crtfNbr','CI'),
('CI90012','50','NI','1','CI'),
('CI90012','51','FR','0','CI'),
('CI90013','52','ref','custom-input-custNm','CI'),
('CI90013','53','NI','1','CI'),
('CI90013','54','FR','1','CI'),
('CI90014','55','ref','custom-input-custNm','CI'),
('CI90014','56','NI','1','CI'),
('CI90014','57','FR','0','CI'),
('CI90015','58','ref','input-cstnm','CI'),
('CI90015','59','NI','1','CI'),
('CI90015','60','FR','0','CI'),
('CI90016','61','ref','input-cstnm','CI'),
('CI90016','62','NI','1','CI'),
('CI90016','63','FR','1','CI'),
('CI90017','64','ref','custom-selector-crtfTypCd','CI'),
('CI90017','65','NI','1','CI'),
('CI90017','66','FR','1','CI'),
('CI90018','67','ref','custom-selector-crtfTypCd','CI'),
('CI90018','68','NI','1','CI'),
('CI90018','69','FR','0','CI'),
('CI90019','70','ref','custom-input-acctnm1','CI'),
('CI90019','71','NI','1','CI'),
('CI90019','72','FR','0','CI'),
('CI90020','73','ref','custom-input-acctnm1','CI'),
('CI90020','74','NI','1','CI'),
('CI90020','75','FR','0','CI'),
('CI90021','76','ref','custom-input-acctnm1','CI'),
('CI90021','77','NI','1','CI'),
('CI90021','78','FR','0','CI'),
('CI90022','79','ref','custom-input-acctnm1','CI'),
('CI90022','80','NI','1','CI'),
('CI90022','81','FR','1','CI'),
('CI90023','82','ref','custom-input_3','CI'),
('CI90023','83','NI','1','CI'),
('CI90023','84','FR','1','CI'),
('CI90024','85','ref','custom-input_2','CI'),
('CI90024','86','NI','1','CI'),
('CI90024','87','FR','0','CI'),
('CI90025','88','ref','custom-input_2','CI'),
('CI90025','89','NI','1','CI'),
('CI90025','90','FR','1','CI'),
('CI90026','91','ref','custom-input-acctnm','CI'),
('CI90026','92','NI','1','CI'),
('CI90026','93','FR','0','CI'),
('CI90027','94','ref','custom-input-acctnm','CI'),
('CI90027','95','NI','1','CI'),
('CI90027','96','FR','0','CI'),
('CI90028','97','ref','custom-input-acctnm','CI'),
('CI90028','98','NI','1','CI'),
('CI90028','99','FR','0','CI'),
('CI90029','100','ref','customer','CI'),
('CI90029','101','NI','1','CI'),
('CI90029','102','FR','1','CI'),
('CI90030','103','ref','customer1','CI'),
('CI90030','104','NI','1','CI'),
('CI90030','105','FR','1','CI'),
('CI90031','109','ref','customer','CI'),
('CI90031','110','NI','1','CI'),
('CI90031','111','FR','1','CI'),
('CI90032','112','ref','customer','CI'),
('CI90032','113','NI','1','CI'),
('CI90032','114','FR','1','CI'),
('CI90033','115','ref','customer','CI'),
('CI90033','116','NI','0','CI'),
('CI90033','117','FR','0','CI'),
('CI90034','118','ref','aui-button_query','CI'),
('CI90034','119','NI','1','CI'),
('CI90034','120','FR','0','CI'),
('CI90035','121','ref','aui-button_query','CI'),
('CI90035','122','NI','1','CI'),
('CI90035','123','FR','0','CI'),
('CI90036','124','ref','aui-button_query','CI'),
('CI90036','125','NI','1','CI'),
('CI90036','126','FR','0','CI'),
('CI90037','127','ref','aui-button_query','CI'),
('CI90037','128','NI','1','CI'),
('CI90037','129','FR','0','CI'),
('CI90038','130','ref','aui-button_query','CI'),
('CI90038','131','NI','1','CI'),
('CI90038','132','FR','0','CI'),
('CI90039','133','ref','aui-button_query','CI'),
('CI90039','134','NI','1','CI'),
('CI90039','135','FR','0','CI'),
('CI90040','136','ref','aui-button_check','CI'),
('CI90040','137','NI','1','CI'),
('CI90040','138','FR','0','CI'),
('CI90041','139','ref','aui-button-check','CI'),
('CI90041','140','NI','1','CI'),
('CI90041','141','FR','0','CI'),
('CI90042','142','ref','custom-input-userName','CI'),
('CI90042','143','NI','1','CI'),
('CI90042','144','FR','0','CI'),
('CI90043','145','ref','custom-input-pwd','CI'),
('CI90043','146','NI','1','CI'),
('CI90043','147','FR','0','CI'),
('CI90044','148','ref','aui-queryInfo','CI'),
('CI90044','149','NI','1','CI'),
('CI90044','150','FR','0','CI'),
('CI90045','151','ref','aui-queryInfo','CI'),
('CI90045','152','NI','1','CI'),
('CI90045','153','FR','0','CI'),
('CI90046','154','ref','aui-queryInfo','CI'),
('CI90046','155','NI','1','CI'),
('CI90046','156','FR','0','CI'),
('CI90047','157','ref','aui-button_query','CI'),
('CI90047','158','NI','1','CI'),
('CI90047','159','FR','0','CI'),
('CI90048','160','ref','aui-button_query','CI'),
('CI90048','161','NI','1','CI'),
('CI90048','162','FR','0','CI'),
('CI90049','163','ref','custom-input-name','CI'),
('CI90049','164','NI','1','CI'),
('CI90049','165','FR','0','CI'),
('CI90050','166','ref','custom-input-name','CI'),
('CI90050','167','NI','1','CI'),
('CI90050','168','FR','0','CI'),
('CI90051','169','ref','custom-input-name','CI'),
('CI90051','170','NI','1','CI'),
('CI90051','171','FR','0','CI'),
('CI90052','172','ref','custom-input-name','CI'),
('CI90052','173','NI','1','CI'),
('CI90052','174','FR','0','CI'),
('CI90053','175','ref','custom-input-name','CI'),
('CI90053','176','NI','1','CI'),
('CI90053','177','FR','0','CI'),
('CI90054','178','ref','custom-input-name','CI'),
('CI90054','179','NI','1','CI'),
('CI90054','180','FR','0','CI'),
('CI90055','181','ref','custom-input-name','CI'),
('CI90055','182','NI','1','CI'),
('CI90055','183','FR','0','CI'),
('CI90056','184','ref','custom-table_1','CI'),
('CI90056','185','NI','1','CI'),
('CI90056','186','FR','0','CI'),
('CI90057','187','ref','aui-button_query','CI'),
('CI90057','188','NI','1','CI'),
('CI90057','189','FR','1','CI'),
('CI90058','193','ref','aui-button_query','CI'),
('CI90058','194','NI','0','CI'),
('CI90058','195','FR','0','CI'),
('CI90059','196','ref','custom-input_4','CI'),
('CI90059','197','NI','1','CI'),
('CI90059','198','FR','0','CI'),
('CI90060','199','ref','custom-input_19','CI'),
('CI90060','200','NI','1','CI'),
('CI90060','201','FR','0','CI'),
('CI90061','202','ref','custom-selector-01','CI'),
('CI90061','203','NI','1','CI'),
('CI90061','204','FR','0','CI'),
('CI90062','205','ref','custom-input_4','CI'),
('CI90062','206','NI','1','CI'),
('CI90062','207','FR','0','CI'),
('CI90063','208','ref','custom-input_4','CI'),
('CI90063','209','NI','1','CI'),
('CI90063','210','FR','0','CI'),
('CI90064','211','ref','custom-input_9','CI'),
('CI90064','212','NI','1','CI'),
('CI90064','213','FR','0','CI'),
('CI90065','214','ref','custom-input_7','CI'),
('CI90065','215','NI','1','CI'),
('CI90065','216','FR','0','CI'),
('CI90066','217','ref','custom-input_9','CI'),
('CI90066','218','NI','1','CI'),
('CI90066','219','FR','0','CI'),
('CI90067','220','ref','custom-input_4','CI'),
('CI90067','221','NI','1','CI'),
('CI90067','222','FR','0','CI'),
('CI90068','223','ref','custom-input_4','CI'),
('CI90068','224','NI','1','CI'),
('CI90068','225','FR','0','CI'),
('CI90069','226','ref','custom-selector_3','CI'),
('CI90069','227','NI','1','CI'),
('CI90069','228','FR','0','CI'),
('CI90070','229','ref','custom-selector_3','CI'),
('CI90070','230','NI','1','CI'),
('CI90070','231','FR','0','CI'),
('CI90071','232','ref','custom-input_6','CI'),
('CI90071','233','NI','1','CI'),
('CI90071','234','FR','0','CI'),
('CI90072','235','ref','custom-input_6','CI'),
('CI90072','236','NI','1','CI'),
('CI90072','237','FR','0','CI'),
('CI90073','238','ref','custom-input_1','CI'),
('CI90073','239','NI','1','CI'),
('CI90073','240','FR','1','CI'),
('CI90074','241','ref','custom-input_9','CI'),
('CI90074','242','NI','1','CI'),
('CI90074','243','FR','0','CI'),
('CI90075','244','ref','custom-input_6','CI'),
('CI90075','245','NI','1','CI'),
('CI90075','246','FR','0','CI'),
('CI90076','247','ref','custom-input_4','CI'),
('CI90076','248','NI','1','CI'),
('CI90076','249','FR','1','CI'),
('CI90077','250','ref','custom-input_4','CI'),
('CI90077','251','NI','1','CI'),
('CI90077','252','FR','1','CI'),
('CI90078','253','ref','custom-input_4','CI'),
('CI90078','254','NI','1','CI'),
('CI90078','255','FR','1','CI'),
('CI90079','256','ref','custom-input_4','CI'),
('CI90079','257','NI','1','CI'),
('CI90079','258','FR','1','CI'),
('CI90080','259','ref','custom-selector_2','CI'),
('CI90080','260','NI','1','CI'),
('CI90080','261','FR','1','CI'),
('CI90081','262','ref','custom-selector_6','CI'),
('CI90081','263','NI','1','CI'),
('CI90081','264','FR','1','CI'),
('CI90082','265','ref','custom-selector_7','CI'),
('CI90082','266','NI','1','CI'),
('CI90082','267','FR','1','CI'),
('CI90083','268','ref','custom-selector_2','CI'),
('CI90083','269','NI','1','CI'),
('CI90083','270','FR','1','CI'),
('CI90084','271','ref','custom-input_remitAmount','CI'),
('CI90084','272','NI','1','CI'),
('CI90084','273','FR','0','CI'),
('CI90085','274','ref','custom-selector-bilhldrCrtfTypCd','CI'),
('CI90085','275','NI','1','CI'),
('CI90085','276','FR','0','CI'),
('CI90086','277','ref','custom-input_4','CI'),
('CI90086','278','NI','1','CI'),
('CI90086','279','FR','1','CI'),
('CI90087','280','ref','custom-selector_4','CI'),
('CI90087','281','NI','1','CI'),
('CI90087','282','FR','1','CI'),
('CI90088','283','ref','custom-selector_5','CI'),
('CI90088','284','NI','0','CI'),
('CI90088','285','FR','0','CI'),
('CI90089','286','ref','custom-selector_5','CI'),
('CI90089','287','NI','1','CI'),
('CI90089','288','FR','1','CI'),
('CI90090','295','ref','custom-selector_5','CI'),
('CI90090','296','NI','1','CI'),
('CI90090','297','FR','1','CI'),
('CI90091','298','ref','custom-input-txAmt','CI'),
('CI90091','299','NI','1','CI'),
('CI90091','300','FR','0','CI'),
('CI90092','304','ref','custom-input-txAmt','CI'),
('CI90092','305','NI','1','CI'),
('CI90092','306','FR','0','CI'),
('CI90093','310','ref','custom-input-txAmt','CI'),
('CI90093','311','NI','1','CI'),
('CI90093','312','FR','0','CI'),
('CI90094','316','ref','custom-selector_4','CI'),
('CI90094','317','NI','0','CI'),
('CI90094','318','FR','0','CI'),
('CI90095','319','ref','custom-selector_4','CI'),
('CI90095','320','NI','1','CI'),
('CI90095','321','FR','1','CI'),
('CI90096','328','ref','custom-selector_4','CI'),
('CI90096','329','NI','0','CI'),
('CI90096','330','FR','0','CI'),
('CI90097','334','ref','custom-selector_4','CI'),
('CI90097','335','NI','1','CI'),
('CI90097','336','FR','0','CI'),
('CI90098','346','ref','custom-selector_4','CI'),
('CI90098','347','NI','1','CI'),
('CI90098','348','FR','0','CI'),
('CI90099','355','ref','custom-input_3','CI'),
('CI90099','356','NI','1','CI'),
('CI90099','357','FR','0','CI'),
('CI90100','361','ref','custom-selector_6','CI'),
('CI90100','362','NI','0','CI'),
('CI90100','363','FR','0','CI'),
('CI90101','364','ref','custom-selector_6','CI'),
('CI90101','365','NI','1','CI'),
('CI90101','366','FR','0','CI'),
('CI90102','370','ref','custom-selector_6','CI'),
('CI90102','371','NI','1','CI'),
('CI90102','372','FR','1','CI'),
('CI90103','379','ref','custom-selector_6','CI'),
('CI90103','380','NI','0','CI'),
('CI90103','381','FR','0','CI'),
('CI90104','385','ref','custom-selector_5','CI'),
('CI90104','386','NI','0','CI'),
('CI90104','387','FR','0','CI'),
('CI90105','388','ref','custom-selector_5','CI'),
('CI90105','389','NI','1','CI'),
('CI90105','390','FR','0','CI'),
('CI90106','394','ref','custom-selector_5','CI'),
('CI90106','395','NI','1','CI'),
('CI90106','396','FR','1','CI'),
('CI90107','403','ref','custom-selector_5','CI'),
('CI90107','404','NI','1','CI'),
('CI90107','405','FR','0','CI'),
('CI90108','409','ref','custom-selector_5','CI'),
('CI90108','410','NI','0','CI'),
('CI90108','411','FR','0','CI'),
('CI90109','415','ref','custom-input_6','CI'),
('CI90109','416','NI','1','CI'),
('CI90109','417','FR','0','CI'),
('CI90110','421','ref','custom-selector_6','CI'),
('CI90110','422','NI','0','CI'),
('CI90110','423','FR','0','CI'),
('CI90111','424','ref','custom-selector_6','CI'),
('CI90111','425','NI','1','CI'),
('CI90111','426','FR','0','CI'),
('CI90112','430','ref','custom-selector_6','CI'),
('CI90112','431','NI','1','CI'),
('CI90112','432','FR','1','CI'),
('CI90113','439','ref','custom-selector_6','CI'),
('CI90113','440','NI','1','CI'),
('CI90113','441','FR','0','CI'),
('CI90114','445','ref','custom-selector_agen','CI'),
('CI90114','446','NI','0','CI'),
('CI90114','447','FR','0','CI'),
('CI90115','448','ref','custom-selector_agen','CI'),
('CI90115','449','NI','1','CI'),
('CI90115','450','FR','1','CI'),
('CI90116','457','ref','custom-selector_agen','CI'),
('CI90116','458','NI','1','CI'),
('CI90116','459','FR','1','CI'),
('CI90117','460','ref','custom-selector_agen','CI'),
('CI90117','461','NI','1','CI'),
('CI90117','462','FR','0','CI'),
('CI90118','472','ref','custom-selector_agen','CI'),
('CI90118','473','NI','1','CI'),
('CI90118','474','FR','0','CI'),
('CI90119','481','ref','aui-button_submit','CI'),
('CI90119','482','NI','1','CI'),
('CI90119','483','FR','0','CI'),
('CI90120','487','ref','aui-button_submit','CI'),
('CI90120','488','NI','1','CI'),
('CI90120','489','FR','0','CI'),
('CI90121','490','ref','aui-button_submit','CI'),
('CI90121','491','NI','1','CI'),
('CI90121','492','FR','0','CI'),
('CI90122','493','ref','aui-button_submit','CI'),
('CI90122','494','NI','1','CI'),
('CI90122','495','FR','0','CI'),
('CI90123','499','ref','aui-button_submit','CI'),
('CI90123','500','NI','1','CI'),
('CI90123','501','FR','0','CI'),
('CI90124','502','ref','aui-button_submit','CI'),
('CI90124','503','NI','1','CI'),
('CI90124','504','FR','0','CI'),
('CI90125','505','ref','aui-button_submit','CI'),
('CI90125','506','NI','1','CI'),
('CI90125','507','FR','0','CI'),
('CI90126','508','ref','aui-button_submit','CI'),
('CI90126','509','NI','1','CI'),
('CI90126','510','FR','1','CI'),
('CI90127','511','ref','aui-button_submit','CI'),
('CI90127','512','NI','1','CI'),
('CI90127','513','FR','1','CI'),
('CI90128','514','ref','aui-button_submit','CI'),
('CI90128','515','NI','1','CI'),
('CI90128','516','FR','1','CI'),
('CI90129','520','ref','aui-button_submit','CI'),
('CI90129','521','NI','1','CI'),
('CI90129','522','FR','1','CI'),
('CI90130','526','ref','custom-selector_x_DE_WA','CI'),
('CI90130','527','NI','1','CI'),
('CI90130','528','FR','0','CI'),
('CI90131','529','ref','custom-sel_yesORno','CI'),
('CI90131','530','NI','1','CI'),
('CI90131','531','FR','0','CI'),
('CI90132','532','ref','custom-sel_yesORno','CI'),
('CI90132','533','NI','1','CI'),
('CI90132','534','FR','0','CI'),
('CI90133','541','ref','custom-sel_yesORno','CI'),
('CI90133','542','NI','1','CI'),
('CI90133','543','FR','0','CI'),
('CI90134','547','ref','custom-input_txAm','CI'),
('CI90134','548','NI','1','CI'),
('CI90134','549','FR','0','CI'),
('CI90135','559','ref','custom-input_txAm','CI'),
('CI90135','560','NI','1','CI'),
('CI90135','561','FR','0','CI'),
('CI90136','568','ref','custom-sel_handType','CI'),
('CI90136','569','NI','1','CI'),
('CI90136','570','FR','0','CI'),
('CI90137','571','ref','custom-selector_5','CI'),
('CI90137','572','NI','1','CI'),
('CI90137','573','FR','1','CI'),
('CI90138','574','ref','custom-selector_5','CI'),
('CI90138','575','NI','1','CI'),
('CI90138','576','FR','1','CI'),
('CI90139','583','ref','custom-selector_5','CI'),
('CI90139','584','NI','0','CI'),
('CI90139','585','FR','0','CI'),
('CI90140','589','ref','custom-selector-proxy','CI'),
('CI90140','590','NI','1','CI'),
('CI90140','591','FR','1','CI'),
('CI90141','592','ref','custom-selector-proxy','CI'),
('CI90141','593','NI','1','CI'),
('CI90141','594','FR','1','CI'),
('CI90142','601','ref','input-txAmt','CI'),
('CI90142','602','NI','0','CI'),
('CI90142','603','FR','0','CI'),
('CI90143','607','ref','custom-selector-proxy','CI'),
('CI90143','608','NI','1','CI'),
('CI90143','609','FR','1','CI'),
('CI90144','613','ref','custom-selector-proxy','CI'),
('CI90144','614','NI','1','CI'),
('CI90144','615','FR','1','CI'),
('CI90145','616','ref','custom-selector-proxy','CI'),
('CI90145','617','NI','1','CI'),
('CI90145','618','FR','1','CI'),
('CI90146','619','ref','custom-selector-proxy','CI'),
('CI90146','620','NI','1','CI'),
('CI90146','621','FR','1','CI'),
('CI90147','628','ref','custom-input_6','CI'),
('CI90147','629','NI','0','CI'),
('CI90147','630','FR','0','CI'),
('CI90148','634','ref','custom-selector_8','CI'),
('CI90148','635','NI','1','CI'),
('CI90148','636','FR','1','CI'),
('CI90149','637','ref','custom-selector_8','CI'),
('CI90149','638','NI','1','CI'),
('CI90149','639','FR','1','CI'),
('CI90150','646','ref','custom-input_6','CI'),
('CI90150','647','NI','0','CI'),
('CI90150','648','FR','0','CI'),
('CI90151','652','ref','custom-selector_8','CI'),
('CI90151','653','NI','1','CI'),
('CI90151','654','FR','1','CI'),
('CI90152','658','ref','custom-selector-proxy','CI'),
('CI90152','659','NI','1','CI'),
('CI90152','660','FR','1','CI'),
('CI90153','661','ref','custom-selector-proxy','CI'),
('CI90153','662','NI','1','CI'),
('CI90153','663','FR','1','CI'),
('CI90154','670','ref','custom-input-txAmt','CI'),
('CI90154','671','NI','0','CI'),
('CI90154','672','FR','0','CI'),
('CI90155','676','ref','custom-selector-proxy','CI'),
('CI90155','677','NI','1','CI'),
('CI90155','678','FR','1','CI'),
('CI90156','682','ref','custom-selector-proxy','CI'),
('CI90156','683','NI','1','CI'),
('CI90156','684','FR','1','CI'),
('CI90157','685','ref','custom-selector-proxy','CI'),
('CI90157','686','NI','1','CI'),
('CI90157','687','FR','1','CI'),
('CI90158','688','ref','custom-selector-proxy','CI'),
('CI90158','689','NI','1','CI'),
('CI90158','690','FR','1','CI'),
('CI90159','697','ref','custom-selector-proxy','CI'),
('CI90159','698','NI','1','CI'),
('CI90159','699','FR','1','CI'),
('CI90160','703','ref','custom-selector-proxy','CI'),
('CI90160','704','NI','1','CI'),
('CI90160','705','FR','1','CI'),
('CI90161','706','ref','custom-selector_5','CI'),
('CI90161','707','NI','1','CI'),
('CI90161','708','FR','0','CI'),
('CI90162','709','ref','custom-selector_5','CI'),
('CI90162','710','NI','1','CI'),
('CI90162','711','FR','1','CI'),
('CI90163','718','ref','custom-selector_5','CI'),
('CI90163','719','NI','1','CI'),
('CI90163','720','FR','0','CI'),
('CI90164','724','ref','custom-selector_5','CI'),
('CI90164','725','NI','1','CI'),
('CI90164','726','FR','0','CI'),
('CI90165','730','ref','custom-selector_5','CI'),
('CI90165','731','NI','1','CI'),
('CI90165','732','FR','0','CI'),
('CI90166','733','ref','custom-selector_5','CI'),
('CI90166','734','NI','1','CI'),
('CI90166','735','FR','1','CI'),
('CI90167','739','ref','custom-selector_5','CI'),
('CI90167','740','NI','1','CI'),
('CI90167','741','FR','0','CI'),
('CI90168','748','ref','custom-selector-crtfTypCd1','CI'),
('CI90168','749','NI','1','CI'),
('CI90168','750','FR','1','CI'),
('CI90169','754','ref','custom-selector-crtfTypCd1','CI'),
('CI90169','755','NI','1','CI'),
('CI90169','756','FR','0','CI'),
('CI90170','760','ref','custom-input-cardNo','CI'),
('CI90170','761','NI','1','CI'),
('CI90170','762','FR','1','CI'),
('CI90171','763','ref','custom-selector-agenFlg','CI'),
('CI90171','764','NI','1','CI'),
('CI90171','765','FR','0','CI'),
('CI90172','766','ref','custom-input-accNo1','CI'),
('CI90172','767','NI','1','CI'),
('CI90172','768','FR','0','CI'),
('CI90173','769','ref','custom-selector-agenFlg','CI'),
('CI90173','770','NI','1','CI'),
('CI90173','771','FR','0','CI'),
('CI90174','775','ref','custom-selector-agenFlg','CI'),
('CI90174','776','NI','1','CI'),
('CI90174','777','FR','0','CI'),
('CI90175','778','ref','custom-selector-agenFlg','CI'),
('CI90175','779','NI','1','CI'),
('CI90175','780','FR','1','CI'),
('CI90176','784','ref','custom-selector-agenFlg','CI'),
('CI90176','785','NI','1','CI'),
('CI90176','786','FR','1','CI'),
('CI90177','790','ref','custom-input-inAcctNum','CI'),
('CI90177','791','NI','1','CI'),
('CI90177','792','FR','1','CI'),
('CI90178','799','ref','custom_selector_4','CI'),
('CI90178','800','NI','1','CI'),
('CI90178','801','FR','0','CI'),
('CI90179','802','ref','custom_selector_4','CI'),
('CI90179','803','NI','1','CI'),
('CI90179','804','FR','0','CI'),
('CI90180','805','ref','custom_selector_4','CI'),
('CI90180','806','NI','1','CI'),
('CI90180','807','FR','1','CI'),
('CI90181','808','ref','custom-selector_13','CI'),
('CI90181','809','NI','1','CI'),
('CI90181','810','FR','1','CI'),
('CI90182','811','ref','custom-selector_13','CI'),
('CI90182','812','NI','1','CI'),
('CI90182','813','FR','0','CI'),
('CI90183','814','ref','custom-input_1','CI'),
('CI90183','815','NI','1','CI'),
('CI90183','816','FR','1','CI'),
('CI90184','817','ref','custom-input_3','CI'),
('CI90184','818','NI','1','CI'),
('CI90184','819','FR','0','CI'),
('CI90185','820','ref','custom-input_pasbNum','CI'),
('CI90185','821','NI','1','CI'),
('CI90185','822','FR','0','CI'),
('CI90186','829','ref','custom-input_pasbNum','CI'),
('CI90186','830','NI','1','CI'),
('CI90186','831','FR','0','CI'),
('CI90187','835','ref','custom-input_pasbNum','CI'),
('CI90187','836','NI','1','CI'),
('CI90187','837','FR','0','CI'),
('CI90188','841','ref','custom-input_6','CI'),
('CI90188','842','NI','1','CI'),
('CI90188','843','FR','0','CI'),
('CI90189','850','ref','custom-input_6','CI'),
('CI90189','851','NI','1','CI'),
('CI90189','852','FR','0','CI'),
('CI90190','856','ref','custom-input_6','CI'),
('CI90190','857','NI','1','CI'),
('CI90190','858','FR','0','CI'),
('CI90191','859','ref','custom-input_7','CI'),
('CI90191','860','NI','1','CI'),
('CI90191','861','FR','0','CI'),
('CI90192','868','ref','custom-input_7','CI'),
('CI90192','869','NI','1','CI'),
('CI90192','870','FR','0','CI'),
('CI90193','874','ref','custom-input_7','CI'),
('CI90193','875','NI','1','CI'),
('CI90193','876','FR','0','CI'),
('CI90194','877','ref','custom-input_5','CI'),
('CI90194','878','NI','1','CI'),
('CI90194','879','FR','0','CI'),
('CI90195','886','ref','custom-input_5','CI'),
('CI90195','887','NI','1','CI'),
('CI90195','888','FR','0','CI'),
('CI90196','892','ref','custom-input_5','CI'),
('CI90196','893','NI','1','CI'),
('CI90196','894','FR','0','CI'),
('CI90197','895','ref','custom-input_5','CI'),
('CI90197','896','NI','1','CI'),
('CI90197','897','FR','0','CI'),
('CI90198','904','ref','custom-input_5','CI'),
('CI90198','905','NI','1','CI'),
('CI90198','906','FR','0','CI'),
('CI90199','910','ref','custom-input_5','CI'),
('CI90199','911','NI','1','CI'),
('CI90199','912','FR','0','CI'),
('CI90200','913','ref','custom-input_txAmt','CI'),
('CI90200','914','NI','1','CI'),
('CI90200','915','FR','0','CI'),
('CI90201','919','ref','custom-input_txAmt','CI'),
('CI90201','920','NI','1','CI'),
('CI90201','921','FR','0','CI'),
('CI90202','922','ref','custom-input_5','CI'),
('CI90202','923','NI','1','CI'),
('CI90202','924','FR','0','CI'),
('CI90203','928','ref','custom-input_5','CI'),
('CI90203','929','NI','1','CI'),
('CI90203','930','FR','0','CI'),
('CI90204','934','ref','custom-selector_5','CI'),
('CI90204','935','NI','1','CI'),
('CI90204','936','FR','0','CI'),
('CI90205','937','ref','custom-selector_5','CI'),
('CI90205','938','NI','1','CI'),
('CI90205','939','FR','1','CI'),
('CI90206','946','ref','custom-selector_5','CI'),
('CI90206','947','NI','1','CI'),
('CI90206','948','FR','0','CI'),
('CI90207','952','ref','custom-selector_5','CI'),
('CI90207','953','NI','1','CI'),
('CI90207','954','FR','0','CI'),
('CI90208','955','ref','custom-sel_yesORno','CI'),
('CI90208','956','NI','1','CI'),
('CI90208','957','FR','0','CI'),
('CI90209','958','ref','custom-sel_yesORno','CI'),
('CI90209','959','NI','1','CI'),
('CI90209','960','FR','0','CI'),
('CI90210','964','ref','custom-sel_yesORno','CI'),
('CI90210','965','NI','1','CI'),
('CI90210','966','FR','0','CI'),
('CI90211','970','ref','custom-sel_yesORno','CI'),
('CI90211','971','NI','1','CI'),
('CI90211','972','FR','0','CI'),
('CI90212','973','ref','custom-sel_yesORno','CI'),
('CI90212','974','NI','1','CI'),
('CI90212','975','FR','1','CI'),
('CI90213','982','ref','custom-selector-proxy','CI'),
('CI90213','983','NI','1','CI'),
('CI90213','984','FR','0','CI'),
('CI90214','985','ref','custom-selector-proxy','CI'),
('CI90214','986','NI','1','CI'),
('CI90214','987','FR','0','CI'),
('CI90215','994','ref','custom-selector-proxy','CI'),
('CI90215','995','NI','1','CI'),
('CI90215','996','FR','0','CI'),
('CI90216','1000','ref','custom-selector-proxy','CI'),
('CI90216','1001','NI','1','CI'),
('CI90216','1002','FR','1','CI'),
('CI90217','1003','ref','custom-selector-proxy','CI'),
('CI90217','1004','NI','1','CI'),
('CI90217','1005','FR','0','CI'),
('CI90218','1006','ref','custom-selector-proxy','CI'),
('CI90218','1007','NI','1','CI'),
('CI90218','1008','FR','0','CI'),
('CI90219','1009','ref','custom-selector-proxy','CI'),
('CI90219','1010','NI','1','CI'),
('CI90219','1011','FR','0','CI'),
('CI90220','1018','ref','custom-selector-proxy','CI'),
('CI90220','1019','NI','1','CI'),
('CI90220','1020','FR','0','CI'),
('CI90221','1024','ref','custom-selector-proxy','CI'),
('CI90221','1025','NI','1','CI'),
('CI90221','1026','FR','1','CI'),
('CI90222','1027','ref','custom-selector-proxy','CI'),
('CI90222','1028','NI','1','CI'),
('CI90222','1029','FR','0','CI'),
('CI90223','1030','ref','custom-input-txAmt','CI'),
('CI90223','1031','NI','1','CI'),
('CI90223','1032','FR','0','CI'),
('CI90224','1036','ref','custom-input-txAmt','CI'),
('CI90224','1037','NI','1','CI'),
('CI90224','1038','FR','0','CI'),
('CI90225','1039','ref','custom-selector-proxy','CI'),
('CI90225','1040','NI','1','CI'),
('CI90225','1041','FR','0','CI'),
('CI90226','1042','ref','custom-selector-proxy','CI'),
('CI90226','1043','NI','1','CI'),
('CI90226','1044','FR','1','CI'),
('CI90227','1051','ref','custom-selector-proxy','CI'),
('CI90227','1052','NI','1','CI'),
('CI90227','1053','FR','0','CI'),
('CI90228','1054','ref','custom-selector-agenFlg','CI'),
('CI90228','1055','NI','1','CI'),
('CI90228','1056','FR','0','CI'),
('CI90229','1057','ref','custom-selector-agenFlg','CI'),
('CI90229','1058','NI','1','CI'),
('CI90229','1059','FR','1','CI'),
('CI90230','1066','ref','custom-selector-agenFlg','CI'),
('CI90230','1067','NI','1','CI'),
('CI90230','1068','FR','0','CI'),
('CI90231','1069','ref','custom-selector_5','CI'),
('CI90231','1070','NI','1','CI'),
('CI90231','1071','FR','0','CI'),
('CI90232','1072','ref','custom-selector_5','CI'),
('CI90232','1073','NI','1','CI'),
('CI90232','1074','FR','1','CI'),
('CI90233','1081','ref','custom-selector_5','CI'),
('CI90233','1082','NI','1','CI'),
('CI90233','1083','FR','0','CI'),
('CI90234','1084','ref','custom-input-txAmt','CI'),
('CI90234','1085','NI','1','CI'),
('CI90234','1086','FR','0','CI'),
('CI90235','1090','ref','custom-input-txAmt','CI'),
('CI90235','1091','NI','1','CI'),
('CI90235','1092','FR','0','CI'),
('CI90236','1093','ref','custom-selector-proxy','CI'),
('CI90236','1094','NI','1','CI'),
('CI90236','1095','FR','0','CI'),
('CI90237','1096','ref','custom-selector-proxy','CI'),
('CI90237','1097','NI','1','CI'),
('CI90237','1098','FR','0','CI'),
('CI90238','1105','ref','custom-selector-proxy','CI'),
('CI90238','1106','NI','1','CI'),
('CI90238','1107','FR','0','CI'),
('CI90239','1111','ref','custom-selector-proxy','CI'),
('CI90239','1112','NI','1','CI'),
('CI90239','1113','FR','1','CI'),
('CI90240','1114','ref','custom-selector-proxy','CI'),
('CI90240','1115','NI','1','CI'),
('CI90240','1116','FR','0','CI'),
('CI90241','1117','ref','custom-selector-proxy','CI'),
('CI90241','1118','NI','1','CI'),
('CI90241','1119','FR','0','CI'),
('CI90242','1120','ref','custom-selector-proxy','CI'),
('CI90242','1121','NI','1','CI'),
('CI90242','1122','FR','1','CI'),
('CI90243','1129','ref','custom-selector-proxy','CI'),
('CI90243','1130','NI','1','CI'),
('CI90243','1131','FR','0','CI'),
('CI90244','1135','ref','custom-selector-proxy','CI'),
('CI90244','1136','NI','1','CI'),
('CI90244','1137','FR','0','CI'),
('CI90245','1141','ref','custom-selector-proxy','CI'),
('CI90245','1142','NI','1','CI'),
('CI90245','1143','FR','0','CI'),
('CI90246','1144','ref','custom-input-accOther','CI'),
('CI90246','1145','NI','1','CI'),
('CI90246','1146','FR','1','CI'),
('CI90247','1147','ref','custom-input-accOther','CI'),
('CI90247','1148','NI','1','CI'),
('CI90247','1149','FR','0','CI'),
('CI90248','1153','ref','custom-input-accOther','CI'),
('CI90248','1154','NI','1','CI'),
('CI90248','1155','FR','0','CI'),
('CI90249','1159','ref','custom-input-payFeeCardNoOrAcctNo','CI'),
('CI90249','1160','NI','1','CI'),
('CI90249','1161','FR','0','CI'),
('CI90250','1162','ref','custom-input-payFeeCardNoOrAcctNo','CI'),
('CI90250','1163','NI','1','CI'),
('CI90250','1164','FR','0','CI'),
('CI90251','1168','ref','custom-input-recvrAcctNo','CI'),
('CI90251','1169','NI','1','CI'),
('CI90251','1170','FR','0','CI'),
('CI90252','1171','ref','custom-selector-proxy','CI'),
('CI90252','1172','NI','1','CI'),
('CI90252','1173','FR','0','CI'),
('CI90253','1174','ref','custom-selector-proxy','CI'),
('CI90253','1175','NI','1','CI'),
('CI90253','1176','FR','0','CI'),
('CI90254','1177','ref','custom-selector_5','CI'),
('CI90254','1178','NI','1','CI'),
('CI90254','1179','FR','0','CI'),
('CI90255','1180','ref','custom-input_6','CI'),
('CI90255','1181','NI','1','CI'),
('CI90255','1182','FR','0','CI'),
('CI90256','1183','ref','custom-selector_8','CI'),
('CI90256','1184','NI','1','CI'),
('CI90256','1185','FR','0','CI'),
('CI90257','1186','ref','aui-button-submit','CI'),
('CI90257','1187','NI','1','CI'),
('CI90257','1188','FR','0','CI'),
('CI90258','1189','ref','aui-button-submit','CI'),
('CI90258','1190','NI','1','CI'),
('CI90258','1191','FR','0','CI'),
('CI90259','1192','ref','custom-selector_1','CI'),
('CI90259','1193','NI','1','CI'),
('CI90259','1194','FR','1','CI'),
('CI90260','1195','ref','custom-selector_1','CI'),
('CI90260','1196','NI','1','CI'),
('CI90260','1197','FR','0','CI'),
('CI90261','1198','ref','custom-input_CUST_NO','CI'),
('CI90261','1199','NI','1','CI'),
('CI90261','1200','FR','0','CI'),
('CI90262','1201','ref','custom-selector-crtfTypCd','CI'),
('CI90262','1202','NI','1','CI'),
('CI90262','1203','FR','0','CI'),
('CI90263','1204','ref','custom-selector-ctfTp','CI'),
('CI90263','1205','NI','1','CI'),
('CI90263','1206','FR','0','CI'),
('CI90264','1207','ref','custom-selector_agen','CI'),
('CI90264','1208','NI','1','CI'),
('CI90264','1209','FR','0','CI'),
('CI90265','1213','ref','custom-input-mergeCustNo','CI'),
('CI90265','1214','NI','1','CI'),
('CI90265','1215','FR','0','CI'),
('CI90266','1216','ref','aui-button_submit','CI'),
('CI90266','1217','NI','1','CI'),
('CI90266','1218','FR','0','CI'),
('CI90267','1219','ref','custom-selector_crtfTypCd','CI'),
('CI90267','1220','NI','1','CI'),
('CI90267','1221','FR','1','CI'),
('CI90268','1222','ref','custom-selector_crtfTypCd','CI'),
('CI90268','1223','NI','0','CI'),
('CI90268','1224','FR','1','CI'),
('CI90269','1225','ref','custom-selector-cashTranFlgCd','CI'),
('CI90269','1226','NI','0','CI'),
('CI90269','1227','FR','1','CI'),
('CI90270','1228','ref','aui-button_submit','CI'),
('CI90270','1229','NI','0','CI'),
('CI90270','1230','FR','1','CI'),
('CI90271','1231','ref','custom-input-vouchNo','CI'),
('CI90271','1232','NI','0','CI'),
('CI90271','1233','FR','1','CI'),
('CI90272','1234','ref','custom-input-flgCd','CI'),
('CI90272','1235','NI','0','CI'),
('CI90272','1236','FR','1','CI'),
('CI90273','1237','ref','custom-input-prodCd','CI'),
('CI90273','1238','NI','0','CI'),
('CI90273','1239','FR','1','CI'),
('CI90274','1240','ref','custom-input_1','CI'),
('CI90274','1241','NI','0','CI'),
('CI90274','1242','FR','1','CI'),
('CI90275','1243','ref','custom-input-outAcctNum','CI'),
('CI90275','1244','NI','1','CI'),
('CI90275','1245','FR','0','CI');