
-- IB_OM_RULE_INFO insert
INSERT INTO   `pub_db`.`IB_OM_RULE_INFO` (`RULE_NO`,`RULE_TYP_CD`,`HOLI_FLG`,`RULE_TRI_POSITION`,`SUIT_CHNL_SCP`,`SUIT_LPR_SCP`,`SUIT_ORG_SCP`,`SUIT_TX_SCP`,`RULE_COMNT`,`EFFT_FLG`,`OPER_TELR_NO`,`OPER_DT`,`OPER_RSN`) VALUES
('055000','DH','N','1','TE','*','*,','00201091','客户类型','1','900001','2020-05-25','批量新增'),
('055001','DH','N','1','TE','*','*,','00508004','客户类型','1','900001','2020-05-25','批量新增'),
('055002','DH','N','1','TE','*','*,','00604001','客户类型','1','900001','2020-05-25','批量新增'),
('055003','DH','N','1','TE','*','*,','00604002','客户类型','1','900001','2020-05-25','批量新增'),
('055004','DH','N','1','TE','*','*,','00604004','客户类型','1','900001','2020-05-25','批量新增'),
('055005','DH','N','1','TE','*','*,','00301055','客户类型','1','900001','2020-05-25','批量新增'),
('055006','DH','N','1','TE','*','*,','00301039_1','客户类型','1','900001','2020-05-25','批量新增'),
('055007','DH','N','1','TE','*','*,','00301039_2','客户类型','1','900001','2020-05-25','批量新增'),
('055008','DH','N','1','TE','*','*,','00301041','客户类型','1','900001','2020-05-25','批量新增'),
('055009','DH','N','1','TE','*','*,','00301050','客户类型','1','900001','2020-05-25','批量新增'),
('055010','DH','N','1','TE','*','*,','00301045_1','客户类型','1','900001','2020-05-25','批量新增'),
('055011','DH','N','1','TE','*','*,','00401071','公私标志','1','900001','2020-05-25','批量新增'),
('055012','DH','N','1','TE','*','*,','00401072','凭证挂失类型','1','900001','2020-05-25','批量新增'),
('055013','DH','N','1','TE','*','*,','00101020','客户类型','1','900001','2020-05-25','批量新增'),
('055014','DH','N','1','TE','*','*,','00101057','客户类型','1','900001','2020-05-25','批量新增'),
('055015','DH','N','1','TE','*','*,','00101037','主子卡标志','1','900001','2020-05-25','批量新增'),
('055016','DH','N','1','TE','*','*,','00101037','主子卡标志','1','900001','2020-05-25','批量新增'),
('055017','DH','N','1','TE','*','*,','00604001','客户类型','1','900001','2020-05-25','批量新增'),
('055018','DH','N','1','TE','*','*,','00604002','客户类型','1','900001','2020-05-25','批量新增'),
('055019','DH','N','1','TE','*','*,','00101019','客户类型','1','900001','2020-05-25','批量新增'),
('055020','DH','N','1','TE','*','*,','00101027','客户类型','1','900001','2020-05-25','批量新增');

-- IB_OM_RULECOND_INFO insert
INSERT INTO   `pub_db`.`IB_OM_RULECOND_INFO` (`OPRTN_COND_NO`,`DICTRY_NM`,`OPER_SYM_1`,`CMPR_VAL`,`OPER_SYM_2`,`VALUE2`,`TRAN_CD`,`COND_DESCR`,`OPER_TELR_NO`,`OPER_DT`,`OPER_RSN`,`CMPR_VAL_DATA_DICTRY_FLG`,`PUB_DICTRY_FLG`,`DICTRY_DESCR`) VALUES
('DH55000','CUST_TYP_CD','!=','0','','','00201091','客户类型为对公（单位、金融）客户时，触发双热线验证','900001','2020-05-25','批量新增','1','0','0'),
('DH55001','TradeData.CUST_TYP_CD','!=','0','','','00508004','客户类型为对公（单位、金融）客户时，触发双热线验证','900001','2020-05-25','批量新增','1','0','0'),
('DH55001','TradeData.OWE_FE_AMT','>=','5000000','','','00508004','客户类型为对公（单位、金融）客户时，触发双热线验证','900001','2020-05-25','批量新增','1','0','5000000'),
('DH55002','CustType','!=','0','','','00604001','客户类型为对公（单位、金融）客户时，触发双热线验证','900001','2020-05-25','批量新增','1','0','0'),
('DH55003','TradeData.CUST_TYP','!=','0','','','00604002','客户类型为对公（单位、金融）客户时，触发双热线验证','900001','2020-05-25','批量新增','1','0','0'),
('DH55004','TradeData.CUST_TYP','!=','0','','','00604004','客户类型为对公（单位、金融）客户时，触发双热线验证','900001','2020-05-25','批量新增','1','0','0'),
('DH55005','TradeData.Payr_Acct_Typ','!=','0','','','00301055','账户是对公且交易金额大于等于50万，触发双热线验证','900001','2020-05-25','批量新增','1','0','0'),
('DH55005','TradeData.RTM_AMT','>=','500000','','','00301055','账户是对公且交易金额大于等于50万，触发双热线验证','900001','2020-05-25','批量新增','1','0','500000'),
('DH55006','Payr_Acct_Typ','!=','0','','','00301039_1','账户是对公且交易金额大于等于50万且交易种类为1-承付付款，触发双热线验证','900001','2020-05-25','批量新增','1','0','0'),
('DH55006','showPay_TradeData.PRMSY_AMT','>=','500000','','','00301039_1','账户是对公且交易金额大于等于50万且交易种类为1-承付付款，触发双热线验证','900001','2020-05-25','批量新增','1','0','500000'),
('DH55007','Payr_Acct_Typ','!=','0','','','00301039_2','账户是对公且交易金额大于等于50万且交易种类为3-委托收款付款，触发双热线验证','900001','2020-05-25','批量新增','1','0','0'),
('DH55007','showPay_TradeData.PAYMT_AMT','>=','500000','','','00301039_2','账户是对公且交易金额大于等于50万且交易种类为3-委托收款付款，触发双热线验证','900001','2020-05-25','批量新增','1','0','500000'),
('DH55008','CUST_TYP','!=','0','','','00301041','账户是对公且交易金额大于等于50万，触发双热线验证','900001','2020-05-25','批量新增','1','0','0'),
('DH55008','TradeData.PRE_CRLOAD_AMT','>=','500000','','','00301041','账户是对公且交易金额大于等于50万，触发双热线验证','900001','2020-05-25','批量新增','1','0','500000'),
('DH55009','CUST_TYP_CD','!=','0','','','00301050','账户是对公且交易金额大于等于50万，触发双热线验证','900001','2020-05-25','批量新增','1','0','0'),
('DH55009','showReg_TradeData.NOTI_AMT','>=','500000','','','00301050','账户是对公且交易金额大于等于50万，触发双热线验证','900001','2020-05-25','批量新增','1','0','500000'),
('DH55009','TradeData.OPER_FLG','==','1','','','00301050','账户是对公且交易金额大于等于50万，触发双热线验证','900001','2020-05-25','批量新增','1','0','1'),
('DH55010','CUST_TYP_CD','!=','0','','','00301045_1','账户是对公且交易金额大于等于50万，触发双热线验证','900001','2020-05-25','批量新增','1','0','0'),
('DH55010','query_TradeData.AMT','>=','500000','','','00301045_1','账户是对公且交易金额大于等于50万，触发双热线验证','900001','2020-05-25','批量新增','1','0','500000'),
('DH55010','TradeData.DLWTH_MANR','==','0','','','00301045_1','账户是对公且交易金额大于等于50万，触发双热线验证','900001','2020-05-25','批量新增','1','0','0'),
('DH55011','TradeData.PUB_PRIV_FLG','==','0','','','00401071','挂失类型为尾箱内凭证挂失对公账户，触发双热线验证','900001','2020-05-25','批量新增','1','0','0'),
('DH55012','TradeData.VOUCH_RPTLOSS_TYP','!=','1','','','00401072','挂失类型为尾箱内凭证挂失对公账户，触发双热线验证','900001','2020-05-25','批量新增','1','0','1'),
('DH55013','TradeData.CUST_TYPE','!=','0','','','00101020','客户类型为对公（单位、金融）客户时，触发双热线验证','900001','2020-05-25','批量新增','1','0','0'),
('DH55014','CUST_TYP_CD','!=','0','','','00101057','主卡客户类型为对公（单位、金融）客户时，触发双热线验证','900001','2020-05-25','批量新增','1','0','0'),
('DH55015','TradeData.MAIN_SUB_CARD_FLG','==','1','','','00101037','主子卡标志为主卡，主卡为对公的触发双热线','900001','2020-05-25','批量新增','1','0','1'),
('DH55015','CUST_TYP_CD_MAIN','!=','0','','','00101037','客户类型为对公（单位、金融）客户时，触发双热线验证','900001','2020-05-25','批量新增','1','0','0'),
('DH55016','TradeData.MAIN_SUB_CARD_FLG','==','2','','','00101037','主子卡标志为子卡，子卡为对公的触发双热线','900001','2020-05-25','批量新增','1','0','2'),
('DH55016','CUST_TYP_CD_SUB','!=','0','','','00101037','客户类型为对公（单位、金融）客户时，触发双热线验证','900001','2020-05-25','批量新增','1','0','0'),
('DH55017','CustType','!=','0','','','00604001','客户类型为对公（单位、金融）客户时，触发双热线验证','900001','2020-05-25','批量新增','1','0','0'),
('DH55018','TradeData.CUST_TYP','!=','0','','','00604002','客户类型为对公（单位、金融）客户时，触发双热线验证','900001','2020-05-25','批量新增','1','0','0'),
('DH55019','TradeData.OPEN_ACCT_AMT','!=','0','','','00101019','客户类型为对公（单位、金融）客户时，触发双热线验证','900001','2020-05-25','批量新增','1','0','0'),
('DH55020','TradeData.SUB_ACCT_ACCT_NO','!=','0','','','00101027','客户类型为对公（单位、金融）客户时，触发双热线验证','900001','2020-05-25','批量新增','1','0','0');

-- IB_OM_MODE_INFO insert
INSERT INTO   `pub_db`.`IB_OM_MODE_INFO` (`RULE_MODE_NO`,`FIELD_SEQ_NO`,`FIELD_NM`,`FIELD_DICTRY_NM`,`RULE_MODE_TYP_CD`) VALUES
('DH55000','1','doubleLineField','doubleLineValue','DH'),
('DH55001','2','doubleLineField','doubleLineValue','DH'),
('DH55001','3','doubleLineField','doubleLineValue','DH'),
('DH55002','4','doubleLineField','doubleLineValue','DH'),
('DH55003','5','doubleLineField','doubleLineValue','DH'),
('DH55004','6','doubleLineField','doubleLineValue','DH'),
('DH55005','7','doubleLineField','doubleLineValue','DH'),
('DH55005','8','doubleLineField','doubleLineValue','DH'),
('DH55006','9','doubleLineField','doubleLineValue','DH'),
('DH55006','10','doubleLineField','doubleLineValue','DH'),
('DH55007','11','doubleLineField','doubleLineValue','DH'),
('DH55007','12','doubleLineField','doubleLineValue','DH'),
('DH55008','13','doubleLineField','doubleLineValue','DH'),
('DH55008','14','doubleLineField','doubleLineValue','DH'),
('DH55009','15','doubleLineField','doubleLineValue','DH'),
('DH55009','16','doubleLineField','doubleLineValue','DH'),
('DH55009','17','doubleLineField','doubleLineValue','DH'),
('DH55010','18','doubleLineField','doubleLineValue','DH'),
('DH55010','19','doubleLineField','doubleLineValue','DH'),
('DH55010','20','doubleLineField','doubleLineValue','DH'),
('DH55011','21','doubleLineField','doubleLineValue','DH'),
('DH55012','22','doubleLineField','doubleLineValue','DH'),
('DH55013','23','doubleLineField','doubleLineValue','DH'),
('DH55014','24','doubleLineField','doubleLineValue','DH'),
('DH55015','25','doubleLineField','doubleLineValue','DH'),
('DH55015','26','doubleLineField','doubleLineValue','DH'),
('DH55016','27','doubleLineField','doubleLineValue','DH'),
('DH55016','28','doubleLineField','doubleLineValue','DH'),
('DH55017','29','doubleLineField','doubleLineValue','DH'),
('DH55018','30','doubleLineField','doubleLineValue','DH'),
('DH55019','31','doubleLineField','doubleLineValue','DH'),
('DH55020','32','doubleLineField','doubleLineValue','DH');

-- IB_OM_RULECOND_RLT insert
INSERT INTO   `pub_db`.`IB_OM_RULECOND_RLT` (`RULE_COND_NO`,`CMPL_MODE_FLG`,`OPRTN_RULE_NO`) VALUES
('DH55000','1','055000'),
('DH55001','1','055001'),
('DH55002','1','055002'),
('DH55003','1','055003'),
('DH55004','1','055004'),
('DH55005','1','055005'),
('DH55006','1','055006'),
('DH55007','1','055007'),
('DH55008','1','055008'),
('DH55009','1','055009'),
('DH55010','1','055010'),
('DH55011','1','055011'),
('DH55012','1','055012'),
('DH55013','1','055013'),
('DH55014','1','055014'),
('DH55015','1','055015'),
('DH55016','1','055016'),
('DH55017','1','055017'),
('DH55018','1','055018'),
('DH55019','1','055019'),
('DH55020','1','055020');

