
SET AUTOCOMMIT=0;
BEGIN;

  
-- IB_OM_RULE_INFO insert
INSERT INTO IB_OM_RULE_INFO (RULE_NO,RULE_TYP_CD,HOLI_FLG,RULE_TRI_POSITION,SUIT_CHNL_SCP,SUIT_LPR_SCP,SUIT_ORG_SCP,SUIT_TX_SCP,RULE_COMNT,EFFT_FLG,OPER_TELR_NO,OPER_DT,OPER_RSN) VALUES

("030000","DS","N","1","TE","001","*,","00302011","强制双屏确认","1","","2019-06-21","批量新增"),
("030001","DS","N","1","TE","001","*,","00302010","强制双屏确认","1","","2019-06-21","批量新增"),
("030002","DS","N","1","TE","001","*,","00302008","强制双屏确认","1","","2019-06-21","批量新增"),
("030003","DS","N","1","TE","001","*,","00302009","强制双屏确认","1","","2019-06-21","批量新增"),
("030004","DS","N","1","TE","001","*,","00201005","强制双屏确认","1","","2019-06-21","批量新增"),
("030005","DS","N","1","TE","001","*,","00301010","强制双屏确认","1","","2019-06-21","批量新增"),
("030006","DS","N","1","TE","001","*,","00301009","强制双屏确认","1","","2019-06-21","批量新增"),
("030007","DS","N","1","TE","001","*,","00502006","强制双屏确认","1","","2019-06-21","批量新增"),
("030008","DS","N","1","TE","001","*,","00502012","强制双屏确认","1","","2019-06-21","批量新增"),
("030009","DS","N","1","TE","001","*,","00503012_1","强制双屏确认","1","","2019-06-21","批量新增"),
("030010","DS","N","1","TE","001","*,","00503002","强制双屏确认","1","","2019-06-21","批量新增"),
("030011","DS","N","1","TE","001","*,","00502002","强制双屏确认","1","","2019-06-21","批量新增"),
("030012","DS","N","1","TE","001","*,","00502004","强制双屏确认","1","","2019-06-21","批量新增"),
("030013","DS","N","1","TE","001","*,","00502102","强制双屏确认","1","","2019-06-21","批量新增"),
("030014","DS","N","1","TE","001","*,","00502104","强制双屏确认","1","","2019-06-21","批量新增"),
("030015","DS","N","1","TE","001","*,","00502008","强制双屏确认","1","","2019-06-21","批量新增"),
("030016","DS","N","1","TE","001","*,","00502010","强制双屏确认","1","","2019-06-21","批量新增"),
("030017","DS","N","1","TE","001","*,","00502204","强制双屏确认","1","","2019-06-21","批量新增"),
("030018","DS","N","1","TE","001","*,","00502205","强制双屏确认","1","","2019-06-21","批量新增"),
("030019","DS","N","1","TE","001","*,","00502202","强制双屏确认","1","","2019-06-21","批量新增"),
("030020","DS","N","1","TE","001","*,","00502203","强制双屏确认","1","","2019-06-21","批量新增"),
("030021","DS","N","1","TE","001","*,","00501001","强制双屏确认","1","","2019-06-21","批量新增"),
("030022","DS","N","1","TE","001","*,","00501002","强制双屏确认","1","","2019-06-21","批量新增"),
("030023","DS","N","1","TE","001","*,","00301017","强制双屏确认","1","","2019-06-21","批量新增"),
("030024","DS","N","1","TE","001","*,","00301015","强制双屏确认","1","","2019-06-21","批量新增"),
("030025","DS","N","1","TE","001","*,","00302018","强制双屏确认","1","","2019-06-21","批量新增"),
("030026","DS","N","1","TE","001","*,","00302007","强制双屏确认","1","","2019-06-21","批量新增"),
("030027","DS","N","1","TE","001","*,","00302013","强制双屏确认","1","","2019-06-21","批量新增"),
("030028","DS","N","1","TE","001","*,","00302014","现金取款","1","","2019-06-21","批量新增"),
("030029","DS","N","1","TE","001","*,","00302014","转账取款","1","","2019-06-21","批量新增"),
("030030","DS","N","1","TE","001","*,","00302016","对私客户且线上填单","1","","2019-06-21","批量新增"),
("030031","DS","N","1","TE","001","*,","00301007","强制双屏确认","1","","2019-06-21","批量新增"),
("030032","DS","N","1","TE","001","*,","00301002","强制双屏确认","1","","2019-06-21","批量新增"),
("030033","DS","N","1","TE","001","*,","00301005","强制双屏确认","1","","2019-06-21","批量新增"),
("030034","DS","N","1","TE","001","*,","00301016","强制双屏确认","1","","2019-06-21","批量新增"),
("030035","DS","N","1","TE","001","*,","00301018","强制双屏确认","1","","2019-06-21","批量新增"),
("030036","DS","N","1","TE","001","*,","00302004","强制双屏确认","1","","2019-06-21","批量新增"),
("030037","DS","N","1","TE","001","*,","00201024","强制双屏确认","1","","2019-06-21","批量新增"),
("030038","DS","N","1","TE","001","*,","00301003","双屏确认","1","","2019-06-21","批量新增"),
("030039","DS","N","1","TE","001","*,","00301004","强制双屏确认","1","","2019-06-21","批量新增"),
("030040","DS","N","1","TE","001","*,","00302002","强制双屏确认","1","","2019-06-21","批量新增"),
("030041","DS","N","1","TE","001","*,","00302003","强制双屏确认","1","","2019-06-21","批量新增"),
("030042","DS","N","1","TE","001","*,","00302006","强制双屏确认","1","","2019-06-21","批量新增"),
("030043","DS","N","1","TE","001","*,","00301006","强制双屏确认","1","","2019-06-21","批量新增"),
("030044","DS","N","1","TE","001","*,","00302021","强制双屏确认","1","","2019-06-21","批量新增"),
("030045","DS","N","1","TE","001","*,","00302022","强制双屏确认","1","","2019-06-21","批量新增"),
("030046","DS","N","1","TE","001","*,","00302017","对私客户且线上填单的情况","1","","2019-06-21","批量新增"),
("030047","DS","N","1","TE","001","*,","00302017","到账时效为实时的情况","1","","2019-06-21","批量新增"),
("030048","DS","N","1","TE","001","*,","00303006","现金开户","1","","2019-06-21","批量新增"),
("030049","DS","N","1","TE","001","*,","00303006","转账开户","1","","2019-06-21","批量新增"),
("030050","DS","N","1","TE","001","*,","00303006","外币汇户开户","1","","2019-06-21","批量新增"),
("030051","DS","N","1","TE","001","*,","00303007","单笔现金销户","1","","2019-06-21","批量新增"),
("030052","DS","N","1","TE","001","*,","00303007","单笔转账销户","1","","2019-06-21","批量新增"),
("030053","DS","N","1","TE","001","*,","00303007","批量现金销户","1","","2019-06-21","批量新增"),
("030054","DS","N","1","TE","001","*,","00303007","批量转账销户","1","","2019-06-21","批量新增"),
("030055","DS","N","1","TE","001","*,","00301011","强制双屏确认","1","","2019-06-21","批量新增"),
("030056","DS","N","1","TE","001","*,","00301014","强制双屏确认","1","","2019-06-21","批量新增"),
("030057","DS","N","1","TE","001","*,","00302019","强制双屏确认","1","","2019-06-21","批量新增"),
("030058","DS","N","1","TE","001","*,","00302005","强制双屏确认","1","","2019-06-21","批量新增"),
("030059","DS","N","1","TE","001","*,","00302020","强制双屏确认","1","","2019-06-21","批量新增"),
("030060","DS","N","1","TE","001","*,","00301012","强制双屏确认","1","","2019-06-21","批量新增"),
("030061","DS","N","1","TE","001","*,","00306004","强制双屏确认","1","","2019-06-21","批量新增"),
("030062","DS","N","1","TE","001","*,","00306004_1","强制双屏确认","1","","2019-06-21","批量新增"),
("030063","DS","N","1","TE","001","*,","00306003","强制双屏确认","1","","2019-06-21","批量新增"),
("030064","DS","N","1","TE","001","*,","00306005","强制双屏确认","1","","2019-06-21","批量新增"),
("030065","DS","N","1","TE","001","*,","00306005_1","强制双屏确认","1","","2019-06-21","批量新增");
-- IB_OM_RULECOND_INFO insert
INSERT INTO IB_OM_RULECOND_INFO (OPRTN_COND_NO,DICTRY_NM,OPER_SYM_1,CMPR_VAL,OPER_SYM_2,VALUE2,TRAN_CD,COND_DESCR,OPER_TELR_NO,OPER_DT,OPER_RSN,CMPR_VAL_DATA_DICTRY_FLG,PUB_DICTRY_FLG,DICTRY_DESCR) VALUES

("DS30028","Cash_Tran_Ind","=","","","","00302014","现金取款","","2019-06-21","批量新增","1","0",""),
("DS30029","Cash_Tran_Ind","=","1","","","00302014","转账取款","","2019-06-21","批量新增","1","0",""),
("DS30030","custtypcd","=","","","","00302016","对私客户且线上填单","","2019-06-21","批量新增","1","0",""),
("DS30030","inputType","=","1","","","00302016","对私客户且线上填单","","2019-06-21","批量新增","1","0",""),
("DS30038","curCd","=","156","","","00301003","双屏确认","","2019-06-21","批量新增","1","0",""),
("DS30038","curCd","!=","156","","","00301003","外币钞户开户需双屏确认","","2019-06-21","批量新增","1","0",""),
("DS30046","custtypcd","=","","","","00302017","对私客户且线上填单的情况","","2019-06-21","批量新增","1","0",""),
("DS30047","arriveAccountAgeing","=","","","","00302017","到账时效为实时的情况","","2019-06-21","批量新增","1","0",""),
("DS30048","capitalSource","=","","","","00303006","现金开户","","2019-06-21","批量新增","1","0",""),
("DS30049","capitalSource","!=","","","","00303006","转账开户","","2019-06-21","批量新增","1","0",""),
("DS30050","currency","!=","156","","","00303006","外币汇户开户","","2019-06-21","批量新增","1","0",""),
("DS30050","monRemFlag","=","1","","","00303006","外币汇户开户","","2019-06-21","批量新增","1","0",""),
("DS30051","cashTranFlag","=","","","","00303007","单笔现金销户","","2019-06-21","批量新增","1","0",""),
("DS30051","isMulDesAcc","=","false","","","00303007","单笔现金销户","","2019-06-21","批量新增","1","0",""),
("DS30052","cashTranFlag","=","1","","","00303007","单笔转账销户","","2019-06-21","批量新增","1","0",""),
("DS30052","isMulDesAcc","=","false","","","00303007","单笔转账销户","","2019-06-21","批量新增","1","0",""),
("DS30053","cashTranFlag","=","","","","00303007","批量现金销户","","2019-06-21","批量新增","1","0",""),
("DS30053","isMulDesAcc","=","true","","","00303007","批量现金销户","","2019-06-21","批量新增","1","0",""),
("DS30054","cashTranFlag","=","1","","","00303007","批量转账销户","","2019-06-21","批量新增","1","0",""),
("DS30054","isMulDesAcc","=","true","","","00303007","批量转账销户","","2019-06-21","批量新增","1","0","");
-- IB_OM_MODE_INFO insert
INSERT INTO IB_OM_MODE_INFO (RULE_MODE_NO,FIELD_SEQ_NO,FIELD_NM,FIELD_DICTRY_NM,RULE_MODE_TYP_CD) VALUES

("DS30000","1","screenSeqNo","001","DS"),
("DS30001","2","screenSeqNo","001","DS"),
("DS30002","3","screenSeqNo","001","DS"),
("DS30003","4","screenSeqNo","001","DS"),
("DS30004","5","screenSeqNo","001","DS"),
("DS30005","6","screenSeqNo","001","DS"),
("DS30006","7","screenSeqNo","001","DS"),
("DS30007","8","screenSeqNo","001","DS"),
("DS30008","9","screenSeqNo","001","DS"),
("DS30009","10","screenSeqNo","001","DS"),
("DS30010","11","screenSeqNo","001","DS"),
("DS30011","12","screenSeqNo","001","DS"),
("DS30012","13","screenSeqNo","001","DS"),
("DS30013","14","screenSeqNo","001","DS"),
("DS30014","15","screenSeqNo","001","DS"),
("DS30015","16","screenSeqNo","001","DS"),
("DS30016","17","screenSeqNo","001","DS"),
("DS30017","18","screenSeqNo","001","DS"),
("DS30018","19","screenSeqNo","001","DS"),
("DS30019","20","screenSeqNo","001","DS"),
("DS30020","21","screenSeqNo","001","DS"),
("DS30021","22","screenSeqNo","001","DS"),
("DS30022","23","screenSeqNo","001","DS"),
("DS30023","24","screenSeqNo","001","DS"),
("DS30024","25","screenSeqNo","001","DS"),
("DS30025","26","screenSeqNo","001","DS"),
("DS30026","27","screenSeqNo","001","DS"),
("DS30027","28","screenSeqNo","001","DS"),
("DS30028","29","screenSeqNo","001","DS"),
("DS30029","30","screenSeqNo","002","DS"),
("DS30030","31","screenSeqNo","001","DS"),
("DS30031","32","screenSeqNo","001","DS"),
("DS30032","33","screenSeqNo","001","DS"),
("DS30033","34","screenSeqNo","001","DS"),
("DS30034","35","screenSeqNo","001","DS"),
("DS30035","36","screenSeqNo","001","DS"),
("DS30036","37","screenSeqNo","001","DS"),
("DS30037","38","screenSeqNo","001","DS"),
("DS30038","39","screenSeqNo","001","DS"),
("DS30039","40","screenSeqNo","001","DS"),
("DS30040","41","screenSeqNo","001","DS"),
("DS30041","42","screenSeqNo","001","DS"),
("DS30042","43","screenSeqNo","001","DS"),
("DS30043","44","screenSeqNo","001","DS"),
("DS30044","45","screenSeqNo","001","DS"),
("DS30045","46","screenSeqNo","001","DS"),
("DS30046","47","screenSeqNo","001","DS"),
("DS30047","48","screenSeqNo","002","DS"),
("DS30048","49","screenSeqNo","001","DS"),
("DS30049","50","screenSeqNo","002","DS"),
("DS30050","51","screenSeqNo","003","DS"),
("DS30051","52","screenSeqNo","001","DS"),
("DS30052","53","screenSeqNo","002","DS"),
("DS30053","54","screenSeqNo","003","DS"),
("DS30054","55","screenSeqNo","004","DS"),
("DS30055","56","screenSeqNo","001","DS"),
("DS30056","57","screenSeqNo","001","DS"),
("DS30057","58","screenSeqNo","001","DS"),
("DS30058","59","screenSeqNo","001","DS"),
("DS30059","60","screenSeqNo","001","DS"),
("DS30060","61","screenSeqNo","001","DS"),
("DS30061","62","screenSeqNo","001","DS"),
("DS30062","63","screenSeqNo","001","DS"),
("DS30063","64","screenSeqNo","001","DS"),
("DS30064","65","screenSeqNo","001","DS"),
("DS30065","66","screenSeqNo","001","DS");
-- IB_OM_RULECOND_RLT insert
INSERT INTO IB_OM_RULECOND_RLT (RULE_COND_NO,CMPL_MODE_FLG,OPRTN_RULE_NO) VALUES

("DS30000","0","030000"),
("DS30001","0","030001"),
("DS30002","0","030002"),
("DS30003","0","030003"),
("DS30004","0","030004"),
("DS30005","0","030005"),
("DS30006","0","030006"),
("DS30007","0","030007"),
("DS30008","0","030008"),
("DS30009","0","030009"),
("DS30010","0","030010"),
("DS30011","0","030011"),
("DS30012","0","030012"),
("DS30013","0","030013"),
("DS30014","0","030014"),
("DS30015","0","030015"),
("DS30016","0","030016"),
("DS30017","0","030017"),
("DS30018","0","030018"),
("DS30019","0","030019"),
("DS30020","0","030020"),
("DS30021","0","030021"),
("DS30022","0","030022"),
("DS30023","0","030023"),
("DS30024","0","030024"),
("DS30025","0","030025"),
("DS30026","0","030026"),
("DS30027","0","030027"),
("DS30028","1","030028"),
("DS30029","1","030029"),
("DS30030","1","030030"),
("DS30031","0","030031"),
("DS30032","0","030032"),
("DS30033","0","030033"),
("DS30034","0","030034"),
("DS30035","0","030035"),
("DS30036","0","030036"),
("DS30037","0","030037"),
("DS30038","1","030038"),
("DS30039","0","030039"),
("DS30040","0","030040"),
("DS30041","0","030041"),
("DS30042","0","030042"),
("DS30043","0","030043"),
("DS30044","0","030044"),
("DS30045","0","030045"),
("DS30046","1","030046"),
("DS30047","1","030047"),
("DS30048","1","030048"),
("DS30049","1","030049"),
("DS30050","1","030050"),
("DS30051","1","030051"),
("DS30052","1","030052"),
("DS30053","1","030053"),
("DS30054","1","030054"),
("DS30055","0","030055"),
("DS30056","0","030056"),
("DS30057","0","030057"),
("DS30058","0","030058"),
("DS30059","0","030059"),
("DS30060","0","030060"),
("DS30061","0","030061"),
("DS30062","0","030062"),
("DS30063","0","030063"),
("DS30064","0","030064"),
("DS30065","0","030065");
-- TE_PARA_OUTCABINETCFG_INFO insert
INSERT INTO TE_PARA_OUTCABINETCFG_INFO (TRAN_CD,BUNDRY_INDCT_HEDLN_NM,SCRN_NO,SCRN_SORT_SEQ_NO,BUNDRY_INDCT_NM,GT_VAL_SCP_CD,KEY_VAL,ENTR_NM,STUS_CD,REMRK_1) VALUES

("00301009","行内存款主界面","001","1","账号","0","","accnum","1",""),
("00301009","行内存款主界面","001","2","账户名称","0","","acctnm","1",""),
("00301009","行内存款主界面","001","3","交易金额","0","","txAmt","1",""),
("00301009","行内存款主界面","001","4","交易名","0","","tranName","1",""),
("00301010","借记卡零整子账户现金续存","001","1","账号","0","","custAcctNo","1",""),
("00301010","借记卡零整子账户现金续存","001","2","账户名称","0","","acctnm","1",""),
("00301010","借记卡零整子账户现金续存","001","3","交易金额","0","","txAmt","1",""),
("00301010","借记卡零整子账户现金续存","001","4","交易名","0","","tranName","1",""),
("00201005","挂失解挂","001","6","产品","0","","PROD_NO","1",""),
("00201005","挂失解挂","001","5","凭证种类","0","","VOUCH_TYP_CD","1",""),
("00201005","挂失解挂","001","4","证件号码","0","","crtfNbr","1",""),
("00201005","挂失解挂","001","3","证件类型","0","","crtfTypCd","1",""),
("00201005","挂失解挂","001","2","户名","0","","custNm","1",""),
("00201005","挂失解挂","001","1","账号","0","","CARD_NO_OR_ACCT_NO","1",""),
("00301011","结算卡现金存款","001","1","账号","0","","accNo","1",""),
("00301011","结算卡现金存款","001","2","账户名称","0","","acctnm","1",""),
("00301011","结算卡现金存款","001","3","交易金额","0","","txAmt","1",""),
("00301011","结算卡现金存款","001","4","交易名","0","","tranName","1",""),
("00302008","存折活期转账取款","001","1","账号","0","","accnum","1",""),
("00302008","存折活期转账取款","001","2","户名","0","","acctnm","1",""),
("00302008","存折活期转账取款","001","3","交易金额","0","","txAmt","1",""),
("00302008","存折活期转账取款","001","4","收款人账号","0","","recvrAcctNo","1",""),
("00302008","存折活期转账取款","001","5","收款人户名","0","","recvrAcctnm","1",""),
("00302008","存折活期转账取款","001","6","交易名","0","","tranName","1",""),
("00302009","母子账户活期子账户转账取款","001","1","账号","0","","accNum","1",""),
("00302009","母子账户活期子账户转账取款","001","2","户名","0","","acctNm","1",""),
("00302009","母子账户活期子账户转账取款","001","3","交易金额","0","","txAmt","1",""),
("00302009","母子账户活期子账户转账取款","001","4","收款人账号","0","","recvrAcctNo","1",""),
("00302009","母子账户活期子账户转账取款","001","5","收款人户名","0","","recvrAcctNm","1",""),
("00302009","母子账户活期子账户转账取款","001","6","交易名","0","","tranName","1",""),
("00302010","借记卡转账取款","001","1","账号","0","","accNum","1",""),
("00302010","借记卡转账取款","001","2","户名","0","","acctNm","1",""),
("00302010","借记卡转账取款","001","3","交易金额","0","","txAmt","1",""),
("00302010","借记卡转账取款","001","4","收款人账号","0","","recvrAcctNo","1",""),
("00302010","借记卡转账取款","001","5","收款人户名","0","","recvrAcctNm","1",""),
("00302010","借记卡转账取款","001","6","交易名","0","","tranName","1",""),
("00302011","支票活期转账取款","001","1","账号","0","","accNo","1",""),
("00302011","支票活期转账取款","001","2","户名","0","","acctnm","1",""),
("00302011","支票活期转账取款","001","3","交易金额","0","","txAmt","1",""),
("00302011","支票活期转账取款","001","4","收款人账号","0","","recvrAcctNo","1",""),
("00302011","支票活期转账取款","001","5","收款人户名","0","","recvrAcctnm","1",""),
("00302011","支票活期转账取款","001","6","交易名","0","","tranName","1",""),
("00502006","鹏业房屋维修资金支取查询-支取","001","1","收款账号","0","","Recv_Acct_Num","1",""),
("00502006","鹏业房屋维修资金支取查询-支取","001","2","收款户名","0","","Recv_Acct_Nm","1",""),
("00502006","鹏业房屋维修资金支取查询-支取","001","3","取款总金额","0","","Wthd_Amt","1",""),
("00502006","鹏业房屋维修资金支取查询-支取","001","4","交易名","0","","tranName","1",""),
("00502012","鹏业房屋维修资金批量支取查询-批量支取","001","1","收款账号","0","","Recv_Acct_Num","1",""),
("00502012","鹏业房屋维修资金批量支取查询-批量支取","001","2","收款户名","0","","Recv_Acct_Nm","1",""),
("00502012","鹏业房屋维修资金批量支取查询-批量支取","001","3","取款总金额","0","","Wthd_Amt","1",""),
("00502012","鹏业房屋维修资金批量支取查询-批量支取","001","4","交易名","0","","tranName","1",""),
("00503012_1","","001","1","缴款账(卡)号","0","","payFeeAcctNo","1",""),
("00503012_1","","001","2","缴款账户名称","0","","payFeeAcctNm","1",""),
("00503012_1","","001","3","取款金额","0","","wthmnyAmt","1",""),
("00503012_1","","001","4","交易名","0","","tranName","1",""),
("00503002","财税库银-税库银签约","001","1","扣款账号","0","","accOther","1",""),
("00503002","财税库银-税库银签约","001","2","扣款户名","0","","corpCstmName","1",""),
("00503002","财税库银-税库银签约","001","3","交易名","0","","tranName","1",""),
("00502002","鹏业房屋维修资金单笔缴存查","001","4","账户","0","","Debt_Acct_Num","1",""),
("00502002","鹏业房屋维修资金单笔缴存查","001","5","账户名称","0","","Debt_Acct_Nm","1",""),
("00502002","鹏业房屋维修资金单笔缴存查","001","6","交易金额","0","","","1",""),
("00502002","鹏业房屋维修资金单笔缴存查","001","7","收款账户","0","","RCVMNY_ACCT","1",""),
("00502002","鹏业房屋维修资金单笔缴存查","001","8","收款人户名","0","","RCVMNY_ACCT_NM","1",""),
("00502002","鹏业房屋维修资金单笔缴存查","001","9","交易名","0","","tranName","1",""),
("00502004","鹏业房屋维修资金批量缴存查询-批量缴存","001","1","账户","0","","Debt_Acct_Num","1",""),
("00502004","鹏业房屋维修资金批量缴存查询-批量缴存","001","2","户名","0","","Debt_Acct_Nm","1",""),
("00502004","鹏业房屋维修资金批量缴存查询-批量缴存","001","3","交易金额","0","","","1",""),
("00502004","鹏业房屋维修资金批量缴存查询-批量缴存","001","4","收款人账户","0","","RCVMNY_ACCT","1",""),
("00502004","鹏业房屋维修资金批量缴存查询-批量缴存","001","5","收款人户名","0","","RCVMNY_ACCT_NM","1",""),
("00502004","鹏业房屋维修资金批量缴存查询-批量缴存","001","6","交易名","0","","tranName","1",""),
("00502102","维修基金缴存","001","1","账号","0","","payAcctNo","1",""),
("00502102","维修基金缴存","001","2","账户名称","0","","acctNm","1",""),
("00502102","维修基金缴存","001","3","交易金额","0","","totlAmt","1",""),
("00502102","维修基金缴存","001","4","交易名","0","","tranName","1",""),
("00502104","维修基金支取","001","1","账号","0","","custAcctNum","1",""),
("00502104","维修基金支取","001","2","账户名称","0","","","1",""),
("00502104","维修基金支取","001","3","交易金额","0","","wthmnyTotlAmt","1",""),
("00502104","维修基金支取","001","4","交易名","0","","tranName","1",""),
("00502008","房屋维修基金定期增值申请","001","1","账号","0","","custAcctNum","1",""),
("00502008","房屋维修基金定期增值申请","001","2","账户名称","0","","","1",""),
("00502008","房屋维修基金定期增值申请","001","3","交易金额","0","","actPayAmt","1",""),
("00502008","房屋维修基金定期增值申请","001","4","交易名","0","","tranName","1",""),
("00502010","房屋维修基金定期增值支取","001","1","账号","0","","Cnt_Pty_Acct_Num","1",""),
("00502010","房屋维修基金定期增值支取","001","2","账户名称","0","","Cnt_Pty_Acct_Nm","1",""),
("00502010","房屋维修基金定期增值支取","001","3","交易金额","0","","DRAW_AMT","1",""),
("00502010","房屋维修基金定期增值支取","001","4","交易名","0","","tranName","1",""),
("00502204","电子存单开户","001","1","账号","0","","elecDeprcpAcctNo","1",""),
("00502204","电子存单开户","001","2","账户名称","0","","tsfoutSubAcctNm","1",""),
("00502204","电子存单开户","001","3","交易金额","0","","openAcctAmt","1",""),
("00502204","电子存单开户","001","4","交易名","0","","tranName","1",""),
("00502205","电子存单支取","001","1","账号","0","","elecDeprcpAcctNo","1",""),
("00502205","电子存单支取","001","2","账户名称","0","","elecDeprcpAcctNm","1",""),
("00502205","电子存单支取","001","3","交易金额","0","","bal","1",""),
("00502205","电子存单支取","001","4","交易名","0","","tranName","1",""),
("00502202","维修基金缴存","001","1","账号","0","","payAcctNo","1",""),
("00502202","维修基金缴存","001","2","账户名称","0","","acctNm","1",""),
("00502202","维修基金缴存","001","3","交易金额","0","","totlAmt","1",""),
("00502202","维修基金缴存","001","4","交易名","0","","tranName","1",""),
("00502203","维修基金支取","001","1","账号","0","","tsfoutAcctNo","1",""),
("00502203","维修基金支取","001","2","账户名称","0","","tsfoutAcctNm","1",""),
("00502203","维修基金支取","001","3","交易金额","0","","aprptAmt","1",""),
("00502203","维修基金支取","001","4","交易名","0","","tranName","1",""),
("00501001","查询缴费","001","1","账号","0","","PAY_FEE_ACCT_NO","1",""),
("00501001","查询缴费","001","2","账户名称","0","","PAY_FEE_ACCT_NM","1",""),
("00501001","查询缴费","001","3","证件类型","0","","CRTF_TYP","1",""),
("00501001","查询缴费","001","4","证件号","0","","CRTF_NBR","1",""),
("00501001","查询缴费","001","5","交易名","0","","tranName","1",""),
("00501002","签约缴费","001","1","账号","0","","SIGN_ACCT_NO","1",""),
("00501002","签约缴费","001","2","账户名称","0","","CUST_NM","1",""),
("00501002","签约缴费","001","3","证件类型","0","","USER_CRTF_TYP","1",""),
("00501002","签约缴费","001","4","证件号","0","","USER_CRTF_NBR","1",""),
("00501002","签约缴费","001","5","交易名","0","","tranName","1",""),
("00301017","","001","1","交易名","0","","tranName","1",""),
("00301017","","001","2","账号","0","","custAcctNo","1",""),
("00301017","","001","3","户名","0","","acctnm","1",""),
("00301017","","001","4","交易金额","0","","txAmt","1",""),
("00301015","","001","1","交易名","0","","tranName","1",""),
("00301015","","001","2","账号","0","","custAcctNo","1",""),
("00301015","","001","3","户名","0","","acctnm","1",""),
("00301015","","001","4","交易金额","0","","txAmt","1",""),
("00302018","","001","1","交易名","0","","tranName","1",""),
("00302018","","001","2","付款人账号","0","","custAcctNo","1",""),
("00302018","","001","3","付款人户名","0","","acctnm","1",""),
("00302018","","001","4","币种","0","","ccy","1",""),
("00302018","","001","5","部支金额","0","","txAmt","1",""),
("00302018","","001","6","利息","0","","intrest","1",""),
("00302018","","001","7","收款人账号","0","","recvrAcctNo","1",""),
("00302018","","001","8","收款人户名","0","","recvrAcctNm","1",""),
("00302007","","001","1","付款人账号","0","","custAcctNo","1",""),
("00302007","","001","2","付款人户名","0","","acctnm","1",""),
("00302007","","001","3","交易金额","0","","txAmt","1",""),
("00302007","","001","4","收款人账号","0","","recvrAcctNo","1",""),
("00302007","","001","5","收款人户名","0","","recvrAcctNm","1",""),
("00302013","","001","1","交易名","0","","tranName","1",""),
("00302013","","001","2","账号","0","","custAcctNo","1",""),
("00302013","","001","3","户名","0","","acctnm","1",""),
("00302013","","001","4","部支金额","0","","partyAmt","1",""),
("00302013","","001","5","利息","0","","intAmt","1",""),
("00302014","","001","1","交易名","0","","tranName","1",""),
("00302014","","001","2","账号","0","","Acct_Num","1",""),
("00302014","","001","3","户名","0","","ACCTNM","1",""),
("00302014","","001","4","交易金额","0","","TX_Amt","1",""),
("00302014","","001","5","付款行行名","0","","Payr_Bank_Num","1",""),
("00302014","","002","1","交易名","0","","tranName","1",""),
("00302014","","002","2","付款人账号","0","","Acct_Num","1",""),
("00302014","","002","3","付款人户名","0","","ACCTNM","1",""),
("00302014","","002","4","交易金额","0","","TX_Amt","1",""),
("00302014","","002","5","收款人账号","0","","sAcct_Num","1",""),
("00302014","","002","6","收款人户名","0","","sACCTNM","1",""),
("00302014","","002","7","收款行行号","0","","Payr_Bank_Num","1",""),
("00302016","","001","1","交易名","0","","tranName","1",""),
("00302016","","001","2","付款人账号","0","","Payr_Acct_Num","1",""),
("00302016","","001","3","付款人户名","0","","Payr_Nm","1",""),
("00302016","","001","4","汇款金额","0","","TX_Amt","1",""),
("00302016","","001","5","收款人账号","0","","Recvr_Acct_Num","1",""),
("00302016","","001","6","收款人户名","0","","Recvr_Nm","1",""),
("00301007","","001","1","交易名","0","","tranName","1",""),
("00301007","","001","2","账号","0","","bankAcctNo","1",""),
("00301007","","001","3","户名","0","","acctnm","1",""),
("00301007","","001","4","交易金额","0","","txAmt","1",""),
("00301002","母子账户活期子账户现金取款","001","1","交易名","0","","tranName","1",""),
("00301002","母子账户活期子账户现金取款","001","2","账号","0","","custAcctNo","1",""),
("00301002","母子账户活期子账户现金取款","001","3","户名","0","","acctnm","1",""),
("00301002","母子账户活期子账户现金取款","001","4","交易金额","0","","txAmt","1",""),
("00301005","结算卡转账取款","001","1","交易名","0","","tranName","1",""),
("00301005","结算卡转账取款","001","2","结算卡卡号","0","","custAcctNo","1",""),
("00301005","结算卡转账取款","001","3","持卡人","0","","crdhldNm","1",""),
("00301005","结算卡转账取款","001","4","主账户账号","0","","mainAcctAcctNo","1",""),
("00301005","结算卡转账取款","001","5","主账户户名","0","","acctnm","1",""),
("00301005","结算卡转账取款","001","6","交易金额","0","","txAmt","1",""),
("00301005","结算卡转账取款","001","7","收款人账号","0","","recvrAcctNo","1",""),
("00301005","结算卡转账取款","001","8","收款人户名","0","","recvrAcctNm","1",""),
("00301016","借记卡现金取款","001","1","交易名","0","","tranName","1",""),
("00301016","借记卡现金取款","001","2","账号","0","","custAcctNo","1",""),
("00301016","借记卡现金取款","001","3","户名","0","","acctnm","1",""),
("00301016","借记卡现金取款","001","4","币种","0","","currType","1",""),
("00301016","借记卡现金取款","001","5","交易金额","0","","txAmt","1",""),
("00301018","结算卡现金取款","001","1","交易名","0","","tranName","1",""),
("00301018","结算卡现金取款","001","2","结算卡卡号","0","","custAcctNo","1",""),
("00301018","结算卡现金取款","001","3","持卡人","0","","crdhldNm","1",""),
("00301018","结算卡现金取款","001","4","主账户账号","0","","mainAcctAcctNo","1",""),
("00301018","结算卡现金取款","001","5","主账户户名","0","","acctnm","1",""),
("00301018","结算卡现金取款","001","6","交易金额","0","","txAmt","1",""),
("00302004","母子账户活期子账户互转","001","1","交易名","0","","tranName","1",""),
("00302004","母子账户活期子账户互转","001","2","付款人账号","0","","custAcctNo","1",""),
("00302004","母子账户活期子账户互转","001","3","付款人户名","0","","acctnm","1",""),
("00302004","母子账户活期子账户互转","001","4","交易金额","0","","txAmt","1",""),
("00302004","母子账户活期子账户互转","001","5","收款人账号","0","","recvrAcctNo","1",""),
("00302004","母子账户活期子账户互转","001","6","收款人户名","0","","recvrAcctNm","1",""),
("00301003","借记卡现金存款","001","1","交易名","0","","tranName","1",""),
("00301003","借记卡现金存款","001","2","账号","0","","custAcctNo","1",""),
("00301003","借记卡现金存款","001","3","户名","0","","acctnm","1",""),
("00301003","借记卡现金存款","001","4","币种","0","","curCd","1",""),
("00301003","借记卡现金存款","001","5","交易金额","0","","txAmt","1",""),
("00301004","存折零整现金续存","001","1","交易名","0","","tranName","1",""),
("00301004","存折零整现金续存","001","2","账号","0","","accnum","1",""),
("00301004","存折零整现金续存","001","3","户名","0","","acctnm","1",""),
("00301004","存折零整现金续存","001","4","交易金额","0","","txAmt","1",""),
("00302002","结算卡卡内账户转账","001","1","交易名","0","","tranName","1",""),
("00302002","结算卡卡内账户转账","001","2","结算卡卡号","0","","custAcctNo","1",""),
("00302002","结算卡卡内账户转账","001","3","持卡人","0","","crdhldNm","1",""),
("00302002","结算卡卡内账户转账","001","4","付款人账号","0","","payAcctNo","1",""),
("00302002","结算卡卡内账户转账","001","5","付款人户名","0","","payAcctNm","1",""),
("00302002","结算卡卡内账户转账","001","6","交易金额","0","","txAmt","1",""),
("00302002","结算卡卡内账户转账","001","7","收款人账号","0","","recvrAcctNo","1",""),
("00302002","结算卡卡内账户转账","001","8","收款人户名","0","","recvrAcctNm","1",""),
("00302003","借记卡子账户现金部支","001","1","交易名","0","","tranName","1",""),
("00302003","借记卡子账户现金部支","001","2","账号","0","","accNum","1",""),
("00302003","借记卡子账户现金部支","001","3","户名","0","","acctNm","1",""),
("00302003","借记卡子账户现金部支","001","4","部支金额","0","","partAmt","1",""),
("00302003","借记卡子账户现金部支","001","5","利息","0","","repayInt","1",""),
("00302006","存折存本零取转账取款","001","1","交易名","0","","tranName","1",""),
("00302006","存折存本零取转账取款","001","2","付款人账号","0","","accnum","1",""),
("00302006","存折存本零取转账取款","001","3","付款人户名","0","","acctnm","1",""),
("00302006","存折存本零取转账取款","001","4","交易金额","0","","txAmt","1",""),
("00302006","存折存本零取转账取款","001","5","收款人账号","0","","recvrAcctNo","1",""),
("00302006","存折存本零取转账取款","001","6","收款人户名","0","","recvrAcctnm","1",""),
("00301006","存折存本零取现金取款","001","1","交易名","0","","tranName","1",""),
("00301006","存折存本零取现金取款","001","2","账号","0","","accnum","1",""),
("00301006","存折存本零取现金取款","001","3","户名","0","","acctnm","1",""),
("00301006","存折存本零取现金取款","001","4","交易金额","0","","txAmt","1",""),
("00201024","强制扣划","001","1","账/卡号","0","","accNum","1",""),
("00201024","强制扣划","001","2","户名","0","","acctnm","1",""),
("00201024","强制扣划","001","3","扣划金额","0","","dctAmt","1",""),
("00201024","强制扣划","001","4","收款人账号","0","","recvrAcctNo","1",""),
("00201024","强制扣划","001","5","收款人户名","0","","recvrAcctNm","1",""),
("00302021","行内转账（同业存放部分提前支取）","001","1","交易名","0","","tranName","1",""),
("00302021","行内转账（同业存放部分提前支取）","001","2","付款人账号","0","","accNum","1",""),
("00302021","行内转账（同业存放部分提前支取）","001","3","付款人户名","0","","acctNm","1",""),
("00302021","行内转账（同业存放部分提前支取）","001","4","部支金额","0","","partAmt","1",""),
("00302021","行内转账（同业存放部分提前支取）","001","5","利息","0","","repayInt","1",""),
("00302021","行内转账（同业存放部分提前支取）","001","6","关联方账号（账号+户名）","0","","RELA_PTY_ACCT_NO","1",""),
("00302021","行内转账（同业存放部分提前支取）","001","7","交易名","0","","tranName","1",""),
("00302021","行内转账（同业存放部分提前支取）","001","8","付款人账号","0","","accNum","1",""),
("00302021","行内转账（同业存放部分提前支取）","001","9","付款人户名","0","","acctNm","1",""),
("00302021","行内转账（同业存放部分提前支取）","001","10","部支金额","0","","partAmt","1",""),
("00302021","行内转账（同业存放部分提前支取）","001","11","利息","0","","repayInt","1",""),
("00302021","行内转账（同业存放部分提前支取）","001","12","收款人账号","0","","recvrAcctNo","1",""),
("00302021","行内转账（同业存放部分提前支取）","001","13","收款人户名","0","","recvrAcctnm","1",""),
("00302022","行内转账（借记卡子账户转账部支）","001","1","交易名","0","","tranName","1",""),
("00302022","行内转账（借记卡子账户转账部支）","001","2","付款人账号","0","","accNum","1",""),
("00302022","行内转账（借记卡子账户转账部支）","001","3","付款人户名","0","","acctNm","1",""),
("00302022","行内转账（借记卡子账户转账部支）","001","4","币种","0","","ccy","1",""),
("00302022","行内转账（借记卡子账户转账部支）","001","5","部支金额","0","","partAmt","1",""),
("00302022","行内转账（借记卡子账户转账部支）","001","6","利息","0","","repayInt","1",""),
("00302022","行内转账（借记卡子账户转账部支）","001","7","收款人账号","0","","recvrAcctNo","1",""),
("00302022","行内转账（借记卡子账户转账部支）","001","8","收款人户名","0","","recvrAcctnm","1",""),
("00302017","跨行汇兑","001","1","交易名","0","","tranName","1",""),
("00302017","跨行汇兑","001","2","付款人账号","0","","draweeAccNo","1",""),
("00302017","跨行汇兑","001","3","付款人户名","0","","draweeName","1",""),
("00302017","跨行汇兑","001","4","汇款金额","0","","remitAmount","1",""),
("00302017","跨行汇兑","001","5","收款人账号","0","","recriverNum","1",""),
("00302017","跨行汇兑","001","6","收款人户名","0","","recriverName","1",""),
("00302017","跨行汇兑","001","7","收款行行号","0","","beneficiaryNumber","1",""),
("00302017","跨行汇兑","002","1","交易名","0","","tranName","1",""),
("00302017","跨行汇兑","002","2","付款人账号","0","","draweeAccNo","1",""),
("00302017","跨行汇兑","002","3","付款人户名","0","","draweeName","1",""),
("00302017","跨行汇兑","002","4","汇款金额","0","","remitAmount","1",""),
("00302017","跨行汇兑","002","5","收款人账号","0","","recriverNum","1",""),
("00302017","跨行汇兑","002","6","收款人户名","0","","recriverName","1",""),
("00302017","跨行汇兑","002","7","收款行行号","0","","beneficiaryNumber","1",""),
("00303006","子账户现金开户","001","1","交易名","0","","tradename","1",""),
("00303006","子账户现金开户","001","2","账号","0","","custAcctNo","1",""),
("00303006","子账户现金开户","001","3","户名","0","","acctnm","1",""),
("00303006","子账户现金开户","001","4","交易金额","0","","transAm","1",""),
("00303006","子账户现金开户","001","5","产品码","0","","proCode","1",""),
("00303006","子账户转账开户","002","1","交易名","0","","tradename","1",""),
("00303006","子账户转账开户","002","2","账号","0","","custAcctNo","1",""),
("00303006","子账户转账开户","002","3","户名","0","","acctnm","1",""),
("00303006","子账户转账开户","002","4","交易金额","0","","transAm","1",""),
("00303006","子账户转账开户","002","5","对方账号","0","","recipAcc","1",""),
("00303006","子账户转账开户","002","6","对方户名","0","","recipAccnm","1",""),
("00303006","外币汇户开户","003","1","交易名","0","","tradename","1",""),
("00303006","外币汇户开户","003","2","账号","0","","custAcctNo","1",""),
("00303006","外币汇户开户","003","3","户名","0","","acctnm","1",""),
("00303006","外币汇户开户","003","4","交易金额","0","","transAm","1",""),
("00303006","外币汇户开户","003","5","对方账号","0","","recipAcc","1",""),
("00303006","外币汇户开户","003","6","对方户名","0","","recipAccnm","1",""),
("00303006","外币汇户开户","003","7","账户性质","0","","ACCT_ACCT_CHARC_CD","1",""),
("00303007","单笔现金销户","001","1","交易名","0","","tradeName","1",""),
("00303007","单笔现金销户","001","2","账号","0","","custAcctNo","1",""),
("00303007","单笔现金销户","001","3","户名","0","","acctnm","1",""),
("00303007","单笔现金销户","001","4","交易金额","0","","subaccbal","1",""),
("00303007","单笔现金销户","001","5","利息","0","","interest","1",""),
("00303007","单笔转账销户","002","1","交易名","0","","tradeName","1",""),
("00303007","单笔转账销户","002","2","账号","0","","custAcctNo","1",""),
("00303007","单笔转账销户","002","3","户名","0","","acctnm","1",""),
("00303007","单笔转账销户","002","4","交易金额","0","","subaccbal","1",""),
("00303007","单笔转账销户","002","5","利息","0","","interest","1",""),
("00303007","单笔转账销户","002","6","对方账号","0","","recipAcc","1",""),
("00303007","单笔转账销户","002","7","对方户名","0","","recipAccnm","1",""),
("00303007","批量现金销户","003","1","交易名","0","","tradeName","1",""),
("00303007","批量现金销户","003","2","账号","0","","custAcctNo","1",""),
("00303007","批量现金销户","003","3","户名","0","","acctnm","1",""),
("00303007","批量现金销户","003","4","交易总金额","0","","outAllBal","1",""),
("00303007","批量转账销户","004","1","交易名","0","","tradeName","1",""),
("00303007","批量转账销户","004","2","账号","0","","custAcctNo","1",""),
("00303007","批量转账销户","004","3","户名","0","","acctnm","1",""),
("00303007","批量转账销户","004","4","交易总金额","0","","outAllBal","1",""),
("00303007","批量转账销户","004","5","对方账号","0","","recipAcc","1",""),
("00303007","批量转账销户","004","6","对方户名","0","","recipAccnm","1",""),
("00301014","定期存单现金部支","001","1","账号","0","","accNum","1",""),
("00301014","定期存单现金部支","001","2","户名","0","","acctnm","1",""),
("00301014","定期存单现金部支","001","3","部支金额","0","","txAmt","1",""),
("00301014","定期存单现金部支","001","4","利息","0","","int","1",""),
("00302019","定期存单转账部支","001","1","付款人账号","0","","accNum","1",""),
("00302019","定期存单转账部支","001","2","付款人户名","0","","acctnm","1",""),
("00302019","定期存单转账部支","001","3","部支金额","0","","txAmt","1",""),
("00302019","定期存单转账部支","001","4","利息","0","","int","1",""),
("00302019","定期存单转账部支","001","5","收款人账号","0","","recvrAcctNo","1",""),
("00302019","定期存单转账部支","001","6","收款人户名","0","","recvrAcctNm","1",""),
("00302005","定期一本通转账部支","001","1","付款人账号","0","","accNum","1",""),
("00302005","定期一本通转账部支","001","2","付款人户名","0","","acctnm","1",""),
("00302005","定期一本通转账部支","001","3","部支金额","0","","txAmt","1",""),
("00302005","定期一本通转账部支","001","4","利息","0","","int","1",""),
("00302005","定期一本通转账部支","001","5","收款人账号","0","","recvrAcctNo","1",""),
("00302005","定期一本通转账部支","001","6","收款人户名","0","","recvrAcctNm","1",""),
("00302020","通知存款现金部支","001","1","账号","0","","accNum","1",""),
("00302020","通知存款现金部支","001","2","户名","0","","acctnm","1",""),
("00302020","通知存款现金部支","001","3","部支金额","0","","txAmt","1",""),
("00302020","通知存款现金部支","001","4","利息","0","","int","1",""),
("00301012","存折活期现金存款","001","1","账号","0","","custAcctNo","1",""),
("00301012","存折活期现金存款","001","2","户名","0","","acctnm","1",""),
("00301012","存折活期现金存款","001","3","交易金额","0","","txAmt","1",""),
("00301012","存折活期现金存款","001","4","交易名","0","","tranName","1",""),
("00306004","票据签发","001","1","交易名","0","","tranName","1",""),
("00306004","票据签发","001","2","票据类型","0","","billTypCdhz","1",""),
("00306004","票据签发","001","3","票据号码","0","","billNbr","1",""),
("00306004","票据签发","001","4","出票金额","0","","ticoutAmt","1",""),
("00306004","票据签发","001","5","申请人账号","0","","applctAcctNo","1",""),
("00306004","票据签发","001","6","申请人户名","0","","applctAcctNm","1",""),
("00306004","票据签发","001","7","收款人账号","0","","recvrAcctNo","1",""),
("00306004","票据签发","001","8","收款人户名","0","","recvrAcctNm","1",""),
("00306004_1","票据签发复核修改","001","1","交易名","0","","tranName","1",""),
("00306004_1","票据签发复核修改","001","2","票据类型","0","","billTypCdhz","1",""),
("00306004_1","票据签发复核修改","001","3","票据号码","0","","billNbr","1",""),
("00306004_1","票据签发复核修改","001","4","出票金额","0","","ticoutAmt","1",""),
("00306004_1","票据签发复核修改","001","5","申请人账号","0","","applctAcctNo","1",""),
("00306004_1","票据签发复核修改","001","6","申请人户名","0","","applctAcctNm","1",""),
("00306004_1","票据签发复核修改","001","7","收款人账号","0","","recvrAcctNo","1",""),
("00306004_1","票据签发复核修改","001","8","收款人户名","0","","recvrAcctNm","1",""),
("00306003","票据挂失/解挂","001","1","交易名","0","","tranName","1",""),
("00306003","票据挂失/解挂","001","2","票据类型","0","","billTypCdhz","1",""),
("00306003","票据挂失/解挂","001","3","票据号码","0","","billNbr","1",""),
("00306003","票据挂失/解挂","001","4","出票金额","0","","ticoutAmt","1",""),
("00306003","票据挂失/解挂","001","5","申请人账号","0","","applctAcctNo","1",""),
("00306003","票据挂失/解挂","001","6","申请人户名","0","","applctAcctNm","1",""),
("00306003","票据挂失/解挂","001","7","收款人账号","0","","recvrAcctNo","1",""),
("00306003","票据挂失/解挂","001","8","收款人户名","0","","recvrAcctNm","1",""),
("00306003","票据挂失/解挂","001","9","挂失原因","0","","rptlossRsn","1",""),
("00306005","票据解付","001","1","交易名","0","","tranName","1",""),
("00306005","票据解付","001","2","票据类型","0","","BILL_TYPHZ","1",""),
("00306005","票据解付","001","3","票据号码","0","","BILL_NBR","1",""),
("00306005","票据解付","001","4","出票金额","0","","TICOUT_AMT","1",""),
("00306005","票据解付","001","5","申请人账号","0","","APPLCT_ACCT_NO","1",""),
("00306005","票据解付","001","6","申请人户名","0","","APPLCT_ACCTNM","1",""),
("00306005","票据解付","001","7","收款人账号","0","","RECVR_ACCT_NM","1",""),
("00306005","票据解付","001","8","收款人户名","0","","RECVR_ACCT_NM","1",""),
("00306005_1","票据解付复核修改","001","1","交易名","0","","tranName","1",""),
("00306005_1","票据解付复核修改","001","2","票据类型","0","","BILL_TYPHZ","1",""),
("00306005_1","票据解付复核修改","001","3","票据号码","0","","BILL_NBR","1",""),
("00306005_1","票据解付复核修改","001","4","出票金额","0","","TICOUT_AMT","1",""),
("00306005_1","票据解付复核修改","001","5","申请人账号","0","","APPLCT_ACCT_NO","1",""),
("00306005_1","票据解付复核修改","001","6","申请人户名","0","","APPLCT_ACCTNM","1",""),
("00306005_1","票据解付复核修改","001","7","收款人账号","0","","RECVR_ACCT_NO","1",""),
("00306005_1","票据解付复核修改","001","8","收款人户名","0","","RECVR_ACCT_NM","1","");
  
COMMIT;