
SET AUTOCOMMIT=0;
BEGIN;

  
-- IB_OM_RULE_INFO insert
INSERT INTO IB_OM_RULE_INFO (RULE_NO,RULE_TYP_CD,HOLI_FLG,RULE_TRI_POSITION,SUIT_CHNL_SCP,SUIT_LPR_SCP,SUIT_ORG_SCP,SUIT_TX_SCP,RULE_COMNT,EFFT_FLG,OPER_TELR_NO,OPER_DT,OPER_RSN) VALUES

("060000","BN","N","1","TE","9999","*,","00101001","强制黑名单校验","1","900001","2019-07-29","批量新增"),
("060001","BN","N","1","TE","9999","*,","00101001","强制黑名单校验","1","900001","2019-07-29","批量新增"),
("060002","BN","N","1","TE","9999","*,","00101001","强制黑名单校验","1","900001","2019-07-29","批量新增"),
("060003","BN","N","1","TE","9999","*,","00101001","强制黑名单校验","1","900001","2019-07-29","批量新增"),
("060004","BN","N","1","TE","9999","*,","00101001_1","强制黑名单校验","1","900001","2019-07-29","批量新增"),
("060005","BN","N","1","TE","9999","*,","00101002","强制黑名单校验","1","900001","2019-07-29","批量新增"),
("060006","BN","N","1","TE","9999","*,","00101003","强制黑名单校验","1","900001","2019-07-29","批量新增"),
("060007","BN","N","1","TE","9999","*,","00101003","强制黑名单校验","1","900001","2019-07-29","批量新增"),
("060008","BN","N","1","TE","9999","*,","00101004","强制黑名单校验","1","900001","2019-07-29","批量新增"),
("060009","BN","N","1","TE","9999","*,","00101004","强制黑名单校验","1","900001","2019-07-29","批量新增"),
("060010","BN","N","1","TE","9999","*,","00303006","强制黑名单校验","1","900001","2019-07-29","批量新增"),
("060011","BN","N","1","TE","9999","*,","00303006","强制黑名单校验","1","900001","2019-07-29","批量新增"),
("060012","BN","N","1","TE","9999","*,","00303007","强制黑名单校验","1","900001","2019-07-29","批量新增"),
("060013","BN","N","1","TE","9999","*,","00303007","强制黑名单校验","1","900001","2019-07-29","批量新增"),
("060014","BN","N","1","TE","9999","*,","00303007","强制黑名单校验","1","900001","2019-07-29","批量新增"),
("060015","BN","N","1","TE","9999","*,","00102001","强制黑名单校验","1","900001","2019-07-29","批量新增"),
("060016","BN","N","1","TE","9999","*,","00102001_1","强制黑名单校验","1","900001","2019-07-29","批量新增"),
("060017","BN","N","1","TE","9999","*,","00102001_1","强制黑名单校验","1","900001","2019-07-29","批量新增"),
("060018","BN","N","1","TE","9999","*,","00102002_1","强制黑名单校验","1","900001","2019-07-29","批量新增"),
("060019","BN","N","1","TE","9999","*,","00102005","黑名单条件一","1","900001","2019-07-29","批量新增"),
("060020","BN","N","1","TE","9999","*,","00102005","黑名单条件二","1","900001","2019-07-29","批量新增"),
("060021","BN","N","1","TE","9999","*,","00201018","强制黑名单校验","1","900001","2019-07-29","批量新增"),
("060022","BN","N","1","TE","9999","*,","00201016","强制黑名单校验","1","900001","2019-07-29","批量新增"),
("060023","BN","N","1","TE","9999","*,","00201016","强制黑名单校验","1","900001","2019-07-29","批量新增"),
("060024","BN","N","1","TE","9999","*,","00201007","强制黑名单校验","1","900001","2019-07-29","批量新增"),
("060025","BN","N","1","TE","9999","*,","00201009","强制黑名单校验","1","900001","2019-07-29","批量新增"),
("060026","BN","N","1","TE","9999","*,","00201011","强制黑名单校验","1","900001","2019-07-29","批量新增"),
("060027","BN","N","1","TE","9999","*,","00201012","强制黑名单校验","1","900001","2019-07-29","批量新增"),
("060028","BN","N","1","TE","9999","*,","00201012","强制黑名单校验","1","900001","2019-07-29","批量新增"),
("060029","BN","N","1","TE","9999","*,","00201013","强制黑名单校验","1","900001","2019-07-29","批量新增"),
("060030","BN","N","1","TE","9999","*,","00201013","强制黑名单校验","1","900001","2019-07-29","批量新增"),
("060031","BN","N","1","TE","9999","*,","00201002","强制黑名单校验","1","900001","2019-07-29","批量新增"),
("060032","BN","N","1","TE","9999","*,","00201002","强制黑名单校验","1","900001","2019-07-29","批量新增"),
("060033","BN","N","1","TE","9999","*,","00103005","强制黑名单校验","1","900001","2019-07-29","批量新增"),
("060034","BN","N","1","TE","9999","*,","00103003","强制黑名单校验","1","900001","2019-07-29","批量新增"),
("060035","BN","N","1","TE","9999","*,","00103004","强制黑名单校验","1","900001","2019-07-29","批量新增"),
("060036","BN","N","1","TE","9999","*,","00103001","强制黑名单校验","1","900001","2019-07-29","批量新增"),
("060037","BN","N","1","TE","9999","*,","00103002","强制黑名单校验","1","900001","2019-07-29","批量新增"),
("060038","BN","N","1","TE","9999","*,","00201017","强制黑名单校验","1","900001","2019-07-29","批量新增"),
("060039","BN","N","1","TE","9999","*,","00201017","强制黑名单校验","1","900001","2019-07-29","批量新增"),
("060040","BN","N","1","TE","9999","*,","00201005","强制黑名单校验","1","900001","2019-07-29","批量新增"),
("060041","BN","N","1","TE","9999","*,","00201005","强制黑名单校验","1","900001","2019-07-29","批量新增"),
("060042","BN","N","1","TE","9999","*,","00201014","强制黑名单校验","1","900001","2019-07-29","批量新增"),
("060043","BN","N","1","TE","9999","*,","00201014","强制黑名单校验","1","900001","2019-07-29","批量新增"),
("060044","BN","N","1","TE","9999","*,","00201015","强制黑名单校验","1","900001","2019-07-29","批量新增"),
("060045","BN","N","1","TE","9999","*,","00201015","强制黑名单校验","1","900001","2019-07-29","批量新增"),
("060046","BN","N","1","TE","9999","*,","00201021","强制黑名单校验","1","900001","2019-07-29","批量新增"),
("060047","BN","N","1","TE","9999","*,","00201021","强制黑名单校验","1","900001","2019-07-29","批量新增"),
("060048","BN","N","1","TE","9999","*,","00302016","强制黑名单校验","1","900001","2019-07-29","批量新增"),
("060049","BN","N","1","TE","9999","*,","00302016","强制黑名单校验","1","900001","2019-07-29","批量新增"),
("060050","BN","N","1","TE","9999","*,","00302016","强制黑名单校验","1","900001","2019-07-29","批量新增"),
("060051","BN","N","1","TE","9999","*,","00303005","强制黑名单校验","1","900001","2019-07-29","批量新增"),
("060052","BN","N","1","TE","9999","*,","00303005","强制黑名单校验","1","900001","2019-07-29","批量新增"),
("060053","BN","N","1","TE","9999","*,","00303005","强制黑名单校验","1","900001","2019-07-29","批量新增"),
("060054","BN","N","1","TE","9999","*,","00302014","强制黑名单校验","1","900001","2019-07-29","批量新增"),
("060055","BN","N","1","TE","9999","*,","00302014","强制黑名单校验","1","900001","2019-07-29","批量新增"),
("060056","BN","N","1","TE","9999","*,","00302017","强制黑名单校验","1","900001","2019-07-29","批量新增"),
("060057","BN","N","1","TE","9999","*,","00302017","强制黑名单校验","1","900001","2019-07-29","批量新增"),
("060058","BN","N","1","TE","9999","*,","00305013","强制黑名单校验","1","900001","2019-07-29","批量新增"),
("060059","BN","N","1","TE","9999","*,","00305013","强制黑名单校验","1","900001","2019-07-29","批量新增"),
("060060","BN","N","1","TE","9999","*,","00305014","强制黑名单校验","1","900001","2019-07-29","批量新增"),
("060061","BN","N","1","TE","9999","*,","00305014","强制黑名单校验","1","900001","2019-07-29","批量新增"),
("060062","BN","N","1","TE","9999","*,","00303002","强制黑名单校验","1","900001","2019-07-29","批量新增"),
("060063","BN","N","1","TE","9999","*,","00303003","强制黑名单校验","1","900001","2019-07-29","批量新增"),
("060064","BN","N","1","TE","9999","*,","00303003","强制黑名单校验","1","900001","2019-07-29","批量新增"),
("060065","BN","N","1","TE","9999","*,","00303004","强制黑名单校验","1","900001","2019-07-29","批量新增"),
("060066","BN","N","1","TE","9999","*,","00303004","强制黑名单校验","1","900001","2019-07-29","批量新增"),
("060067","BN","N","1","TE","9999","*,","00303004","强制黑名单校验","1","900001","2019-07-29","批量新增"),
("060068","BN","N","1","TE","9999","*,","00305012","强制黑名单校验","1","900001","2019-07-29","批量新增"),
("060069","BN","N","1","TE","9999","*,","00303010","强制黑名单校验","1","900001","2019-07-29","批量新增"),
("060070","BN","N","1","TE","9999","*,","00303011","强制黑名单校验","1","900001","2019-07-29","批量新增"),
("060071","BN","N","1","TE","9999","*,","00306004","强制黑名单校验","1","900001","2019-07-29","批量新增"),
("060072","BN","N","1","TE","9999","*,","00306004","强制黑名单校验","1","900001","2019-07-29","批量新增"),
("060073","BN","N","1","TE","9999","*,","00306004","强制黑名单校验","1","900001","2019-07-29","批量新增"),
("060074","BN","N","1","TE","9999","*,","00306005","强制黑名单校验","1","900001","2019-07-29","批量新增"),
("060075","BN","N","1","TE","9999","*,","00306005","强制黑名单校验","1","900001","2019-07-29","批量新增"),
("060076","BN","N","1","TE","9999","*,","00306005","强制黑名单校验","1","900001","2019-07-29","批量新增"),
("060077","BN","N","1","TE","9999","*,","00306005","强制黑名单校验","1","900001","2019-07-29","批量新增"),
("060078","BN","N","1","TE","9999","*,","00306006","强制黑名单校验","1","900001","2019-07-29","批量新增"),
("060079","BN","N","1","TE","9999","*,","00306006","强制黑名单校验","1","900001","2019-07-29","批量新增"),
("060080","BN","N","1","TE","9999","*,","00306006","强制黑名单校验","1","900001","2019-07-29","批量新增"),
("060081","BN","N","1","TE","9999","*,","00306006","强制黑名单校验","1","900001","2019-07-29","批量新增"),
("060082","BN","N","1","TE","9999","*,","00306001","强制黑名单校验","1","900001","2019-07-29","批量新增"),
("060083","BN","N","1","TE","9999","*,","00306003","强制黑名单校验","1","900001","2019-07-29","批量新增"),
("060084","BN","N","1","TE","9999","*,","00306003","强制黑名单校验","1","900001","2019-07-29","批量新增"),
("060085","BN","N","1","TE","9999","*,","00306003","强制黑名单校验","1","900001","2019-07-29","批量新增"),
("060086","BN","N","1","TE","9999","*,","00201001","强制黑名单校验","1","900001","2019-07-29","批量新增"),
("060087","BN","N","1","TE","9999","*,","00201010","强制黑名单校验","1","900001","2019-07-29","批量新增"),
("060088","BN","N","1","TE","9999","*,","00201008","强制黑名单校验","1","900001","2019-07-29","批量新增"),
("060089","BN","N","1","TE","9999","*,","00305011","强制黑名单校验","1","900001","2019-07-29","批量新增"),
("060090","BN","N","1","TE","9999","*,","00305009","强制黑名单校验","1","900001","2019-07-29","批量新增"),
("060091","BN","N","1","TE","9999","*,","00504001","强制黑名单校验","1","900001","2019-07-29","批量新增"),
("060092","BN","N","1","TE","9999","*,","00504009","强制黑名单校验","1","900001","2019-07-29","批量新增"),
("060093","BN","N","1","TE","9999","*,","00503002","强制黑名单校验","1","900001","2019-07-29","批量新增"),
("060094","BN","N","1","TE","9999","*,","00503002","强制黑名单校验","1","900001","2019-07-29","批量新增"),
("060095","BN","N","1","TE","9999","*,","00503012_01","强制黑名单校验","1","900001","2019-07-29","批量新增"),
("060096","BN","N","1","TE","9999","*,","00503012_01","强制黑名单校验","1","900001","2019-07-29","批量新增"),
("060097","BN","N","1","TE","9999","*,","00502203","强制黑名单校验","1","900001","2019-07-29","批量新增"),
("060098","BN","N","1","TE","9999","*,","00502204","强制黑名单校验","1","900001","2019-07-29","批量新增"),
("060099","BN","N","1","TE","9999","*,","00502205","强制黑名单校验","1","900001","2019-07-29","批量新增"),
("060100","BN","N","1","TE","9999","*,","00502104","强制黑名单校验","1","900001","2019-07-29","批量新增"),
("060101","BN","N","1","TE","9999","*,","00502006","强制黑名单校验","1","900001","2019-07-29","批量新增"),
("060102","BN","N","1","TE","9999","*,","00502012","强制黑名单校验","1","900001","2019-07-29","批量新增"),
("060103","BN","N","1","TE","9999","*,","00502008","强制黑名单校验","1","900001","2019-07-29","批量新增"),
("060104","BN","N","1","TE","9999","*,","00502010","强制黑名单校验","1","900001","2019-07-29","批量新增"),
("060105","BN","N","1","TE","9999","*,","00501002","强制黑名单校验","1","900001","2019-07-29","批量新增"),
("060106","BN","N","1","TE","9999","*,","00504003","强制黑名单校验","1","900001","2019-07-29","批量新增"),
("060107","BN","N","1","TE","9999","*,","00504002","强制黑名单校验","1","900001","2019-07-29","批量新增"),
("060108","BN","N","1","TE","9999","*,","00504005","强制黑名单校验","1","900001","2019-07-29","批量新增"),
("060109","BN","N","1","TE","9999","*,","00502306","强制黑名单校验","1","900001","2019-07-29","批量新增"),
("060110","BN","N","1","TE","9999","*,","00502307","强制黑名单校验","1","900001","2019-07-29","批量新增"),
("060111","BN","N","1","TE","9999","*,","00502314","强制黑名单校验","1","900001","2019-07-29","批量新增"),
("060112","BN","N","1","TE","9999","*,","00502202","强制黑名单校验","1","900001","2019-07-29","批量新增"),
("060113","BN","N","1","TE","9999","*,","00502102","强制黑名单校验","1","900001","2019-07-29","批量新增"),
("060114","BN","N","1","TE","9999","*,","00502108","强制黑名单校验","1","900001","2019-07-29","批量新增"),
("060115","BN","N","1","TE","9999","*,","00502002","强制黑名单校验","1","900001","2019-07-29","批量新增"),
("060116","BN","N","1","TE","9999","*,","00502004","强制黑名单校验","1","900001","2019-07-29","批量新增"),
("060117","BN","N","1","TE","9999","*,","00501001","强制黑名单校验","1","900001","2019-07-29","批量新增"),
("060118","BN","N","1","TE","9999","*,","00301013","强制黑名单校验","1","900001","2019-07-29","批量新增"),
("060119","BN","N","1","TE","9999","*,","00301013","强制黑名单校验","1","900001","2019-07-29","批量新增"),
("060120","BN","N","1","TE","9999","*,","00301006","强制黑名单校验","1","900001","2019-07-29","批量新增"),
("060121","BN","N","1","TE","9999","*,","00301006","强制黑名单校验","1","900001","2019-07-29","批量新增"),
("060122","BN","N","1","TE","9999","*,","00301007","强制黑名单校验","1","900001","2019-07-29","批量新增"),
("060123","BN","N","1","TE","9999","*,","00301007","强制黑名单校验","1","900001","2019-07-29","批量新增"),
("060124","BN","N","1","TE","9999","*,","00301014","强制黑名单校验","1","900001","2019-07-29","批量新增"),
("060125","BN","N","1","TE","9999","*,","00301014","强制黑名单校验","1","900001","2019-07-29","批量新增"),
("060126","BN","N","1","TE","9999","*,","00302013","强制黑名单校验","1","900001","2019-07-29","批量新增"),
("060127","BN","N","1","TE","9999","*,","00302013","强制黑名单校验","1","900001","2019-07-29","批量新增"),
("060128","BN","N","1","TE","9999","*,","00301018","强制黑名单校验","1","900001","2019-07-29","批量新增"),
("060129","BN","N","1","TE","9999","*,","00301018","强制黑名单校验","1","900001","2019-07-29","批量新增"),
("060130","BN","N","1","TE","9999","*,","00301017","强制黑名单校验","1","900001","2019-07-29","批量新增"),
("060131","BN","N","1","TE","9999","*,","00301017","强制黑名单校验","1","900001","2019-07-29","批量新增"),
("060132","BN","N","1","TE","9999","*,","00301016","强制黑名单校验","1","900001","2019-07-29","批量新增"),
("060133","BN","N","1","TE","9999","*,","00301016","强制黑名单校验","1","900001","2019-07-29","批量新增"),
("060134","BN","N","1","TE","9999","*,","00302003","强制黑名单校验","1","900001","2019-07-29","批量新增"),
("060135","BN","N","1","TE","9999","*,","00302003","强制黑名单校验","1","900001","2019-07-29","批量新增"),
("060136","BN","N","1","TE","9999","*,","00301002","强制黑名单校验","1","900001","2019-07-29","批量新增"),
("060137","BN","N","1","TE","9999","*,","00301002","强制黑名单校验","1","900001","2019-07-29","批量新增"),
("060138","BN","N","1","TE","9999","*,","00302020","强制黑名单校验","1","900001","2019-07-29","批量新增"),
("060139","BN","N","1","TE","9999","*,","00302020","强制黑名单校验","1","900001","2019-07-29","批量新增"),
("060140","BN","N","1","TE","9999","*,","00301015","强制黑名单校验","1","900001","2019-07-29","批量新增"),
("060141","BN","N","1","TE","9999","*,","00301015","强制黑名单校验","1","900001","2019-07-29","批量新增"),
("060142","BN","N","1","TE","9999","*,","00302006","强制黑名单校验","1","900001","2019-07-29","批量新增"),
("060143","BN","N","1","TE","9999","*,","00302006","强制黑名单校验","1","900001","2019-07-29","批量新增"),
("060144","BN","N","1","TE","9999","*,","00302019","强制黑名单校验","1","900001","2019-07-29","批量新增"),
("060145","BN","N","1","TE","9999","*,","00302019","强制黑名单校验","1","900001","2019-07-29","批量新增"),
("060146","BN","N","1","TE","9999","*,","00302019","强制黑名单校验","1","900001","2019-07-29","批量新增"),
("060147","BN","N","1","TE","9999","*,","00301005","强制黑名单校验","1","900001","2019-07-29","批量新增"),
("060148","BN","N","1","TE","9999","*,","00301005","强制黑名单校验","1","900001","2019-07-29","批量新增"),
("060149","BN","N","1","TE","9999","*,","00301005","强制黑名单校验","1","900001","2019-07-29","批量新增"),
("060150","BN","N","1","TE","9999","*,","00302007","强制黑名单校验","1","900001","2019-07-29","批量新增"),
("060151","BN","N","1","TE","9999","*,","00302007","强制黑名单校验","1","900001","2019-07-29","批量新增"),
("060152","BN","N","1","TE","9999","*,","00302007","强制黑名单校验","1","900001","2019-07-29","批量新增"),
("060153","BN","N","1","TE","9999","*,","00302010","强制黑名单校验","1","900001","2019-07-29","批量新增"),
("060154","BN","N","1","TE","9999","*,","00302010","强制黑名单校验","1","900001","2019-07-29","批量新增"),
("060155","BN","N","1","TE","9999","*,","00302010","强制黑名单校验","1","900001","2019-07-29","批量新增"),
("060156","BN","N","1","TE","9999","*,","00302022","强制黑名单校验","1","900001","2019-07-29","批量新增"),
("060157","BN","N","1","TE","9999","*,","00302022","强制黑名单校验","1","900001","2019-07-29","批量新增"),
("060158","BN","N","1","TE","9999","*,","00302022","强制黑名单校验","1","900001","2019-07-29","批量新增"),
("060159","BN","N","1","TE","9999","*,","00302004","强制黑名单校验","1","900001","2019-07-29","批量新增"),
("060160","BN","N","1","TE","9999","*,","00302004","强制黑名单校验","1","900001","2019-07-29","批量新增"),
("060161","BN","N","1","TE","9999","*,","00302004","强制黑名单校验","1","900001","2019-07-29","批量新增"),
("060162","BN","N","1","TE","9999","*,","00302009","强制黑名单校验","1","900001","2019-07-29","批量新增"),
("060163","BN","N","1","TE","9999","*,","00302009","强制黑名单校验","1","900001","2019-07-29","批量新增"),
("060164","BN","N","1","TE","9999","*,","00302009","强制黑名单校验","1","900001","2019-07-29","批量新增"),
("060165","BN","N","1","TE","9999","*,","00302021","强制黑名单校验","1","900001","2019-07-29","批量新增"),
("060166","BN","N","1","TE","9999","*,","00302021","强制黑名单校验","1","900001","2019-07-29","批量新增"),
("060167","BN","N","1","TE","9999","*,","00302021","强制黑名单校验","1","900001","2019-07-29","批量新增"),
("060168","BN","N","1","TE","9999","*,","00302021","强制黑名单校验","1","900001","2019-07-29","批量新增"),
("060169","BN","N","1","TE","9999","*,","00302011","强制黑名单校验","1","900001","2019-07-29","批量新增"),
("060170","BN","N","1","TE","9999","*,","00302011","强制黑名单校验","1","900001","2019-07-29","批量新增"),
("060171","BN","N","1","TE","9999","*,","00302011","强制黑名单校验","1","900001","2019-07-29","批量新增"),
("060172","BN","N","1","TE","9999","*,","00302008","强制黑名单校验","1","900001","2019-07-29","批量新增"),
("060173","BN","N","1","TE","9999","*,","00302008","强制黑名单校验","1","900001","2019-07-29","批量新增"),
("060174","BN","N","1","TE","9999","*,","00302008","强制黑名单校验","1","900001","2019-07-29","批量新增"),
("060175","BN","N","1","TE","9999","*,","00302018","强制黑名单校验","1","900001","2019-07-29","批量新增"),
("060176","BN","N","1","TE","9999","*,","00302018","强制黑名单校验","1","900001","2019-07-29","批量新增"),
("060177","BN","N","1","TE","9999","*,","00302018","强制黑名单校验","1","900001","2019-07-29","批量新增"),
("060178","BN","N","1","TE","9999","*,","00302005","强制黑名单校验","1","900001","2019-07-29","批量新增"),
("060179","BN","N","1","TE","9999","*,","00302005","强制黑名单校验","1","900001","2019-07-29","批量新增"),
("060180","BN","N","1","TE","9999","*,","00302005","强制黑名单校验","1","900001","2019-07-29","批量新增"),
("060181","BN","N","1","TE","9999","*,","00302002","强制黑名单校验","1","900001","2019-07-29","批量新增"),
("060182","BN","N","1","TE","9999","*,","00302002","强制黑名单校验","1","900001","2019-07-29","批量新增"),
("060183","BN","N","1","TE","9999","*,","00302002","强制黑名单校验","1","900001","2019-07-29","批量新增"),
("060184","BN","N","1","TE","9999","*,","00302002","强制黑名单校验","1","900001","2019-07-29","批量新增"),
("060185","BN","N","1","TE","9999","*,","00201004","强制黑名单校验","1","900001","2019-07-29","批量新增"),
("060186","BN","N","1","TE","9999","*,","00303001","强制黑名单校验","1","900001","2019-07-29","批量新增"),
("060187","BN","N","1","TE","9999","*,","00303001","强制黑名单校验","1","900001","2019-07-29","批量新增");
-- IB_OM_RULECOND_INFO insert
INSERT INTO IB_OM_RULECOND_INFO (OPRTN_COND_NO,DICTRY_NM,OPER_SYM_1,CMPR_VAL,OPER_SYM_2,VALUE2,TRAN_CD,COND_DESCR,OPER_TELR_NO,OPER_DT,OPER_RSN,CMPR_VAL_DATA_DICTRY_FLG,PUB_DICTRY_FLG,DICTRY_DESCR) VALUES

("BN60008","blackList","==","1","","","00101004","强制黑名单校验","900001","2019-07-29","批量新增","1","0","强制黑名单校验"),
("BN60009","blackList","==","2","","","00101004","强制黑名单校验","900001","2019-07-29","批量新增","1","0","强制黑名单校验"),
("BN60019","whitchBlackCond","==","1","","","00102005","黑名单条件一","900001","2019-07-29","批量新增","1","0","黑名单条件一"),
("BN60020","whitchBlackCond","==","2","","","00102005","黑名单条件二","900001","2019-07-29","批量新增","1","0","黑名单条件二");
-- IB_OM_RULECOND_RLT insert
INSERT INTO IB_OM_RULECOND_RLT (RULE_COND_NO,CMPL_MODE_FLG,OPRTN_RULE_NO) VALUES

("BN60000","0","060000"),
("BN60001","0","060001"),
("BN60002","0","060002"),
("BN60003","0","060003"),
("BN60004","0","060004"),
("BN60005","0","060005"),
("BN60006","0","060006"),
("BN60007","0","060007"),
("BN60008","1","060008"),
("BN60009","1","060009"),
("BN60010","0","060010"),
("BN60011","0","060011"),
("BN60012","0","060012"),
("BN60013","0","060013"),
("BN60014","0","060014"),
("BN60015","0","060015"),
("BN60016","0","060016"),
("BN60017","0","060017"),
("BN60018","0","060018"),
("BN60019","1","060019"),
("BN60020","1","060020"),
("BN60021","0","060021"),
("BN60022","0","060022"),
("BN60023","0","060023"),
("BN60024","0","060024"),
("BN60025","0","060025"),
("BN60026","0","060026"),
("BN60027","0","060027"),
("BN60028","0","060028"),
("BN60029","0","060029"),
("BN60030","0","060030"),
("BN60031","0","060031"),
("BN60032","0","060032"),
("BN60033","0","060033"),
("BN60034","0","060034"),
("BN60035","0","060035"),
("BN60036","0","060036"),
("BN60037","0","060037"),
("BN60038","0","060038"),
("BN60039","0","060039"),
("BN60040","0","060040"),
("BN60041","0","060041"),
("BN60042","0","060042"),
("BN60043","0","060043"),
("BN60044","0","060044"),
("BN60045","0","060045"),
("BN60046","0","060046"),
("BN60047","0","060047"),
("BN60048","0","060048"),
("BN60049","0","060049"),
("BN60050","0","060050"),
("BN60051","0","060051"),
("BN60052","0","060052"),
("BN60053","0","060053"),
("BN60054","0","060054"),
("BN60055","0","060055"),
("BN60056","0","060056"),
("BN60057","0","060057"),
("BN60058","0","060058"),
("BN60059","0","060059"),
("BN60060","0","060060"),
("BN60061","0","060061"),
("BN60062","0","060062"),
("BN60063","0","060063"),
("BN60064","0","060064"),
("BN60065","0","060065"),
("BN60066","0","060066"),
("BN60067","0","060067"),
("BN60068","0","060068"),
("BN60069","0","060069"),
("BN60070","0","060070"),
("BN60071","0","060071"),
("BN60072","0","060072"),
("BN60073","0","060073"),
("BN60074","0","060074"),
("BN60075","0","060075"),
("BN60076","0","060076"),
("BN60077","0","060077"),
("BN60078","0","060078"),
("BN60079","0","060079"),
("BN60080","0","060080"),
("BN60081","0","060081"),
("BN60082","0","060082"),
("BN60083","0","060083"),
("BN60084","0","060084"),
("BN60085","0","060085"),
("BN60086","0","060086"),
("BN60087","0","060087"),
("BN60088","0","060088"),
("BN60089","0","060089"),
("BN60090","0","060090"),
("BN60091","0","060091"),
("BN60092","0","060092"),
("BN60093","0","060093"),
("BN60094","0","060094"),
("BN60095","0","060095"),
("BN60096","0","060096"),
("BN60097","0","060097"),
("BN60098","0","060098"),
("BN60099","0","060099"),
("BN60100","0","060100"),
("BN60101","0","060101"),
("BN60102","0","060102"),
("BN60103","0","060103"),
("BN60104","0","060104"),
("BN60105","0","060105"),
("BN60106","0","060106"),
("BN60107","0","060107"),
("BN60108","0","060108"),
("BN60109","0","060109"),
("BN60110","0","060110"),
("BN60111","0","060111"),
("BN60112","0","060112"),
("BN60113","0","060113"),
("BN60114","0","060114"),
("BN60115","0","060115"),
("BN60116","0","060116"),
("BN60117","0","060117"),
("BN60118","0","060118"),
("BN60119","0","060119"),
("BN60120","0","060120"),
("BN60121","0","060121"),
("BN60122","0","060122"),
("BN60123","0","060123"),
("BN60124","0","060124"),
("BN60125","0","060125"),
("BN60126","0","060126"),
("BN60127","0","060127"),
("BN60128","0","060128"),
("BN60129","0","060129"),
("BN60130","0","060130"),
("BN60131","0","060131"),
("BN60132","0","060132"),
("BN60133","0","060133"),
("BN60134","0","060134"),
("BN60135","0","060135"),
("BN60136","0","060136"),
("BN60137","0","060137"),
("BN60138","0","060138"),
("BN60139","0","060139"),
("BN60140","0","060140"),
("BN60141","0","060141"),
("BN60142","0","060142"),
("BN60143","0","060143"),
("BN60144","0","060144"),
("BN60145","0","060145"),
("BN60146","0","060146"),
("BN60147","0","060147"),
("BN60148","0","060148"),
("BN60149","0","060149"),
("BN60150","0","060150"),
("BN60151","0","060151"),
("BN60152","0","060152"),
("BN60153","0","060153"),
("BN60154","0","060154"),
("BN60155","0","060155"),
("BN60156","0","060156"),
("BN60157","0","060157"),
("BN60158","0","060158"),
("BN60159","0","060159"),
("BN60160","0","060160"),
("BN60161","0","060161"),
("BN60162","0","060162"),
("BN60163","0","060163"),
("BN60164","0","060164"),
("BN60165","0","060165"),
("BN60166","0","060166"),
("BN60167","0","060167"),
("BN60168","0","060168"),
("BN60169","0","060169"),
("BN60170","0","060170"),
("BN60171","0","060171"),
("BN60172","0","060172"),
("BN60173","0","060173"),
("BN60174","0","060174"),
("BN60175","0","060175"),
("BN60176","0","060176"),
("BN60177","0","060177"),
("BN60178","0","060178"),
("BN60179","0","060179"),
("BN60180","0","060180"),
("BN60181","0","060181"),
("BN60182","0","060182"),
("BN60183","0","060183"),
("BN60184","0","060184"),
("BN60185","0","060185"),
("BN60186","0","060186"),
("BN60187","0","060187");
-- IB_OM_MODE_INFO insert
INSERT INTO IB_OM_MODE_INFO (RULE_MODE_NO,FIELD_SEQ_NO,FIELD_NM,FIELD_DICTRY_NM,RULE_MODE_TYP_CD) VALUES

("BN60000","1","blockCodeStr","1042000027,1042000028,1042000032,1042000033,1042000034,1042000040,1042000041","BN"),
("BN60000","2","checkFields","","BN"),
("BN60001","3","blockCodeStr","1042000027,1042000028,1042000032,1042000033,1042000034,1042000040,1042000041","BN"),
("BN60001","4","checkFields","","BN"),
("BN60002","5","blockCodeStr","1042000027,1042000028,1042000032,1042000033,1042000034,1042000040,1042000041","BN"),
("BN60002","6","checkFields","","BN"),
("BN60003","7","blockCodeStr","1042000027,1042000028,1042000032,1042000033,1042000034,1042000040,1042000041","BN"),
("BN60003","8","checkFields","","BN"),
("BN60004","9","blockCodeStr","1042000027,1042000028,1042000032,1042000033,1042000034,1042000040,1042000041","BN"),
("BN60004","10","checkFields","","BN"),
("BN60005","11","blockCodeStr","1042000027,1042000028,1042000032,1042000033,1042000034,1042000040,1042000041","BN"),
("BN60005","12","checkFields","","BN"),
("BN60006","13","blockCodeStr","1042000027,1042000028,1042000032,1042000033,1042000034,1042000040,1042000041","BN"),
("BN60006","14","checkFields","","BN"),
("BN60007","15","blockCodeStr","1042000027,1042000028,1042000032,1042000033,1042000034,1042000040,1042000041","BN"),
("BN60007","16","checkFields","","BN"),
("BN60008","17","blockCodeStr","1042000027,1042000028,1042000032,1042000033,1042000034,1042000040,1042000041","BN"),
("BN60008","18","checkFields","","BN"),
("BN60009","19","blockCodeStr","","BN"),
("BN60009","20","checkFields","","BN"),
("BN60010","21","blockCodeStr","1042000027,1042000028,1042000032,1042000033,1042000034,1042000040,1042000041","BN"),
("BN60010","22","checkFields","","BN"),
("BN60011","23","blockCodeStr","1042000027,1042000028,1042000032,1042000033,1042000034,1042000040,1042000041","BN"),
("BN60011","24","checkFields","","BN"),
("BN60012","25","blockCodeStr","1042000027,1042000028,1042000032,1042000033,1042000034,1042000040,1042000041","BN"),
("BN60012","26","checkFields","","BN"),
("BN60013","27","blockCodeStr","1042000027,1042000028,1042000032,1042000033,1042000034,1042000040,1042000041","BN"),
("BN60013","28","checkFields","","BN"),
("BN60014","29","blockCodeStr","1042000027,1042000028,1042000032,1042000033,1042000034,1042000040,1042000041","BN"),
("BN60014","30","checkFields","","BN"),
("BN60015","31","blockCodeStr","1042000027,1042000028,1042000032,1042000033,1042000034,1042000040,1042000041","BN"),
("BN60015","32","checkFields","","BN"),
("BN60016","33","blockCodeStr","1042000027,1042000028,1042000032,1042000033,1042000034,1042000040,1042000041","BN"),
("BN60016","34","checkFields","","BN"),
("BN60017","35","blockCodeStr","1042000027,1042000028,1042000032,1042000033,1042000034,1042000040,1042000041","BN"),
("BN60017","36","checkFields","","BN"),
("BN60018","37","blockCodeStr","","BN"),
("BN60018","38","checkFields","","BN"),
("BN60019","39","blockCodeStr","","BN"),
("BN60019","40","checkFields","this.cardNo","BN"),
("BN60020","41","blockCodeStr","1042000027,1042000028,1042000032,1042000033,1042000034,1042000040,1042000041","BN"),
("BN60020","42","checkFields","this.crtfNbr","BN"),
("BN60021","43","blockCodeStr","1042000027,1042000028,1042000032,1042000033,1042000034,1042000040,1042000041","BN"),
("BN60021","44","checkFields","","BN"),
("BN60022","47","blockCodeStr","1042000027,1042000028,1042000032,1042000033,1042000034,1042000040,1042000041","BN"),
("BN60022","48","checkFields","","BN"),
("BN60023","49","blockCodeStr","1042000027,1042000028,1042000032,1042000033,1042000034,1042000040,1042000041","BN"),
("BN60023","50","checkFields","","BN"),
("BN60024","51","blockCodeStr","1042000027,1042000028,1042000032,1042000033,1042000034,1042000040,1042000041","BN"),
("BN60024","52","checkFields","","BN"),
("BN60025","53","blockCodeStr","1042000027,1042000028,1042000032,1042000033,1042000034,1042000040,1042000041","BN"),
("BN60025","54","checkFields","","BN"),
("BN60026","55","blockCodeStr","1042000027,1042000028,1042000032,1042000033,1042000034,1042000040,1042000041","BN"),
("BN60026","56","checkFields","","BN"),
("BN60027","57","blockCodeStr","1042000027,1042000028,1042000032,1042000033,1042000034,1042000040,1042000041","BN"),
("BN60027","58","checkFields","","BN"),
("BN60028","59","blockCodeStr","1042000027,1042000028,1042000032,1042000033,1042000034,1042000040,1042000041","BN"),
("BN60028","60","checkFields","","BN"),
("BN60029","61","blockCodeStr","1042000027,1042000028,1042000032,1042000033,1042000034,1042000040,1042000041","BN"),
("BN60029","62","checkFields","","BN"),
("BN60030","63","blockCodeStr","1042000027,1042000028,1042000032,1042000033,1042000034,1042000040,1042000041","BN"),
("BN60030","64","checkFields","","BN"),
("BN60031","65","blockCodeStr","1042000027,1042000028,1042000032,1042000033,1042000034,1042000040,1042000041","BN"),
("BN60031","66","checkFields","","BN"),
("BN60032","67","blockCodeStr","1042000027,1042000028,1042000032,1042000033,1042000034,1042000040,1042000041","BN"),
("BN60032","68","checkFields","","BN"),
("BN60033","69","blockCodeStr","1042000022,1042000023,1042000024,1042000025,1042000026,1042000027,1042000028,1042000032,1042000033,1042000034,1042000040,1042000041","BN"),
("BN60033","70","checkFields","","BN"),
("BN60034","71","blockCodeStr","1042000022,1042000023,1042000024,1042000025,1042000026,1042000027,1042000028,1042000032,1042000033,1042000034,1042000040,1042000041","BN"),
("BN60034","72","checkFields","","BN"),
("BN60035","73","blockCodeStr","1042000022,1042000023,1042000024,1042000025,1042000026,1042000027,1042000028,1042000032,1042000033,1042000034,1042000040,1042000041","BN"),
("BN60035","74","checkFields","","BN"),
("BN60036","75","blockCodeStr","1042000022,1042000023,1042000024,1042000025,1042000026,1042000027,1042000028,1042000032,1042000033,1042000034,1042000040,1042000041","BN"),
("BN60036","76","checkFields","","BN"),
("BN60037","77","blockCodeStr","1042000022,1042000023,1042000024,1042000025,1042000026,1042000027,1042000028,1042000032,1042000033,1042000034,1042000040,1042000041","BN"),
("BN60037","78","checkFields","","BN"),
("BN60038","79","blockCodeStr","1042000027,1042000028,1042000032,1042000033,1042000034,1042000040,1042000041","BN"),
("BN60038","80","checkFields","","BN"),
("BN60039","81","blockCodeStr","1042000027,1042000028,1042000032,1042000033,1042000034,1042000040,1042000041","BN"),
("BN60039","82","checkFields","","BN"),
("BN60040","83","blockCodeStr","1042000027,1042000028,1042000032,1042000033,1042000034,1042000040,1042000041","BN"),
("BN60040","84","checkFields","","BN"),
("BN60041","85","blockCodeStr","1042000027,1042000028,1042000032,1042000033,1042000034,1042000040,1042000041","BN"),
("BN60041","86","checkFields","","BN"),
("BN60042","87","blockCodeStr","1042000027,1042000028,1042000032,1042000033,1042000034,1042000040,1042000041","BN"),
("BN60042","88","checkFields","","BN"),
("BN60043","89","blockCodeStr","1042000027,1042000028,1042000032,1042000033,1042000034,1042000040,1042000041","BN"),
("BN60043","90","checkFields","","BN"),
("BN60044","91","blockCodeStr","1042000027,1042000028,1042000032,1042000033,1042000034,1042000040,1042000041","BN"),
("BN60044","92","checkFields","","BN"),
("BN60045","93","blockCodeStr","1042000027,1042000028,1042000032,1042000033,1042000034,1042000040,1042000041","BN"),
("BN60045","94","checkFields","","BN"),
("BN60046","95","blockCodeStr","1042000027,1042000028,1042000032,1042000033,1042000034,1042000040,1042000041","BN"),
("BN60046","96","checkFields","","BN"),
("BN60047","97","blockCodeStr","1042000027,1042000028,1042000032,1042000033,1042000034,1042000040,1042000041","BN"),
("BN60047","98","checkFields","","BN"),
("BN60048","99","blockCodeStr","1042000027,1042000028,1042000032,1042000033,1042000034,1042000040,1042000041","BN"),
("BN60048","100","checkFields","","BN"),
("BN60049","101","blockCodeStr","1042000027,1042000028,1042000032,1042000033,1042000034,1042000040,1042000041","BN"),
("BN60049","102","checkFields","","BN"),
("BN60050","103","blockCodeStr","1042000027,1042000028,1042000032,1042000033,1042000034,1042000040,1042000041","BN"),
("BN60050","104","checkFields","","BN"),
("BN60051","105","blockCodeStr","1042000027,1042000028,1042000032,1042000033,1042000034,1042000040,1042000041","BN"),
("BN60051","106","checkFields","","BN"),
("BN60052","107","blockCodeStr","1042000027,1042000028,1042000032,1042000033,1042000034,1042000040,1042000041","BN"),
("BN60052","108","checkFields","","BN"),
("BN60053","109","blockCodeStr","1042000027,1042000028,1042000032,1042000033,1042000034,1042000040,1042000041","BN"),
("BN60053","110","checkFields","","BN"),
("BN60054","111","blockCodeStr","1042000027,1042000028,1042000032,1042000033,1042000034,1042000040,1042000041","BN"),
("BN60054","112","checkFields","","BN"),
("BN60055","113","blockCodeStr","1042000027,1042000028,1042000032,1042000033,1042000034,1042000040,1042000041","BN"),
("BN60055","114","checkFields","","BN"),
("BN60056","115","blockCodeStr","1042000027,1042000028,1042000032,1042000033,1042000034,1042000040,1042000041","BN"),
("BN60056","116","checkFields","","BN"),
("BN60057","117","blockCodeStr","1042000027,1042000028,1042000032,1042000033,1042000034,1042000040,1042000041","BN"),
("BN60057","118","checkFields","","BN"),
("BN60058","119","blockCodeStr","1042000027,1042000028,1042000032,1042000033,1042000034,1042000040,1042000041","BN"),
("BN60058","120","checkFields","","BN"),
("BN60059","121","blockCodeStr","1042000027,1042000028,1042000032,1042000033,1042000034,1042000040,1042000041","BN"),
("BN60059","122","checkFields","","BN"),
("BN60060","123","blockCodeStr","1042000027,1042000028,1042000032,1042000033,1042000034,1042000040,1042000041","BN"),
("BN60060","124","checkFields","","BN"),
("BN60061","125","blockCodeStr","1042000027,1042000028,1042000032,1042000033,1042000034,1042000040,1042000041","BN"),
("BN60061","126","checkFields","","BN"),
("BN60062","127","blockCodeStr","1042000027,1042000028,1042000032,1042000033,1042000034,1042000040,1042000041","BN"),
("BN60062","128","checkFields","","BN"),
("BN60063","129","blockCodeStr","1042000027,1042000028,1042000032,1042000033,1042000034,1042000040,1042000041","BN"),
("BN60063","130","checkFields","","BN"),
("BN60064","131","blockCodeStr","1042000027,1042000028,1042000032,1042000033,1042000034,1042000040,1042000041","BN"),
("BN60064","132","checkFields","","BN"),
("BN60065","133","blockCodeStr","1042000027,1042000028,1042000032,1042000033,1042000034,1042000040,1042000041","BN"),
("BN60065","134","checkFields","","BN"),
("BN60066","135","blockCodeStr","1042000027,1042000028,1042000032,1042000033,1042000034,1042000040,1042000041","BN"),
("BN60066","136","checkFields","","BN"),
("BN60067","137","blockCodeStr","1042000027,1042000028,1042000032,1042000033,1042000034,1042000040,1042000041","BN"),
("BN60067","138","checkFields","","BN"),
("BN60068","139","blockCodeStr","1042000027,1042000028,1042000032,1042000033,1042000034,1042000040,1042000041","BN"),
("BN60068","140","checkFields","","BN"),
("BN60069","141","blockCodeStr","1042000027,1042000028,1042000032,1042000033,1042000034,1042000040,1042000041","BN"),
("BN60069","142","checkFields","","BN"),
("BN60070","143","blockCodeStr","1042000027,1042000028,1042000032,1042000033,1042000034,1042000040,1042000041","BN"),
("BN60070","144","checkFields","","BN"),
("BN60071","145","blockCodeStr","1042000027,1042000028,1042000032,1042000033,1042000034,1042000040,1042000041","BN"),
("BN60071","146","checkFields","","BN"),
("BN60072","147","blockCodeStr","1042000027,1042000028,1042000032,1042000033,1042000034,1042000040,1042000041","BN"),
("BN60072","148","checkFields","","BN"),
("BN60073","149","blockCodeStr","1042000027,1042000028,1042000032,1042000033,1042000034,1042000040,1042000041","BN"),
("BN60073","150","checkFields","","BN"),
("BN60074","151","blockCodeStr","1042000027,1042000028,1042000032,1042000033,1042000034,1042000040,1042000041","BN"),
("BN60074","152","checkFields","","BN"),
("BN60075","153","blockCodeStr","1042000027,1042000028,1042000032,1042000033,1042000034,1042000040,1042000041","BN"),
("BN60075","154","checkFields","","BN"),
("BN60076","155","blockCodeStr","1042000027,1042000028,1042000032,1042000033,1042000034,1042000040,1042000041","BN"),
("BN60076","156","checkFields","","BN"),
("BN60077","157","blockCodeStr","1042000027,1042000028,1042000032,1042000033,1042000034,1042000040,1042000041","BN"),
("BN60077","158","checkFields","","BN"),
("BN60078","159","blockCodeStr","1042000027,1042000028,1042000032,1042000033,1042000034,1042000040,1042000041","BN"),
("BN60078","160","checkFields","","BN"),
("BN60079","161","blockCodeStr","1042000027,1042000028,1042000032,1042000033,1042000034,1042000040,1042000041","BN"),
("BN60079","162","checkFields","","BN"),
("BN60080","163","blockCodeStr","1042000027,1042000028,1042000032,1042000033,1042000034,1042000040,1042000041","BN"),
("BN60080","164","checkFields","","BN"),
("BN60081","165","blockCodeStr","1042000027,1042000028,1042000032,1042000033,1042000034,1042000040,1042000041","BN"),
("BN60081","166","checkFields","","BN"),
("BN60082","167","blockCodeStr","1042000027,1042000028,1042000032,1042000033,1042000034,1042000040,1042000041","BN"),
("BN60082","168","checkFields","","BN"),
("BN60083","169","blockCodeStr","1042000027,1042000028,1042000032,1042000033,1042000034,1042000040,1042000041","BN"),
("BN60083","170","checkFields","","BN"),
("BN60084","171","blockCodeStr","1042000027,1042000028,1042000032,1042000033,1042000034,1042000040,1042000041","BN"),
("BN60084","172","checkFields","","BN"),
("BN60085","173","blockCodeStr","1042000027,1042000028,1042000032,1042000033,1042000034,1042000040,1042000041","BN"),
("BN60085","174","checkFields","","BN"),
("BN60086","175","blockCodeStr","1042000027,1042000028,1042000032,1042000033,1042000034,1042000040,1042000041","BN"),
("BN60086","176","checkFields","","BN"),
("BN60087","177","blockCodeStr","1042000027,1042000028,1042000032,1042000033,1042000034,1042000040,1042000041","BN"),
("BN60087","178","checkFields","","BN"),
("BN60088","179","blockCodeStr","1042000027,1042000028,1042000032,1042000033,1042000034,1042000040,1042000041","BN"),
("BN60088","180","checkFields","","BN"),
("BN60089","181","blockCodeStr","1042000027,1042000028,1042000032,1042000033,1042000034,1042000040,1042000041","BN"),
("BN60089","182","checkFields","","BN"),
("BN60090","183","blockCodeStr","1042000027,1042000028,1042000032,1042000033,1042000034,1042000040,1042000041","BN"),
("BN60090","184","checkFields","","BN"),
("BN60091","185","blockCodeStr","1042000023,1042000024,1042000025,
1042000026,1042000027,1042000028,1042000035,1042000038","BN"),
("BN60091","186","checkFields","","BN"),
("BN60092","187","blockCodeStr","1042000023,1042000024,1042000025,
1042000026,1042000027,1042000028,1042000035,1042000038","BN"),
("BN60092","188","checkFields","","BN"),
("BN60093","189","blockCodeStr","1042000023,1042000024,1042000025,
1042000026,1042000027,1042000028,1042000035,1042000038","BN"),
("BN60093","190","checkFields","","BN"),
("BN60094","191","blockCodeStr","1042000023,1042000024,1042000025,
1042000026,1042000027,1042000028,1042000035,1042000038","BN"),
("BN60094","192","checkFields","","BN"),
("BN60095","193","blockCodeStr","1042000023,1042000024,1042000025,
1042000026,1042000027,1042000028,1042000035,1042000038","BN"),
("BN60095","194","checkFields","","BN"),
("BN60096","195","blockCodeStr","1042000023,1042000024,1042000025,
1042000026,1042000027,1042000028,1042000035,1042000038","BN"),
("BN60096","196","checkFields","","BN"),
("BN60097","197","blockCodeStr","1042000023,1042000024,1042000025,
1042000026,1042000027,1042000028,1042000035,1042000038","BN"),
("BN60097","198","checkFields","","BN"),
("BN60098","199","blockCodeStr","1042000023,1042000024,1042000025,
1042000026,1042000027,1042000028,1042000035,1042000038","BN"),
("BN60098","200","checkFields","","BN"),
("BN60099","201","blockCodeStr","1042000023,1042000024,1042000025,
1042000026,1042000027,1042000028,1042000035,1042000038","BN"),
("BN60099","202","checkFields","","BN"),
("BN60100","203","blockCodeStr","1042000023,1042000024,1042000025,
1042000026,1042000027,1042000028,1042000035,1042000038","BN"),
("BN60100","204","checkFields","","BN"),
("BN60101","205","blockCodeStr","1042000023,1042000024,1042000025,
1042000026,1042000027,1042000028,1042000035,1042000038","BN"),
("BN60101","206","checkFields","","BN"),
("BN60102","207","blockCodeStr","1042000023,1042000024,1042000025,
1042000026,1042000027,1042000028,1042000035,1042000038","BN"),
("BN60102","208","checkFields","","BN"),
("BN60103","209","blockCodeStr","1042000023,1042000024,1042000025,
1042000026,1042000027,1042000028,1042000035,1042000038","BN"),
("BN60103","210","checkFields","","BN"),
("BN60104","211","blockCodeStr","1042000023,1042000024,1042000025,
1042000026,1042000027,1042000028,1042000035,1042000038","BN"),
("BN60104","212","checkFields","","BN"),
("BN60105","213","blockCodeStr","1042000023,1042000024,1042000025,
1042000026,1042000027,1042000028,1042000035,1042000038","BN"),
("BN60105","214","checkFields","","BN"),
("BN60106","215","blockCodeStr","1042000023,1042000024,1042000025,
1042000026,1042000027,1042000028,1042000035,1042000038","BN"),
("BN60106","216","checkFields","","BN"),
("BN60107","217","blockCodeStr","1042000023,1042000024,1042000025,
1042000026,1042000027,1042000028,1042000035,1042000038","BN"),
("BN60107","218","checkFields","","BN"),
("BN60108","219","blockCodeStr","1042000023,1042000024,1042000025,
1042000026,1042000027,1042000028,1042000035,1042000038","BN"),
("BN60108","220","checkFields","","BN"),
("BN60109","221","blockCodeStr","1042000023,1042000024,1042000025,
1042000026,1042000027,1042000028,1042000035,1042000038","BN"),
("BN60109","222","checkFields","","BN"),
("BN60110","223","blockCodeStr","1042000023,1042000024,1042000025,
1042000026,1042000027,1042000028,1042000035,1042000038","BN"),
("BN60110","224","checkFields","","BN"),
("BN60111","225","blockCodeStr","1042000023,1042000024,1042000025,
1042000026,1042000027,1042000028,1042000035,1042000038","BN"),
("BN60111","226","checkFields","","BN"),
("BN60112","227","blockCodeStr","1042000023,1042000024,1042000025,
1042000026,1042000027,1042000028,1042000035,1042000038","BN"),
("BN60112","228","checkFields","","BN"),
("BN60113","229","blockCodeStr","1042000023,1042000024,1042000025,
1042000026,1042000027,1042000028,1042000035,1042000038","BN"),
("BN60113","230","checkFields","","BN"),
("BN60114","231","blockCodeStr","1042000023,1042000024,1042000025,
1042000026,1042000027,1042000028,1042000035,1042000038","BN"),
("BN60114","232","checkFields","","BN"),
("BN60115","233","blockCodeStr","1042000023,1042000024,1042000025,
1042000026,1042000027,1042000028,1042000035,1042000038","BN"),
("BN60115","234","checkFields","","BN"),
("BN60116","235","blockCodeStr","1042000023,1042000024,1042000025,
1042000026,1042000027,1042000028,1042000035,1042000038","BN"),
("BN60116","236","checkFields","","BN"),
("BN60117","237","blockCodeStr","1042000023,1042000024,1042000025,
1042000026,1042000027,1042000028,1042000035,1042000038","BN"),
("BN60117","238","checkFields","","BN"),
("BN60118","239","blockCodeStr","1042000027,1042000028,1042000032,1042000033,1042000034,1042000040,1042000041","BN"),
("BN60118","240","checkFields","","BN"),
("BN60119","241","blockCodeStr","1042000027,1042000028,1042000032,1042000033,1042000034,1042000040,1042000041","BN"),
("BN60119","242","checkFields","","BN"),
("BN60120","243","blockCodeStr","1042000027,1042000028,1042000032,1042000033,1042000034,1042000040,1042000041","BN"),
("BN60120","244","checkFields","","BN"),
("BN60121","245","blockCodeStr","1042000027,1042000028,1042000032,1042000033,1042000034,1042000040,1042000041","BN"),
("BN60121","246","checkFields","","BN"),
("BN60122","247","blockCodeStr","1042000027,1042000028,1042000032,1042000033,1042000034,1042000040,1042000041","BN"),
("BN60122","248","checkFields","","BN"),
("BN60123","249","blockCodeStr","1042000027,1042000028,1042000032,1042000033,1042000034,1042000040,1042000041","BN"),
("BN60123","250","checkFields","","BN"),
("BN60124","251","blockCodeStr","1042000027,1042000028,1042000032,1042000033,1042000034,1042000040,1042000041","BN"),
("BN60124","252","checkFields","","BN"),
("BN60125","253","blockCodeStr","1042000027,1042000028,1042000032,1042000033,1042000034,1042000040,1042000041","BN"),
("BN60125","254","checkFields","","BN"),
("BN60126","255","blockCodeStr","1042000027,1042000028,1042000032,1042000033,1042000034,1042000040,1042000041","BN"),
("BN60126","256","checkFields","","BN"),
("BN60127","257","blockCodeStr","1042000027,1042000028,1042000032,1042000033,1042000034,1042000040,1042000041","BN"),
("BN60127","258","checkFields","","BN"),
("BN60128","259","blockCodeStr","1042000027,1042000028,1042000032,1042000033,1042000034,1042000040,1042000041","BN"),
("BN60128","260","checkFields","","BN"),
("BN60129","261","blockCodeStr","1042000027,1042000028,1042000032,1042000033,1042000034,1042000040,1042000041","BN"),
("BN60129","262","checkFields","","BN"),
("BN60130","263","blockCodeStr","1042000027,1042000028,1042000032,1042000033,1042000034,1042000040,1042000041","BN"),
("BN60130","264","checkFields","","BN"),
("BN60131","265","blockCodeStr","1042000027,1042000028,1042000032,1042000033,1042000034,1042000040,1042000041","BN"),
("BN60131","266","checkFields","","BN"),
("BN60132","267","blockCodeStr","1042000027,1042000028,1042000032,1042000033,1042000034,1042000040,1042000041","BN"),
("BN60132","268","checkFields","","BN"),
("BN60133","269","blockCodeStr","1042000027,1042000028,1042000032,1042000033,1042000034,1042000040,1042000041","BN"),
("BN60133","270","checkFields","","BN"),
("BN60134","271","blockCodeStr","1042000027,1042000028,1042000032,1042000033,1042000034,1042000040,1042000041","BN"),
("BN60134","272","checkFields","","BN"),
("BN60135","273","blockCodeStr","1042000027,1042000028,1042000032,1042000033,1042000034,1042000040,1042000041","BN"),
("BN60135","274","checkFields","","BN"),
("BN60136","275","blockCodeStr","1042000027,1042000028,1042000032,1042000033,1042000034,1042000040,1042000041","BN"),
("BN60136","276","checkFields","","BN"),
("BN60137","277","blockCodeStr","1042000027,1042000028,1042000032,1042000033,1042000034,1042000040,1042000041","BN"),
("BN60137","278","checkFields","","BN"),
("BN60138","279","blockCodeStr","1042000027,1042000028,1042000032,1042000033,1042000034,1042000040,1042000041","BN"),
("BN60138","280","checkFields","","BN"),
("BN60139","281","blockCodeStr","1042000027,1042000028,1042000032,1042000033,1042000034,1042000040,1042000041","BN"),
("BN60139","282","checkFields","","BN"),
("BN60140","283","blockCodeStr","1042000027,1042000028,1042000032,1042000033,1042000034,1042000040,1042000041","BN"),
("BN60140","284","checkFields","","BN"),
("BN60141","285","blockCodeStr","1042000027,1042000028,1042000032,1042000033,1042000034,1042000040,1042000041","BN"),
("BN60141","286","checkFields","","BN"),
("BN60142","287","blockCodeStr","1042000027,1042000028,1042000032,1042000033,1042000034,1042000040,1042000041","BN"),
("BN60142","288","checkFields","","BN"),
("BN60143","291","blockCodeStr","1042000027,1042000028,1042000032,1042000033,1042000034,1042000040,1042000041","BN"),
("BN60143","292","checkFields","","BN"),
("BN60144","293","blockCodeStr","1042000027,1042000028,1042000032,1042000033,1042000034,1042000040,1042000041","BN"),
("BN60144","294","checkFields","","BN"),
("BN60145","295","blockCodeStr","1042000027,1042000028,1042000032,1042000033,1042000034,1042000040,1042000041","BN"),
("BN60145","296","checkFields","","BN"),
("BN60146","297","blockCodeStr","1042000027,1042000028,1042000032,1042000033,1042000034,1042000040,1042000041","BN"),
("BN60146","298","checkFields","","BN"),
("BN60147","299","blockCodeStr","1042000027,1042000028,1042000032,1042000033,1042000034,1042000040,1042000041","BN"),
("BN60147","300","checkFields","","BN"),
("BN60148","301","blockCodeStr","1042000027,1042000028,1042000032,1042000033,1042000034,1042000040,1042000041","BN"),
("BN60148","302","checkFields","","BN"),
("BN60149","303","blockCodeStr","1042000027,1042000028,1042000032,1042000033,1042000034,1042000040,1042000041","BN"),
("BN60149","304","checkFields","","BN"),
("BN60150","305","blockCodeStr","1042000027,1042000028,1042000032,1042000033,1042000034,1042000040,1042000041","BN"),
("BN60150","306","checkFields","","BN"),
("BN60151","307","blockCodeStr","1042000027,1042000028,1042000032,1042000033,1042000034,1042000040,1042000041","BN"),
("BN60151","308","checkFields","","BN"),
("BN60152","309","blockCodeStr","1042000027,1042000028,1042000032,1042000033,1042000034,1042000040,1042000041","BN"),
("BN60152","310","checkFields","","BN"),
("BN60153","311","blockCodeStr","1042000027,1042000028,1042000032,1042000033,1042000034,1042000040,1042000041","BN"),
("BN60153","312","checkFields","","BN"),
("BN60154","313","blockCodeStr","1042000027,1042000028,1042000032,1042000033,1042000034,1042000040,1042000041","BN"),
("BN60154","314","checkFields","","BN"),
("BN60155","315","blockCodeStr","1042000027,1042000028,1042000032,1042000033,1042000034,1042000040,1042000041","BN"),
("BN60155","316","checkFields","","BN"),
("BN60156","317","blockCodeStr","1042000027,1042000028,1042000032,1042000033,1042000034,1042000040,1042000041","BN"),
("BN60156","318","checkFields","","BN"),
("BN60157","319","blockCodeStr","1042000027,1042000028,1042000032,1042000033,1042000034,1042000040,1042000041","BN"),
("BN60157","320","checkFields","","BN"),
("BN60158","321","blockCodeStr","1042000027,1042000028,1042000032,1042000033,1042000034,1042000040,1042000041","BN"),
("BN60158","322","checkFields","","BN"),
("BN60159","323","blockCodeStr","1042000027,1042000028,1042000032,1042000033,1042000034,1042000040,1042000041","BN"),
("BN60159","324","checkFields","","BN"),
("BN60160","325","blockCodeStr","1042000027,1042000028,1042000032,1042000033,1042000034,1042000040,1042000041","BN"),
("BN60160","326","checkFields","","BN"),
("BN60161","327","blockCodeStr","1042000027,1042000028,1042000032,1042000033,1042000034,1042000040,1042000041","BN"),
("BN60161","328","checkFields","","BN"),
("BN60162","329","blockCodeStr","1042000027,1042000028,1042000032,1042000033,1042000034,1042000040,1042000041","BN"),
("BN60162","330","checkFields","","BN"),
("BN60163","331","blockCodeStr","1042000027,1042000028,1042000032,1042000033,1042000034,1042000040,1042000041","BN"),
("BN60163","332","checkFields","","BN"),
("BN60164","333","blockCodeStr","1042000027,1042000028,1042000032,1042000033,1042000034,1042000040,1042000041","BN"),
("BN60164","334","checkFields","","BN"),
("BN60165","335","blockCodeStr","1042000027,1042000028,1042000032,1042000033,1042000034,1042000040,1042000041","BN"),
("BN60165","336","checkFields","","BN"),
("BN60166","337","blockCodeStr","1042000027,1042000028,1042000032,1042000033,1042000034,1042000040,1042000041","BN"),
("BN60166","338","checkFields","","BN"),
("BN60167","339","blockCodeStr","1042000027,1042000028,1042000032,1042000033,1042000034,1042000040,1042000041","BN"),
("BN60167","340","checkFields","","BN"),
("BN60168","341","blockCodeStr","1042000027,1042000028,1042000032,1042000033,1042000034,1042000040,1042000041","BN"),
("BN60168","342","checkFields","","BN"),
("BN60169","343","blockCodeStr","1042000027,1042000028,1042000032,1042000033,1042000034,1042000040,1042000041","BN"),
("BN60169","344","checkFields","","BN"),
("BN60170","345","blockCodeStr","1042000027,1042000028,1042000032,1042000033,1042000034,1042000040,1042000041","BN"),
("BN60170","346","checkFields","","BN"),
("BN60171","347","blockCodeStr","1042000027,1042000028,1042000032,1042000033,1042000034,1042000040,1042000041","BN"),
("BN60171","348","checkFields","","BN"),
("BN60172","349","blockCodeStr","1042000027,1042000028,1042000032,1042000033,1042000034,1042000040,1042000041","BN"),
("BN60172","350","checkFields","","BN"),
("BN60173","351","blockCodeStr","1042000027,1042000028,1042000032,1042000033,1042000034,1042000040,1042000041","BN"),
("BN60173","352","checkFields","","BN"),
("BN60174","353","blockCodeStr","1042000027,1042000028,1042000032,1042000033,1042000034,1042000040,1042000041","BN"),
("BN60174","354","checkFields","","BN"),
("BN60175","355","blockCodeStr","1042000027,1042000028,1042000032,1042000033,1042000034,1042000040,1042000041","BN"),
("BN60175","356","checkFields","","BN"),
("BN60176","357","blockCodeStr","1042000027,1042000028,1042000032,1042000033,1042000034,1042000040,1042000041","BN"),
("BN60176","358","checkFields","","BN"),
("BN60177","359","blockCodeStr","1042000027,1042000028,1042000032,1042000033,1042000034,1042000040,1042000041","BN"),
("BN60177","360","checkFields","","BN"),
("BN60178","361","blockCodeStr","1042000027,1042000028,1042000032,1042000033,1042000034,1042000040,1042000041","BN"),
("BN60178","362","checkFields","","BN"),
("BN60179","363","blockCodeStr","1042000027,1042000028,1042000032,1042000033,1042000034,1042000040,1042000041","BN"),
("BN60179","364","checkFields","","BN"),
("BN60180","365","blockCodeStr","1042000027,1042000028,1042000032,1042000033,1042000034,1042000040,1042000041","BN"),
("BN60180","366","checkFields","","BN"),
("BN60181","367","blockCodeStr","1042000027,1042000028,1042000032,1042000033,1042000034,1042000040,1042000041","BN"),
("BN60181","368","checkFields","","BN"),
("BN60182","369","blockCodeStr","1042000027,1042000028,1042000032,1042000033,1042000034,1042000040,1042000041","BN"),
("BN60182","370","checkFields","","BN"),
("BN60183","371","blockCodeStr","1042000027,1042000028,1042000032,1042000033,1042000034,1042000040,1042000041","BN"),
("BN60183","372","checkFields","","BN"),
("BN60184","373","blockCodeStr","1042000027,1042000028,1042000032,1042000033,1042000034,1042000040,1042000041","BN"),
("BN60184","374","checkFields","","BN"),
("BN60185","375","blockCodeStr","1042000027,1042000028,1042000032,1042000033,1042000034,1042000040,1042000041","BN"),
("BN60185","376","checkFields","","BN"),
("BN60186","377","blockCodeStr","1042000027,1042000028,1042000032,1042000033,1042000034,1042000040,1042000041","BN"),
("BN60186","378","checkFields","","BN"),
("BN60187","379","blockCodeStr","1042000027,1042000028,1042000032,1042000033,1042000034,1042000040,1042000041","BN"),
("BN60187","380","checkFields","","BN");
  
COMMIT;