DELETE FROM IB_OM_RULE_INFO WHERE RULE_NO IN ( '025000','025001','025002' );
DELETE FROM IB_OM_RULECOND_RLT WHERE RULE_COND_NO='CV25000' AND CMPL_MODE_FLG='0' AND OPRTN_RULE_NO='025000';
DELETE FROM IB_OM_RULECOND_RLT WHERE RULE_COND_NO='CV25001' AND CMPL_MODE_FLG='0' AND OPRTN_RULE_NO='025001';
DELETE FROM IB_OM_RULECOND_RLT WHERE RULE_COND_NO='CV25002' AND CMPL_MODE_FLG='0' AND OPRTN_RULE_NO='025002';
DELETE FROM IB_OM_MODE_INFO WHERE RULE_MODE_NO IN ( 'CV25000','CV25000','CV25000','CV25000','CV25000','CV25001','CV25001','CV25001','CV25001','CV25001','CV25002','CV25002','CV25002','CV25002','CV25002' );




-- IB_OM_RULE_INFO insert
INSERT INTO IB_OM_RULE_INFO (RULE_NO,RULE_TYP_CD,HOLI_FLG,RULE_TRI_POSITION,SUIT_CHNL_SCP,SUIT_LPR_SCP,SUIT_ORG_SCP,SUIT_TX_SCP,RULE_COMNT,EFFT_FLG,OPER_TELR_NO,OPER_DT,OPER_RSN) VALUES

('025000','CV','N','1','TE','0000','*,','00604002','强制触发','1','900001','2020-04-16','批量新增'),
('025001','CV','N','1','TE','0000','*,','00201091','强制触发','1','900001','2020-04-16','批量新增'),
('025002','CV','N','1','TE','0000','*,','00201062','强制触发','1','900001','2020-04-16','批量新增');
-- IB_OM_RULECOND_RLT insert
INSERT INTO IB_OM_RULECOND_RLT (RULE_COND_NO,CMPL_MODE_FLG,OPRTN_RULE_NO) VALUES

('CV25000','0','025000'),
('CV25001','0','025001'),
('CV25002','0','025002');
-- IB_OM_MODE_INFO insert
INSERT INTO IB_OM_MODE_INFO (RULE_MODE_NO,FIELD_SEQ_NO,FIELD_NM,FIELD_DICTRY_NM,RULE_MODE_TYP_CD) VALUES

('CV25000','1','ref','CRTF_TYP','CV'),
('CV25000','2','CV','1','CV'),
('CV25000','3','CC','1','CV'),
('CV25000','4','CF','2','CV'),
('CV25000','5','IC','1','CV'),
('CV25001','6','ref','ACCT_NO','CV'),
('CV25001','7','CV','1','CV'),
('CV25001','8','CC','1','CV'),
('CV25001','9','CF','1','CV'),
('CV25001','10','IC','1','CV'),
('CV25002','11','ref','CRTF_TYP','CV'),
('CV25002','12','CV','1','CV'),
('CV25002','13','CC','1','CV'),
('CV25002','14','CF','1','CV'),
('CV25002','15','IC','1','CV');