
SET AUTOCOMMIT=0;
BEGIN;

  
-- IB_OM_RULE_INFO insert
INSERT INTO IB_OM_RULE_INFO (RULE_NO,RULE_TYP_CD,HOLI_FLG,RULE_TRI_POSITION,SUIT_CHNL_SCP,SUIT_LPR_SCP,SUIT_ORG_SCP,SUIT_TX_SCP,RULE_COMNT,EFFT_FLG,OPER_TELR_NO,OPER_DT,OPER_RSN) VALUES

("060000","BN","N","1","TE","001","*,","00301009","强制黑名单校验","1","900001","2019-06-25","批量新增"),
("060001","BN","N","1","TE","001","*,","00301010","强制黑名单校验","1","900001","2019-06-25","批量新增"),
("060002","BN","N","1","TE","001","*,","00201001","强制黑名单校验","1","900001","2019-06-25","批量新增"),
("060003","BN","N","1","TE","001","*,","00201005","强制黑名单校验","1","900001","2019-06-25","批量新增"),
("060004","BN","N","1","TE","001","*,","00201008","强制黑名单校验","1","900001","2019-06-25","批量新增"),
("060005","BN","N","1","TE","001","*,","00201007","强制黑名单校验","1","900001","2019-06-25","批量新增"),
("060006","BN","N","1","TE","001","*,","00201002","强制黑名单校验","1","900001","2019-06-25","批量新增"),
("060007","BN","N","1","TE","001","*,","00302011","强制黑名单校验","1","900001","2019-06-25","批量新增"),
("060008","BN","N","1","TE","001","*,","00301011","强制黑名单校验","1","900001","2019-06-25","批量新增"),
("060009","BN","N","1","TE","001","*,","00302010","强制黑名单校验","1","900001","2019-06-25","批量新增"),
("060010","BN","N","1","TE","001","*,","00302008","强制黑名单校验","1","900001","2019-06-25","批量新增"),
("060011","BN","N","1","TE","001","*,","00302009","强制黑名单校验","1","900001","2019-06-25","批量新增"),
("060012","BN","N","1","TE","001","*,","00103003","强制黑名单校验","1","900001","2019-06-25","批量新增"),
("060013","BN","N","1","TE","001","*,","00103004","强制黑名单校验","1","900001","2019-06-25","批量新增"),
("060014","BN","N","1","TE","001","*,","00303006","强制黑名单校验","1","900001","2019-06-25","批量新增"),
("060015","BN","N","1","TE","001","*,","00303007","强制黑名单校验","1","900001","2019-06-25","批量新增"),
("060016","BN","N","1","TE","001","*,","00302017","强制黑名单校验","1","900001","2019-06-25","批量新增"),
("060017","BN","N","1","TE","001","*,","00301015","强制黑名单校验","1","900001","2019-06-25","批量新增"),
("060018","BN","N","1","TE","001","*,","00301017","强制黑名单校验","1","900001","2019-06-25","批量新增"),
("060019","BN","N","1","TE","001","*,","00302007","强制黑名单校验","1","900001","2019-06-25","批量新增"),
("060020","BN","N","1","TE","001","*,","00302013","强制黑名单校验","1","900001","2019-06-25","批量新增"),
("060021","BN","N","1","TE","001","*,","00302018","强制黑名单校验","1","900001","2019-06-25","批量新增"),
("060022","BN","N","1","TE","001","*,","00303002","强制黑名单校验","1","900001","2019-06-25","批量新增");
-- IB_OM_RULECOND_RLT insert
INSERT INTO IB_OM_RULECOND_RLT (RULE_COND_NO,CMPL_MODE_FLG,OPRTN_RULE_NO) VALUES

("BN60000","0","060000"),
("BN60001","0","060001"),
("BN60002","0","060002"),
("BN60003","0","060003"),
("BN60004","0","060004"),
("BN60005","0","060005"),
("BN60006","0","060006"),
("BN60007","0","060007"),
("BN60008","0","060008"),
("BN60009","0","060009"),
("BN60010","0","060010"),
("BN60011","0","060011"),
("BN60012","0","060012"),
("BN60013","0","060013"),
("BN60014","0","060014"),
("BN60015","0","060015"),
("BN60016","0","060016"),
("BN60017","0","060017"),
("BN60018","0","060018"),
("BN60019","0","060019"),
("BN60020","0","060020"),
("BN60021","0","060021"),
("BN60022","0","060022");
-- IB_OM_MODE_INFO insert
INSERT INTO IB_OM_MODE_INFO (RULE_MODE_NO,FIELD_SEQ_NO,FIELD_NM,FIELD_DICTRY_NM,RULE_MODE_TYP_CD) VALUES

("BN60000","1","blockCodeStr","","BN"),
("BN60001","2","blockCodeStr","","BN"),
("BN60002","3","blockCodeStr","","BN"),
("BN60003","4","blockCodeStr","","BN"),
("BN60004","5","blockCodeStr","","BN"),
("BN60005","6","blockCodeStr","","BN"),
("BN60006","7","blockCodeStr","","BN"),
("BN60007","8","blockCodeStr","","BN"),
("BN60008","9","blockCodeStr","","BN"),
("BN60009","10","blockCodeStr","","BN"),
("BN60010","11","blockCodeStr","","BN"),
("BN60011","12","blockCodeStr","","BN"),
("BN60012","13","blockCodeStr","","BN"),
("BN60013","14","blockCodeStr","","BN"),
("BN60014","15","blockCodeStr","","BN"),
("BN60015","16","blockCodeStr","","BN"),
("BN60016","17","blockCodeStr","","BN"),
("BN60017","18","blockCodeStr","","BN"),
("BN60018","19","blockCodeStr","","BN"),
("BN60019","20","blockCodeStr","","BN"),
("BN60020","21","blockCodeStr","","BN"),
("BN60021","22","blockCodeStr","","BN"),
("BN60022","23","blockCodeStr","","BN");
  
COMMIT;