
-- IB_OM_RULE_INFO insert
INSERT INTO   `pub_db`.`IB_OM_RULE_INFO` (`RULE_NO`,`RULE_TYP_CD`,`HOLI_FLG`,`RULE_TRI_POSITION`,`SUIT_CHNL_SCP`,`SUIT_LPR_SCP`,`SUIT_ORG_SCP`,`SUIT_TX_SCP`,`RULE_COMNT`,`EFFT_FLG`,`OPER_TELR_NO`,`OPER_DT`,`OPER_RSN`) VALUES
('065000','BN','N','1','TE','0000','*,','00508005','强制黑名单校验','1','900001','2020-05-25','批量新增'),
('065001','BN','N','1','TE','0000','*,','00508004','强制黑名单校验','1','900001','2020-05-25','批量新增'),
('065002','BN','N','1','TE','0000','*,','00508012','强制黑名单校验','1','900001','2020-05-25','批量新增'),
('065003','BN','N','1','TE','0000','*,','00508006','强制黑名单校验','1','900001','2020-05-25','批量新增'),
('065004','BN','N','1','TE','0000','*,','00508006','强制黑名单校验','1','900001','2020-05-25','批量新增'),
('065005','BN','N','1','TE','0000','*,','00301046','强制黑名单校验','1','900001','2020-05-25','批量新增'),
('065006','BN','N','1','TE','0000','*,','00301046','强制黑名单校验','1','900001','2020-05-25','批量新增'),
('065007','BN','N','1','TE','0000','*,','00301046','强制黑名单校验','1','900001','2020-05-25','批量新增'),
('065008','BN','N','1','TE','0000','*,','00301046','强制黑名单校验','1','900001','2020-05-25','批量新增'),
('065009','BN','N','1','TE','0000','*,','00301045','强制黑名单校验','1','900001','2020-05-25','批量新增'),
('065010','BN','N','1','TE','0000','*,','00301045','强制黑名单校验','1','900001','2020-05-25','批量新增'),
('065011','BN','N','1','TE','0000','*,','00301037','强制黑名单校验','1','900001','2020-05-25','批量新增'),
('065012','BN','N','1','TE','0000','*,','00301037','强制黑名单校验','1','900001','2020-05-25','批量新增'),
('065013','BN','N','1','TE','0000','*,','00301041','强制黑名单校验','1','900001','2020-05-25','批量新增'),
('065014','BN','N','1','TE','0000','*,','00301041','强制黑名单校验','1','900001','2020-05-25','批量新增'),
('065015','BN','N','1','TE','0000','*,','00301040','强制黑名单校验','1','900001','2020-05-25','批量新增'),
('065016','BN','N','1','TE','0000','*,','00301043','强制黑名单校验','1','900001','2020-05-25','批量新增'),
('065017','BN','N','1','TE','0000','*,','00301044','强制黑名单校验','1','900001','2020-05-25','批量新增'),
('065018','BN','N','1','TE','0000','*,','00301042','强制黑名单校验','1','900001','2020-05-25','批量新增'),
('065019','BN','N','1','TE','0000','*,','00301042','强制黑名单校验','1','900001','2020-05-25','批量新增'),
('065020','BN','N','1','TE','0000','*,','00301021','强制黑名单校验','1','900001','2020-05-25','批量新增'),
('065021','BN','N','1','TE','0000','*,','00301021','强制黑名单校验','1','900001','2020-05-25','批量新增'),
('065022','BN','N','1','TE','0000','*,','00301021','强制黑名单校验','1','900001','2020-05-25','批量新增'),
('065023','BN','N','1','TE','0000','*,','00301021','强制黑名单校验','1','900001','2020-05-25','批量新增'),
('065024','BN','N','1','TE','0000','*,','00301022','强制黑名单校验','1','900001','2020-05-25','批量新增'),
('065025','BN','N','1','TE','0000','*,','00301022','强制黑名单校验','1','900001','2020-05-25','批量新增'),
('065026','BN','N','1','TE','0000','*,','00301022','强制黑名单校验','1','900001','2020-05-25','批量新增'),
('065027','BN','N','1','TE','0000','*,','00301022','强制黑名单校验','1','900001','2020-05-25','批量新增'),
('065028','BN','N','1','TE','0000','*,','00301055','强制黑名单校验','1','900001','2020-05-25','批量新增'),
('065029','BN','N','1','TE','0000','*,','00301055','强制黑名单校验','1','900001','2020-05-25','批量新增'),
('065030','BN','N','1','TE','0000','*,','00301030','强制黑名单校验','1','900001','2020-05-25','批量新增'),
('065031','BN','N','1','TE','0000','*,','00301030','强制黑名单校验','1','900001','2020-05-25','批量新增'),
('065032','BN','N','1','TE','0000','*,','00301030','强制黑名单校验','1','900001','2020-05-25','批量新增'),
('065033','BN','N','1','TE','0000','*,','00301024','强制黑名单校验','1','900001','2020-05-25','批量新增'),
('065034','BN','N','1','TE','0000','*,','00301066','强制黑名单校验','1','900001','2020-05-25','批量新增'),
('065035','BN','N','1','TE','0000','*,','00301028','强制黑名单校验','1','900001','2020-05-25','批量新增'),
('065036','BN','N','1','TE','0000','*,','00301029','强制黑名单校验','1','900001','2020-05-25','批量新增'),
('065037','BN','N','1','TE','0000','*,','00301065','强制黑名单校验','1','900001','2020-05-25','批量新增'),
('065038','BN','N','1','TE','0000','*,','00201038','强制黑名单校验','1','900001','2020-05-25','批量新增'),
('065039','BN','N','1','TE','0000','*,','00201045','强制黑名单校验','1','900001','2020-05-25','批量新增'),
('065040','BN','N','1','TE','0000','*,','00201086','强制黑名单校验','1','900001','2020-05-25','批量新增'),
('065041','BN','N','1','TE','0000','*,','00201085','强制黑名单校验','1','900001','2020-05-25','批量新增'),
('065042','BN','N','1','TE','0000','*,','00201088','强制黑名单校验','1','900001','2020-05-25','批量新增'),
('065043','BN','N','1','TE','0000','*,','00201057','强制黑名单校验','1','900001','2020-05-25','批量新增'),
('065044','BN','N','1','TE','0000','*,','00201049','强制黑名单校验','1','900001','2020-05-25','批量新增'),
('065045','BN','N','1','TE','0000','*,','00201052','强制黑名单校验','1','900001','2020-05-25','批量新增'),
('065046','BN','N','1','TE','0000','*,','00201056','强制黑名单校验','1','900001','2020-05-25','批量新增'),
('065047','BN','N','1','TE','0000','*,','00201062','强制黑名单校验','1','900001','2020-05-25','批量新增'),
('065048','BN','N','1','TE','0000','*,','00201063','强制黑名单校验','1','900001','2020-05-25','批量新增'),
('065049','BN','N','1','TE','0000','*,','00201089','强制黑名单校验','1','900001','2020-05-25','批量新增'),
('065050','BN','N','1','TE','0000','*,','00201097','强制黑名单校验','1','900001','2020-05-25','批量新增'),
('065051','BN','N','1','TE','0000','*,','00201096','强制黑名单校验','1','900001','2020-05-25','批量新增'),
('065052','BN','N','1','TE','0000','*,','00201098','强制黑名单校验','1','900001','2020-05-25','批量新增'),
('065053','BN','N','1','TE','0000','*,','00201092','强制黑名单校验','1','900001','2020-05-25','批量新增'),
('065054','BN','N','1','TE','0000','*,','00201091','强制黑名单校验','1','900001','2020-05-25','批量新增'),
('065055','BN','N','1','TE','0000','*,','00201093','强制黑名单校验','1','900001','2020-05-25','批量新增'),
('065056','BN','N','1','TE','0000','*,','00401071','强制黑名单校验','1','900001','2020-05-25','批量新增'),
('065057','BN','N','1','TE','0000','*,','00401072','强制黑名单校验','1','900001','2020-05-25','批量新增'),
('065058','BN','N','1','TE','0000','*,','00509012','强制黑名单校验','1','900001','2020-05-25','批量新增');

-- IB_OM_MODE_INFO insert
INSERT INTO   `pub_db`.`IB_OM_MODE_INFO` (`RULE_MODE_NO`,`FIELD_SEQ_NO`,`FIELD_NM`,`FIELD_DICTRY_NM`,`RULE_MODE_TYP_CD`) VALUES
('BN65000','1','blockCodeStr','1042000001,1042000002,1042000003,1042000011,1042000023,1042000024,1042000025,1042000026,1042000027,1042000028,1042000032,1042000035,1042000040,1042000041,1042000055,1042000059','BN'),
('BN65000','2','checkFields','','BN'),
('BN65001','3','blockCodeStr','1042000001,1042000002,1042000003,1042000011,1042000023,1042000024,1042000025,1042000026,1042000027,1042000028,1042000032,1042000035,1042000040,1042000041,1042000055,1042000059','BN'),
('BN65001','4','checkFields','','BN'),
('BN65002','5','blockCodeStr','1042000001,1042000002,1042000003,1042000011,1042000023,1042000024,1042000025,1042000026,1042000027,1042000028,1042000032,1042000033,1042000034,1042000035,1042000040,1042000041,1042000055,1042000059','BN'),
('BN65002','6','checkFields','','BN'),
('BN65003','7','blockCodeStr','1042000001,1042000002,1042000003,1042000011,1042000023,1042000024,1042000025,1042000026,1042000027,1042000028,1042000032,1042000035,1042000040,1042000041,1042000055,1042000059','BN'),
('BN65003','8','checkFields','','BN'),
('BN65004','9','blockCodeStr','1042000001,1042000002,1042000003,1042000011,1042000023,1042000024,1042000025,1042000026,1042000027,1042000028,1042000032,1042000035,1042000040,1042000041,1042000055,1042000059','BN'),
('BN65004','10','checkFields','','BN'),
('BN65005','11','blockCodeStr','1042000027,1042000028,1042000032,1042000033,1042000034,1042000040,1042000041','BN'),
('BN65005','12','checkFields','','BN'),
('BN65006','13','blockCodeStr','1042000027,1042000028,1042000032,1042000033,1042000034,1042000040,1042000041','BN'),
('BN65006','14','checkFields','','BN'),
('BN65007','15','blockCodeStr','1042000027,1042000028,1042000032,1042000033,1042000034,1042000040,1042000041','BN'),
('BN65007','16','checkFields','','BN'),
('BN65008','17','blockCodeStr','1042000027,1042000028,1042000032,1042000033,1042000034,1042000040,1042000041','BN'),
('BN65008','18','checkFields','','BN'),
('BN65009','19','blockCodeStr','1042000027,1042000028,1042000032,1042000033,1042000034,1042000040,1042000041','BN'),
('BN65009','20','checkFields','','BN'),
('BN65010','21','blockCodeStr','1042000027,1042000028,1042000032,1042000033,1042000034,1042000040,1042000041','BN'),
('BN65010','22','checkFields','','BN'),
('BN65011','23','blockCodeStr','1042000027,1042000028,1042000032,1042000033,1042000034,1042000040,1042000041','BN'),
('BN65011','24','checkFields','','BN'),
('BN65012','25','blockCodeStr','1042000027,1042000028,1042000032,1042000033,1042000034,1042000040,1042000041','BN'),
('BN65012','26','checkFields','','BN'),
('BN65013','27','blockCodeStr','1042000027,1042000028,1042000032,1042000033,1042000034,1042000040,1042000041','BN'),
('BN65013','28','checkFields','','BN'),
('BN65014','29','blockCodeStr','1042000027,1042000028,1042000032,1042000033,1042000034,1042000040,1042000041','BN'),
('BN65014','30','checkFields','','BN'),
('BN65015','31','blockCodeStr','1042000027,1042000028,1042000032,1042000033,1042000034,1042000040,1042000041','BN'),
('BN65015','32','checkFields','','BN'),
('BN65016','33','blockCodeStr','1042000027,1042000028,1042000032,1042000033,1042000034,1042000040,1042000041','BN'),
('BN65016','34','checkFields','','BN'),
('BN65017','35','blockCodeStr','1042000027,1042000028,1042000032,1042000033,1042000034,1042000040,1042000041','BN'),
('BN65017','36','checkFields','','BN'),
('BN65018','37','blockCodeStr','1042000027,1042000028,1042000032,1042000033,1042000034,1042000040,1042000041','BN'),
('BN65018','38','checkFields','','BN'),
('BN65019','39','blockCodeStr','1042000027,1042000028,1042000032,1042000033,1042000034,1042000040,1042000041','BN'),
('BN65019','40','checkFields','','BN'),
('BN65020','41','blockCodeStr','1042000027,1042000028,1042000032,1042000033,1042000034,1042000040,1042000041','BN'),
('BN65020','42','checkFields','','BN'),
('BN65021','43','blockCodeStr','1042000027,1042000028,1042000032,1042000033,1042000034,1042000040,1042000041','BN'),
('BN65021','44','checkFields','','BN'),
('BN65022','45','blockCodeStr','1042000027,1042000028,1042000032,1042000033,1042000034,1042000040,1042000041','BN'),
('BN65022','46','checkFields','','BN'),
('BN65023','47','blockCodeStr','1042000027,1042000028,1042000032,1042000033,1042000034,1042000040,1042000041','BN'),
('BN65023','48','checkFields','','BN'),
('BN65024','49','blockCodeStr','1042000027,1042000028,1042000032,1042000033,1042000034,1042000040,1042000041','BN'),
('BN65024','50','checkFields','','BN'),
('BN65025','51','blockCodeStr','1042000027,1042000028,1042000032,1042000033,1042000034,1042000040,1042000041','BN'),
('BN65025','52','checkFields','','BN'),
('BN65026','53','blockCodeStr','1042000027,1042000028,1042000032,1042000033,1042000034,1042000040,1042000041','BN'),
('BN65026','54','checkFields','','BN'),
('BN65027','55','blockCodeStr','1042000027,1042000028,1042000032,1042000033,1042000034,1042000040,1042000041','BN'),
('BN65027','56','checkFields','','BN'),
('BN65028','57','blockCodeStr','1042000027,1042000028,1042000032,1042000033,1042000034,1042000040,1042000041','BN'),
('BN65028','58','checkFields','','BN'),
('BN65029','59','blockCodeStr','1042000027,1042000028,1042000032,1042000033,1042000034,1042000040,1042000041','BN'),
('BN65029','60','checkFields','','BN'),
('BN65030','61','blockCodeStr','1042000027,1042000028,1042000032,1042000033,1042000034,1042000040,1042000041','BN'),
('BN65030','62','checkFields','','BN'),
('BN65031','63','blockCodeStr','1042000027,1042000028,1042000032,1042000033,1042000034,1042000040,1042000041','BN'),
('BN65031','64','checkFields','','BN'),
('BN65032','65','blockCodeStr','1042000027,1042000028,1042000032,1042000033,1042000034,1042000040,1042000041','BN'),
('BN65032','66','checkFields','','BN'),
('BN65033','67','blockCodeStr','1042000027,1042000028,1042000032,1042000033,1042000034,1042000040,1042000041','BN'),
('BN65033','68','checkFields','','BN'),
('BN65034','69','blockCodeStr','1042000027,1042000028,1042000032,1042000033,1042000034,1042000040,1042000041','BN'),
('BN65034','70','checkFields','','BN'),
('BN65035','71','blockCodeStr','1042000027,1042000028,1042000032,1042000033,1042000034,1042000040,1042000041','BN'),
('BN65035','72','checkFields','','BN'),
('BN65036','73','blockCodeStr','1042000027,1042000028,1042000032,1042000033,1042000034,1042000040,1042000041','BN'),
('BN65036','74','checkFields','','BN'),
('BN65037','75','blockCodeStr','1042000027,1042000028,1042000032,1042000033,1042000034,1042000040,1042000041','BN'),
('BN65037','76','checkFields','','BN'),
('BN65038','77','blockCodeStr','','BN'),
('BN65038','78','checkFields','','BN'),
('BN65039','79','blockCodeStr','','BN'),
('BN65039','80','checkFields','','BN'),
('BN65040','81','blockCodeStr','','BN'),
('BN65040','82','checkFields','','BN'),
('BN65041','83','blockCodeStr','','BN'),
('BN65041','84','checkFields','','BN'),
('BN65042','85','blockCodeStr','','BN'),
('BN65042','86','checkFields','','BN'),
('BN65043','87','blockCodeStr','','BN'),
('BN65043','88','checkFields','','BN'),
('BN65044','89','blockCodeStr','','BN'),
('BN65044','90','checkFields','','BN'),
('BN65045','91','blockCodeStr','','BN'),
('BN65045','92','checkFields','','BN'),
('BN65046','93','blockCodeStr','','BN'),
('BN65046','94','checkFields','','BN'),
('BN65047','95','blockCodeStr','','BN'),
('BN65047','96','checkFields','','BN'),
('BN65048','97','blockCodeStr','','BN'),
('BN65048','98','checkFields','','BN'),
('BN65049','99','blockCodeStr','','BN'),
('BN65049','100','checkFields','','BN'),
('BN65050','101','blockCodeStr','','BN'),
('BN65050','102','checkFields','','BN'),
('BN65051','103','blockCodeStr','','BN'),
('BN65051','104','checkFields','','BN'),
('BN65052','105','blockCodeStr','','BN'),
('BN65052','106','checkFields','','BN'),
('BN65053','107','blockCodeStr','','BN'),
('BN65053','108','checkFields','','BN'),
('BN65054','109','blockCodeStr','','BN'),
('BN65054','110','checkFields','','BN'),
('BN65055','111','blockCodeStr','','BN'),
('BN65055','112','checkFields','','BN'),
('BN65056','113','blockCodeStr','1042000027,1042000028,1042000032,1042000033,1042000034,1042000040,1042000041','BN'),
('BN65056','114','checkFields','','BN'),
('BN65057','115','blockCodeStr','1042000027,1042000028,1042000032,1042000033,1042000034,1042000040,1042000041','BN'),
('BN65057','116','checkFields','','BN'),
('BN65058','117','blockCodeStr','1042000027,1042000028,1042000032,1042000033,1042000034,1042000040,1042000041','BN'),
('BN65058','118','checkFields','','BN');

-- IB_OM_RULECOND_RLT insert
INSERT INTO   `pub_db`.`IB_OM_RULECOND_RLT` (`RULE_COND_NO`,`CMPL_MODE_FLG`,`OPRTN_RULE_NO`) VALUES
('BN65000','0','065000'),
('BN65001','0','065001'),
('BN65002','0','065002'),
('BN65003','0','065003'),
('BN65004','0','065004'),
('BN65005','0','065005'),
('BN65006','0','065006'),
('BN65007','0','065007'),
('BN65008','0','065008'),
('BN65009','0','065009'),
('BN65010','0','065010'),
('BN65011','0','065011'),
('BN65012','0','065012'),
('BN65013','0','065013'),
('BN65014','0','065014'),
('BN65015','0','065015'),
('BN65016','0','065016'),
('BN65017','0','065017'),
('BN65018','0','065018'),
('BN65019','0','065019'),
('BN65020','0','065020'),
('BN65021','0','065021'),
('BN65022','0','065022'),
('BN65023','0','065023'),
('BN65024','0','065024'),
('BN65025','0','065025'),
('BN65026','0','065026'),
('BN65027','0','065027'),
('BN65028','0','065028'),
('BN65029','0','065029'),
('BN65030','0','065030'),
('BN65031','0','065031'),
('BN65032','0','065032'),
('BN65033','0','065033'),
('BN65034','0','065034'),
('BN65035','0','065035'),
('BN65036','0','065036'),
('BN65037','0','065037'),
('BN65038','0','065038'),
('BN65039','0','065039'),
('BN65040','0','065040'),
('BN65041','0','065041'),
('BN65042','0','065042'),
('BN65043','0','065043'),
('BN65044','0','065044'),
('BN65045','0','065045'),
('BN65046','0','065046'),
('BN65047','0','065047'),
('BN65048','0','065048'),
('BN65049','0','065049'),
('BN65050','0','065050'),
('BN65051','0','065051'),
('BN65052','0','065052'),
('BN65053','0','065053'),
('BN65054','0','065054'),
('BN65055','0','065055'),
('BN65056','0','065056'),
('BN65057','0','065057'),
('BN65058','0','065058');

