
-- IB_OM_RULE_INFO insert
INSERT INTO   `pub_db`.`IB_OM_RULE_INFO` (`RULE_NO`,`RULE_TYP_CD`,`HOLI_FLG`,`RULE_TRI_POSITION`,`SUIT_CHNL_SCP`,`SUIT_LPR_SCP`,`SUIT_ORG_SCP`,`SUIT_TX_SCP`,`RULE_COMNT`,`EFFT_FLG`,`OPER_TELR_NO`,`OPER_DT`,`OPER_RSN`) VALUES
('055000','DH','N','1','TE','*','*,','00508004','客户类型','1','900001','2020-06-02','批量新增'),
('055001','DH','N','1','TE','*','*,','00604001','客户类型','1','900001','2020-06-02','批量新增'),
('055002','DH','N','1','TE','*','*,','00604002','客户类型','1','900001','2020-06-02','批量新增'),
('055003','DH','N','1','TE','*','*,','00604004','客户类型','1','900001','2020-06-02','批量新增'),
('055004','DH','N','1','TE','*','*,','00301055','客户类型','1','900001','2020-06-02','批量新增'),
('055005','DH','N','1','TE','*','*,','00301039_1','客户类型','1','900001','2020-06-02','批量新增'),
('055006','DH','N','1','TE','*','*,','00301039_2','客户类型','1','900001','2020-06-02','批量新增'),
('055007','DH','N','1','TE','*','*,','00301041','客户类型','1','900001','2020-06-02','批量新增'),
('055008','DH','N','1','TE','*','*,','00301050','客户类型','1','900001','2020-06-02','批量新增'),
('055009','DH','N','1','TE','*','*,','00301045_1','客户类型','1','900001','2020-06-02','批量新增'),
('055010','DH','N','1','TE','*','*,','00401071','公私标志','1','900001','2020-06-02','批量新增'),
('055011','DH','N','1','TE','*','*,','00401072','凭证挂失类型','1','900001','2020-06-02','批量新增'),
('055012','DH','N','1','TE','*','*,','00101020','客户类型','1','900001','2020-06-02','批量新增'),
('055013','DH','N','1','TE','*','*,','00101057','客户类型','1','900001','2020-06-02','批量新增'),
('055014','DH','N','1','TE','*','*,','00101037','主子卡标志','1','900001','2020-06-02','批量新增'),
('055015','DH','N','1','TE','*','*,','00101037','主子卡标志','1','900001','2020-06-02','批量新增'),
('055016','DH','N','1','TE','*','*,','00604001','客户类型','1','900001','2020-06-02','批量新增'),
('055017','DH','N','1','TE','*','*,','00604002','客户类型','1','900001','2020-06-02','批量新增'),
('055018','DH','N','1','TE','*','*,','00101019','客户类型','1','900001','2020-06-02','批量新增'),
('055019','DH','N','1','TE','*','*,','00101027','客户类型','1','900001','2020-06-02','批量新增'),
('055020','DH','N','1','TE','*','*,','00201085','无规则说明','1','900001','2020-06-02','批量新增'),
('055021','DH','N','1','TE','*','*,','00201091','客户类型','1','900001','2020-06-02','批量新增'),
('055022','DH','N','1','TE','*','*,','00201092','客户类型','1','900001','2020-06-02','批量新增'),
('055023','DH','N','1','TE','*','*,','00201093','客户类型','1','900001','2020-06-02','批量新增'),
('055024','DH','N','1','TE','*','*,','00101049','客户类型','1','900001','2020-06-02','批量新增'),
('055025','DH','N','1','TE','*','*,','00101029','客户类型','1','900001','2020-06-02','批量新增'),
('055026','DH','N','1','TE','*','*,','00101022','客户类型','1','900001','2020-06-02','批量新增'),
('055027','DH','N','1','TE','*','*,','00201057','客户类型','1','900001','2020-06-02','批量新增'),
('055028','DH','N','1','TE','*','*,','00201049','客户类型','1','900001','2020-06-02','批量新增'),
('055029','DH','N','1','TE','*','*,','00201052','客户类型','1','900001','2020-06-02','批量新增'),
('055030','DH','N','1','TE','*','*,','00201056','客户类型','1','900001','2020-06-02','批量新增'),
('055031','DH','N','1','TE','*','*,','00101018','客户类型','1','900001','2020-06-02','批量新增'),
('055032','DH','N','1','TE','*','*,','00101026','客户类型','1','900001','2020-06-02','批量新增'),
('055033','DH','N','1','TE','*','*,','00509011','交易金额','1','900001','2020-06-02','批量新增'),
('055034','DH','N','1','TE','*','*,','00509012','交易金额','1','900001','2020-06-02','批量新增'),
('055035','DH','N','1','TE','*','*,','00101055','交易金额','1','900001','2020-06-02','批量新增');

-- IB_OM_RULECOND_INFO insert
INSERT INTO   `pub_db`.`IB_OM_RULECOND_INFO` (`OPRTN_COND_NO`,`DICTRY_NM`,`OPER_SYM_1`,`CMPR_VAL`,`OPER_SYM_2`,`VALUE2`,`TRAN_CD`,`COND_DESCR`,`OPER_TELR_NO`,`OPER_DT`,`OPER_RSN`,`CMPR_VAL_DATA_DICTRY_FLG`,`PUB_DICTRY_FLG`,`DICTRY_DESCR`) VALUES
('DH55000','TradeData.CUST_TYP_CD','!=','0','','','00508004','客户类型为对公（单位、金融）客户时，触发双热线验证','900001','2020-06-02','批量新增','1','0','0'),
('DH55000','TradeData.OWE_FE_AMT','>=','5000000','','','00508004','客户类型为对公（单位、金融）客户时，触发双热线验证','900001','2020-06-02','批量新增','1','0','5000000'),
('DH55001','CustType','!=','0','','','00604001','客户类型为对公（单位、金融）客户时，触发双热线验证','900001','2020-06-02','批量新增','1','0','0'),
('DH55002','TradeData.CUST_TYP','!=','0','','','00604002','客户类型为对公（单位、金融）客户时，触发双热线验证','900001','2020-06-02','批量新增','1','0','0'),
('DH55003','TradeData.CUST_TYP','!=','0','','','00604004','客户类型为对公（单位、金融）客户时，触发双热线验证','900001','2020-06-02','批量新增','1','0','0'),
('DH55004','TradeData.Payr_Acct_Typ','!=','0','','','00301055','账户是对公且交易金额大于等于50万，触发双热线验证','900001','2020-06-02','批量新增','1','0','0'),
('DH55004','TradeData.RTM_AMT','>=','500000','','','00301055','账户是对公且交易金额大于等于50万，触发双热线验证','900001','2020-06-02','批量新增','1','0','500000'),
('DH55005','Payr_Acct_Typ','!=','0','','','00301039_1','账户是对公且交易金额大于等于50万且交易种类为1-承付付款，触发双热线验证','900001','2020-06-02','批量新增','1','0','0'),
('DH55005','showPay_TradeData.PRMSY_AMT','>=','500000','','','00301039_1','账户是对公且交易金额大于等于50万且交易种类为1-承付付款，触发双热线验证','900001','2020-06-02','批量新增','1','0','500000'),
('DH55006','Payr_Acct_Typ','!=','0','','','00301039_2','账户是对公且交易金额大于等于50万且交易种类为3-委托收款付款，触发双热线验证','900001','2020-06-02','批量新增','1','0','0'),
('DH55006','showPay_TradeData.PAYMT_AMT','>=','500000','','','00301039_2','账户是对公且交易金额大于等于50万且交易种类为3-委托收款付款，触发双热线验证','900001','2020-06-02','批量新增','1','0','500000'),
('DH55007','CUST_TYP','!=','0','','','00301041','账户是对公且交易金额大于等于50万，触发双热线验证','900001','2020-06-02','批量新增','1','0','0'),
('DH55007','TradeData.PRE_CRLOAD_AMT','>=','500000','','','00301041','账户是对公且交易金额大于等于50万，触发双热线验证','900001','2020-06-02','批量新增','1','0','500000'),
('DH55008','CUST_TYP_CD','!=','0','','','00301050','账户是对公且交易金额大于等于50万，触发双热线验证','900001','2020-06-02','批量新增','1','0','0'),
('DH55008','showReg_TradeData.NOTI_AMT','>=','500000','','','00301050','账户是对公且交易金额大于等于50万，触发双热线验证','900001','2020-06-02','批量新增','1','0','500000'),
('DH55008','TradeData.OPER_FLG','==','1','','','00301050','账户是对公且交易金额大于等于50万，触发双热线验证','900001','2020-06-02','批量新增','1','0','1'),
('DH55009','CUST_TYP_CD','!=','0','','','00301045_1','账户是对公且交易金额大于等于50万，触发双热线验证','900001','2020-06-02','批量新增','1','0','0'),
('DH55009','query_TradeData.AMT','>=','500000','','','00301045_1','账户是对公且交易金额大于等于50万，触发双热线验证','900001','2020-06-02','批量新增','1','0','500000'),
('DH55009','TradeData.DLWTH_MANR','==','0','','','00301045_1','账户是对公且交易金额大于等于50万，触发双热线验证','900001','2020-06-02','批量新增','1','0','0'),
('DH55010','TradeData.PUB_PRIV_FLG','==','0','','','00401071','挂失类型为尾箱内凭证挂失对公账户，触发双热线验证','900001','2020-06-02','批量新增','1','0','0'),
('DH55011','TradeData.VOUCH_RPTLOSS_TYP','!=','1','','','00401072','挂失类型为尾箱内凭证挂失对公账户，触发双热线验证','900001','2020-06-02','批量新增','1','0','1'),
('DH55012','TradeData.CUST_TYPE','!=','0','','','00101020','客户类型为对公（单位、金融）客户时，触发双热线验证','900001','2020-06-02','批量新增','1','0','0'),
('DH55013','CUST_TYP_CD','!=','0','','','00101057','主卡客户类型为对公（单位、金融）客户时，触发双热线验证','900001','2020-06-02','批量新增','1','0','0'),
('DH55014','TradeData.MAIN_SUB_CARD_FLG','==','1','','','00101037','主子卡标志为主卡，主卡为对公的触发双热线','900001','2020-06-02','批量新增','1','0','1'),
('DH55014','CUST_TYP_CD_MAIN','!=','0','','','00101037','客户类型为对公（单位、金融）客户时，触发双热线验证','900001','2020-06-02','批量新增','1','0','0'),
('DH55015','TradeData.MAIN_SUB_CARD_FLG','==','2','','','00101037','主子卡标志为子卡，子卡为对公的触发双热线','900001','2020-06-02','批量新增','1','0','2'),
('DH55015','CUST_TYP_CD_SUB','!=','0','','','00101037','客户类型为对公（单位、金融）客户时，触发双热线验证','900001','2020-06-02','批量新增','1','0','0'),
('DH55016','CustType','!=','0','','','00604001','客户类型为对公（单位、金融）客户时，触发双热线验证','900001','2020-06-02','批量新增','1','0','0'),
('DH55017','TradeData.CUST_TYP','!=','0','','','00604002','客户类型为对公（单位、金融）客户时，触发双热线验证','900001','2020-06-02','批量新增','1','0','0'),
('DH55018','TradeData.CUST_TYPE','!=','0','','','00101019','客户类型为对公（单位、金融）客户时，触发双热线验证','900001','2020-06-02','批量新增','1','0','0'),
('DH55019','TradeData.CUST_TYPE','!=','0','','','00101027','客户类型为对公（单位、金融）客户时，触发双热线验证','900001','2020-06-02','批量新增','1','0','0'),
('DH55021','CUST_TYP_CD','!=','0','','','00201091','客户类型为对公（单位、金融）客户时，触发双热线验证','900001','2020-06-02','批量新增','1','0','0'),
('DH55022','CUST_TYP_CD','!=','0','','','00201092','客户类型为对公（单位、金融）客户时，触发双热线验证','900001','2020-06-02','批量新增','1','0','0'),
('DH55023','CUST_TYP_CD','!=','0','','','00201093','客户类型为对公（单位、金融）客户时，触发双热线验证','900001','2020-06-02','批量新增','1','0','0'),
('DH55024','TradeData.CUST_TYP_CD','!=','0','','','00101049','客户类型为对公（单位、金融）客户时，触发双热线验证','900001','2020-06-02','批量新增','1','0','0'),
('DH55025','CUST_TYP_CD','!=','0','','','00101029','客户类型为对公（单位、金融）客户时，触发双热线验证','900001','2020-06-02','批量新增','1','0','0'),
('DH55026','CUST_TYP_CD','!=','0','','','00101022','客户类型为对公（单位、金融）客户时，触发双热线验证','900001','2020-06-02','批量新增','1','0','0'),
('DH55027','TradeData.CUST_TYP','!=','0','','','00201057','客户类型为对公（单位、金融）客户时，触发双热线验证','900001','2020-06-02','批量新增','1','0','0'),
('DH55028','TradeData.CUST_TYP','!=','0','','','00201049','客户类型为对公（单位、金融）客户时，触发双热线验证','900001','2020-06-02','批量新增','1','0','0'),
('DH55029','TradeData.CUST_TYP','!=','0','','','00201052','客户类型为对公（单位、金融）客户时，触发双热线验证','900001','2020-06-02','批量新增','1','0','0'),
('DH55030','TradeData.CUST_TYP','!=','0','','','00201056','客户类型为对公（单位、金融）客户时，触发双热线验证','900001','2020-06-02','批量新增','1','0','0'),
('DH55031','TradeData.CUST_TYPE','!=','0','','','00101018','客户类型为对公（单位、金融）客户时，触发双热线验证','900001','2020-06-02','批量新增','1','0','0'),
('DH55032','TradeData.CUST_TYPE','!=','0','','','00101026','客户类型为对公（单位、金融）客户时，触发双热线验证','900001','2020-06-02','批量新增','1','0','0'),
('DH55033','TradeData.Amt','>=','500000','','','00509011','客户类型为对公（单位、金融）客户时，触发双热线验证','900001','2020-06-02','批量新增','1','0','500000'),
('DH55033','TradeData.CUST_TYP_CD','!=','0','','','00509011','客户类型为对公（单位、金融）客户时，触发双热线验证','900001','2020-06-02','批量新增','1','0','0'),
('DH55034','TradeData.PAY_FEE_AMT','>=','500000','','','00509012','客户类型为对公（单位、金融）客户时，触发双热线验证','900001','2020-06-02','批量新增','1','0','500000'),
('DH55034','TradeData.CUST_TYP_CD','!=','0','','','00509012','客户类型为对公（单位、金融）客户时，触发双热线验证','900001','2020-06-02','批量新增','1','0','0'),
('DH55035','TradeData.TX_AMT','>=','500000','','','00101055','账户是对公且交易金额大于等于50万，触发双热线验证','900001','2020-06-02','批量新增','1','0','500000'),
('DH55035','res_019E.CUST_TYP_CD','!=','0','','','00101055','账户是对公且交易金额大于等于50万，触发双热线验证','900001','2020-06-02','批量新增','1','0','0');

-- IB_OM_MODE_INFO insert
INSERT INTO   `pub_db`.`IB_OM_MODE_INFO` (`RULE_MODE_NO`,`FIELD_SEQ_NO`,`FIELD_NM`,`FIELD_DICTRY_NM`,`RULE_MODE_TYP_CD`) VALUES
('DH55000','1','doubleLineField','doubleLineValue','DH'),
('DH55000','2','doubleLineField','doubleLineValue','DH'),
('DH55001','3','doubleLineField','doubleLineValue','DH'),
('DH55002','4','doubleLineField','doubleLineValue','DH'),
('DH55003','5','doubleLineField','doubleLineValue','DH'),
('DH55004','6','doubleLineField','doubleLineValue','DH'),
('DH55004','7','doubleLineField','doubleLineValue','DH'),
('DH55005','8','doubleLineField','doubleLineValue','DH'),
('DH55005','9','doubleLineField','doubleLineValue','DH'),
('DH55006','10','doubleLineField','doubleLineValue','DH'),
('DH55006','11','doubleLineField','doubleLineValue','DH'),
('DH55007','12','doubleLineField','doubleLineValue','DH'),
('DH55007','13','doubleLineField','doubleLineValue','DH'),
('DH55008','14','doubleLineField','doubleLineValue','DH'),
('DH55008','15','doubleLineField','doubleLineValue','DH'),
('DH55008','16','doubleLineField','doubleLineValue','DH'),
('DH55009','17','doubleLineField','doubleLineValue','DH'),
('DH55009','18','doubleLineField','doubleLineValue','DH'),
('DH55009','19','doubleLineField','doubleLineValue','DH'),
('DH55010','20','doubleLineField','doubleLineValue','DH'),
('DH55011','21','doubleLineField','doubleLineValue','DH'),
('DH55012','22','doubleLineField','doubleLineValue','DH'),
('DH55013','23','doubleLineField','doubleLineValue','DH'),
('DH55014','24','doubleLineField','doubleLineValue','DH'),
('DH55014','25','doubleLineField','doubleLineValue','DH'),
('DH55015','26','doubleLineField','doubleLineValue','DH'),
('DH55015','27','doubleLineField','doubleLineValue','DH'),
('DH55016','28','doubleLineField','doubleLineValue','DH'),
('DH55017','29','doubleLineField','doubleLineValue','DH'),
('DH55018','30','doubleLineField','doubleLineValue','DH'),
('DH55019','31','doubleLineField','doubleLineValue','DH'),
('DH55020','32','doubleLineField','doubleLineValue','DH'),
('DH55021','33','doubleLineField','doubleLineValue','DH'),
('DH55022','34','doubleLineField','doubleLineValue','DH'),
('DH55023','35','doubleLineField','doubleLineValue','DH'),
('DH55024','36','doubleLineField','doubleLineValue','DH'),
('DH55025','37','doubleLineField','doubleLineValue','DH'),
('DH55026','38','doubleLineField','doubleLineValue','DH'),
('DH55027','39','doubleLineField','doubleLineValue','DH'),
('DH55028','40','doubleLineField','doubleLineValue','DH'),
('DH55029','41','doubleLineField','doubleLineValue','DH'),
('DH55030','42','doubleLineField','doubleLineValue','DH'),
('DH55031','43','doubleLineField','doubleLineValue','DH'),
('DH55032','44','doubleLineField','doubleLineValue','DH'),
('DH55033','45','doubleLineField','doubleLineValue','DH'),
('DH55033','46','doubleLineField','doubleLineValue','DH'),
('DH55034','47','doubleLineField','doubleLineValue','DH'),
('DH55034','48','doubleLineField','doubleLineValue','DH'),
('DH55035','49','doubleLineField','doubleLineValue','DH'),
('DH55035','50','doubleLineField','doubleLineValue','DH');

-- IB_OM_RULECOND_RLT insert
INSERT INTO   `pub_db`.`IB_OM_RULECOND_RLT` (`RULE_COND_NO`,`CMPL_MODE_FLG`,`OPRTN_RULE_NO`) VALUES
('DH55000','1','055000'),
('DH55001','1','055001'),
('DH55002','1','055002'),
('DH55003','1','055003'),
('DH55004','1','055004'),
('DH55005','1','055005'),
('DH55006','1','055006'),
('DH55007','1','055007'),
('DH55008','1','055008'),
('DH55009','1','055009'),
('DH55010','1','055010'),
('DH55011','1','055011'),
('DH55012','1','055012'),
('DH55013','1','055013'),
('DH55014','1','055014'),
('DH55015','1','055015'),
('DH55016','1','055016'),
('DH55017','1','055017'),
('DH55018','1','055018'),
('DH55019','1','055019'),
('DH55020','0','055020'),
('DH55021','1','055021'),
('DH55022','1','055022'),
('DH55023','1','055023'),
('DH55024','1','055024'),
('DH55025','1','055025'),
('DH55026','1','055026'),
('DH55027','1','055027'),
('DH55028','1','055028'),
('DH55029','1','055029'),
('DH55030','1','055030'),
('DH55031','1','055031'),
('DH55032','1','055032'),
('DH55033','1','055033'),
('DH55034','1','055034'),
('DH55035','1','055035');

